time,symbol,binance,okx,spread_bps,elapsed
21:09:51,BTC,76329.99,76318.00,1.6,0
21:10:14,BTC,76317.88,76317.90,-0.0,0
21:10:14,ETH,2266.86,2267.00,-0.6,0
21:10:14,WIF,0.18,0.18,-38.5,0
21:10:29,BTC,76304.01,76289.90,1.8,15
21:10:29,ETH,2265.88,2266.24,-1.6,15
21:10:29,WIF,0.18,0.18,-38.5,15
21:10:44,BTC,76287.61,76275.50,1.6,30
21:10:44,ETH,2265.44,2265.51,-0.3,30
21:10:44,WIF,0.18,0.18,-38.5,30
21:10:59,BTC,76276.38,76269.90,0.8,45
21:10:59,ETH,2264.94,2265.01,-0.3,45
21:10:59,WIF,0.18,0.18,-27.5,45
21:11:14,BTC,76284.03,76269.70,1.9,60
21:11:14,ETH,2263.94,2263.91,0.1,60
21:11:14,WIF,0.18,0.18,-27.5,60
21:11:29,BTC,76275.51,76266.50,1.2,75
21:11:29,ETH,2263.14,2263.34,-0.9,75
21:11:29,WIF,0.18,0.18,-33.0,75
21:11:44,BTC,76271.96,76266.50,0.7,90
21:11:44,ETH,2263.25,2263.33,-0.4,90
21:11:44,WIF,0.18,0.18,22.0,90
21:11:59,BTC,76284.78,76280.20,0.6,105
21:11:59,ETH,2263.52,2263.81,-1.3,105
21:11:59,WIF,0.18,0.18,22.0,105
21:12:14,BTC,76279.93,76266.70,1.7,120
21:12:14,ETH,2263.00,2263.19,-0.8,120
21:12:14,WIF,0.18,0.18,-33.0,120
21:12:29,BTC,76279.93,76274.50,0.7,135
21:12:29,ETH,2263.17,2263.47,-1.3,135
21:12:29,WIF,0.18,0.18,-33.0,135
21:12:44,BTC,76299.08,76292.10,0.9,150
21:12:44,ETH,2263.68,2263.94,-1.1,150
21:12:44,WIF,0.18,0.18,-33.0,150
21:12:59,BTC,76299.08,76292.00,0.9,165
21:12:59,ETH,2263.70,2263.90,-0.9,165
21:12:59,WIF,0.18,0.18,-27.5,165
21:13:14,BTC,76305.51,76298.90,0.9,180
21:13:14,ETH,2263.64,2263.91,-1.2,180
21:13:14,WIF,0.18,0.18,27.5,180
21:13:29,BTC,76305.51,76297.30,1.1,195
21:13:29,ETH,2263.54,2263.59,-0.2,195
21:13:29,WIF,0.18,0.18,27.5,195
21:13:44,BTC,76305.51,76290.80,1.9,210
21:13:44,ETH,2263.59,2263.59,0.0,210
21:13:44,WIF,0.18,0.18,27.5,210
21:13:59,BTC,76305.51,76298.80,0.9,225
21:13:59,ETH,2263.65,2263.81,-0.7,225
21:13:59,WIF,0.18,0.18,27.5,225
21:14:14,BTC,76319.99,76315.50,0.6,240
21:14:14,ETH,2264.03,2264.29,-1.1,240
21:14:14,WIF,0.18,0.18,27.5,240
21:14:29,BTC,76313.38,76297.80,2.0,255
21:14:29,ETH,2263.63,2263.68,-0.2,255
21:14:29,WIF,0.18,0.18,27.5,255
21:14:44,BTC,76313.39,76304.80,1.1,270
21:14:44,ETH,2263.59,2263.67,-0.4,270
21:14:44,WIF,0.18,0.18,16.5,270
21:14:59,BTC,76315.81,76309.80,0.8,285
21:14:59,ETH,2263.68,2263.84,-0.7,285
21:14:59,WIF,0.18,0.18,-38.5,285
21:15:14,BTC,76315.80,76305.30,1.4,300
21:15:14,ETH,2263.60,2263.78,-0.8,300
21:15:14,WIF,0.18,0.18,-38.5,300
21:15:29,BTC,76327.14,76319.30,1.0,315
21:15:29,ETH,2264.02,2264.03,-0.0,315
21:15:29,WIF,0.18,0.18,-16.5,315
21:15:44,BTC,76315.83,76305.60,1.3,330
21:15:44,ETH,2263.33,2263.78,-2.0,330
21:15:44,WIF,0.18,0.18,-21.9,330
21:15:59,BTC,76315.83,76312.80,0.4,345
21:15:59,ETH,2263.65,2263.77,-0.5,345
21:15:59,WIF,0.18,0.18,-21.9,345
21:16:14,BTC,76323.46,76319.20,0.6,360
21:16:14,ETH,2263.79,2264.02,-1.0,360
21:16:14,WIF,0.18,0.18,-21.9,360
21:16:29,BTC,76328.67,76322.50,0.8,375
21:16:29,ETH,2263.79,2264.15,-1.6,375
21:16:29,WIF,0.18,0.18,-16.5,375
21:16:44,BTC,76310.00,76297.30,1.7,390
21:16:44,ETH,2263.64,2263.79,-0.7,390
21:16:44,WIF,0.18,0.18,-32.9,390
21:16:59,BTC,76310.00,76300.90,1.2,405
21:16:59,ETH,2263.65,2263.79,-0.6,405
21:16:59,WIF,0.18,0.18,-16.5,405
21:17:14,BTC,76310.01,76307.50,0.3,420
21:17:14,ETH,2263.42,2263.72,-1.3,420
21:17:14,WIF,0.18,0.18,-16.5,420
21:17:29,BTC,76310.01,76307.40,0.3,435
21:17:29,ETH,2263.27,2263.46,-0.8,435
21:17:29,WIF,0.18,0.18,-16.5,435
21:17:44,BTC,76325.29,76329.00,-0.5,450
21:17:44,ETH,2264.01,2264.38,-1.6,450
21:17:44,WIF,0.18,0.18,-16.5,450
21:17:59,BTC,76330.10,76315.60,1.9,465
21:17:59,ETH,2263.73,2263.71,0.1,465
21:17:59,WIF,0.18,0.18,-21.9,465
21:18:14,BTC,76336.95,76329.30,1.0,480
21:18:14,ETH,2264.11,2264.18,-0.3,480
21:18:14,WIF,0.18,0.18,32.9,480
21:18:29,BTC,76336.95,76329.30,1.0,495
21:18:29,ETH,2264.11,2264.48,-1.6,495
21:18:29,WIF,0.18,0.18,32.9,495
21:18:44,BTC,76347.63,76339.90,1.0,510
21:18:44,ETH,2264.73,2264.92,-0.8,510
21:18:44,WIF,0.18,0.18,32.9,510
21:18:59,BTC,76339.39,76332.40,0.9,525
21:18:59,ETH,2264.39,2264.44,-0.2,525
21:18:59,WIF,0.18,0.18,-21.9,525
21:19:14,BTC,76325.63,76316.90,1.1,540
21:19:14,ETH,2263.92,2264.00,-0.4,540
21:19:14,WIF,0.18,0.18,-21.9,540
21:19:29,BTC,76319.75,76313.10,0.9,555
21:19:29,ETH,2263.93,2264.01,-0.4,555
21:19:29,WIF,0.18,0.18,-21.9,555
21:19:44,BTC,76315.28,76309.90,0.7,570
21:19:44,ETH,2263.60,2263.68,-0.4,570
21:19:44,WIF,0.18,0.18,-21.9,570
21:19:59,BTC,76315.27,76315.10,0.0,585
21:19:59,ETH,2263.77,2263.91,-0.6,585
21:19:59,WIF,0.18,0.18,32.9,585
21:20:14,BTC,76315.27,76314.60,0.1,600
21:20:14,ETH,2263.71,2263.87,-0.7,600
21:20:14,WIF,0.18,0.18,10.9,600
21:20:29,BTC,76321.36,76315.70,0.7,615
21:20:29,ETH,2263.88,2263.92,-0.2,615
21:20:29,WIF,0.18,0.18,10.9,615
21:20:44,BTC,76321.36,76318.20,0.4,630
21:20:44,ETH,2264.06,2264.27,-0.9,630
21:20:44,WIF,0.18,0.18,10.9,630
21:20:59,BTC,76321.35,76318.20,0.4,645
21:20:59,ETH,2264.22,2264.35,-0.6,645
21:20:59,WIF,0.18,0.18,-16.4,645
21:21:14,BTC,76321.35,76305.10,2.1,660
21:21:14,ETH,2264.10,2264.27,-0.8,660
21:21:14,WIF,0.18,0.18,-5.5,660
21:21:29,BTC,76300.40,76294.10,0.8,675
21:21:29,ETH,2263.14,2263.21,-0.3,675
21:21:29,WIF,0.18,0.18,-5.5,675
21:21:44,BTC,76300.40,76293.60,0.9,690
21:21:44,ETH,2263.50,2263.49,0.0,690
21:21:44,WIF,0.18,0.18,-5.5,690
21:21:59,BTC,76311.57,76309.00,0.3,705
21:21:59,ETH,2263.99,2263.97,0.1,705
21:21:59,WIF,0.18,0.18,5.5,705
21:22:14,BTC,76323.58,76321.50,0.3,720
21:22:14,ETH,2264.49,2264.74,-1.1,720
21:22:14,WIF,0.18,0.18,5.5,720
21:22:29,BTC,76331.21,76326.70,0.6,735
21:22:29,ETH,2264.66,2264.74,-0.4,735
21:22:29,WIF,0.18,0.18,10.9,735
21:22:44,BTC,76331.20,76329.20,0.3,750
21:22:44,ETH,2264.82,2264.75,0.3,750
21:22:44,WIF,0.18,0.18,10.9,750
21:22:59,BTC,76333.34,76319.20,1.9,765
21:22:59,ETH,2264.82,2264.93,-0.5,765
21:22:59,WIF,0.18,0.18,16.4,765
21:23:14,BTC,76320.01,76316.10,0.5,780
21:23:14,ETH,2264.37,2264.65,-1.2,780
21:23:14,WIF,0.18,0.18,16.4,780
21:23:29,BTC,76286.00,76279.10,0.9,795
21:23:29,ETH,2263.63,2263.67,-0.2,795
21:23:29,WIF,0.18,0.18,21.9,795
21:23:44,BTC,76281.34,76279.10,0.3,810
21:23:44,ETH,2263.48,2263.59,-0.5,810
21:23:44,WIF,0.18,0.18,21.9,810
21:23:59,BTC,76281.35,76268.00,1.8,825
21:23:59,ETH,2263.49,2263.49,0.0,825
21:23:59,WIF,0.18,0.18,21.9,825
21:24:14,BTC,76278.40,76276.70,0.2,840
21:24:14,ETH,2263.25,2263.43,-0.8,840
21:24:14,WIF,0.18,0.18,21.9,840
21:24:29,BTC,76278.41,76278.40,0.0,855
21:24:29,ETH,2263.48,2263.58,-0.4,855
21:24:29,WIF,0.18,0.18,-32.9,855
21:24:44,BTC,76280.45,76279.40,0.1,870
21:24:44,ETH,2263.89,2263.90,-0.0,870
21:24:44,WIF,0.18,0.18,21.9,870
21:24:59,BTC,76269.65,76267.30,0.3,885
21:24:59,ETH,2263.58,2263.59,-0.0,885
21:24:59,WIF,0.18,0.18,21.9,885
21:25:14,BTC,76246.65,76242.80,0.5,900
21:25:14,ETH,2262.37,2262.44,-0.3,900
21:25:14,WIF,0.18,0.18,21.9,900
21:25:29,BTC,76236.82,76236.90,-0.0,915
21:25:29,ETH,2262.21,2262.37,-0.7,915
21:25:29,WIF,0.18,0.18,21.9,915
21:25:44,BTC,76236.83,76236.90,-0.0,930
21:25:44,ETH,2262.11,2262.13,-0.1,930
21:25:44,WIF,0.18,0.18,21.9,930
21:25:59,BTC,76249.35,76250.70,-0.2,945
21:25:59,ETH,2262.71,2262.80,-0.4,945
21:25:59,WIF,0.18,0.18,21.9,945
21:26:14,BTC,76240.70,76236.50,0.6,960
21:26:14,ETH,2262.19,2262.18,0.0,960
21:26:14,WIF,0.18,0.18,21.9,960
21:26:29,BTC,76235.31,76234.00,0.2,975
21:26:29,ETH,2262.01,2262.21,-0.9,975
21:26:29,WIF,0.18,0.18,21.9,975
21:26:44,BTC,76220.00,76209.80,1.3,990
21:26:44,ETH,2260.50,2260.77,-1.2,990
21:26:44,WIF,0.18,0.18,21.9,990
21:26:59,BTC,76208.57,76204.20,0.6,1005
21:26:59,ETH,2260.16,2260.31,-0.7,1005
21:26:59,WIF,0.18,0.18,-21.9,1005
21:27:14,BTC,76184.00,76179.30,0.6,1020
21:27:14,ETH,2259.82,2259.96,-0.6,1020
21:27:14,WIF,0.18,0.18,-5.5,1020
21:27:29,BTC,76189.54,76182.10,1.0,1035
21:27:29,ETH,2259.81,2259.74,0.3,1035
21:27:29,WIF,0.18,0.18,-16.5,1035
21:27:44,BTC,76216.58,76208.40,1.1,1050
21:27:44,ETH,2260.00,2260.20,-0.9,1050
21:27:44,WIF,0.18,0.18,-16.5,1050
21:27:59,BTC,76216.58,76210.20,0.8,1065
21:27:59,ETH,2260.06,2259.86,0.9,1065
21:27:59,WIF,0.18,0.18,38.4,1065
21:28:14,BTC,76189.54,76185.40,0.5,1080
21:28:14,ETH,2259.38,2259.54,-0.7,1080
21:28:14,WIF,0.18,0.18,-16.5,1080
21:28:29,BTC,76184.01,76174.30,1.3,1095
21:28:29,ETH,2258.70,2258.73,-0.1,1095
21:28:29,WIF,0.18,0.18,-16.5,1095
21:28:44,BTC,76184.00,76180.20,0.5,1110
21:28:44,ETH,2258.70,2258.73,-0.1,1110
21:28:44,WIF,0.18,0.18,-16.5,1110
21:28:59,BTC,76176.48,76173.80,0.4,1125
21:28:59,ETH,2258.22,2258.27,-0.2,1125
21:28:59,WIF,0.18,0.18,-11.0,1125
21:29:14,BTC,76159.46,76163.10,-0.5,1140
21:29:14,ETH,2257.74,2257.84,-0.4,1140
21:29:14,WIF,0.18,0.18,-11.0,1140
21:29:29,BTC,76165.35,76163.20,0.3,1155
21:29:29,ETH,2257.91,2257.83,0.4,1155
21:29:29,WIF,0.18,0.18,-11.0,1155
21:29:44,BTC,76165.35,76163.20,0.3,1170
21:29:44,ETH,2258.52,2258.38,0.6,1170
21:29:44,WIF,0.18,0.18,11.0,1170
21:29:59,BTC,76184.31,76185.00,-0.1,1185
21:29:59,ETH,2259.15,2259.10,0.2,1185
21:29:59,WIF,0.18,0.18,-44.0,1185
21:30:14,BTC,76142.55,76138.40,0.5,1200
21:30:14,ETH,2256.97,2256.96,0.0,1200
21:30:14,WIF,0.18,0.18,22.0,1200
21:30:29,BTC,76116.43,76117.80,-0.2,1215
21:30:29,ETH,2255.11,2255.58,-2.1,1215
21:30:29,WIF,0.18,0.18,38.6,1215
21:30:44,BTC,76129.37,76125.60,0.5,1230
21:30:44,ETH,2255.90,2255.93,-0.1,1230
21:30:44,WIF,0.18,0.18,33.1,1230
21:30:59,BTC,76157.10,76149.00,1.1,1245
21:30:59,ETH,2257.32,2257.10,1.0,1245
21:30:59,WIF,0.18,0.18,33.1,1245
21:31:14,BTC,76135.85,76121.60,1.9,1260
21:31:14,ETH,2256.77,2256.58,0.8,1260
21:31:14,WIF,0.18,0.18,-22.1,1260
21:31:29,BTC,76140.88,76128.90,1.6,1275
21:31:29,ETH,2256.48,2256.31,0.8,1275
21:31:29,WIF,0.18,0.18,33.1,1275
21:31:44,BTC,76150.18,76136.90,1.7,1290
21:31:44,ETH,2257.21,2256.75,2.0,1290
21:31:44,WIF,0.18,0.18,33.1,1290
21:31:59,BTC,76147.74,76139.00,1.1,1305
21:31:59,ETH,2256.64,2256.51,0.6,1305
21:31:59,WIF,0.18,0.18,27.5,1305
21:32:14,BTC,76216.88,76207.70,1.2,1320
21:32:14,ETH,2259.21,2258.51,3.1,1320
21:32:14,WIF,0.18,0.18,22.0,1320
21:32:29,BTC,76233.55,76223.70,1.3,1335
21:32:29,ETH,2260.05,2260.11,-0.3,1335
21:32:29,WIF,0.18,0.18,22.0,1335
21:32:44,BTC,76267.99,76255.80,1.6,1350
21:32:44,ETH,2261.02,2261.03,-0.0,1350
21:32:44,WIF,0.18,0.18,-33.0,1350
21:32:59,BTC,76258.19,76254.20,0.5,1365
21:32:59,ETH,2260.79,2260.41,1.7,1365
21:32:59,WIF,0.18,0.18,22.0,1365
21:33:14,BTC,76290.07,76287.30,0.4,1380
21:33:14,ETH,2261.97,2262.18,-0.9,1380
21:33:14,WIF,0.18,0.18,16.5,1380
21:33:29,ETH,2260.77,2260.66,0.5,1395
21:33:29,WIF,0.18,0.18,16.5,1395
21:34:00,BTC,76293.74,76286.90,0.9,1426
21:34:00,ETH,2260.76,2260.55,0.9,1426
21:34:00,WIF,0.18,0.18,16.5,1426
21:34:15,BTC,76265.34,76258.80,0.9,1441
21:34:15,ETH,2259.54,2259.64,-0.4,1441
21:34:15,WIF,0.18,0.18,16.5,1441
21:34:30,BTC,76290.65,76281.20,1.2,1456
21:34:30,ETH,2260.49,2260.42,0.3,1456
21:34:30,WIF,0.18,0.18,16.5,1456
21:34:45,BTC,76298.44,76288.90,1.3,1471
21:34:45,ETH,2261.02,2260.88,0.6,1471
21:34:45,WIF,0.18,0.18,-38.5,1471
21:35:00,BTC,76282.90,76273.70,1.2,1486
21:35:00,ETH,2260.44,2260.66,-1.0,1486
21:35:00,WIF,0.18,0.18,-38.5,1486
21:35:15,BTC,76274.26,76264.90,1.2,1501
21:35:15,ETH,2259.87,2260.13,-1.2,1501
21:35:15,WIF,0.18,0.18,-16.5,1501
21:35:30,BTC,76296.87,76284.70,1.6,1516
21:35:30,ETH,2261.02,2260.85,0.8,1516
21:35:30,WIF,0.18,0.18,-22.1,1516
21:35:45,BTC,76328.67,76311.80,2.2,1531
21:35:45,ETH,2261.57,2261.58,-0.0,1531
21:35:45,WIF,0.18,0.18,27.5,1531
21:36:00,BTC,76291.96,76290.00,0.3,1546
21:36:00,ETH,2260.28,2260.15,0.6,1546
21:36:00,WIF,0.18,0.18,38.6,1546
21:36:15,BTC,76255.67,76253.50,0.3,1561
21:36:15,ETH,2259.09,2258.89,0.9,1561
21:36:15,WIF,0.18,0.18,38.6,1561
21:36:30,BTC,76301.26,76300.40,0.1,1576
21:36:30,ETH,2260.92,2260.89,0.1,1576
21:36:30,WIF,0.18,0.18,33.1,1576
21:36:45,BTC,76336.31,76330.80,0.7,1592
21:36:45,ETH,2262.00,2262.08,-0.4,1592
21:36:45,WIF,0.18,0.18,27.5,1592
21:37:00,BTC,76352.01,76341.70,1.4,1607
21:37:00,ETH,2262.57,2262.90,-1.5,1607
21:37:00,WIF,0.18,0.18,27.5,1607
21:37:15,BTC,76398.32,76392.30,0.8,1622
21:37:15,ETH,2264.38,2264.27,0.5,1622
21:37:15,WIF,0.18,0.18,27.5,1622
21:37:30,BTC,76350.04,76336.20,1.8,1637
21:37:30,ETH,2261.99,2261.95,0.2,1637
21:37:30,WIF,0.18,0.18,-22.1,1637
21:37:45,BTC,76335.00,76330.20,0.6,1652
21:37:45,ETH,2261.72,2261.79,-0.3,1652
21:37:45,WIF,0.18,0.18,-22.1,1652
21:38:00,BTC,76332.35,76330.60,0.2,1667
21:38:00,ETH,2261.31,2261.43,-0.5,1667
21:38:00,WIF,0.18,0.18,-22.1,1667
21:38:15,BTC,76348.00,76341.30,0.9,1682
21:38:15,ETH,2261.98,2262.20,-1.0,1682
21:38:15,WIF,0.18,0.18,-11.0,1682
21:38:30,BTC,76310.00,76301.50,1.1,1697
21:38:30,ETH,2261.04,2261.32,-1.2,1697
21:38:30,WIF,0.18,0.18,49.7,1697
21:38:45,BTC,76300.72,76295.10,0.7,1712
21:38:45,ETH,2260.94,2260.80,0.6,1712
21:38:45,WIF,0.18,0.18,49.7,1712
21:39:00,BTC,76339.11,76336.80,0.3,1727
21:39:00,ETH,2261.94,2262.18,-1.1,1727
21:39:00,WIF,0.18,0.18,-11.0,1727
21:39:10,BTC,76379.11,76380.40,-0.2,0
21:39:10,ETH,2263.46,2263.58,-0.5,0
21:39:10,WIF,0.18,0.18,49.7,0
21:39:25,BTC,76379.11,76374.50,0.6,15
21:39:25,ETH,2263.60,2263.91,-1.4,15
21:39:25,WIF,0.18,0.18,49.7,15
21:39:40,BTC,76398.30,76391.50,0.9,30
21:39:40,ETH,2264.63,2264.53,0.4,30
21:39:40,WIF,0.18,0.18,38.6,30
21:39:55,BTC,76398.31,76393.80,0.6,45
21:39:55,ETH,2264.17,2264.17,0.0,45
21:39:55,WIF,0.18,0.18,38.6,45
21:40:10,BTC,76412.71,76403.10,1.3,60
21:40:10,ETH,2264.03,2264.59,-2.5,60
21:40:10,WIF,0.18,0.18,38.6,60
21:40:25,BTC,76464.47,76456.90,1.0,75
21:40:25,ETH,2266.00,2266.00,0.0,75
21:40:25,WIF,0.18,0.18,-16.5,75
21:40:40,BTC,76492.11,76478.30,1.8,90
21:40:40,ETH,2266.05,2266.02,0.1,90
21:40:40,WIF,0.18,0.18,-16.5,90
21:40:55,BTC,76546.77,76541.20,0.7,105
21:40:55,ETH,2267.89,2267.34,2.4,105
21:40:55,WIF,0.18,0.18,22.0,105
21:41:10,BTC,76544.98,76550.20,-0.7,120
21:41:10,ETH,2266.72,2266.70,0.1,120
21:41:10,WIF,0.18,0.18,33.1,120
21:41:25,BTC,76547.20,76532.20,2.0,135
21:41:25,ETH,2266.95,2266.85,0.4,135
21:41:25,WIF,0.18,0.18,27.5,135
21:41:40,BTC,76521.29,76516.80,0.6,150
21:41:40,ETH,2266.07,2266.05,0.1,150
21:41:40,WIF,0.18,0.18,22.0,150
21:41:55,BTC,76517.94,76514.70,0.4,165
21:41:55,ETH,2266.36,2266.37,-0.0,165
21:41:55,WIF,0.18,0.18,22.0,165
21:42:10,BTC,76526.23,76520.30,0.8,180
21:42:10,ETH,2266.37,2266.31,0.3,180
21:42:10,WIF,0.18,0.18,22.0,180
21:42:25,BTC,76520.04,76520.70,-0.1,195
21:42:25,ETH,2266.18,2266.01,0.8,195
21:42:25,WIF,0.18,0.18,16.5,195
21:42:40,ETH,2268.12,2268.32,-0.9,210
21:42:40,WIF,0.18,0.18,5.5,210
21:43:05,BTC,76549.99,76540.80,1.2,235
21:43:05,ETH,2268.07,2268.32,-1.1,235
21:43:05,WIF,0.18,0.18,5.5,235
21:43:20,BTC,76579.99,76575.00,0.7,250
21:43:20,ETH,2268.57,2268.25,1.4,250
21:43:20,WIF,0.18,0.18,-11.0,250
21:43:35,BTC,76580.03,76570.30,1.3,265
21:43:35,ETH,2268.87,2268.80,0.3,265
21:43:35,WIF,0.18,0.18,-16.5,265
21:43:50,BTC,76594.73,76584.80,1.3,280
21:43:50,ETH,2269.92,2269.32,2.6,280
21:43:50,WIF,0.18,0.18,21.9,280
21:44:05,BTC,76589.88,76578.20,1.5,295
21:44:05,ETH,2269.28,2269.15,0.6,295
21:44:05,WIF,0.18,0.18,-43.8,295
21:44:20,BTC,76555.15,76542.50,1.7,310
21:44:20,ETH,2268.30,2268.35,-0.2,310
21:44:20,WIF,0.18,0.18,-43.8,310
21:44:35,BTC,76555.16,76538.40,2.2,325
21:44:35,ETH,2268.17,2268.24,-0.3,325
21:44:35,WIF,0.18,0.18,-43.8,325
21:44:50,BTC,76644.44,76636.50,1.0,340
21:44:50,ETH,2271.96,2271.63,1.5,340
21:44:50,WIF,0.18,0.18,32.7,340
21:45:05,BTC,76587.12,76581.80,0.7,355
21:45:05,ETH,2269.50,2269.54,-0.2,355
21:45:05,WIF,0.18,0.18,0.0,355
21:45:20,BTC,76592.80,76589.70,0.4,370
21:45:20,ETH,2269.94,2269.72,1.0,370
21:45:20,WIF,0.18,0.18,-5.5,370
21:45:35,BTC,76608.11,76604.50,0.5,385
21:45:35,ETH,2270.37,2270.72,-1.5,385
21:45:35,WIF,0.18,0.18,-10.9,385
21:45:50,BTC,76629.02,76624.40,0.6,400
21:45:50,ETH,2271.01,2270.87,0.6,400
21:45:50,WIF,0.18,0.18,-10.9,400
21:46:05,BTC,76633.58,76622.80,1.4,415
21:46:05,ETH,2271.20,2271.20,0.0,415
21:46:05,WIF,0.18,0.18,0.0,415
21:46:20,BTC,76635.74,76632.40,0.4,430
21:46:20,ETH,2270.83,2270.92,-0.4,430
21:46:20,WIF,0.18,0.18,0.0,430
21:46:35,BTC,76633.70,76629.30,0.6,445
21:46:35,ETH,2271.06,2270.91,0.7,445
21:46:35,WIF,0.18,0.18,0.0,445
21:46:50,BTC,76575.87,76565.50,1.4,460
21:46:50,ETH,2268.47,2268.76,-1.3,460
21:46:50,WIF,0.18,0.18,27.4,460
21:47:05,BTC,76527.51,76507.60,2.6,475
21:47:05,ETH,2267.31,2267.22,0.4,475
21:47:05,WIF,0.18,0.18,32.9,475
21:47:20,BTC,76500.00,76489.60,1.4,490
21:47:20,ETH,2266.66,2266.70,-0.2,490
21:47:20,WIF,0.18,0.18,32.9,490
21:47:35,BTC,76472.55,76465.60,0.9,505
21:47:35,ETH,2265.18,2265.86,-3.0,505
21:47:35,WIF,0.18,0.18,-11.0,505
21:47:50,BTC,76465.70,76457.20,1.1,520
21:47:50,ETH,2266.08,2265.86,1.0,520
21:47:50,WIF,0.18,0.18,-16.5,520
21:48:05,BTC,76500.00,76494.60,0.7,535
21:48:05,ETH,2267.48,2267.68,-0.9,535
21:48:05,WIF,0.18,0.18,-21.9,535
21:48:20,BTC,76508.54,76505.70,0.4,550
21:48:20,ETH,2267.75,2267.68,0.3,550
21:48:20,WIF,0.18,0.18,-21.9,550
21:48:35,BTC,76520.58,76513.90,0.9,565
21:48:35,ETH,2267.83,2267.72,0.5,565
21:48:35,WIF,0.18,0.18,-21.9,565
21:48:50,BTC,76487.19,76475.50,1.5,580
21:48:50,ETH,2266.26,2266.59,-1.5,580
21:48:50,WIF,0.18,0.18,-21.9,580
21:49:05,BTC,76444.35,76442.90,0.2,595
21:49:05,ETH,2265.87,2265.64,1.0,595
21:49:05,WIF,0.18,0.18,-21.9,595
21:49:20,BTC,76442.92,76436.50,0.8,610
21:49:20,ETH,2265.85,2265.94,-0.4,610
21:49:20,WIF,0.18,0.18,-21.9,610
21:49:35,BTC,76463.99,76459.50,0.6,625
21:49:35,ETH,2266.54,2266.21,1.5,625
21:49:35,WIF,0.18,0.18,-21.9,625
21:49:50,BTC,76503.43,76498.00,0.7,640
21:49:50,ETH,2267.41,2267.42,-0.0,640
21:49:50,WIF,0.18,0.18,-21.9,640
21:50:05,BTC,76451.20,76444.50,0.9,655
21:50:05,ETH,2266.57,2266.17,1.8,655
21:50:05,WIF,0.18,0.18,32.9,655
21:50:20,BTC,76487.22,76478.60,1.1,670
21:50:20,ETH,2267.30,2267.21,0.4,670
21:50:20,WIF,0.18,0.18,-32.9,670
21:50:35,BTC,76506.40,76509.10,-0.4,685
21:50:35,ETH,2267.97,2267.97,0.0,685
21:50:35,WIF,0.18,0.18,-38.3,685
21:50:50,BTC,76494.99,76487.20,1.0,700
21:50:50,ETH,2267.08,2267.01,0.3,700
21:50:50,WIF,0.18,0.18,-38.3,700
21:51:05,BTC,76485.00,76478.60,0.8,715
21:51:05,ETH,2266.66,2266.41,1.1,715
21:51:05,WIF,0.18,0.18,16.4,715
21:51:20,BTC,76513.04,76506.40,0.9,730
21:51:20,ETH,2267.19,2267.19,0.0,730
21:51:20,WIF,0.18,0.18,16.4,730
21:51:35,BTC,76514.75,76509.00,0.8,745
21:51:35,ETH,2266.83,2266.79,0.2,745
21:51:35,WIF,0.18,0.18,16.4,745
21:51:50,BTC,76532.47,76525.40,0.9,760
21:51:50,ETH,2267.08,2267.01,0.3,760
21:51:50,WIF,0.18,0.18,16.4,760
21:52:05,BTC,76467.56,76459.40,1.1,775
21:52:05,ETH,2265.24,2265.44,-0.9,775
21:52:05,WIF,0.18,0.18,38.4,775
21:52:20,BTC,76448.86,76456.00,-0.9,790
21:52:20,ETH,2265.01,2265.40,-1.7,790
21:52:20,WIF,0.18,0.18,32.9,790
21:52:35,BTC,76445.92,76444.10,0.2,805
21:52:35,ETH,2264.90,2265.01,-0.5,805
21:52:35,WIF,0.18,0.18,32.9,805
21:52:50,BTC,76440.38,76433.20,0.9,820
21:52:50,ETH,2264.30,2264.44,-0.6,820
21:52:50,WIF,0.18,0.18,32.9,820
21:53:05,BTC,76422.48,76407.10,2.0,835
21:53:05,ETH,2264.35,2264.20,0.7,835
21:53:05,WIF,0.18,0.18,32.9,835
21:53:20,BTC,76496.03,76494.90,0.1,850
21:53:20,ETH,2266.38,2266.30,0.4,850
21:53:20,WIF,0.18,0.18,-27.4,850
21:53:35,BTC,76496.86,76487.60,1.2,865
21:53:35,ETH,2266.39,2266.55,-0.7,865
21:53:35,WIF,0.18,0.18,-27.4,865
21:53:50,BTC,76482.65,76477.30,0.7,880
21:53:50,ETH,2266.23,2266.21,0.1,880
21:53:50,WIF,0.18,0.18,-27.4,880
21:54:05,BTC,76456.22,76443.10,1.7,895
21:54:05,ETH,2264.79,2265.01,-1.0,895
21:54:05,WIF,0.18,0.18,-27.4,895
21:54:20,BTC,76465.96,76456.20,1.3,910
21:54:20,ETH,2265.05,2265.01,0.2,910
21:54:20,WIF,0.18,0.18,27.4,910
21:54:35,BTC,76484.97,76480.00,0.6,925
21:54:35,ETH,2265.69,2265.67,0.1,925
21:54:35,WIF,0.18,0.18,43.9,925
21:54:50,BTC,76446.67,76442.70,0.5,940
21:54:50,ETH,2264.07,2264.07,0.0,940
21:54:50,WIF,0.18,0.18,43.9,940
21:55:05,BTC,76446.67,76433.60,1.7,955
21:55:05,ETH,2263.51,2263.79,-1.2,955
21:55:05,WIF,0.18,0.18,-11.0,955
21:55:20,BTC,76483.31,76478.50,0.6,970
21:55:20,ETH,2264.39,2264.49,-0.4,970
21:55:20,WIF,0.18,0.18,43.9,970
21:55:35,ETH,2267.43,2267.23,0.9,985
21:55:35,WIF,0.18,0.18,-21.9,985
21:56:06,BTC,76555.85,76545.20,1.4,1016
21:56:06,ETH,2267.42,2267.42,0.0,1016
21:56:06,WIF,0.18,0.18,-21.9,1016
21:56:21,BTC,76565.00,76548.20,2.2,1031
21:56:21,ETH,2266.96,2267.00,-0.2,1031
21:56:21,WIF,0.18,0.18,-21.9,1031
21:56:36,BTC,76573.68,76565.00,1.1,1046
21:56:36,ETH,2267.69,2267.78,-0.4,1046
21:56:36,WIF,0.18,0.18,-32.9,1046
21:56:51,BTC,76553.19,76551.80,0.2,1061
21:56:51,ETH,2266.69,2266.74,-0.2,1061
21:56:51,WIF,0.18,0.18,-21.9,1061
21:57:06,BTC,76565.00,76555.50,1.2,1076
21:57:06,ETH,2266.81,2266.88,-0.3,1076
21:57:06,WIF,0.18,0.18,-21.9,1076
21:57:21,BTC,76528.65,76518.30,1.4,1091
21:57:21,ETH,2265.90,2265.90,0.0,1091
21:57:21,WIF,0.18,0.18,-21.9,1091
21:57:36,BTC,76500.23,76509.30,-1.2,1106
21:57:36,ETH,2264.85,2264.88,-0.1,1106
21:57:36,WIF,0.18,0.18,-5.5,1106
21:57:51,BTC,76470.01,76456.20,1.8,1121
21:57:51,ETH,2263.81,2263.88,-0.3,1121
21:57:51,WIF,0.18,0.18,0.0,1121
21:58:06,BTC,76413.76,76400.10,1.8,1136
21:58:06,ETH,2262.17,2262.36,-0.8,1136
21:58:06,WIF,0.18,0.18,11.0,1136
21:58:21,BTC,76419.99,76410.00,1.3,1151
21:58:21,ETH,2261.81,2261.89,-0.4,1151
21:58:21,WIF,0.18,0.18,11.0,1151
21:58:36,BTC,76427.64,76420.50,0.9,1166
21:58:36,ETH,2262.41,2262.42,-0.0,1166
21:58:36,WIF,0.18,0.18,11.0,1166
21:58:51,BTC,76440.00,76431.70,1.1,1181
21:58:51,ETH,2263.51,2263.70,-0.8,1181
21:58:51,WIF,0.18,0.18,-11.0,1181
21:59:06,BTC,76445.00,76439.30,0.7,1196
21:59:06,ETH,2263.80,2264.19,-1.7,1196
21:59:06,WIF,0.18,0.18,-5.5,1196
21:59:21,BTC,76425.20,76415.20,1.3,1211
21:59:21,ETH,2263.88,2263.88,0.0,1211
21:59:21,WIF,0.18,0.18,-5.5,1211
21:59:36,BTC,76433.50,76420.70,1.7,1226
21:59:36,ETH,2264.36,2264.67,-1.4,1226
21:59:36,WIF,0.18,0.18,5.5,1226
21:59:51,BTC,76420.44,76418.00,0.3,1241
21:59:51,ETH,2264.32,2264.36,-0.2,1241
21:59:51,WIF,0.18,0.18,5.5,1241
22:00:06,BTC,76409.27,76401.60,1.0,1256
22:00:06,ETH,2263.29,2263.48,-0.8,1256
22:00:06,WIF,0.18,0.18,5.5,1256
22:00:21,BTC,76437.70,76436.40,0.2,1271
22:00:21,ETH,2264.69,2264.72,-0.1,1271
22:00:21,WIF,0.18,0.18,5.5,1271
22:00:36,BTC,76443.23,76441.00,0.3,1286
22:00:36,ETH,2265.48,2265.61,-0.6,1286
22:00:36,WIF,0.18,0.18,0.0,1286
22:00:51,BTC,76443.80,76440.00,0.5,1301
22:00:51,ETH,2265.70,2265.85,-0.7,1301
22:00:51,WIF,0.18,0.18,0.0,1301
22:01:06,BTC,76448.74,76444.60,0.5,1317
22:01:06,ETH,2265.77,2265.49,1.2,1317
22:01:06,WIF,0.18,0.18,-5.5,1317
22:01:21,BTC,76462.74,76459.00,0.5,1332
22:01:21,ETH,2266.59,2266.60,-0.0,1332
22:01:21,WIF,0.18,0.18,-5.5,1332
22:01:36,BTC,76472.99,76470.00,0.4,1347
22:01:36,ETH,2267.63,2267.70,-0.3,1347
22:01:36,WIF,0.18,0.18,-11.0,1347
22:01:51,BTC,76470.69,76457.30,1.8,1362
22:01:51,ETH,2267.44,2267.63,-0.8,1362
22:01:51,WIF,0.18,0.18,-21.9,1362
22:02:06,BTC,76544.27,76539.40,0.6,1377
22:02:06,ETH,2270.02,2269.89,0.6,1377
22:02:06,WIF,0.18,0.18,-27.4,1377
22:02:21,BTC,76572.64,76565.90,0.9,1392
22:02:21,ETH,2270.37,2270.17,0.9,1392
22:02:21,WIF,0.18,0.18,-27.4,1392
22:02:36,BTC,76570.94,76567.90,0.4,1407
22:02:36,ETH,2270.12,2270.13,-0.0,1407
22:02:36,WIF,0.18,0.18,-27.4,1407
22:02:51,BTC,76566.46,76564.90,0.2,1422
22:02:51,ETH,2269.87,2269.87,0.0,1422
22:02:51,WIF,0.18,0.18,-27.4,1422
22:03:06,BTC,76569.49,76566.50,0.4,1437
22:03:06,ETH,2269.87,2270.09,-1.0,1437
22:03:06,WIF,0.18,0.18,27.4,1437
22:03:21,BTC,76545.44,76542.40,0.4,1452
22:03:21,ETH,2269.73,2269.39,1.5,1452
22:03:21,WIF,0.18,0.18,27.4,1452
22:03:36,BTC,76543.07,76537.10,0.8,1467
22:03:36,ETH,2269.09,2269.03,0.3,1467
22:03:36,WIF,0.18,0.18,21.9,1467
22:03:51,BTC,76559.56,76554.80,0.6,1482
22:03:51,ETH,2270.12,2269.65,2.1,1482
22:03:51,WIF,0.18,0.18,21.9,1482
22:04:06,BTC,76543.07,76534.10,1.2,1497
22:04:06,ETH,2269.08,2269.02,0.3,1497
22:04:06,WIF,0.18,0.18,-38.3,1497
22:04:21,BTC,76519.40,76516.70,0.4,1512
22:04:21,ETH,2268.15,2268.27,-0.5,1512
22:04:21,WIF,0.18,0.18,16.4,1512
22:04:36,BTC,76530.00,76524.30,0.7,1527
22:04:36,ETH,2268.64,2268.66,-0.1,1527
22:04:36,WIF,0.18,0.18,-38.3,1527
22:04:51,BTC,76530.68,76525.90,0.6,1542
22:04:51,ETH,2268.31,2268.23,0.4,1542
22:04:51,WIF,0.18,0.18,-32.9,1542
22:05:06,BTC,76534.72,76525.00,1.3,1557
22:05:06,ETH,2268.61,2268.47,0.6,1557
22:05:06,WIF,0.18,0.18,-32.9,1557
22:05:21,BTC,76534.97,76533.50,0.2,1572
22:05:21,ETH,2268.55,2268.57,-0.1,1572
22:05:21,WIF,0.18,0.18,-32.9,1572
22:05:36,BTC,76550.00,76533.30,2.2,1587
22:05:36,ETH,2268.45,2268.25,0.9,1587
22:05:36,WIF,0.18,0.18,-38.3,1587
22:05:51,BTC,76550.12,76547.40,0.4,1602
22:05:51,ETH,2268.36,2268.39,-0.1,1602
22:05:51,WIF,0.18,0.18,-38.3,1602
22:06:06,BTC,76544.31,76535.50,1.2,1617
22:06:06,ETH,2267.87,2268.01,-0.6,1617
22:06:06,WIF,0.18,0.18,-32.9,1617
22:06:21,BTC,76571.54,76567.20,0.6,1632
22:06:21,ETH,2269.02,2269.14,-0.5,1632
22:06:21,WIF,0.18,0.18,-32.9,1632
22:06:36,BTC,76560.00,76557.10,0.4,1647
22:06:36,ETH,2269.02,2268.85,0.7,1647
22:06:36,WIF,0.18,0.18,-32.9,1647
22:06:51,BTC,76589.03,76589.50,-0.1,1662
22:06:51,ETH,2269.03,2269.09,-0.3,1662
22:06:51,WIF,0.18,0.18,-32.9,1662
22:07:06,BTC,76557.51,76552.20,0.7,1677
22:07:06,ETH,2267.00,2266.97,0.1,1677
22:07:06,WIF,0.18,0.18,-5.5,1677
22:07:21,BTC,76565.16,76559.00,0.8,1692
22:07:21,ETH,2267.95,2268.01,-0.3,1692
22:07:21,WIF,0.18,0.18,-5.5,1692
22:07:36,BTC,76571.34,76570.40,0.1,1707
22:07:36,ETH,2268.17,2268.23,-0.3,1707
22:07:36,WIF,0.18,0.18,-5.5,1707
22:07:51,BTC,76546.53,76543.80,0.4,1722
22:07:51,ETH,2267.07,2266.97,0.4,1722
22:07:51,WIF,0.18,0.18,-5.5,1722
22:08:06,BTC,76559.99,76554.80,0.7,1737
22:08:06,ETH,2267.36,2267.30,0.3,1737
22:08:06,WIF,0.18,0.18,0.0,1737
22:08:21,BTC,76495.01,76480.20,1.9,1752
22:08:21,ETH,2265.55,2265.41,0.6,1752
22:08:21,WIF,0.18,0.18,11.0,1752
22:08:36,BTC,76487.35,76480.10,0.9,1767
22:08:36,ETH,2265.55,2265.22,1.5,1767
22:08:36,WIF,0.18,0.18,11.0,1767
22:08:51,BTC,76467.82,76480.00,-1.6,1782
22:08:51,ETH,2264.43,2264.47,-0.2,1782
22:08:51,WIF,0.18,0.18,-44.0,1782
22:09:06,BTC,76446.99,76451.00,-0.5,1797
22:09:06,ETH,2263.16,2263.33,-0.8,1797
22:09:06,WIF,0.18,0.18,16.5,1797
22:09:21,BTC,76452.48,76446.00,0.8,1812
22:09:21,ETH,2263.73,2263.67,0.3,1812
22:09:21,WIF,0.18,0.18,-38.5,1812
22:09:36,BTC,76459.69,76456.60,0.4,1827
22:09:36,ETH,2263.36,2263.43,-0.3,1827
22:09:36,WIF,0.18,0.18,-38.5,1827
22:09:51,BTC,76474.46,76469.20,0.7,1842
22:09:51,ETH,2263.87,2263.94,-0.3,1842
22:09:51,WIF,0.18,0.18,-38.5,1842
22:10:06,BTC,76485.09,76476.20,1.2,1857
22:10:06,ETH,2264.28,2264.03,1.1,1857
22:10:06,WIF,0.18,0.18,-11.0,1857
22:10:21,BTC,76448.61,76434.40,1.9,1872
22:10:21,ETH,2262.92,2262.95,-0.1,1872
22:10:21,WIF,0.18,0.18,-11.0,1872
22:10:36,BTC,76450.52,76452.20,-0.2,1887
22:10:36,ETH,2263.64,2263.72,-0.4,1887
22:10:36,WIF,0.18,0.18,-11.0,1887
22:10:51,BTC,76421.83,76417.90,0.5,1902
22:10:51,ETH,2262.77,2262.79,-0.1,1902
22:10:51,WIF,0.18,0.18,-38.5,1902
22:11:06,BTC,76426.54,76420.70,0.8,1917
22:11:06,ETH,2262.88,2262.78,0.4,1917
22:11:06,WIF,0.18,0.18,-38.5,1917
22:11:21,BTC,76420.01,76417.60,0.3,1932
22:11:21,ETH,2262.50,2262.49,0.0,1932
22:11:21,WIF,0.18,0.18,-38.5,1932
22:11:36,BTC,76377.37,76375.10,0.3,1947
22:11:36,ETH,2261.56,2261.84,-1.2,1947
22:11:36,WIF,0.18,0.18,-38.5,1947
22:11:51,BTC,76316.19,76320.50,-0.6,1962
22:11:51,ETH,2259.34,2259.20,0.6,1962
22:11:51,WIF,0.18,0.18,16.5,1962
22:12:06,BTC,76324.34,76319.20,0.7,1977
22:12:06,ETH,2259.42,2259.02,1.8,1977
22:12:06,WIF,0.18,0.18,22.0,1977
22:12:21,BTC,76366.93,76363.90,0.4,1992
22:12:21,ETH,2260.58,2260.46,0.5,1992
22:12:21,WIF,0.18,0.18,5.5,1992
22:12:36,BTC,76367.74,76359.50,1.1,2007
22:12:36,ETH,2260.92,2260.74,0.8,2007
22:12:36,WIF,0.18,0.18,5.5,2007
22:12:51,BTC,76344.29,76330.50,1.8,2022
22:12:51,ETH,2259.79,2259.64,0.7,2022
22:12:51,WIF,0.18,0.18,5.5,2022
22:13:06,BTC,76322.34,76321.30,0.1,2037
22:13:06,ETH,2259.42,2259.13,1.3,2037
22:13:06,WIF,0.18,0.18,5.5,2037
22:13:21,BTC,76360.77,76354.60,0.8,2052
22:13:21,ETH,2260.57,2260.44,0.6,2052
22:13:21,WIF,0.18,0.18,5.5,2052
22:13:36,BTC,76395.99,76387.90,1.1,2067
22:13:36,ETH,2261.79,2261.74,0.2,2067
22:13:36,WIF,0.18,0.18,-5.5,2067
22:13:51,BTC,76402.32,76395.10,0.9,2082
22:13:51,ETH,2262.26,2262.30,-0.2,2082
22:13:51,WIF,0.18,0.18,-5.5,2082
22:14:06,BTC,76404.82,76401.60,0.4,2097
22:14:06,ETH,2262.57,2262.66,-0.4,2097
22:14:06,WIF,0.18,0.18,-5.5,2097
22:14:21,BTC,76395.26,76385.60,1.3,2112
22:14:21,ETH,2262.28,2262.26,0.1,2112
22:14:21,WIF,0.18,0.18,-21.9,2112
22:14:36,BTC,76393.64,76382.20,1.5,2127
22:14:36,ETH,2262.21,2262.03,0.8,2127
22:14:36,WIF,0.18,0.18,-21.9,2127
22:14:51,BTC,76363.19,76353.80,1.2,2142
22:14:51,ETH,2261.40,2261.40,0.0,2142
22:14:51,WIF,0.18,0.18,-32.9,2142
22:15:06,BTC,76368.16,76369.40,-0.2,2157
22:15:06,ETH,2261.99,2261.95,0.2,2157
22:15:06,WIF,0.18,0.18,32.9,2157
22:15:21,BTC,76342.25,76334.30,1.0,2172
22:15:21,ETH,2260.43,2260.20,1.0,2172
22:15:21,WIF,0.18,0.18,32.9,2172
22:15:36,BTC,76319.54,76314.00,0.7,2187
22:15:36,ETH,2259.34,2259.21,0.6,2187
22:15:36,WIF,0.18,0.18,49.4,2187
22:15:51,BTC,76330.00,76327.40,0.3,2202
22:15:51,ETH,2259.58,2259.44,0.6,2202
22:15:51,WIF,0.18,0.18,54.9,2202
22:16:06,BTC,76296.00,76291.70,0.6,2217
22:16:06,ETH,2258.33,2258.40,-0.3,2217
22:16:06,WIF,0.18,0.18,5.5,2217
22:16:21,BTC,76283.30,76276.80,0.9,2232
22:16:21,ETH,2257.14,2257.24,-0.4,2232
22:16:21,WIF,0.18,0.18,11.0,2232
22:16:36,BTC,76283.30,76286.10,-0.4,2247
22:16:36,ETH,2257.17,2257.20,-0.1,2247
22:16:36,WIF,0.18,0.18,11.0,2247
22:16:51,BTC,76224.53,76226.70,-0.3,2262
22:16:51,ETH,2254.07,2254.50,-1.9,2262
22:16:51,WIF,0.18,0.18,11.0,2262
22:17:06,BTC,76159.21,76155.50,0.5,2277
22:17:06,ETH,2249.07,2249.42,-1.6,2277
22:17:06,WIF,0.18,0.18,38.6,2277
22:17:21,BTC,76167.16,76164.70,0.3,2292
22:17:21,ETH,2249.88,2249.61,1.2,2292
22:17:21,WIF,0.18,0.18,33.1,2292
22:17:36,BTC,76124.93,76131.50,-0.9,2307
22:17:36,ETH,2247.60,2247.94,-1.5,2307
22:17:36,WIF,0.18,0.18,33.1,2307
22:17:51,BTC,76143.29,76147.50,-0.6,2322
22:17:51,ETH,2249.91,2250.07,-0.7,2322
22:17:51,WIF,0.18,0.18,22.0,2322
22:18:06,BTC,76110.33,76099.50,1.4,2337
22:18:06,ETH,2248.60,2248.84,-1.1,2337
22:18:06,WIF,0.18,0.18,22.0,2337
22:18:21,BTC,76098.92,76102.50,-0.5,2352
22:18:21,ETH,2249.08,2249.24,-0.7,2352
22:18:21,WIF,0.18,0.18,27.5,2352
22:18:36,BTC,76142.74,76135.00,1.0,2367
22:18:36,ETH,2250.41,2250.63,-1.0,2367
22:18:36,WIF,0.18,0.18,5.5,2367
22:18:51,BTC,76158.05,76146.00,1.6,2382
22:18:51,ETH,2251.18,2251.36,-0.8,2382
22:18:51,WIF,0.18,0.18,-11.0,2382
22:19:06,BTC,76195.01,76191.50,0.5,2397
22:19:06,ETH,2252.94,2253.30,-1.6,2397
22:19:06,WIF,0.18,0.18,-11.0,2397
22:19:21,BTC,76239.99,76234.10,0.8,2412
22:19:21,ETH,2254.04,2254.30,-1.2,2412
22:19:21,WIF,0.18,0.18,-11.0,2412
22:19:36,BTC,76239.01,76238.50,0.1,2427
22:19:36,ETH,2253.95,2254.21,-1.2,2427
22:19:36,WIF,0.18,0.18,-5.5,2427
22:19:51,BTC,76250.00,76250.00,0.0,2442
22:19:51,ETH,2254.54,2254.55,-0.0,2442
22:19:51,WIF,0.18,0.18,-5.5,2442
22:20:06,BTC,76295.14,76288.10,0.9,2457
22:20:06,ETH,2255.64,2255.93,-1.3,2457
22:20:06,WIF,0.18,0.18,-11.0,2457
22:20:21,BTC,76265.04,76256.80,1.1,2472
22:20:21,ETH,2254.76,2255.09,-1.5,2472
22:20:21,WIF,0.18,0.18,-11.0,2472
22:20:36,BTC,76265.47,76260.10,0.7,2487
22:20:36,ETH,2253.99,2254.20,-0.9,2487
22:20:36,WIF,0.18,0.18,-11.0,2487
22:20:51,BTC,76270.48,76264.10,0.8,2502
22:20:51,ETH,2254.56,2254.77,-0.9,2502
22:20:51,WIF,0.18,0.18,-11.0,2502
22:21:06,BTC,76274.78,76274.50,0.0,2517
22:21:06,ETH,2255.46,2255.72,-1.2,2517
22:21:06,WIF,0.18,0.18,-16.5,2517
22:21:21,BTC,76288.39,76285.00,0.4,2532
22:21:21,ETH,2256.57,2256.36,0.9,2532
22:21:21,WIF,0.18,0.18,-21.9,2532
22:21:36,BTC,76283.79,76281.00,0.4,2547
22:21:36,ETH,2256.37,2256.36,0.0,2547
22:21:36,WIF,0.18,0.18,-21.9,2547
22:21:51,BTC,76255.01,76259.50,-0.6,2562
22:21:51,ETH,2256.20,2256.27,-0.3,2562
22:21:51,WIF,0.18,0.18,-21.9,2562
22:22:06,BTC,76220.66,76217.80,0.4,2577
22:22:06,ETH,2255.02,2255.12,-0.4,2577
22:22:06,WIF,0.18,0.18,-21.9,2577
22:22:21,BTC,76218.29,76207.20,1.5,2592
22:22:21,ETH,2254.61,2254.82,-0.9,2592
22:22:21,WIF,0.18,0.18,-21.9,2592
22:22:36,BTC,76246.33,76242.20,0.5,2607
22:22:36,ETH,2255.93,2256.05,-0.5,2607
22:22:36,WIF,0.18,0.18,-27.4,2607
22:22:51,BTC,76280.00,76280.00,0.0,2622
22:22:51,ETH,2256.82,2257.09,-1.2,2622
22:22:51,WIF,0.18,0.18,-32.9,2622
22:23:06,BTC,76310.00,76309.80,0.0,2637
22:23:06,ETH,2258.49,2258.65,-0.7,2637
22:23:06,WIF,0.18,0.18,-49.2,2637
22:23:21,BTC,76306.28,76301.40,0.6,2652
22:23:21,ETH,2257.98,2257.75,1.0,2652
22:23:21,WIF,0.18,0.18,0.0,2652
22:23:36,BTC,76315.98,76309.90,0.8,2667
22:23:36,ETH,2257.58,2257.70,-0.5,2667
22:23:36,WIF,0.18,0.18,10.9,2667
22:23:51,BTC,76302.75,76289.90,1.7,2682
22:23:51,ETH,2256.64,2256.87,-1.0,2682
22:23:51,WIF,0.18,0.18,-38.3,2682
22:24:06,BTC,76255.00,76252.90,0.3,2697
22:24:06,ETH,2255.37,2255.38,-0.0,2697
22:24:06,WIF,0.18,0.18,-27.4,2697
22:24:21,BTC,76261.89,76263.10,-0.2,2712
22:24:21,ETH,2255.51,2255.79,-1.2,2712
22:24:21,WIF,0.18,0.18,-27.4,2712
22:24:36,BTC,76269.97,76268.80,0.2,2727
22:24:36,ETH,2255.84,2255.98,-0.6,2727
22:24:36,WIF,0.18,0.18,-27.4,2727
22:24:51,BTC,76284.64,76273.10,1.5,2742
22:24:51,ETH,2256.17,2256.36,-0.8,2742
22:24:51,WIF,0.18,0.18,27.4,2742
22:25:06,BTC,76263.81,76252.80,1.4,2757
22:25:06,ETH,2255.19,2255.18,0.0,2757
22:25:06,WIF,0.18,0.18,27.4,2757
22:25:21,BTC,76260.01,76253.00,0.9,2772
22:25:21,ETH,2255.41,2255.63,-1.0,2772
22:25:21,WIF,0.18,0.18,27.4,2772
22:25:36,BTC,76237.53,76228.20,1.2,2787
22:25:36,ETH,2254.63,2254.83,-0.9,2787
22:25:36,WIF,0.18,0.18,27.4,2787
22:25:51,BTC,76217.71,76206.00,1.5,2802
22:25:51,ETH,2254.41,2254.73,-1.4,2802
22:25:51,WIF,0.18,0.18,27.4,2802
22:26:06,BTC,76210.30,76200.10,1.3,2817
22:26:06,ETH,2253.60,2253.58,0.1,2817
22:26:06,WIF,0.18,0.18,32.9,2817
22:26:21,BTC,76199.99,76200.20,-0.0,2832
22:26:21,ETH,2252.85,2252.63,1.0,2832
22:26:21,WIF,0.18,0.18,32.9,2832
22:26:36,BTC,76197.64,76196.30,0.2,2847
22:26:36,ETH,2252.85,2252.94,-0.4,2847
22:26:36,WIF,0.18,0.18,-21.9,2847
22:26:51,BTC,76150.00,76149.90,0.0,2862
22:26:51,ETH,2252.07,2252.21,-0.6,2862
22:26:51,WIF,0.18,0.18,-21.9,2862
22:27:06,BTC,76145.60,76145.00,0.1,2877
22:27:06,ETH,2251.59,2251.70,-0.5,2877
22:27:06,WIF,0.18,0.18,-5.5,2877
22:27:21,BTC,76165.00,76155.80,1.2,2892
22:27:21,ETH,2252.13,2252.09,0.2,2892
22:27:21,WIF,0.18,0.18,-27.4,2892
22:27:36,BTC,76154.54,76148.20,0.8,2907
22:27:36,ETH,2251.69,2252.09,-1.8,2907
22:27:36,WIF,0.18,0.18,27.4,2907
22:27:51,BTC,76185.65,76176.90,1.1,2922
22:27:51,ETH,2252.55,2252.63,-0.4,2922
22:27:51,WIF,0.18,0.18,-27.4,2922
22:28:06,BTC,76227.62,76223.70,0.5,2937
22:28:06,ETH,2253.90,2253.98,-0.4,2937
22:28:06,WIF,0.18,0.18,-32.9,2937
22:28:21,BTC,76245.56,76243.60,0.3,2952
22:28:21,ETH,2255.03,2255.17,-0.6,2952
22:28:21,WIF,0.18,0.18,-32.9,2952
22:28:36,BTC,76263.45,76256.40,0.9,2967
22:28:36,ETH,2255.62,2255.58,0.2,2967
22:28:36,WIF,0.18,0.18,21.9,2967
22:28:51,BTC,76295.00,76284.10,1.4,2982
22:28:51,ETH,2256.99,2257.25,-1.2,2982
22:28:51,WIF,0.18,0.18,21.9,2982
22:29:06,BTC,76298.14,76297.50,0.1,2997
22:29:06,ETH,2256.58,2256.74,-0.7,2997
22:29:06,WIF,0.18,0.18,21.9,2997
22:29:21,BTC,76314.00,76308.90,0.7,3012
22:29:21,ETH,2257.12,2257.41,-1.3,3012
22:29:21,WIF,0.18,0.18,21.9,3012
22:29:36,BTC,76323.58,76320.00,0.5,3027
22:29:36,ETH,2257.49,2257.41,0.4,3027
22:29:36,WIF,0.18,0.18,-32.9,3027
22:29:51,BTC,76339.97,76330.00,1.3,3042
22:29:51,ETH,2257.89,2258.03,-0.6,3042
22:29:51,WIF,0.18,0.18,-27.4,3042
22:30:06,BTC,76310.72,76301.40,1.2,3057
22:30:06,ETH,2257.13,2257.01,0.5,3057
22:30:06,WIF,0.18,0.18,-27.4,3057
22:30:21,BTC,76313.69,76310.80,0.4,3072
22:30:21,ETH,2257.25,2257.21,0.2,3072
22:30:21,WIF,0.18,0.18,-27.4,3072
22:30:36,BTC,76305.67,76301.80,0.5,3087
22:30:36,ETH,2258.21,2257.38,3.7,3087
22:30:36,WIF,0.18,0.18,32.9,3087
22:30:51,BTC,76322.85,76311.40,1.5,3102
22:30:51,ETH,2257.21,2257.53,-1.4,3102
22:30:51,WIF,0.18,0.18,32.9,3102
22:31:06,BTC,76368.50,76367.30,0.2,3117
22:31:06,ETH,2259.39,2259.53,-0.6,3117
22:31:06,WIF,0.18,0.18,21.9,3117
22:31:21,BTC,76419.18,76411.00,1.1,3132
22:31:21,ETH,2262.36,2262.49,-0.6,3132
22:31:21,WIF,0.18,0.18,21.9,3132
22:31:36,BTC,76527.94,76535.10,-0.9,3147
22:31:36,ETH,2267.24,2266.72,2.3,3147
22:31:36,WIF,0.18,0.18,-27.2,3147
22:31:51,BTC,76547.68,76541.90,0.8,3162
22:31:51,ETH,2267.80,2267.45,1.5,3162
22:31:51,WIF,0.18,0.18,-21.8,3162
22:32:06,BTC,76510.00,76498.20,1.5,3177
22:32:06,ETH,2265.75,2265.92,-0.8,3177
22:32:06,WIF,0.18,0.18,-21.8,3177
22:32:21,BTC,76475.40,76468.20,0.9,3192
22:32:21,ETH,2264.64,2263.96,3.0,3192
22:32:21,WIF,0.18,0.18,-21.8,3192
22:32:36,BTC,76478.01,76459.80,2.4,3207
22:32:36,ETH,2264.53,2264.61,-0.4,3207
22:32:36,WIF,0.18,0.18,-21.8,3207
22:32:51,BTC,76487.75,76485.20,0.3,3222
22:32:51,ETH,2265.04,2265.09,-0.2,3222
22:32:51,WIF,0.18,0.18,-21.8,3222
22:33:06,BTC,76491.80,76479.00,1.7,3237
22:33:06,ETH,2265.18,2265.07,0.5,3237
22:33:06,WIF,0.18,0.18,-21.8,3237
22:33:21,BTC,76457.36,76451.10,0.8,3252
22:33:21,ETH,2264.09,2264.10,-0.0,3252
22:33:21,WIF,0.18,0.18,-21.8,3252
22:33:36,BTC,76490.18,76490.90,-0.1,3267
22:33:36,ETH,2264.11,2264.43,-1.4,3267
22:33:36,WIF,0.18,0.18,-21.8,3267
22:33:51,BTC,76450.01,76440.80,1.2,3282
22:33:51,ETH,2262.42,2262.79,-1.6,3282
22:33:51,WIF,0.18,0.18,-43.8,3282
22:34:06,BTC,76377.16,76373.00,0.5,3297
22:34:06,ETH,2260.48,2260.82,-1.5,3297
22:34:06,WIF,0.18,0.18,-43.8,3297
22:34:21,BTC,76365.01,76358.40,0.9,3312
22:34:21,ETH,2260.19,2260.47,-1.2,3312
22:34:21,WIF,0.18,0.18,-43.8,3312
22:34:36,BTC,76310.12,76310.10,0.0,3327
22:34:36,ETH,2258.71,2258.91,-0.9,3327
22:34:36,WIF,0.18,0.18,10.9,3327
22:34:51,BTC,76329.27,76312.60,2.2,3342
22:34:51,ETH,2258.99,2259.21,-1.0,3342
22:34:51,WIF,0.18,0.18,10.9,3342
22:35:06,BTC,76329.29,76314.20,2.0,3357
22:35:06,ETH,2259.29,2259.35,-0.3,3357
22:35:06,WIF,0.18,0.18,16.4,3357
22:35:21,BTC,76314.25,76310.30,0.5,3372
22:35:21,ETH,2258.95,2259.06,-0.5,3372
22:35:21,WIF,0.18,0.18,16.4,3372
22:35:36,BTC,76361.99,76347.90,1.8,3387
22:35:36,ETH,2260.33,2260.45,-0.5,3387
22:35:36,WIF,0.18,0.18,10.9,3387
22:35:51,BTC,76360.00,76352.90,0.9,3402
22:35:51,ETH,2260.08,2259.80,1.2,3402
22:35:51,WIF,0.18,0.18,10.9,3402
22:36:11,BTC,76363.73,76364.00,-0.0,3422
22:36:11,ETH,2260.19,2260.33,-0.6,3422
22:36:11,WIF,0.18,0.18,10.9,3422
22:36:26,BTC,76350.24,76342.80,1.0,3437
22:36:26,ETH,2259.71,2259.81,-0.4,3437
22:36:26,WIF,0.18,0.18,-43.8,3437
22:36:41,BTC,76288.94,76287.40,0.2,3452
22:36:41,ETH,2258.13,2258.15,-0.1,3452
22:36:41,WIF,0.18,0.18,-43.8,3452
22:36:56,BTC,76299.99,76287.40,1.7,3467
22:36:56,ETH,2258.16,2258.06,0.4,3467
22:36:56,WIF,0.18,0.18,-38.3,3467
22:37:12,BTC,76241.88,76237.80,0.5,3482
22:37:12,ETH,2256.09,2256.36,-1.2,3482
22:37:12,WIF,0.18,0.18,-38.3,3482
22:37:27,BTC,76235.29,76231.20,0.5,3497
22:37:27,ETH,2256.07,2256.22,-0.7,3497
22:37:27,WIF,0.18,0.18,-38.3,3497
22:37:42,BTC,76224.02,76211.50,1.6,3512
22:37:42,ETH,2255.26,2255.59,-1.5,3512
22:37:42,WIF,0.18,0.18,16.4,3512
22:37:57,BTC,76262.63,76258.40,0.6,3527
22:37:57,ETH,2256.58,2256.71,-0.6,3527
22:37:57,WIF,0.18,0.18,5.5,3527
22:38:12,BTC,76262.62,76262.10,0.1,3542
22:38:12,ETH,2256.22,2256.49,-1.2,3542
22:38:12,WIF,0.18,0.18,5.5,3542
22:38:27,BTC,76280.67,76272.50,1.1,3557
22:38:27,ETH,2256.95,2257.02,-0.3,3557
22:38:27,WIF,0.18,0.18,0.0,3557
22:38:42,BTC,76269.44,76264.30,0.7,3572
22:38:42,ETH,2256.84,2257.03,-0.8,3572
22:38:42,WIF,0.18,0.18,0.0,3572
22:38:57,BTC,76257.10,76248.50,1.1,3587
22:38:57,ETH,2256.32,2256.39,-0.3,3587
22:38:57,WIF,0.18,0.18,0.0,3587
22:39:12,BTC,76248.87,76240.60,1.1,3602
22:39:12,ETH,2255.52,2255.38,0.6,3602
22:39:12,WIF,0.18,0.18,0.0,3602
22:39:27,BTC,76227.38,76222.70,0.6,3617
22:39:27,ETH,2255.32,2255.35,-0.1,3617
22:39:27,WIF,0.18,0.18,-54.6,3617
22:39:42,BTC,76233.57,76231.50,0.3,3632
22:39:42,ETH,2255.00,2255.11,-0.5,3632
22:39:42,WIF,0.18,0.18,-54.6,3632
22:39:57,BTC,76239.75,76230.00,1.3,3647
22:39:57,ETH,2255.12,2255.11,0.0,3647
22:39:57,WIF,0.18,0.18,-32.9,3647
22:40:12,BTC,76309.85,76300.10,1.3,3662
22:40:12,ETH,2257.28,2257.28,0.0,3662
22:40:12,WIF,0.18,0.18,-43.8,3662
22:40:27,BTC,76296.01,76282.40,1.8,3677
22:40:27,ETH,2256.52,2256.69,-0.8,3677
22:40:27,WIF,0.18,0.18,10.9,3677
22:40:42,BTC,76293.64,76287.60,0.8,3692
22:40:42,ETH,2256.62,2256.68,-0.3,3692
22:40:42,WIF,0.18,0.18,10.9,3692
22:40:57,BTC,76284.79,76269.40,2.0,3707
22:40:57,ETH,2256.41,2256.32,0.4,3707
22:40:57,WIF,0.18,0.18,10.9,3707
22:41:12,BTC,76279.04,76273.40,0.7,3722
22:41:12,ETH,2256.37,2256.51,-0.6,3722
22:41:12,WIF,0.18,0.18,21.9,3722
22:41:27,BTC,76308.40,76306.50,0.2,3737
22:41:27,ETH,2257.46,2257.56,-0.4,3737
22:41:27,WIF,0.18,0.18,16.4,3737
22:41:42,BTC,76325.01,76315.60,1.2,3752
22:41:42,ETH,2258.09,2258.20,-0.5,3752
22:41:42,WIF,0.18,0.18,16.4,3752
22:41:57,BTC,76337.00,76332.80,0.6,3767
22:41:57,ETH,2259.01,2259.07,-0.3,3767
22:41:57,WIF,0.18,0.18,10.9,3767
22:42:12,BTC,76344.66,76340.80,0.5,3782
22:42:12,ETH,2259.42,2259.84,-1.9,3782
22:42:12,WIF,0.18,0.18,5.5,3782
22:42:27,BTC,76347.73,76342.30,0.7,3797
22:42:27,ETH,2259.71,2259.92,-0.9,3797
22:42:27,WIF,0.18,0.18,5.5,3797
22:42:42,BTC,76351.27,76341.60,1.3,3812
22:42:42,ETH,2259.99,2260.13,-0.6,3812
22:42:42,WIF,0.18,0.18,-49.2,3812
22:42:57,BTC,76322.00,76314.80,0.9,3827
22:42:57,ETH,2259.10,2259.51,-1.8,3827
22:42:57,WIF,0.18,0.18,-49.2,3827
22:43:12,BTC,76350.00,76344.20,0.8,3842
22:43:12,ETH,2260.09,2259.97,0.5,3842
22:43:12,WIF,0.18,0.18,-49.2,3842
22:43:27,BTC,76360.29,76354.90,0.7,3857
22:43:27,ETH,2260.48,2260.78,-1.3,3857
22:43:27,WIF,0.18,0.18,-49.2,3857
22:43:42,BTC,76352.01,76340.50,1.5,3872
22:43:42,ETH,2260.93,2260.78,0.7,3872
22:43:42,WIF,0.18,0.18,5.5,3872
22:43:57,BTC,76352.00,76337.80,1.9,3887
22:43:57,ETH,2260.76,2260.79,-0.1,3887
22:43:57,WIF,0.18,0.18,5.5,3887
22:44:12,BTC,76327.36,76330.00,-0.3,3902
22:44:12,ETH,2260.17,2260.24,-0.3,3902
22:44:12,WIF,0.18,0.18,5.5,3902
22:44:27,BTC,76354.55,76355.10,-0.1,3917
22:44:27,ETH,2260.89,2261.14,-1.1,3917
22:44:27,WIF,0.18,0.18,5.5,3917
22:44:42,BTC,76365.99,76369.90,-0.5,3932
22:44:42,ETH,2261.62,2261.71,-0.4,3932
22:44:42,WIF,0.18,0.18,0.0,3932
22:44:58,BTC,76352.01,76343.60,1.1,3948
22:44:58,ETH,2261.23,2261.25,-0.1,3948
22:44:58,WIF,0.18,0.18,0.0,3948
22:45:13,BTC,76352.01,76345.90,0.8,3963
22:45:13,ETH,2261.55,2261.55,0.0,3963
22:45:13,WIF,0.18,0.18,5.5,3963
22:45:28,BTC,76355.00,76353.40,0.2,3978
22:45:28,ETH,2261.78,2261.92,-0.6,3978
22:45:28,WIF,0.18,0.18,-49.2,3978
22:45:44,BTC,76352.01,76345.90,0.8,3994
22:45:44,ETH,2261.01,2261.09,-0.4,3994
22:45:44,WIF,0.18,0.18,-49.2,3994
22:45:59,BTC,76347.15,76335.80,1.5,4009
22:45:59,ETH,2261.23,2261.05,0.8,4009
22:45:59,WIF,0.18,0.18,-49.2,4009
22:46:14,BTC,76372.01,76366.90,0.7,4024
22:46:14,ETH,2262.49,2262.46,0.1,4024
22:46:14,WIF,0.18,0.18,0.0,4024
22:46:30,BTC,76360.74,76360.70,0.0,4040
22:46:30,ETH,2262.71,2262.87,-0.7,4040
22:46:30,WIF,0.18,0.18,0.0,4040
22:46:45,BTC,76412.51,76407.10,0.7,4055
22:46:45,ETH,2264.40,2264.39,0.0,4055
22:46:45,WIF,0.18,0.18,-21.8,4055
22:47:00,BTC,76405.01,76399.40,0.7,4070
22:47:00,ETH,2263.16,2263.27,-0.5,4070
22:47:00,WIF,0.18,0.18,-32.7,4070
22:47:15,BTC,76410.43,76400.10,1.4,4085
22:47:15,ETH,2263.64,2263.81,-0.8,4085
22:47:15,WIF,0.18,0.18,-32.7,4085
22:47:30,BTC,76398.56,76399.50,-0.1,4100
22:47:30,ETH,2263.69,2264.06,-1.6,4100
22:47:30,WIF,0.18,0.18,-32.7,4100
22:47:45,BTC,76376.36,76372.40,0.5,4115
22:47:45,ETH,2263.25,2263.66,-1.8,4115
22:47:45,WIF,0.18,0.18,-27.2,4115
22:48:00,BTC,76397.88,76404.90,-0.9,4130
22:48:00,ETH,2263.99,2264.59,-2.6,4130
22:48:00,WIF,0.18,0.18,-32.7,4130
22:48:15,BTC,76414.00,76409.00,0.7,4145
22:48:15,ETH,2264.35,2264.50,-0.7,4145
22:48:15,WIF,0.18,0.18,-32.7,4145
22:48:30,BTC,76388.94,76392.50,-0.5,4160
22:48:30,ETH,2263.16,2263.41,-1.1,4160
22:48:30,WIF,0.18,0.18,-32.7,4160
22:48:45,BTC,76369.42,76365.00,0.6,4175
22:48:45,ETH,2262.55,2262.70,-0.7,4175
22:48:45,WIF,0.18,0.18,-32.7,4175
22:49:00,BTC,76364.99,76369.00,-0.5,4190
22:49:00,ETH,2262.32,2262.67,-1.5,4190
22:49:00,WIF,0.18,0.18,-32.7,4190
22:49:15,BTC,76387.96,76381.70,0.8,4205
22:49:15,ETH,2263.90,2263.83,0.3,4205
22:49:15,WIF,0.18,0.18,-32.7,4205
22:49:30,BTC,76377.14,76378.40,-0.2,4220
22:49:30,ETH,2263.75,2263.92,-0.8,4220
22:49:30,WIF,0.18,0.18,21.8,4220
22:49:45,BTC,76397.43,76399.90,-0.3,4235
22:49:45,ETH,2264.77,2264.78,-0.0,4235
22:49:45,WIF,0.18,0.18,10.9,4235
22:50:00,BTC,76385.00,76379.90,0.7,4250
22:50:00,ETH,2264.80,2264.79,0.0,4250
22:50:00,WIF,0.18,0.18,5.4,4250
22:50:12,BTC,76376.640000,76371.900000,0.6,0
22:50:12,ETH,2264.040000,2264.010000,0.1,0
22:50:12,WIF,0.184000,0.184000,0.0,0
22:50:27,BTC,76379.330000,76383.700000,-0.6,15
22:50:27,ETH,2265.140000,2265.190000,-0.2,15
22:50:27,WIF,0.184000,0.184400,-21.7,15
22:50:42,BTC,76399.910000,76397.700000,0.3,30
22:50:42,ETH,2265.620000,2265.590000,0.1,30
22:50:42,WIF,0.184000,0.184400,-21.7,30
22:50:57,BTC,76390.410000,76388.300000,0.3,45
22:50:57,ETH,2265.440000,2265.480000,-0.2,45
22:50:57,WIF,0.184000,0.184400,-21.7,45
22:51:12,BTC,76375.010000,76371.800000,0.4,60
22:51:12,ETH,2264.600000,2264.630000,-0.1,60
22:51:12,WIF,0.184000,0.184400,-21.7,60
22:51:27,BTC,76365.000000,76354.500000,1.4,75
22:51:27,ETH,2264.110000,2264.180000,-0.3,75
22:51:27,WIF,0.184000,0.184500,-27.1,75
22:51:42,BTC,76365.000000,76360.800000,0.6,90
22:51:42,ETH,2264.350000,2264.350000,0.0,90
22:51:42,WIF,0.185000,0.184400,32.5,90
22:51:57,BTC,76424.910000,76422.500000,0.3,105
22:51:57,ETH,2266.420000,2266.670000,-1.1,105
22:51:57,WIF,0.184000,0.184600,-32.5,105
22:52:12,BTC,76468.600000,76463.600000,0.7,120
22:52:12,ETH,2267.190000,2267.190000,0.0,120
22:52:12,WIF,0.185000,0.184900,5.4,120
22:52:27,BTC,76405.640000,76402.500000,0.4,135
22:52:27,ETH,2264.830000,2265.050000,-1.0,135
22:52:27,WIF,0.185000,0.184800,10.8,135
22:52:42,BTC,76383.170000,76379.200000,0.5,150
22:52:42,ETH,2263.820000,2264.190000,-1.6,150
22:52:42,WIF,0.184000,0.184800,-43.3,150
22:52:58,BTC,76383.530000,76376.300000,0.9,166
22:52:58,ETH,2264.690000,2264.900000,-0.9,166
22:52:58,WIF,0.184000,0.184600,-32.5,166
22:53:13,BTC,76370.010000,76365.800000,0.6,181
22:53:13,ETH,2264.360000,2264.530000,-0.8,181
22:53:13,WIF,0.184000,0.184500,-27.1,181
22:53:28,BTC,76361.920000,76351.200000,1.4,196
22:53:28,ETH,2263.990000,2264.060000,-0.3,196
22:53:28,WIF,0.184000,0.184500,-27.1,196
22:53:43,BTC,76361.930000,76361.000000,0.1,211
22:53:43,ETH,2263.590000,2263.870000,-1.2,211
22:53:43,WIF,0.184000,0.184500,-27.1,211
22:53:58,BTC,76361.930000,76361.500000,0.1,226
22:53:58,ETH,2263.590000,2263.570000,0.1,226
22:53:58,WIF,0.184000,0.184500,-27.1,226
22:54:13,BTC,76380.140000,76379.500000,0.1,241
22:54:13,ETH,2263.650000,2263.640000,0.0,241
22:54:13,WIF,0.185000,0.184500,27.1,241
22:54:20,BTC,76384.990000,76387.700000,-0.4,0
22:54:20,ETH,2264.170000,2264.330000,-0.7,0
22:54:35,BTC,76395.990000,76394.000000,0.3,15
22:54:35,ETH,2264.500000,2264.620000,-0.5,15
22:54:50,BTC,76401.430000,76398.900000,0.3,30
22:54:50,ETH,2264.560000,2264.760000,-0.9,30
22:55:05,BTC,76358.030000,76350.500000,1.0,45
22:55:05,ETH,2263.400000,2263.670000,-1.2,45
22:55:20,BTC,76361.430000,76356.800000,0.6,60
22:55:20,ETH,2263.860000,2264.030000,-0.8,60
22:55:35,BTC,76378.000000,76374.400000,0.5,75
22:55:35,ETH,2264.670000,2264.720000,-0.2,75
22:55:50,BTC,76378.850000,76375.600000,0.4,90
22:55:50,ETH,2264.750000,2264.920000,-0.8,90
22:56:05,BTC,76350.010000,76342.400000,1.0,105
22:56:05,ETH,2263.110000,2263.410000,-1.3,105
22:56:20,BTC,76335.930000,76327.100000,1.2,120
22:56:20,ETH,2262.680000,2262.890000,-0.9,120
22:56:35,BTC,76331.660000,76332.500000,-0.1,135
22:56:35,ETH,2262.500000,2262.640000,-0.6,135
22:56:50,BTC,76322.120000,76315.300000,0.9,150
22:56:50,ETH,2262.030000,2262.260000,-1.0,150
22:57:05,BTC,76319.290000,76315.300000,0.5,165
22:57:05,ETH,2262.220000,2262.350000,-0.6,165
22:57:20,BTC,76300.010000,76300.000000,0.0,180
22:57:20,ETH,2261.450000,2261.500000,-0.2,180
22:57:35,BTC,76294.100000,76292.700000,0.2,195
22:57:35,ETH,2261.010000,2261.340000,-1.5,195
22:57:50,BTC,76294.100000,76291.700000,0.3,210
22:57:50,ETH,2261.010000,2261.020000,-0.0,210
22:58:05,BTC,76291.770000,76293.100000,-0.2,225
22:58:05,ETH,2260.760000,2261.020000,-1.1,225
22:58:20,BTC,76313.470000,76312.700000,0.1,240
22:58:20,ETH,2262.090000,2262.040000,0.2,240
22:58:35,BTC,76317.910000,76310.400000,1.0,255
22:58:35,ETH,2262.270000,2262.150000,0.5,255
22:58:50,BTC,76328.870000,76330.500000,-0.2,270
22:58:50,ETH,2262.730000,2262.550000,0.8,270
22:59:05,BTC,76331.220000,76326.400000,0.6,285
22:59:05,ETH,2263.000000,2262.830000,0.8,285
22:59:20,BTC,76332.670000,76328.400000,0.6,300
22:59:20,ETH,2263.150000,2263.240000,-0.4,300
22:59:35,BTC,76332.680000,76328.200000,0.6,315
22:59:35,ETH,2263.200000,2263.330000,-0.6,315
22:59:50,BTC,76319.570000,76311.200000,1.1,330
22:59:50,ETH,2262.920000,2262.720000,0.9,330
23:00:05,BTC,76351.480000,76339.700000,1.5,345
23:00:05,ETH,2264.990000,2264.550000,1.9,345
23:00:20,BTC,76362.790000,76357.500000,0.7,360
23:00:20,ETH,2265.220000,2265.420000,-0.9,360
23:00:35,BTC,76352.000000,76343.300000,1.1,375
23:00:35,ETH,2264.340000,2264.720000,-1.7,375
23:00:50,BTC,76363.190000,76364.900000,-0.2,390
23:00:50,ETH,2265.140000,2265.180000,-0.2,390
23:01:05,BTC,76362.270000,76358.000000,0.6,405
23:01:05,ETH,2264.730000,2265.000000,-1.2,405
23:01:20,BTC,76388.290000,76386.300000,0.3,420
23:01:20,ETH,2265.450000,2265.510000,-0.3,420
23:01:35,BTC,76382.060000,76380.000000,0.3,435
23:01:35,ETH,2265.560000,2265.700000,-0.6,435
23:01:50,BTC,76382.060000,76375.400000,0.9,450
23:01:50,ETH,2265.700000,2265.700000,0.0,450
23:02:05,BTC,76363.240000,76357.600000,0.7,465
23:02:05,ETH,2265.120000,2265.190000,-0.3,465
23:02:20,BTC,76350.110000,76349.800000,0.0,480
23:02:20,ETH,2264.660000,2264.850000,-0.8,480
23:02:35,BTC,76345.160000,76341.300000,0.5,495
23:02:35,ETH,2264.360000,2264.610000,-1.1,495
23:02:50,BTC,76272.280000,76267.600000,0.6,510
23:02:50,ETH,2262.270000,2262.720000,-2.0,510
23:03:05,BTC,76267.000000,76259.400000,1.0,525
23:03:05,ETH,2261.610000,2261.550000,0.3,525
23:03:20,BTC,76277.090000,76273.100000,0.5,540
23:03:20,ETH,2261.960000,2262.050000,-0.4,540
23:03:35,BTC,76266.990000,76259.400000,1.0,555
23:03:35,ETH,2261.030000,2261.380000,-1.5,555
23:03:50,BTC,76267.120000,76259.400000,1.0,570
23:03:50,ETH,2261.100000,2261.380000,-1.2,570
23:04:05,BTC,76247.460000,76234.700000,1.7,585
23:04:05,ETH,2260.630000,2260.790000,-0.7,585
23:04:20,BTC,76170.030000,76176.900000,-0.9,600
23:04:20,ETH,2257.890000,2257.940000,-0.2,600
23:04:35,BTC,76184.440000,76183.800000,0.1,615
23:04:35,ETH,2258.380000,2258.720000,-1.5,615
23:04:50,BTC,76210.000000,76209.200000,0.1,630
23:04:50,ETH,2259.500000,2259.790000,-1.3,630
23:05:05,BTC,76259.970000,76263.200000,-0.4,645
23:05:05,ETH,2261.050000,2261.010000,0.2,645
23:05:20,BTC,76262.650000,76267.000000,-0.6,660
23:05:20,ETH,2261.240000,2261.350000,-0.5,660
23:05:35,BTC,76230.000000,76225.000000,0.7,675
23:05:35,ETH,2259.680000,2259.810000,-0.6,675
23:05:50,BTC,76239.990000,76234.200000,0.8,690
23:05:50,ETH,2260.200000,2260.400000,-0.9,690
23:06:05,BTC,76239.990000,76239.900000,0.0,705
23:06:05,ETH,2259.530000,2260.400000,-3.8,705
23:06:20,BTC,76272.000000,76277.700000,-0.7,720
23:06:20,ETH,2260.830000,2261.100000,-1.2,720
23:06:35,BTC,76285.500000,76277.200000,1.1,735
23:06:35,ETH,2261.210000,2261.260000,-0.2,735
23:06:50,BTC,76280.020000,76278.500000,0.2,750
23:06:50,ETH,2261.500000,2261.360000,0.6,750
23:07:05,BTC,76283.010000,76280.100000,0.4,765
23:07:05,ETH,2261.090000,2261.450000,-1.6,765
23:07:20,BTC,76313.300000,76309.400000,0.5,780
23:07:20,ETH,2262.200000,2262.300000,-0.4,780
23:07:35,BTC,76306.180000,76314.900000,-1.1,795
23:07:35,ETH,2262.280000,2262.570000,-1.3,795
23:07:50,BTC,76349.020000,76350.000000,-0.1,810
23:07:50,ETH,2263.760000,2263.860000,-0.4,810
23:08:05,BTC,76370.910000,76372.500000,-0.2,825
23:08:05,ETH,2264.770000,2264.800000,-0.1,825
23:08:20,BTC,76332.410000,76336.800000,-0.6,840
23:08:20,ETH,2263.990000,2264.040000,-0.2,840
23:08:35,BTC,76333.180000,76341.500000,-1.1,855
23:08:35,ETH,2263.980000,2264.010000,-0.1,855
23:08:50,BTC,76333.170000,76332.600000,0.1,870
23:08:50,ETH,2264.040000,2264.270000,-1.0,870
23:09:05,BTC,76339.070000,76338.400000,0.1,885
23:09:05,ETH,2264.040000,2264.040000,0.0,885
23:09:20,BTC,76374.550000,76371.200000,0.4,900
23:09:20,ETH,2265.480000,2265.600000,-0.5,900
23:09:35,BTC,76370.840000,76365.400000,0.7,915
23:09:35,ETH,2265.390000,2265.330000,0.3,915
23:09:50,BTC,76376.220000,76376.600000,-0.0,930
23:09:50,ETH,2265.570000,2265.590000,-0.1,930
23:10:05,BTC,76407.820000,76406.000000,0.2,945
23:10:05,ETH,2266.220000,2266.220000,0.0,945
23:10:20,BTC,76397.680000,76396.900000,0.1,960
23:10:20,ETH,2265.990000,2265.920000,0.3,960
23:10:35,BTC,76391.780000,76391.100000,0.1,975
23:10:35,ETH,2265.620000,2265.610000,0.0,975
23:10:50,BTC,76385.460000,76380.500000,0.6,990
23:10:50,ETH,2265.010000,2265.240000,-1.0,990
23:11:05,BTC,76376.310000,76371.800000,0.6,1005
23:11:05,ETH,2264.730000,2264.930000,-0.9,1005
23:11:20,BTC,76355.840000,76351.400000,0.6,1020
23:11:20,ETH,2264.340000,2264.490000,-0.7,1020
23:11:35,BTC,76372.350000,76373.900000,-0.2,1035
23:11:35,ETH,2265.000000,2264.880000,0.5,1035
23:11:50,BTC,76382.870000,76383.500000,-0.1,1050
23:11:50,ETH,2265.150000,2265.200000,-0.2,1050
23:12:05,BTC,76352.000000,76349.400000,0.3,1065
23:12:05,ETH,2263.930000,2264.030000,-0.4,1065
23:12:20,BTC,76352.010000,76348.400000,0.5,1080
23:12:20,ETH,2263.530000,2263.600000,-0.3,1080
23:12:35,BTC,76338.020000,76335.300000,0.4,1095
23:12:35,ETH,2263.430000,2263.690000,-1.1,1095
23:12:50,BTC,76342.070000,76345.800000,-0.5,1110
23:12:50,ETH,2263.770000,2263.840000,-0.3,1110
23:13:05,BTC,76320.750000,76328.200000,-1.0,1125
23:13:05,ETH,2262.620000,2262.810000,-0.8,1125
23:13:20,BTC,76325.680000,76322.800000,0.4,1140
23:13:20,ETH,2262.510000,2262.560000,-0.2,1140
23:13:35,BTC,76346.650000,76328.800000,2.3,1155
23:13:35,ETH,2263.030000,2262.900000,0.6,1155
23:13:50,BTC,76362.850000,76363.000000,-0.0,1170
23:13:50,ETH,2264.000000,2264.000000,0.0,1170
23:14:05,BTC,76385.830000,76392.000000,-0.8,1185
23:14:05,ETH,2265.010000,2264.800000,0.9,1185
23:14:20,BTC,76420.930000,76407.100000,1.8,1200
23:14:20,ETH,2265.880000,2266.020000,-0.6,1200
23:14:35,BTC,76439.320000,76435.300000,0.5,1215
23:14:35,ETH,2266.160000,2266.090000,0.3,1215
23:14:50,BTC,76418.840000,76418.000000,0.1,1230
23:14:50,ETH,2265.710000,2265.960000,-1.1,1230
23:15:05,BTC,76434.000000,76429.400000,0.6,1245
23:15:05,ETH,2266.070000,2266.240000,-0.8,1245
23:15:20,BTC,76412.830000,76412.000000,0.1,1260
23:15:20,ETH,2265.570000,2265.700000,-0.6,1260
23:15:35,BTC,76429.770000,76432.000000,-0.3,1275
23:15:35,ETH,2266.300000,2266.400000,-0.4,1275
23:15:50,BTC,76402.870000,76405.300000,-0.3,1290
23:15:50,ETH,2265.010000,2264.960000,0.2,1290
23:16:05,BTC,76380.010000,76373.100000,0.9,1305
23:16:05,ETH,2264.450000,2264.580000,-0.6,1305
23:16:20,BTC,76372.400000,76378.200000,-0.8,1320
23:16:20,ETH,2263.910000,2263.920000,-0.0,1320
23:16:35,BTC,76387.270000,76386.600000,0.1,1335
23:16:35,ETH,2264.140000,2264.180000,-0.2,1335
23:16:50,BTC,76398.590000,76395.300000,0.4,1350
23:16:50,ETH,2264.480000,2264.490000,-0.0,1350
23:17:05,BTC,76371.360000,76366.000000,0.7,1365
23:17:05,ETH,2263.610000,2263.630000,-0.1,1365
23:17:20,BTC,76379.260000,76376.900000,0.3,1380
23:17:20,ETH,2263.710000,2263.700000,0.0,1380
23:17:35,BTC,76405.000000,76406.800000,-0.2,1395
23:17:35,ETH,2264.510000,2264.590000,-0.4,1395
23:17:50,BTC,76400.010000,76395.300000,0.6,1410
23:17:50,ETH,2264.460000,2264.360000,0.4,1410
23:18:05,BTC,76393.200000,76390.500000,0.4,1425
23:18:05,ETH,2263.910000,2263.920000,-0.0,1425
23:18:20,BTC,76387.340000,76390.500000,-0.4,1440
23:18:20,ETH,2263.850000,2263.700000,0.7,1440
23:18:35,BTC,76375.610000,76371.000000,0.6,1455
23:18:35,ETH,2263.400000,2263.510000,-0.5,1455
23:18:50,BTC,76397.770000,76395.100000,0.3,1470
23:18:50,ETH,2264.000000,2264.260000,-1.1,1470
23:19:05,BTC,76388.940000,76383.400000,0.7,1485
23:19:05,ETH,2263.630000,2263.480000,0.7,1485
23:19:20,BTC,76388.510000,76387.000000,0.2,1500
23:19:20,ETH,2263.690000,2263.810000,-0.5,1500
23:19:35,BTC,76391.190000,76396.800000,-0.7,1515
23:19:35,ETH,2264.150000,2264.180000,-0.1,1515
23:19:50,BTC,76435.040000,76423.900000,1.5,1530
23:19:50,ETH,2264.990000,2265.000000,-0.0,1530
23:20:05,BTC,76449.130000,76446.000000,0.4,1545
23:20:05,ETH,2265.170000,2265.300000,-0.6,1545
23:20:20,BTC,76438.050000,76436.800000,0.2,1560
23:20:20,ETH,2264.710000,2264.780000,-0.3,1560
23:20:35,BTC,76440.610000,76443.500000,-0.4,1575
23:20:35,ETH,2264.960000,2265.090000,-0.6,1575
23:20:50,BTC,76440.610000,76444.700000,-0.5,1590
23:20:50,ETH,2264.950000,2265.240000,-1.3,1590
23:21:05,BTC,76437.470000,76439.800000,-0.3,1605
23:21:05,ETH,2264.950000,2265.190000,-1.1,1605
23:21:20,BTC,76437.470000,76441.400000,-0.5,1620
23:21:20,ETH,2265.450000,2265.460000,-0.0,1620
23:21:35,BTC,76406.370000,76402.600000,0.5,1635
23:21:35,ETH,2264.260000,2264.280000,-0.1,1635
23:21:50,BTC,76413.370000,76414.700000,-0.2,1650
23:21:50,ETH,2264.480000,2264.640000,-0.7,1650
23:22:05,BTC,76407.360000,76404.300000,0.4,1665
23:22:05,ETH,2264.170000,2264.130000,0.2,1665
23:22:20,BTC,76389.660000,76392.200000,-0.3,1680
23:22:20,ETH,2263.390000,2263.580000,-0.8,1680
23:22:35,BTC,76386.700000,76389.400000,-0.4,1695
23:22:35,ETH,2263.940000,2263.920000,0.1,1695
23:22:50,BTC,76400.610000,76400.900000,-0.0,1710
23:22:50,ETH,2264.560000,2264.720000,-0.7,1710
23:23:05,BTC,76394.940000,76395.000000,-0.0,1725
23:23:05,ETH,2264.270000,2264.430000,-0.7,1725
23:23:20,BTC,76396.570000,76398.600000,-0.3,1740
23:23:20,ETH,2264.440000,2264.660000,-1.0,1740
23:23:35,BTC,76403.540000,76409.200000,-0.7,1755
23:23:35,ETH,2264.440000,2264.460000,-0.1,1755
23:23:50,BTC,76418.560000,76417.000000,0.2,1770
23:23:50,ETH,2264.660000,2264.730000,-0.3,1770
23:24:05,BTC,76417.680000,76414.200000,0.5,1785
23:24:05,ETH,2264.650000,2264.590000,0.3,1785
23:24:20,BTC,76428.650000,76426.400000,0.3,1800
23:24:20,ETH,2265.000000,2264.930000,0.3,1800
23:24:35,BTC,76427.270000,76424.400000,0.4,1815
23:24:35,ETH,2264.980000,2264.920000,0.3,1815
23:24:50,BTC,76428.650000,76433.500000,-0.6,1830
23:24:50,ETH,2265.420000,2265.350000,0.3,1830
23:25:05,BTC,76456.540000,76454.600000,0.3,1845
23:25:05,ETH,2265.740000,2265.640000,0.4,1845
23:25:20,BTC,76419.080000,76424.400000,-0.7,1860
23:25:20,ETH,2264.910000,2264.830000,0.4,1860
23:25:35,BTC,76458.420000,76452.000000,0.8,1875
23:25:35,ETH,2266.060000,2266.060000,0.0,1875
23:25:50,BTC,76467.810000,76467.800000,0.0,1890
23:25:50,ETH,2266.380000,2266.200000,0.8,1890
23:26:05,BTC,76469.200000,76462.600000,0.9,1905
23:26:05,ETH,2266.520000,2266.240000,1.2,1905
23:26:20,BTC,76441.180000,76433.800000,1.0,1920
23:26:20,ETH,2265.770000,2265.850000,-0.4,1920
23:26:35,BTC,76440.810000,76439.400000,0.2,1935
23:26:35,ETH,2265.180000,2265.200000,-0.1,1935
23:26:50,BTC,76454.750000,76454.800000,-0.0,1950
23:27:21,BTC,76428.650000,76425.200000,0.5,1981
23:27:21,ETH,2265.010000,2264.830000,0.8,1981
23:27:36,BTC,76443.990000,76442.300000,0.2,1996
23:27:36,ETH,2265.570000,2265.570000,0.0,1996
23:27:51,BTC,76455.000000,76446.200000,1.2,2011
23:27:51,ETH,2265.960000,2266.090000,-0.6,2011
23:28:06,BTC,76445.380000,76443.000000,0.3,2026
23:28:06,ETH,2265.810000,2265.840000,-0.1,2026
23:28:21,BTC,76445.380000,76442.900000,0.3,2041
23:28:21,ETH,2265.800000,2265.840000,-0.2,2041
23:28:36,BTC,76445.380000,76441.700000,0.5,2056
23:28:36,ETH,2265.800000,2265.740000,0.3,2056
23:28:51,BTC,76436.410000,76434.800000,0.2,2071
23:28:51,ETH,2265.620000,2265.610000,0.0,2071
23:29:06,BTC,76428.010000,76425.700000,0.3,2086
23:29:06,ETH,2265.330000,2265.250000,0.4,2086
23:29:21,BTC,76470.670000,76467.900000,0.4,2101
23:29:21,ETH,2266.610000,2266.500000,0.5,2101
23:29:36,BTC,76482.450000,76481.200000,0.2,2116
23:29:36,ETH,2266.880000,2266.800000,0.4,2116
23:29:51,BTC,76491.790000,76490.900000,0.1,2131
23:29:51,ETH,2267.150000,2267.000000,0.7,2131
23:30:06,BTC,76532.620000,76528.600000,0.5,2146
23:30:06,ETH,2269.030000,2269.130000,-0.4,2146
23:30:21,BTC,76521.570000,76521.800000,-0.0,2161
23:30:21,ETH,2268.230000,2268.200000,0.1,2161
23:30:36,BTC,76521.800000,76516.500000,0.7,2176
23:30:36,ETH,2268.020000,2268.180000,-0.7,2176
23:30:51,BTC,76524.550000,76516.700000,1.0,2191
23:30:51,ETH,2268.140000,2267.950000,0.8,2191
23:31:06,ETH,2270.000000,2269.990000,0.0,2206
23:31:32,BTC,76571.340000,76563.500000,1.0,2232
23:31:32,ETH,2269.990000,2269.990000,0.0,2232
23:31:47,BTC,76564.000000,76551.700000,1.6,2247
23:31:47,ETH,2269.510000,2269.400000,0.5,2247
23:32:02,BTC,76600.000000,76581.300000,2.4,2262
23:32:02,ETH,2271.850000,2271.510000,1.5,2262
23:32:17,BTC,76648.930000,76638.500000,1.4,2277
23:32:17,ETH,2274.290000,2274.810000,-2.3,2277
23:32:32,BTC,76564.000000,76557.200000,0.9,2292
23:32:32,ETH,2270.920000,2271.000000,-0.4,2292
23:32:47,BTC,76500.910000,76492.900000,1.0,2307
23:32:47,ETH,2268.480000,2268.580000,-0.4,2307
23:33:02,BTC,76500.000000,76494.400000,0.7,2322
23:33:02,ETH,2268.220000,2268.180000,0.2,2322
23:33:17,BTC,76545.160000,76543.500000,0.2,2337
23:33:17,ETH,2270.410000,2270.480000,-0.3,2337
23:33:32,BTC,76500.750000,76487.500000,1.7,2352
23:33:32,ETH,2268.480000,2268.250000,1.0,2352
23:33:47,BTC,76470.690000,76473.100000,-0.3,2367
23:33:47,ETH,2267.210000,2267.290000,-0.4,2367
23:34:02,BTC,76487.990000,76487.200000,0.1,2382
23:34:02,ETH,2267.850000,2267.590000,1.1,2382
23:34:17,BTC,76496.000000,76491.200000,0.6,2397
23:34:17,ETH,2268.230000,2267.990000,1.1,2397
23:34:32,BTC,76470.680000,76461.200000,1.2,2412
23:34:32,ETH,2267.130000,2267.290000,-0.7,2412
23:34:47,BTC,76429.330000,76426.800000,0.3,2427
23:34:47,ETH,2266.260000,2266.030000,1.0,2427
23:35:02,BTC,76434.610000,76429.300000,0.7,2442
23:35:02,ETH,2266.350000,2266.150000,0.9,2442
23:35:17,BTC,76425.450000,76419.300000,0.8,2457
23:35:17,ETH,2265.960000,2265.940000,0.1,2457
23:35:32,BTC,76404.990000,76398.200000,0.9,2472
23:35:32,ETH,2265.010000,2265.100000,-0.4,2472
23:35:47,BTC,76400.790000,76397.300000,0.5,2487
23:35:47,ETH,2265.000000,2265.240000,-1.1,2487
23:36:02,BTC,76400.000000,76391.000000,1.2,2502
23:36:02,ETH,2265.270000,2265.350000,-0.4,2502
23:36:17,BTC,76400.000000,76391.300000,1.1,2517
23:36:17,ETH,2264.920000,2264.620000,1.3,2517
23:36:32,BTC,76378.010000,76361.800000,2.1,2532
23:36:32,ETH,2263.410000,2263.290000,0.5,2532
23:36:47,BTC,76409.830000,76398.800000,1.4,2547
23:36:47,ETH,2265.310000,2265.220000,0.4,2547
23:37:02,BTC,76429.990000,76426.600000,0.4,2562
23:37:02,ETH,2265.630000,2265.440000,0.8,2562
23:37:17,BTC,76429.990000,76426.200000,0.5,2577
23:37:17,ETH,2265.420000,2265.440000,-0.1,2577
23:37:32,BTC,76418.490000,76414.200000,0.6,2592
23:37:32,ETH,2265.310000,2265.240000,0.3,2592
23:37:47,BTC,76416.940000,76414.000000,0.4,2607
23:37:47,ETH,2265.120000,2265.200000,-0.4,2607
23:38:02,BTC,76416.930000,76413.700000,0.4,2622
23:38:02,ETH,2265.330000,2265.200000,0.6,2622
23:38:17,BTC,76411.330000,76409.300000,0.3,2637
23:38:17,ETH,2265.210000,2265.320000,-0.5,2637
23:38:32,BTC,76445.110000,76436.200000,1.2,2652
23:38:32,ETH,2265.720000,2265.890000,-0.8,2652
23:38:47,BTC,76473.230000,76471.800000,0.2,2667
23:38:47,ETH,2266.910000,2266.960000,-0.2,2667
23:39:02,BTC,76482.620000,76481.500000,0.1,2682
23:39:02,ETH,2266.820000,2267.240000,-1.9,2682
23:39:17,BTC,76470.570000,76465.700000,0.6,2697
23:39:17,ETH,2266.350000,2266.180000,0.8,2697
23:39:32,BTC,76468.260000,76459.800000,1.1,2712
23:39:32,ETH,2266.040000,2265.940000,0.4,2712
23:39:47,BTC,76468.270000,76468.100000,0.0,2727
23:39:47,ETH,2266.010000,2266.010000,0.0,2727
23:40:02,BTC,76479.690000,76478.700000,0.1,2742
23:40:02,ETH,2266.010000,2266.240000,-1.0,2742
23:40:17,BTC,76460.010000,76456.200000,0.5,2757
23:40:17,ETH,2265.320000,2265.450000,-0.6,2757
23:40:32,BTC,76450.870000,76443.300000,1.0,2772
23:40:32,ETH,2264.600000,2264.890000,-1.3,2772
23:40:47,BTC,76433.110000,76426.100000,0.9,2787
23:40:47,ETH,2264.390000,2264.360000,0.1,2787
23:41:02,BTC,76433.740000,76426.100000,1.0,2802
23:41:02,ETH,2264.810000,2264.680000,0.6,2802
23:41:17,BTC,76435.000000,76434.100000,0.1,2817
23:41:17,ETH,2264.460000,2264.540000,-0.4,2817
23:41:32,BTC,76451.610000,76448.700000,0.4,2832
23:41:32,ETH,2265.500000,2265.440000,0.3,2832
23:41:47,BTC,76451.610000,76450.500000,0.1,2847
23:41:47,ETH,2265.380000,2265.350000,0.1,2847
23:42:02,BTC,76453.410000,76456.000000,-0.3,2862
23:42:02,ETH,2265.410000,2265.360000,0.2,2862
23:42:17,BTC,76431.460000,76432.400000,-0.1,2877
23:42:17,ETH,2264.350000,2264.370000,-0.1,2877
23:42:32,BTC,76420.120000,76407.500000,1.7,2892
23:42:32,ETH,2263.360000,2263.430000,-0.3,2892
23:42:47,BTC,76402.910000,76403.500000,-0.1,2907
23:42:47,ETH,2263.900000,2263.760000,0.6,2907
23:43:02,BTC,76410.000000,76410.500000,-0.1,2922
23:43:02,ETH,2264.040000,2264.100000,-0.3,2922
23:43:17,BTC,76416.260000,76417.800000,-0.2,2937
23:43:17,ETH,2264.220000,2264.090000,0.6,2937
23:43:32,BTC,76420.250000,76421.800000,-0.2,2952
23:43:32,ETH,2264.250000,2264.140000,0.5,2952
23:43:47,BTC,76422.980000,76421.700000,0.2,2967
23:43:47,ETH,2264.100000,2264.090000,0.0,2967
23:44:02,BTC,76406.920000,76410.100000,-0.4,2982
23:44:02,ETH,2263.640000,2263.700000,-0.3,2982
23:44:17,BTC,76382.730000,76374.600000,1.1,2997
23:44:17,ETH,2262.280000,2262.360000,-0.4,2997
23:44:32,BTC,76399.000000,76378.500000,2.7,3012
23:44:32,ETH,2262.570000,2262.860000,-1.3,3012
23:44:47,BTC,76468.830000,76463.400000,0.7,3027
23:44:47,ETH,2264.350000,2264.380000,-0.1,3027
23:45:02,BTC,76465.350000,76460.600000,0.6,3042
23:45:02,ETH,2264.130000,2264.330000,-0.9,3042
23:45:17,BTC,76443.970000,76440.500000,0.5,3057
23:45:17,ETH,2263.550000,2263.520000,0.1,3057
23:45:32,BTC,76416.990000,76409.200000,1.0,3072
23:45:32,ETH,2262.030000,2262.120000,-0.4,3072
23:45:47,BTC,76400.070000,76392.900000,0.9,3087
23:45:47,ETH,2261.500000,2261.840000,-1.5,3087
23:46:02,BTC,76408.430000,76405.200000,0.4,3102
23:46:02,ETH,2262.050000,2261.980000,0.3,3102
23:46:17,ETH,2260.980000,2261.050000,-0.3,3117
23:46:43,BTC,76377.150000,76368.600000,1.1,3143
23:46:43,ETH,2260.980000,2261.050000,-0.3,3143
23:46:58,BTC,76341.900000,76340.100000,0.2,3158
23:46:58,ETH,2260.190000,2260.000000,0.8,3158
23:47:13,BTC,76346.920000,76338.600000,1.1,3173
23:47:13,ETH,2260.970000,2260.900000,0.3,3173
23:47:28,BTC,76338.510000,76341.900000,-0.4,3188
23:47:28,ETH,2261.110000,2261.290000,-0.8,3188
23:47:43,BTC,76359.500000,76363.100000,-0.5,3203
23:47:43,ETH,2261.910000,2262.080000,-0.8,3203
23:47:58,BTC,76362.470000,76359.500000,0.4,3218
23:47:58,ETH,2261.630000,2261.750000,-0.5,3218
23:48:13,BTC,76369.990000,76372.600000,-0.3,3233
23:48:13,ETH,2262.190000,2262.080000,0.5,3233
23:48:28,BTC,76379.990000,76379.300000,0.1,3248
23:48:28,ETH,2262.830000,2262.850000,-0.1,3248
23:48:43,BTC,76375.980000,76379.200000,-0.4,3263
23:48:43,ETH,2262.790000,2262.860000,-0.3,3263
23:48:58,BTC,76416.940000,76420.500000,-0.5,3278
23:48:58,ETH,2264.330000,2264.290000,0.2,3278
23:49:13,BTC,76422.900000,76420.000000,0.4,3293
23:49:43,BTC,76434.400000,76434.600000,-0.0,3323
23:49:43,ETH,2264.970000,2264.970000,0.0,3323
23:49:58,BTC,76439.210000,76444.600000,-0.7,3338
23:49:58,ETH,2265.400000,2265.450000,-0.2,3338
23:50:13,BTC,76432.820000,76429.200000,0.5,3353
23:50:13,ETH,2264.720000,2264.900000,-0.8,3353
23:50:28,BTC,76425.460000,76428.300000,-0.4,3368
23:50:28,ETH,2264.960000,2264.960000,0.0,3368
23:50:43,BTC,76429.420000,76433.800000,-0.6,3383
23:50:43,ETH,2265.130000,2265.120000,0.0,3383
23:50:58,BTC,76429.410000,76429.400000,0.0,3398
23:50:58,ETH,2265.440000,2265.380000,0.3,3398
23:51:13,BTC,76443.970000,76442.400000,0.2,3413
23:51:13,ETH,2266.240000,2265.970000,1.2,3413
23:51:28,BTC,76483.820000,76482.200000,0.2,3428
23:51:28,ETH,2267.180000,2267.370000,-0.8,3428
23:51:43,BTC,76469.400000,76469.400000,0.0,3443
23:51:43,ETH,2266.680000,2266.750000,-0.3,3443
23:51:58,BTC,76469.410000,76459.800000,1.3,3458
23:51:58,ETH,2266.420000,2266.390000,0.1,3458
23:52:13,BTC,76471.200000,76468.300000,0.4,3473
23:52:13,ETH,2266.410000,2266.370000,0.2,3473
23:52:28,ETH,2266.470000,2266.470000,0.0,3488
23:52:59,BTC,76472.150000,76468.300000,0.5,3519
23:52:59,ETH,2266.470000,2266.470000,0.0,3519
23:53:14,BTC,76472.150000,76472.900000,-0.1,3534
23:53:14,ETH,2266.340000,2266.580000,-1.1,3534
23:53:29,BTC,76458.000000,76451.200000,0.9,3549
23:53:29,ETH,2265.780000,2266.000000,-1.0,3549
23:53:44,BTC,76450.750000,76446.200000,0.6,3564
23:53:44,ETH,2265.490000,2265.980000,-2.2,3564
23:53:59,BTC,76463.230000,76452.300000,1.4,3579
23:53:59,ETH,2265.580000,2265.880000,-1.3,3579
23:54:14,BTC,76472.960000,76465.500000,1.0,3594
23:54:14,ETH,2266.310000,2266.340000,-0.1,3594
23:54:29,BTC,76499.580000,76497.600000,0.3,3609
23:54:29,ETH,2267.510000,2267.430000,0.4,3609
23:54:44,ETH,2267.110000,2267.260000,-0.7,3624
23:55:08,BTC,76499.990000,76500.000000,-0.0,3648
23:55:08,ETH,2267.110000,2267.270000,-0.7,3648
23:55:23,BTC,76508.000000,76513.800000,-0.8,3663
23:55:23,ETH,2267.610000,2267.880000,-1.2,3663
23:55:38,BTC,76525.810000,76530.500000,-0.6,3678
23:55:38,ETH,2268.090000,2268.090000,0.0,3678
23:55:53,BTC,76508.650000,76508.500000,0.0,3693
23:55:53,ETH,2267.590000,2267.620000,-0.1,3693
23:56:08,BTC,76516.740000,76508.400000,1.1,3708
23:56:08,ETH,2267.770000,2268.080000,-1.4,3708
23:56:23,BTC,76519.990000,76522.600000,-0.3,3723
23:56:23,ETH,2268.060000,2268.330000,-1.2,3723
23:56:38,BTC,76491.100000,76495.100000,-0.5,3738
23:56:38,ETH,2267.200000,2267.150000,0.2,3738
23:56:53,BTC,76517.950000,76516.000000,0.3,3753
23:56:53,ETH,2267.590000,2267.670000,-0.4,3753
23:57:08,BTC,76526.200000,76527.400000,-0.2,3768
23:57:08,ETH,2267.870000,2267.710000,0.7,3768
23:57:23,BTC,76510.710000,76501.000000,1.3,3783
23:57:23,ETH,2267.440000,2267.280000,0.7,3783
23:57:38,BTC,76508.540000,76496.300000,1.6,3798
23:57:38,ETH,2267.110000,2267.090000,0.1,3798
23:57:53,BTC,76494.760000,76484.500000,1.3,3813
23:57:53,ETH,2266.880000,2266.920000,-0.2,3813
23:58:08,BTC,76497.050000,76492.100000,0.6,3828
23:58:08,ETH,2267.170000,2267.290000,-0.5,3828
23:58:23,BTC,76499.990000,76492.200000,1.0,3843
23:58:23,ETH,2267.050000,2266.980000,0.3,3843
23:58:38,BTC,76491.010000,76481.700000,1.2,3858
23:58:38,ETH,2266.810000,2266.830000,-0.1,3858
23:58:53,BTC,76491.010000,76481.800000,1.2,3873
23:58:53,ETH,2266.730000,2266.670000,0.3,3873
23:59:08,BTC,76491.000000,76490.400000,0.1,3888
23:59:08,ETH,2266.750000,2266.840000,-0.4,3888
23:59:23,BTC,76497.850000,76492.100000,0.8,3903
23:59:23,ETH,2266.740000,2266.840000,-0.4,3903
23:59:38,BTC,76497.850000,76492.000000,0.8,3918
23:59:38,ETH,2266.780000,2266.840000,-0.3,3918
23:59:53,BTC,76473.610000,76465.800000,1.0,3933
23:59:53,ETH,2266.010000,2265.840000,0.8,3933
00:00:08,BTC,76473.750000,76465.700000,1.1,3948
00:00:08,ETH,2265.790000,2265.930000,-0.6,3948
00:00:23,BTC,76465.000000,76464.600000,0.1,3963
00:00:23,ETH,2265.800000,2265.970000,-0.8,3963
00:00:38,BTC,76457.590000,76459.600000,-0.3,3978
00:00:38,ETH,2266.000000,2266.020000,-0.1,3978
00:00:53,BTC,76457.600000,76451.600000,0.8,3993
00:00:53,ETH,2265.970000,2265.800000,0.8,3993
00:01:08,BTC,76442.160000,76432.400000,1.3,4008
00:01:08,ETH,2265.250000,2265.230000,0.1,4008
00:01:23,BTC,76390.420000,76377.400000,1.7,4023
00:01:23,ETH,2263.330000,2263.090000,1.1,4023
00:01:38,BTC,76374.670000,76368.300000,0.8,4038
00:01:38,ETH,2263.180000,2263.080000,0.4,4038
00:01:53,BTC,76372.690000,76368.500000,0.5,4053
00:01:53,ETH,2263.070000,2263.120000,-0.2,4053
00:02:08,BTC,76362.590000,76361.000000,0.2,4068
00:02:08,ETH,2262.600000,2262.410000,0.8,4068
00:02:23,BTC,76369.780000,76368.800000,0.1,4083
00:02:23,ETH,2263.120000,2263.080000,0.2,4083
00:02:38,BTC,76381.430000,76384.900000,-0.5,4098
00:02:38,ETH,2263.350000,2263.390000,-0.2,4098
00:02:53,BTC,76385.530000,76381.500000,0.5,4113
00:02:53,ETH,2263.770000,2263.810000,-0.2,4113
00:03:08,BTC,76394.000000,76392.200000,0.2,4128
00:03:08,ETH,2263.860000,2263.820000,0.2,4128
00:03:23,BTC,76408.240000,76405.900000,0.3,4143
00:03:23,ETH,2263.960000,2264.140000,-0.8,4143
00:03:38,BTC,76417.310000,76406.700000,1.4,4158
00:03:38,ETH,2264.580000,2264.610000,-0.1,4158
00:03:53,BTC,76420.000000,76420.200000,-0.0,4173
00:03:53,ETH,2264.950000,2265.070000,-0.5,4173
00:04:08,BTC,76439.480000,76437.700000,0.2,4188
00:04:08,ETH,2265.770000,2265.890000,-0.5,4188
00:04:23,BTC,76439.030000,76436.000000,0.4,4203
00:04:23,ETH,2265.970000,2265.900000,0.3,4203
00:04:38,BTC,76445.970000,76447.100000,-0.1,4218
00:04:38,ETH,2266.490000,2266.700000,-0.9,4218
00:04:53,BTC,76445.040000,76442.900000,0.3,4233
00:04:53,ETH,2266.260000,2266.160000,0.4,4233
00:05:08,BTC,76469.140000,76466.800000,0.3,4248
00:05:08,ETH,2266.800000,2266.580000,1.0,4248
00:05:23,BTC,76469.440000,76466.800000,0.3,4263
00:05:23,ETH,2266.900000,2266.800000,0.4,4263
00:05:38,BTC,76458.000000,76452.700000,0.7,4278
00:05:38,ETH,2265.600000,2265.600000,0.0,4278
00:05:53,BTC,76446.600000,76444.500000,0.3,4293
00:05:53,ETH,2265.180000,2265.290000,-0.5,4293
00:06:08,BTC,76455.120000,76458.500000,-0.4,4308
00:06:08,ETH,2265.620000,2265.840000,-1.0,4308
00:06:23,BTC,76455.120000,76454.000000,0.1,4323
00:06:23,ETH,2265.660000,2265.540000,0.5,4323
00:06:38,BTC,76460.000000,76458.500000,0.2,4338
00:06:38,ETH,2265.930000,2265.920000,0.0,4338
00:06:53,BTC,76460.000000,76462.100000,-0.3,4353
00:06:53,ETH,2266.290000,2266.180000,0.5,4353
00:07:08,BTC,76458.000000,76447.100000,1.4,4368
00:07:08,ETH,2265.560000,2265.170000,1.7,4368
00:07:23,BTC,76452.790000,76450.600000,0.3,4383
00:07:23,ETH,2265.760000,2265.590000,0.8,4383
00:07:38,BTC,76459.990000,76458.000000,0.3,4398
00:07:38,ETH,2266.020000,2266.160000,-0.6,4398
00:07:53,BTC,76458.120000,76457.500000,0.1,4413
00:07:53,ETH,2265.990000,2265.940000,0.2,4413
00:08:08,BTC,76470.000000,76471.700000,-0.2,4428
00:08:08,ETH,2266.900000,2266.800000,0.4,4428
00:08:23,BTC,76470.000000,76470.000000,0.0,4443
00:08:23,ETH,2266.870000,2266.790000,0.4,4443
00:08:38,BTC,76468.480000,76464.300000,0.5,4458
00:08:38,ETH,2266.720000,2266.760000,-0.2,4458
00:08:53,BTC,76458.000000,76452.200000,0.8,4473
00:08:53,ETH,2265.980000,2265.890000,0.4,4473
00:09:08,BTC,76423.550000,76414.000000,1.2,4488
00:09:08,ETH,2264.810000,2264.640000,0.8,4488
00:09:23,BTC,76423.000000,76414.200000,1.2,4503
00:09:23,ETH,2264.430000,2264.360000,0.3,4503
00:09:38,BTC,76410.050000,76408.800000,0.2,4518
00:09:38,ETH,2264.420000,2264.100000,1.4,4518
00:09:53,BTC,76410.060000,76407.800000,0.3,4533
00:09:53,ETH,2264.000000,2264.120000,-0.5,4533
00:10:08,BTC,76390.010000,76384.700000,0.7,4548
00:10:08,ETH,2263.370000,2263.210000,0.7,4548
00:10:23,BTC,76416.870000,76416.400000,0.1,4563
00:10:23,ETH,2264.210000,2264.220000,-0.0,4563
00:10:38,BTC,76429.960000,76424.000000,0.8,4578
00:10:38,ETH,2264.600000,2264.600000,0.0,4578
00:10:53,BTC,76427.330000,76428.000000,-0.1,4593
00:10:53,ETH,2264.590000,2264.600000,-0.0,4593
00:11:08,BTC,76433.780000,76432.900000,0.1,4608
00:11:08,ETH,2264.530000,2264.600000,-0.3,4608
00:11:23,BTC,76435.790000,76437.700000,-0.2,4623
00:11:23,ETH,2264.690000,2264.690000,0.0,4623
00:11:38,BTC,76417.550000,76417.000000,0.1,4638
00:11:38,ETH,2264.050000,2263.850000,0.9,4638
00:11:53,BTC,76417.550000,76420.400000,-0.4,4653
00:11:53,ETH,2264.120000,2264.170000,-0.2,4653
00:12:08,BTC,76444.100000,76447.000000,-0.4,4668
00:12:08,ETH,2264.750000,2264.680000,0.3,4668
00:12:23,BTC,76422.400000,76439.000000,-2.2,4683
00:12:23,ETH,2264.340000,2264.910000,-2.5,4683
00:12:38,BTC,76427.690000,76430.000000,-0.3,4698
00:12:38,ETH,2264.370000,2264.210000,0.7,4698
00:12:53,BTC,76438.320000,76439.000000,-0.1,4713
00:12:53,ETH,2264.660000,2264.610000,0.2,4713
00:13:08,BTC,76440.950000,76445.900000,-0.6,4728
00:13:08,ETH,2265.190000,2264.900000,1.3,4728
00:13:23,BTC,76454.990000,76459.300000,-0.6,4743
00:13:23,ETH,2265.820000,2266.040000,-1.0,4743
00:13:38,BTC,76463.930000,76466.400000,-0.3,4758
00:13:38,ETH,2265.590000,2265.790000,-0.9,4758
00:13:53,BTC,76463.930000,76465.100000,-0.2,4773
00:13:53,ETH,2265.430000,2265.360000,0.3,4773
00:14:08,BTC,76463.930000,76465.200000,-0.2,4788
00:14:08,ETH,2265.610000,2265.700000,-0.4,4788
00:14:23,BTC,76463.930000,76464.000000,-0.0,4803
00:14:23,ETH,2265.350000,2265.350000,0.0,4803
00:14:38,ETH,2264.630000,2264.690000,-0.3,4818
00:15:08,BTC,76445.920000,76439.400000,0.9,4848
00:15:08,ETH,2264.630000,2264.690000,-0.3,4848
00:15:23,BTC,76426.830000,76423.700000,0.4,4863
00:15:23,ETH,2263.990000,2263.950000,0.2,4863
00:15:38,BTC,76432.070000,76434.600000,-0.3,4878
00:15:38,ETH,2264.280000,2264.550000,-1.2,4878
00:15:53,BTC,76432.080000,76434.500000,-0.3,4893
00:15:53,ETH,2264.280000,2264.280000,0.0,4893
00:16:08,BTC,76425.000000,76420.100000,0.6,4908
00:16:08,ETH,2263.660000,2263.600000,0.3,4908
00:16:23,BTC,76425.010000,76423.400000,0.2,4923
00:16:23,ETH,2263.420000,2263.390000,0.1,4923
00:16:38,BTC,76402.230000,76400.000000,0.3,4938
00:16:38,ETH,2262.620000,2262.660000,-0.2,4938
00:16:53,BTC,76411.390000,76407.900000,0.5,4953
00:16:53,ETH,2262.750000,2262.830000,-0.4,4953
00:17:08,BTC,76411.400000,76406.300000,0.7,4968
00:17:08,ETH,2262.900000,2262.800000,0.4,4968
00:17:23,BTC,76419.990000,76425.500000,-0.7,4983
00:17:23,ETH,2263.350000,2263.580000,-1.0,4983
00:17:38,BTC,76422.980000,76428.600000,-0.7,4998
00:17:38,ETH,2263.460000,2263.360000,0.4,4998
00:17:53,BTC,76405.000000,76393.800000,1.5,5013
00:17:53,ETH,2262.700000,2262.650000,0.2,5013
00:18:08,BTC,76404.990000,76400.700000,0.6,5028
00:18:08,ETH,2262.700000,2262.700000,0.0,5028
00:18:23,BTC,76401.320000,76400.600000,0.1,5043
00:18:23,ETH,2262.700000,2262.810000,-0.5,5043
00:18:38,BTC,76402.360000,76400.500000,0.2,5058
00:18:38,ETH,2262.630000,2262.430000,0.9,5058
00:18:53,ETH,2262.310000,2262.580000,-1.2,5073
00:19:19,BTC,76392.080000,76387.000000,0.7,5099
00:19:19,ETH,2262.310000,2262.580000,-1.2,5099
00:19:34,BTC,76390.000000,76382.300000,1.0,5114
00:19:34,ETH,2262.270000,2262.150000,0.5,5114
00:19:49,BTC,76377.140000,76369.200000,1.0,5129
00:19:49,ETH,2261.770000,2261.820000,-0.2,5129
00:20:04,BTC,76381.130000,76381.300000,-0.0,5144
00:20:04,ETH,2261.940000,2262.150000,-0.9,5144
00:20:19,BTC,76380.120000,76366.400000,1.8,5159
00:20:19,ETH,2261.820000,2261.690000,0.6,5159
00:20:34,BTC,76374.370000,76372.600000,0.2,5174
00:20:34,ETH,2261.700000,2261.890000,-0.8,5174
00:20:49,BTC,76396.580000,76398.500000,-0.3,5189
00:20:49,ETH,2262.630000,2262.800000,-0.8,5189
00:21:04,BTC,76376.010000,76370.200000,0.8,5204
00:21:04,ETH,2261.340000,2261.340000,0.0,5204
00:21:19,BTC,76371.090000,76368.000000,0.4,5219
00:21:19,ETH,2261.340000,2261.160000,0.8,5219
00:21:34,BTC,76373.530000,76369.500000,0.5,5234
00:21:34,ETH,2261.580000,2261.280000,1.3,5234
00:21:49,BTC,76373.530000,76363.800000,1.3,5249
00:21:49,ETH,2261.510000,2261.280000,1.0,5249
00:22:04,BTC,76366.550000,76364.500000,0.3,5264
00:22:04,ETH,2261.010000,2260.880000,0.6,5264
00:22:19,BTC,76366.190000,76369.000000,-0.4,5279
00:22:19,ETH,2261.190000,2261.240000,-0.2,5279
00:22:34,BTC,76373.510000,76376.900000,-0.4,5294
00:22:34,ETH,2261.520000,2261.490000,0.1,5294
00:22:49,BTC,76387.830000,76391.800000,-0.5,5309
00:22:49,ETH,2261.990000,2262.050000,-0.3,5309
00:23:04,BTC,76396.760000,76395.400000,0.2,5324
00:23:04,ETH,2262.290000,2262.220000,0.3,5324
00:23:19,BTC,76394.480000,76382.900000,1.5,5339
00:23:19,ETH,2262.030000,2262.080000,-0.2,5339
00:23:34,BTC,76359.640000,76353.000000,0.9,5354
00:23:34,ETH,2261.190000,2260.990000,0.9,5354
00:23:49,BTC,76357.040000,76350.100000,0.9,5369
00:23:49,ETH,2260.770000,2260.760000,0.0,5369
00:24:04,BTC,76357.040000,76359.300000,-0.3,5384
00:24:04,ETH,2260.770000,2260.990000,-1.0,5384
00:24:19,BTC,76367.920000,76368.800000,-0.1,5399
00:24:19,ETH,2261.410000,2261.480000,-0.3,5399
00:24:34,BTC,76362.050000,76357.000000,0.7,5414
00:24:34,ETH,2261.030000,2261.060000,-0.1,5414
00:24:49,BTC,76368.000000,76363.800000,0.5,5429
00:24:49,ETH,2261.080000,2261.220000,-0.6,5429
00:25:04,BTC,76362.060000,76361.600000,0.1,5444
00:25:04,ETH,2260.910000,2260.990000,-0.4,5444
00:25:19,BTC,76364.580000,76363.800000,0.1,5459
00:25:19,ETH,2261.080000,2261.040000,0.2,5459
00:25:34,BTC,76366.410000,76359.200000,0.9,5474
00:25:34,ETH,2261.100000,2260.910000,0.8,5474
00:25:49,BTC,76363.640000,76362.900000,0.1,5489
00:25:49,ETH,2261.000000,2260.830000,0.8,5489
00:26:04,BTC,76369.990000,76363.000000,0.9,5504
00:26:04,ETH,2261.190000,2261.180000,0.0,5504
00:26:19,BTC,76371.450000,76373.400000,-0.3,5519
00:26:19,ETH,2261.200000,2261.320000,-0.5,5519
00:26:34,BTC,76373.290000,76372.100000,0.2,5534
00:26:34,ETH,2260.830000,2260.830000,0.0,5534
00:26:49,BTC,76373.290000,76366.000000,1.0,5549
00:26:49,ETH,2260.840000,2260.930000,-0.4,5549
00:27:04,BTC,76373.290000,76371.400000,0.2,5564
00:27:04,ETH,2260.900000,2261.050000,-0.7,5564
00:27:19,BTC,76373.290000,76371.500000,0.2,5579
00:27:19,ETH,2260.990000,2261.040000,-0.2,5579
00:27:34,BTC,76373.290000,76369.700000,0.5,5594
00:27:34,ETH,2261.030000,2260.990000,0.2,5594
00:27:49,BTC,76332.670000,76329.600000,0.4,5609
00:27:49,ETH,2260.300000,2260.010000,1.3,5609
00:28:04,BTC,76313.500000,76316.200000,-0.4,5624
00:28:04,ETH,2260.000000,2260.000000,0.0,5624
00:28:19,BTC,76300.010000,76300.000000,0.0,5639
00:28:19,ETH,2259.500000,2259.570000,-0.3,5639
00:28:34,BTC,76300.010000,76295.800000,0.6,5654
00:28:34,ETH,2259.510000,2259.570000,-0.3,5654
00:28:49,BTC,76300.010000,76296.600000,0.4,5669
00:28:49,ETH,2259.710000,2259.800000,-0.4,5669
00:29:04,BTC,76317.940000,76313.900000,0.5,5684
00:29:04,ETH,2260.480000,2260.600000,-0.5,5684
00:29:19,BTC,76314.790000,76314.000000,0.1,5699
00:29:19,ETH,2260.620000,2260.640000,-0.1,5699
00:29:34,BTC,76327.110000,76324.500000,0.3,5714
00:29:34,ETH,2261.280000,2261.310000,-0.1,5714
00:29:49,BTC,76327.120000,76324.500000,0.3,5729
00:29:49,ETH,2261.270000,2261.400000,-0.6,5729
00:30:04,BTC,76361.800000,76364.000000,-0.3,5744
00:30:04,ETH,2262.430000,2262.560000,-0.6,5744
00:30:19,BTC,76369.730000,76363.900000,0.8,5759
00:30:19,ETH,2262.590000,2262.610000,-0.1,5759
00:30:34,BTC,76377.130000,76377.100000,0.0,5774
00:30:34,ETH,2262.830000,2263.080000,-1.1,5774
00:30:49,BTC,76378.200000,76377.100000,0.1,5789
00:30:49,ETH,2262.860000,2262.740000,0.5,5789
00:31:04,BTC,76373.790000,76377.000000,-0.4,5804
00:31:04,ETH,2262.670000,2262.460000,0.9,5804
00:31:19,BTC,76369.750000,76361.600000,1.1,5819
00:31:19,ETH,2261.980000,2261.910000,0.3,5819
00:31:34,BTC,76354.230000,76357.300000,-0.4,5834
00:31:34,ETH,2261.320000,2261.440000,-0.5,5834
00:31:49,BTC,76347.610000,76344.800000,0.4,5849
00:31:49,ETH,2260.770000,2260.800000,-0.1,5849
00:32:04,BTC,76335.250000,76335.000000,0.0,5864
00:32:04,ETH,2260.310000,2260.440000,-0.6,5864
00:32:19,BTC,76335.250000,76335.000000,0.0,5879
00:32:19,ETH,2260.330000,2260.560000,-1.0,5879
00:32:34,BTC,76330.540000,76333.500000,-0.4,5894
00:32:34,ETH,2260.060000,2260.210000,-0.7,5894
00:32:49,BTC,76335.240000,76333.000000,0.3,5909
00:32:49,ETH,2260.680000,2260.820000,-0.6,5909
00:33:04,BTC,76354.200000,76345.600000,1.1,5924
00:33:04,ETH,2261.320000,2261.210000,0.5,5924
00:33:19,BTC,76345.000000,76340.600000,0.6,5939
00:33:19,ETH,2260.750000,2260.730000,0.1,5939
00:33:34,BTC,76345.010000,76345.400000,-0.1,5954
00:33:34,ETH,2260.760000,2261.000000,-1.1,5954
00:33:49,BTC,76345.000000,76345.400000,-0.1,5969
00:33:49,ETH,2260.740000,2261.010000,-1.2,5969
00:34:04,BTC,76342.800000,76336.200000,0.9,5984
00:34:04,ETH,2260.650000,2260.750000,-0.4,5984
00:34:19,BTC,76354.210000,76345.000000,1.2,5999
00:34:19,ETH,2261.230000,2261.040000,0.8,5999
00:34:34,BTC,76352.010000,76339.000000,1.7,6014
00:34:34,ETH,2261.160000,2261.230000,-0.3,6014
00:34:49,BTC,76356.280000,76351.000000,0.7,6029
00:34:49,ETH,2261.390000,2261.710000,-1.4,6029
00:35:04,ETH,2262.070000,2262.170000,-0.4,6044
00:35:28,BTC,76390.650000,76391.400000,-0.1,6068
00:35:28,ETH,2262.070000,2262.170000,-0.4,6068
00:35:43,BTC,76390.640000,76382.500000,1.1,6083
00:35:43,ETH,2262.000000,2261.920000,0.4,6083
00:35:58,BTC,76397.900000,76391.900000,0.8,6098
00:35:58,ETH,2262.180000,2262.190000,-0.0,6098
00:36:13,BTC,76397.910000,76395.600000,0.3,6113
00:36:13,ETH,2262.170000,2262.500000,-1.5,6113
00:36:28,BTC,76405.000000,76402.100000,0.4,6128
00:36:28,ETH,2262.250000,2262.210000,0.2,6128
00:36:43,BTC,76411.850000,76413.600000,-0.2,6143
00:36:43,ETH,2262.570000,2262.820000,-1.1,6143
00:36:58,BTC,76419.540000,76416.100000,0.5,6158
00:36:58,ETH,2262.580000,2262.830000,-1.1,6158
00:37:13,BTC,76405.250000,76402.800000,0.3,6173
00:37:13,ETH,2262.270000,2262.540000,-1.2,6173
00:37:28,BTC,76402.010000,76395.000000,0.9,6188
00:37:28,ETH,2262.070000,2262.440000,-1.6,6188
00:37:43,BTC,76401.990000,76393.300000,1.1,6203
00:37:43,ETH,2262.070000,2262.140000,-0.3,6203
00:37:58,BTC,76369.920000,76358.800000,1.5,6218
00:37:58,ETH,2260.930000,2261.010000,-0.4,6218
00:38:13,BTC,76369.320000,76358.700000,1.4,6233
00:38:13,ETH,2260.720000,2260.840000,-0.5,6233
00:38:28,BTC,76372.110000,76369.200000,0.4,6248
00:38:28,ETH,2261.200000,2261.220000,-0.1,6248
00:38:43,BTC,76369.520000,76361.200000,1.1,6263
00:38:43,ETH,2261.190000,2261.260000,-0.3,6263
00:38:58,BTC,76369.520000,76361.300000,1.1,6278
00:38:58,ETH,2261.320000,2261.440000,-0.5,6278
00:39:13,BTC,76365.990000,76366.300000,-0.0,6293
00:39:13,ETH,2261.400000,2261.410000,-0.0,6293
00:39:28,BTC,76368.680000,76371.800000,-0.4,6308
00:39:28,ETH,2261.720000,2261.780000,-0.3,6308
00:39:43,BTC,76368.670000,76370.200000,-0.2,6323
00:39:43,ETH,2261.720000,2261.780000,-0.3,6323
00:39:58,BTC,76368.670000,76370.200000,-0.2,6338
00:39:58,ETH,2261.730000,2261.770000,-0.2,6338
00:40:13,BTC,76355.550000,76345.700000,1.3,6353
00:40:13,ETH,2260.760000,2260.870000,-0.5,6353
00:40:28,BTC,76363.880000,76362.600000,0.2,6368
00:40:28,ETH,2261.210000,2261.240000,-0.1,6368
00:40:43,BTC,76331.900000,76323.700000,1.1,6383
00:40:43,ETH,2260.000000,2259.840000,0.7,6383
00:40:58,BTC,76341.840000,76339.900000,0.3,6398
00:40:58,ETH,2260.360000,2260.510000,-0.7,6398
00:41:13,BTC,76341.840000,76345.900000,-0.5,6413
00:41:13,ETH,2260.320000,2260.380000,-0.3,6413
00:41:28,BTC,76328.760000,76326.700000,0.3,6428
00:41:28,ETH,2260.250000,2260.140000,0.5,6428
00:41:43,BTC,76328.770000,76326.700000,0.3,6443
00:41:43,ETH,2259.980000,2259.920000,0.3,6443
00:41:58,BTC,76328.760000,76326.800000,0.3,6458
00:41:58,ETH,2259.880000,2259.920000,-0.2,6458
00:42:13,BTC,76325.140000,76320.800000,0.6,6473
00:42:13,ETH,2260.160000,2260.280000,-0.5,6473
00:42:28,BTC,76340.000000,76345.400000,-0.7,6488
00:42:28,ETH,2260.490000,2260.530000,-0.2,6488
00:42:43,BTC,76339.990000,76345.700000,-0.7,6503
00:42:43,ETH,2260.770000,2260.950000,-0.8,6503
00:42:58,BTC,76340.000000,76336.200000,0.5,6518
00:42:58,ETH,2260.850000,2260.800000,0.2,6518
00:43:13,ETH,2260.910000,2261.000000,-0.4,6533
00:43:38,BTC,76343.660000,76342.200000,0.2,6558
00:43:38,ETH,2260.910000,2261.000000,-0.4,6558
00:43:53,BTC,76341.830000,76342.100000,-0.0,6573
00:43:53,ETH,2260.830000,2260.890000,-0.3,6573
00:44:08,BTC,76354.200000,76355.600000,-0.2,6588
00:44:08,ETH,2261.240000,2261.280000,-0.2,6588
00:44:23,BTC,76357.870000,76362.400000,-0.6,6603
00:44:23,ETH,2261.380000,2261.380000,0.0,6603
00:44:38,BTC,76353.840000,76354.300000,-0.1,6618
00:44:38,ETH,2261.190000,2261.090000,0.4,6618
00:44:53,BTC,76335.000000,76336.100000,-0.1,6633
00:44:53,ETH,2260.050000,2259.960000,0.4,6633
00:45:08,BTC,76340.770000,76336.400000,0.6,6648
00:45:08,ETH,2260.160000,2260.170000,-0.0,6648
00:45:23,BTC,76340.770000,76336.100000,0.6,6663
00:45:23,ETH,2259.950000,2259.970000,-0.1,6663
00:45:38,BTC,76340.770000,76340.200000,0.1,6678
00:45:38,ETH,2259.950000,2260.110000,-0.7,6678
00:45:53,BTC,76343.970000,76342.800000,0.2,6693
00:45:53,ETH,2260.070000,2260.290000,-1.0,6693
00:46:08,BTC,76341.640000,76336.000000,0.7,6708
00:46:08,ETH,2260.070000,2260.000000,0.3,6708
00:46:23,BTC,76341.640000,76339.900000,0.2,6723
00:46:23,ETH,2259.990000,2260.000000,-0.0,6723
00:46:38,BTC,76345.000000,76354.200000,-1.2,6738
00:46:38,ETH,2260.420000,2260.760000,-1.5,6738
00:46:53,BTC,76350.000000,76347.000000,0.4,6753
00:46:53,ETH,2260.510000,2260.630000,-0.5,6753
00:47:08,BTC,76349.990000,76350.300000,-0.0,6768
00:47:08,ETH,2260.620000,2260.820000,-0.9,6768
00:47:23,BTC,76350.000000,76346.300000,0.5,6783
00:47:23,ETH,2260.560000,2260.690000,-0.6,6783
00:47:38,BTC,76350.000000,76346.300000,0.5,6798
00:47:38,ETH,2260.570000,2260.560000,0.0,6798
00:47:53,BTC,76333.200000,76336.000000,-0.4,6813
00:47:53,ETH,2260.010000,2260.170000,-0.7,6813
00:48:08,BTC,76333.200000,76336.000000,-0.4,6828
00:48:08,ETH,2259.850000,2259.880000,-0.1,6828
00:48:23,BTC,76350.000000,76346.200000,0.5,6843
00:48:23,ETH,2260.410000,2260.590000,-0.8,6843
00:48:38,BTC,76349.020000,76348.800000,0.0,6858
00:48:38,ETH,2260.580000,2260.640000,-0.3,6858
00:48:53,BTC,76362.990000,76368.500000,-0.7,6873
00:48:53,ETH,2261.300000,2261.340000,-0.2,6873
00:49:08,BTC,76357.860000,76358.400000,-0.1,6888
00:49:08,ETH,2261.030000,2261.300000,-1.2,6888
00:49:23,BTC,76368.080000,76361.200000,0.9,6903
00:49:23,ETH,2261.300000,2261.290000,0.0,6903
00:49:38,BTC,76368.080000,76368.400000,-0.0,6918
00:49:38,ETH,2261.790000,2261.800000,-0.0,6918
00:49:53,BTC,76368.080000,76368.400000,-0.0,6933
00:49:53,ETH,2261.790000,2261.800000,-0.0,6933
00:50:08,BTC,76360.010000,76363.300000,-0.4,6948
00:50:08,ETH,2261.800000,2261.800000,0.0,6948
00:50:23,BTC,76376.850000,76379.200000,-0.3,6963
00:50:23,ETH,2261.730000,2261.800000,-0.3,6963
00:50:38,BTC,76368.090000,76369.300000,-0.2,6978
00:50:38,ETH,2261.640000,2261.440000,0.9,6978
00:50:53,BTC,76360.080000,76361.800000,-0.2,6993
00:50:53,ETH,2260.920000,2261.000000,-0.4,6993
00:51:08,BTC,76352.000000,76349.700000,0.3,7008
00:51:08,ETH,2260.370000,2260.410000,-0.2,7008
00:51:23,BTC,76350.010000,76344.300000,0.7,7023
00:51:23,ETH,2260.360000,2260.240000,0.5,7023
00:51:38,BTC,76335.010000,76336.100000,-0.1,7038
00:51:38,ETH,2260.000000,2259.840000,0.7,7038
00:51:53,BTC,76325.640000,76336.000000,-1.4,7053
00:51:53,ETH,2260.010000,2259.850000,0.7,7053
00:52:08,BTC,76330.200000,76336.000000,-0.8,7068
00:52:08,ETH,2260.010000,2259.810000,0.9,7068
00:52:23,BTC,76318.010000,76313.400000,0.6,7083
00:52:23,ETH,2259.630000,2259.530000,0.4,7083
00:52:38,BTC,76314.790000,76308.600000,0.8,7098
00:52:38,ETH,2259.470000,2259.520000,-0.2,7098
00:52:53,BTC,76314.780000,76315.200000,-0.1,7113
00:52:53,ETH,2259.630000,2259.530000,0.4,7113
00:53:08,BTC,76300.000000,76304.400000,-0.6,7128
00:53:08,ETH,2259.010000,2259.010000,0.0,7128
00:53:23,BTC,76285.010000,76287.000000,-0.3,7143
00:53:23,ETH,2258.500000,2258.580000,-0.4,7143
00:53:38,BTC,76285.310000,76286.100000,-0.1,7158
00:53:38,ETH,2258.420000,2258.500000,-0.4,7158
00:53:53,BTC,76306.140000,76304.300000,0.2,7173
00:53:53,ETH,2259.100000,2259.170000,-0.3,7173
00:54:08,BTC,76300.060000,76295.500000,0.6,7188
00:54:08,ETH,2259.000000,2258.730000,1.2,7188
00:54:23,BTC,76308.410000,76304.300000,0.5,7203
00:54:23,ETH,2258.960000,2259.030000,-0.3,7203
00:54:38,BTC,76311.100000,76315.100000,-0.5,7218
00:54:38,ETH,2259.540000,2259.490000,0.2,7218
00:54:53,BTC,76312.220000,76319.100000,-0.9,7233
00:54:53,ETH,2259.540000,2259.490000,0.2,7233
00:55:08,BTC,76283.010000,76283.800000,-0.1,7248
00:55:08,ETH,2258.200000,2258.410000,-0.9,7248
00:55:23,BTC,76283.010000,76283.800000,-0.1,7263
00:55:23,ETH,2258.180000,2258.210000,-0.1,7263
00:55:38,BTC,76274.750000,76278.000000,-0.4,7278
00:55:38,ETH,2258.190000,2257.800000,1.7,7278
00:55:53,BTC,76274.750000,76272.600000,0.3,7293
00:55:53,ETH,2257.630000,2257.510000,0.5,7293
00:56:08,BTC,76265.290000,76262.000000,0.4,7308
00:56:08,ETH,2257.260000,2257.190000,0.3,7308
00:56:23,BTC,76270.000000,76271.400000,-0.2,7323
00:56:23,ETH,2257.430000,2257.260000,0.8,7323
00:56:38,BTC,76276.560000,76273.900000,0.3,7338
00:56:38,ETH,2257.280000,2257.190000,0.4,7338
00:56:53,BTC,76276.560000,76274.200000,0.3,7353
00:56:53,ETH,2257.570000,2257.540000,0.1,7353
00:57:08,BTC,76229.120000,76233.400000,-0.6,7368
00:57:08,ETH,2255.810000,2255.790000,0.1,7368
00:57:23,BTC,76233.420000,76233.300000,0.0,7383
00:57:23,ETH,2256.120000,2256.100000,0.1,7383
00:57:38,BTC,76245.010000,76241.500000,0.5,7398
00:57:38,ETH,2256.690000,2256.690000,0.0,7398
00:57:53,BTC,76258.000000,76260.200000,-0.3,7413
00:57:53,ETH,2256.980000,2256.840000,0.6,7413
00:58:08,BTC,76257.990000,76258.200000,-0.0,7428
00:58:08,ETH,2257.170000,2257.150000,0.1,7428
00:58:23,BTC,76250.010000,76242.600000,1.0,7443
00:58:23,ETH,2256.500000,2256.340000,0.7,7443
00:58:38,BTC,76250.010000,76247.700000,0.3,7458
00:58:38,ETH,2256.940000,2256.890000,0.2,7458
00:58:53,BTC,76246.010000,76247.700000,-0.2,7473
00:58:53,ETH,2257.120000,2257.080000,0.2,7473
00:59:08,BTC,76255.000000,76257.400000,-0.3,7488
00:59:08,ETH,2257.550000,2257.230000,1.4,7488
00:59:23,BTC,76261.030000,76260.800000,0.0,7503
00:59:23,ETH,2257.620000,2257.460000,0.7,7503
00:59:38,BTC,76261.030000,76266.300000,-0.7,7518
00:59:38,ETH,2257.740000,2257.540000,0.9,7518
00:59:53,BTC,76265.280000,76268.400000,-0.4,7533
00:59:53,ETH,2257.590000,2257.530000,0.3,7533
01:00:08,BTC,76239.770000,76237.500000,0.3,7548
01:00:08,ETH,2256.540000,2256.470000,0.3,7548
01:00:23,BTC,76269.990000,76261.000000,1.2,7563
01:00:23,ETH,2257.800000,2257.620000,0.8,7563
01:00:38,BTC,76276.820000,76280.800000,-0.5,7578
01:00:38,ETH,2258.500000,2258.230000,1.2,7578
01:00:53,BTC,76283.450000,76282.100000,0.2,7593
01:00:53,ETH,2258.140000,2257.910000,1.0,7593
01:01:08,BTC,76290.000000,76296.400000,-0.8,7608
01:01:08,ETH,2259.040000,2259.120000,-0.4,7608
01:01:23,BTC,76297.310000,76290.000000,1.0,7623
01:01:23,ETH,2259.260000,2259.190000,0.3,7623
01:01:38,BTC,76281.890000,76283.500000,-0.2,7638
01:01:38,ETH,2258.800000,2258.680000,0.5,7638
01:01:53,BTC,76292.610000,76289.400000,0.4,7653
01:01:53,ETH,2259.170000,2259.190000,-0.1,7653
01:02:08,BTC,76297.990000,76302.700000,-0.6,7668
01:02:08,ETH,2259.270000,2259.340000,-0.3,7668
01:02:23,BTC,76285.180000,76286.300000,-0.1,7683
01:02:23,ETH,2258.710000,2258.620000,0.4,7683
01:02:38,BTC,76275.470000,76269.400000,0.8,7698
01:02:38,ETH,2258.130000,2257.980000,0.7,7698
01:02:53,BTC,76271.900000,76270.600000,0.2,7713
01:02:53,ETH,2258.220000,2258.070000,0.7,7713
01:03:08,BTC,76250.290000,76251.300000,-0.1,7728
01:03:38,BTC,76250.000000,76250.000000,0.0,7758
01:03:38,ETH,2257.910000,2257.780000,0.6,7758
01:03:53,BTC,76243.060000,76234.400000,1.1,7773
01:03:53,ETH,2257.230000,2256.960000,1.2,7773
01:04:08,BTC,76243.060000,76237.000000,0.8,7788
01:04:08,ETH,2257.220000,2256.950000,1.2,7788
01:04:23,BTC,76246.920000,76250.500000,-0.5,7803
01:04:23,ETH,2257.580000,2257.370000,0.9,7803
01:04:38,BTC,76246.010000,76240.700000,0.7,7818
01:04:38,ETH,2257.550000,2257.340000,0.9,7818
01:04:53,BTC,76234.490000,76240.000000,-0.7,7833
01:04:53,ETH,2257.320000,2257.280000,0.2,7833
01:05:08,BTC,76261.850000,76257.200000,0.6,7848
01:05:08,ETH,2257.510000,2257.320000,0.8,7848
01:05:23,BTC,76261.850000,76258.100000,0.5,7863
01:05:23,ETH,2257.580000,2257.510000,0.3,7863
01:05:38,BTC,76255.060000,76250.400000,0.6,7878
01:05:38,ETH,2257.110000,2257.110000,0.0,7878
01:05:53,BTC,76248.510000,76241.600000,0.9,7893
01:05:53,ETH,2256.700000,2256.600000,0.4,7893
01:06:08,BTC,76248.520000,76246.000000,0.3,7908
01:06:08,ETH,2257.050000,2256.730000,1.4,7908
01:06:23,BTC,76226.000000,76218.800000,0.9,7923
01:06:23,ETH,2256.080000,2256.000000,0.4,7923
01:06:38,BTC,76240.920000,76243.400000,-0.3,7938
01:06:38,ETH,2257.020000,2256.840000,0.8,7938
01:06:53,BTC,76246.180000,76242.700000,0.5,7953
01:06:53,ETH,2257.110000,2256.970000,0.6,7953
01:07:08,BTC,76255.090000,76252.500000,0.3,7968
01:07:08,ETH,2257.390000,2257.190000,0.9,7968
01:07:23,BTC,76285.000000,76262.800000,2.9,7983
01:07:23,ETH,2257.790000,2257.510000,1.2,7983
01:07:38,BTC,76284.980000,76277.100000,1.0,7998
01:07:38,ETH,2257.630000,2257.500000,0.6,7998
01:07:53,BTC,76284.950000,76275.000000,1.3,8013
01:07:53,ETH,2257.730000,2257.890000,-0.7,8013
01:08:08,BTC,76284.780000,76274.500000,1.3,8028
01:08:08,ETH,2257.990000,2257.890000,0.4,8028
01:08:23,BTC,76297.240000,76295.800000,0.2,8043
01:08:23,ETH,2258.090000,2257.870000,1.0,8043
01:08:38,BTC,76312.000000,76310.900000,0.1,8058
01:08:38,ETH,2257.710000,2257.530000,0.8,8058
01:08:53,BTC,76323.280000,76314.100000,1.2,8073
01:08:53,ETH,2258.060000,2258.130000,-0.3,8073
01:09:08,BTC,76319.640000,76314.300000,0.7,8088
01:09:08,ETH,2257.720000,2257.540000,0.8,8088
01:09:23,BTC,76324.240000,76319.000000,0.7,8103
01:09:23,ETH,2257.890000,2257.830000,0.3,8103
01:09:38,BTC,76328.710000,76322.400000,0.8,8118
01:09:38,ETH,2258.340000,2258.390000,-0.2,8118
01:09:53,BTC,76328.700000,76322.300000,0.8,8133
01:09:53,ETH,2258.100000,2257.780000,1.4,8133
01:10:08,BTC,76324.780000,76316.700000,1.1,8148
01:10:08,ETH,2258.090000,2257.790000,1.3,8148
01:10:23,BTC,76320.510000,76308.900000,1.5,8163
01:10:23,ETH,2257.480000,2257.280000,0.9,8163
01:10:38,BTC,76301.970000,76298.600000,0.4,8178
01:10:38,ETH,2256.940000,2256.800000,0.6,8178
01:10:53,BTC,76308.100000,76305.500000,0.3,8193
01:10:53,ETH,2256.940000,2256.930000,0.0,8193
01:11:08,BTC,76290.510000,76281.800000,1.1,8208
01:11:08,ETH,2256.480000,2256.410000,0.3,8208
01:11:23,BTC,76280.760000,76270.100000,1.4,8223
01:11:23,ETH,2256.300000,2256.080000,1.0,8223
01:11:38,BTC,76263.410000,76253.300000,1.3,8238
01:11:38,ETH,2255.810000,2255.600000,0.9,8238
01:11:53,BTC,76252.960000,76237.000000,2.1,8253
01:11:53,ETH,2254.840000,2254.730000,0.5,8253
01:12:08,BTC,76252.960000,76238.800000,1.9,8268
01:12:08,ETH,2255.260000,2255.060000,0.9,8268
01:12:23,BTC,76252.000000,76236.100000,2.1,8283
01:12:23,ETH,2254.990000,2254.710000,1.2,8283
01:12:38,BTC,76218.270000,76216.300000,0.3,8298
01:12:38,ETH,2254.150000,2254.110000,0.2,8298
01:12:53,BTC,76215.000000,76200.200000,1.9,8313
01:12:53,ETH,2253.310000,2253.340000,-0.1,8313
01:13:08,BTC,76225.900000,76224.900000,0.1,8328
01:13:08,ETH,2254.680000,2254.820000,-0.6,8328
01:13:23,BTC,76239.740000,76238.300000,0.2,8343
01:13:23,ETH,2255.340000,2255.490000,-0.7,8343
01:13:38,BTC,76229.380000,76223.100000,0.8,8358
01:13:38,ETH,2255.460000,2255.230000,1.0,8358
01:13:53,BTC,76239.740000,76230.300000,1.2,8373
01:13:53,ETH,2255.850000,2255.700000,0.7,8373
01:14:08,BTC,76237.930000,76227.800000,1.3,8388
01:14:08,ETH,2255.220000,2255.260000,-0.2,8388
01:14:23,BTC,76230.000000,76210.800000,2.5,8403
01:14:23,ETH,2255.480000,2255.160000,1.4,8403
01:14:38,BTC,76230.000000,76219.200000,1.4,8418
01:14:38,ETH,2255.490000,2255.380000,0.5,8418
01:14:53,BTC,76230.010000,76219.100000,1.4,8433
01:14:53,ETH,2256.170000,2255.930000,1.1,8433
01:15:08,BTC,76211.220000,76201.100000,1.3,8448
01:15:08,ETH,2254.980000,2254.740000,1.1,8448
01:15:23,BTC,76195.300000,76189.700000,0.7,8463
01:15:23,ETH,2254.350000,2254.290000,0.3,8463
01:15:38,BTC,76195.290000,76182.700000,1.7,8478
01:15:38,ETH,2254.760000,2254.680000,0.4,8478
01:15:53,BTC,76195.290000,76182.700000,1.7,8493
01:15:53,ETH,2254.760000,2254.760000,0.0,8493
01:16:08,BTC,76183.850000,76171.800000,1.6,8508
01:16:08,ETH,2254.160000,2254.010000,0.7,8508
01:16:23,BTC,76183.860000,76174.000000,1.3,8523
01:16:23,ETH,2254.090000,2254.000000,0.4,8523
01:16:38,BTC,76195.300000,76192.000000,0.4,8538
01:16:38,ETH,2254.290000,2254.370000,-0.4,8538
01:16:53,BTC,76191.770000,76185.100000,0.9,8553
01:16:53,ETH,2254.220000,2254.020000,0.9,8553
01:17:08,BTC,76191.760000,76185.200000,0.9,8568
01:17:08,ETH,2254.340000,2254.550000,-0.9,8568
01:17:23,BTC,76151.090000,76139.300000,1.5,8583
01:17:23,ETH,2253.120000,2252.810000,1.4,8583
01:17:38,BTC,76126.090000,76114.000000,1.6,8598
01:17:38,ETH,2251.940000,2252.010000,-0.3,8598
01:17:53,BTC,76117.000000,76099.400000,2.3,8613
01:17:53,ETH,2251.800000,2251.800000,0.0,8613
01:18:08,BTC,76120.540000,76104.400000,2.1,8628
01:18:08,ETH,2252.250000,2252.010000,1.1,8628
01:18:23,BTC,76117.430000,76108.800000,1.1,8643
01:18:23,ETH,2252.610000,2252.580000,0.1,8643
01:18:38,BTC,76117.430000,76111.100000,0.8,8658
01:18:38,ETH,2253.090000,2252.970000,0.5,8658
01:18:53,BTC,76139.770000,76130.800000,1.2,8673
01:18:53,ETH,2253.480000,2253.440000,0.2,8673
01:19:08,BTC,76156.430000,76142.300000,1.9,8688
01:19:08,ETH,2254.080000,2253.900000,0.8,8688
01:19:23,BTC,76128.200000,76120.300000,1.0,8703
01:19:23,ETH,2253.510000,2253.300000,0.9,8703
01:19:38,BTC,76145.650000,76145.700000,-0.0,8718
01:19:38,ETH,2254.320000,2254.200000,0.5,8718
01:19:53,BTC,76161.260000,76151.900000,1.2,8733
01:19:53,ETH,2254.720000,2254.700000,0.1,8733
01:20:09,BTC,76155.000000,76148.200000,0.9,8748
01:20:09,ETH,2254.650000,2254.660000,-0.0,8748
01:20:24,BTC,76150.360000,76141.900000,1.1,8763
01:20:24,ETH,2254.840000,2254.750000,0.4,8763
01:20:39,BTC,76149.210000,76147.200000,0.3,8778
01:20:39,ETH,2255.130000,2255.300000,-0.8,8778
01:20:54,BTC,76170.600000,76170.900000,-0.0,8793
01:20:54,ETH,2255.460000,2255.540000,-0.4,8793
01:21:09,BTC,76167.690000,76159.300000,1.1,8808
01:21:09,ETH,2255.190000,2254.990000,0.9,8808
01:21:24,BTC,76149.210000,76151.000000,-0.2,8823
01:21:24,ETH,2254.880000,2254.800000,0.4,8823
01:21:39,BTC,76140.000000,76135.400000,0.6,8838
01:21:39,ETH,2254.870000,2254.900000,-0.1,8838
01:21:54,BTC,76138.930000,76129.000000,1.3,8853
01:21:54,ETH,2254.830000,2254.670000,0.7,8853
01:22:09,BTC,76123.800000,76115.800000,1.1,8868
01:22:09,ETH,2254.290000,2254.380000,-0.4,8868
01:22:24,BTC,76120.010000,76110.200000,1.3,8883
01:22:24,ETH,2254.020000,2253.930000,0.4,8883
01:22:39,BTC,76120.000000,76113.200000,0.9,8898
01:22:39,ETH,2254.340000,2254.350000,-0.0,8898
01:22:54,BTC,76152.000000,76147.800000,0.6,8913
01:22:54,ETH,2255.050000,2255.260000,-0.9,8913
01:23:09,BTC,76152.000000,76144.200000,1.0,8928
01:23:09,ETH,2255.050000,2254.940000,0.5,8928
01:23:24,BTC,76124.140000,76121.100000,0.4,8943
01:23:24,ETH,2254.260000,2254.280000,-0.1,8943
01:23:39,BTC,76147.590000,76146.800000,0.1,8958
01:23:39,ETH,2254.960000,2255.140000,-0.8,8958
01:23:54,BTC,76153.220000,76146.800000,0.8,8973
01:23:54,ETH,2255.200000,2255.140000,0.3,8973
01:24:09,BTC,76153.210000,76146.800000,0.8,8988
01:24:09,ETH,2255.000000,2254.970000,0.1,8988
01:24:24,BTC,76158.930000,76152.900000,0.8,9003
01:24:24,ETH,2255.300000,2255.100000,0.9,9003
01:24:39,BTC,76153.220000,76134.400000,2.5,9018
01:24:39,ETH,2255.410000,2255.270000,0.6,9018
01:24:54,BTC,76143.180000,76134.500000,1.1,9033
01:24:54,ETH,2254.520000,2254.500000,0.1,9033
01:25:09,BTC,76143.180000,76134.500000,1.1,9048
01:25:09,ETH,2254.530000,2254.490000,0.2,9048
01:25:24,BTC,76143.180000,76139.300000,0.5,9063
01:25:24,ETH,2255.070000,2254.950000,0.5,9063
01:25:39,BTC,76149.400000,76146.100000,0.4,9078
01:25:39,ETH,2255.060000,2255.150000,-0.4,9078
01:25:54,BTC,76143.190000,76138.800000,0.6,9093
01:25:54,ETH,2255.060000,2255.140000,-0.4,9093
01:26:09,BTC,76143.180000,76139.300000,0.5,9108
01:26:09,ETH,2255.060000,2255.290000,-1.0,9108
01:26:24,BTC,76143.180000,76136.500000,0.9,9123
01:26:24,ETH,2254.520000,2254.980000,-2.0,9123
01:26:39,BTC,76125.420000,76119.500000,0.8,9138
01:26:39,ETH,2254.490000,2254.490000,0.0,9138
01:26:54,BTC,76123.650000,76117.700000,0.8,9153
01:26:54,ETH,2254.400000,2254.370000,0.1,9153
01:27:09,BTC,76125.570000,76120.800000,0.6,9168
01:27:09,ETH,2254.650000,2254.660000,-0.0,9168
01:27:24,BTC,76131.540000,76132.000000,-0.1,9183
01:27:24,ETH,2254.790000,2254.910000,-0.5,9183
01:27:39,BTC,76131.530000,76124.700000,0.9,9198
01:27:39,ETH,2254.730000,2254.550000,0.8,9198
01:27:54,BTC,76131.540000,76133.800000,-0.3,9213
01:27:54,ETH,2254.790000,2254.780000,0.0,9213
01:28:09,BTC,76131.540000,76119.800000,1.5,9228
01:28:09,ETH,2254.730000,2254.590000,0.6,9228
01:28:24,BTC,76131.540000,76120.000000,1.5,9243
01:28:24,ETH,2254.730000,2254.610000,0.5,9243
01:28:39,BTC,76131.540000,76119.900000,1.5,9258
01:28:39,ETH,2254.730000,2254.590000,0.6,9258
01:28:54,BTC,76131.540000,76119.900000,1.5,9273
01:28:54,ETH,2254.730000,2254.580000,0.7,9273
01:29:09,BTC,76135.990000,76132.100000,0.5,9288
01:29:09,ETH,2254.630000,2254.600000,0.1,9288
01:29:24,BTC,76136.000000,76131.400000,0.6,9303
01:29:24,ETH,2254.720000,2254.870000,-0.7,9303
01:29:39,BTC,76135.990000,76131.400000,0.6,9318
01:29:39,ETH,2254.970000,2255.010000,-0.2,9318
01:29:54,BTC,76149.390000,76140.600000,1.2,9333
01:29:54,ETH,2255.260000,2255.350000,-0.4,9333
01:30:09,BTC,76160.010000,76161.300000,-0.2,9348
01:30:09,ETH,2256.230000,2256.190000,0.2,9348
01:30:24,BTC,76171.330000,76173.400000,-0.3,9363
01:30:24,ETH,2257.100000,2257.230000,-0.6,9363
01:30:39,BTC,76210.000000,76201.600000,1.1,9378
01:30:39,ETH,2258.420000,2258.410000,0.0,9378
01:30:54,BTC,76236.210000,76232.800000,0.4,9393
01:30:54,ETH,2259.750000,2259.670000,0.4,9393
01:31:09,BTC,76250.100000,76241.400000,1.1,9408
01:31:09,ETH,2259.820000,2260.000000,-0.8,9408
01:31:24,BTC,76211.340000,76209.200000,0.3,9423
01:31:24,ETH,2258.310000,2258.300000,0.0,9423
01:31:39,BTC,76196.060000,76192.500000,0.5,9438
01:31:39,ETH,2257.770000,2257.740000,0.1,9438
01:31:54,BTC,76203.810000,76205.500000,-0.2,9453
01:31:54,ETH,2257.910000,2257.790000,0.5,9453
01:32:09,BTC,76186.980000,76180.200000,0.9,9468
01:32:09,ETH,2257.510000,2257.170000,1.5,9468
01:32:24,ETH,2256.690000,2256.840000,-0.7,9483
01:32:54,BTC,76174.400000,76165.400000,1.2,9514
01:32:54,ETH,2256.690000,2256.490000,0.9,9514
01:33:09,BTC,76157.430000,76150.200000,0.9,9529
01:33:09,ETH,2255.950000,2255.890000,0.3,9529
01:33:24,BTC,76153.730000,76145.300000,1.1,9544
01:33:24,ETH,2256.420000,2256.070000,1.6,9544
01:33:39,BTC,76153.720000,76146.300000,1.0,9559
01:33:39,ETH,2256.350000,2256.010000,1.5,9559
01:33:54,BTC,76143.430000,76137.500000,0.8,9574
01:33:54,ETH,2256.120000,2255.930000,0.8,9574
01:34:09,BTC,76149.990000,76141.000000,1.2,9589
01:34:09,ETH,2256.080000,2256.040000,0.2,9589
01:34:24,BTC,76156.930000,76152.700000,0.6,9604
01:34:24,ETH,2256.420000,2256.580000,-0.7,9604
01:34:39,BTC,76169.100000,76162.400000,0.9,9619
01:34:39,ETH,2256.800000,2257.050000,-1.1,9619
01:34:54,BTC,76169.110000,76169.200000,-0.0,9634
01:34:54,ETH,2257.050000,2257.120000,-0.3,9634
01:35:09,BTC,76194.010000,76194.900000,-0.1,9649
01:35:09,ETH,2257.500000,2257.520000,-0.1,9649
01:35:24,BTC,76208.590000,76204.300000,0.6,9664
01:35:24,ETH,2258.170000,2258.130000,0.2,9664
01:35:39,BTC,76208.600000,76204.400000,0.6,9679
01:35:39,ETH,2258.020000,2258.150000,-0.6,9679
01:35:54,BTC,76194.190000,76185.400000,1.2,9694
01:35:54,ETH,2257.110000,2257.080000,0.1,9694
01:36:09,BTC,76182.630000,76185.800000,-0.4,9709
01:36:09,ETH,2257.180000,2257.510000,-1.5,9709
01:36:24,BTC,76186.900000,76178.800000,1.1,9724
01:36:24,ETH,2257.190000,2257.230000,-0.2,9724
01:36:39,BTC,76186.910000,76184.200000,0.4,9739
01:36:39,ETH,2257.320000,2257.490000,-0.8,9739
01:36:54,BTC,76198.980000,76193.100000,0.8,9754
01:36:54,ETH,2257.400000,2257.460000,-0.3,9754
01:37:09,BTC,76195.020000,76191.200000,0.5,9769
01:37:09,ETH,2257.390000,2257.390000,0.0,9769
01:37:24,BTC,76186.030000,76181.800000,0.6,9784
01:37:24,ETH,2256.620000,2256.590000,0.1,9784
01:37:39,BTC,76186.040000,76181.700000,0.6,9799
01:37:39,ETH,2256.630000,2256.580000,0.2,9799
01:37:54,BTC,76173.340000,76169.000000,0.6,9814
01:37:54,ETH,2256.070000,2256.040000,0.1,9814
01:38:09,BTC,76168.320000,76167.300000,0.1,9829
01:38:09,ETH,2256.070000,2256.040000,0.1,9829
01:38:24,BTC,76173.350000,76174.700000,-0.2,9844
01:38:24,ETH,2256.080000,2256.000000,0.4,9844
01:38:39,BTC,76186.040000,76187.700000,-0.2,9859
01:38:39,ETH,2256.290000,2256.380000,-0.4,9859
01:38:54,BTC,76178.000000,76172.000000,0.8,9874
01:38:54,ETH,2256.080000,2255.900000,0.8,9874
01:39:09,BTC,76178.010000,76172.100000,0.8,9889
01:39:09,ETH,2256.070000,2255.910000,0.7,9889
01:39:24,BTC,76178.000000,76172.100000,0.8,9904
01:39:24,ETH,2256.070000,2255.910000,0.7,9904
01:39:39,BTC,76194.250000,76191.900000,0.3,9919
01:39:39,ETH,2256.700000,2256.810000,-0.5,9919
01:39:54,BTC,76194.250000,76194.000000,0.0,9934
01:39:54,ETH,2256.810000,2256.910000,-0.4,9934
01:40:09,BTC,76161.600000,76154.100000,1.0,9949
01:40:09,ETH,2256.160000,2256.050000,0.5,9949
01:40:24,BTC,76152.030000,76141.500000,1.4,9964
01:40:24,ETH,2255.320000,2255.110000,0.9,9964
01:40:39,BTC,76143.430000,76139.600000,0.5,9979
01:40:39,ETH,2255.240000,2255.500000,-1.2,9979
01:40:54,BTC,76143.430000,76139.700000,0.5,9994
01:40:54,ETH,2255.340000,2255.550000,-0.9,9994
01:41:09,BTC,76153.180000,76152.400000,0.1,10009
01:41:09,ETH,2255.340000,2255.470000,-0.6,10009
01:41:24,BTC,76153.180000,76150.100000,0.4,10024
01:41:24,ETH,2255.330000,2255.480000,-0.7,10024
01:41:39,BTC,76153.180000,76152.400000,0.1,10039
01:41:39,ETH,2255.700000,2255.990000,-1.3,10039
01:41:54,BTC,76165.000000,76159.300000,0.7,10054
01:41:54,ETH,2255.850000,2255.930000,-0.4,10054
01:42:09,BTC,76163.320000,76153.000000,1.4,10069
01:42:09,ETH,2255.820000,2255.800000,0.1,10069
01:42:24,BTC,76163.320000,76159.300000,0.5,10084
01:42:24,ETH,2255.830000,2255.910000,-0.4,10084
01:42:39,BTC,76158.090000,76153.700000,0.6,10099
01:42:39,ETH,2255.710000,2255.860000,-0.7,10099
01:42:54,BTC,76158.090000,76151.300000,0.9,10114
01:42:54,ETH,2255.570000,2255.630000,-0.3,10114
01:43:09,BTC,76151.750000,76143.100000,1.1,10129
01:43:09,ETH,2255.560000,2255.580000,-0.1,10129
01:43:24,BTC,76145.200000,76141.300000,0.5,10144
01:43:24,ETH,2255.010000,2255.120000,-0.5,10144
01:43:39,BTC,76145.200000,76141.000000,0.6,10159
01:43:39,ETH,2255.050000,2255.120000,-0.3,10159
01:43:54,BTC,76150.640000,76152.000000,-0.2,10174
01:43:54,ETH,2255.210000,2255.580000,-1.6,10174
01:44:09,BTC,76154.280000,76157.600000,-0.4,10189
01:44:09,ETH,2255.470000,2255.680000,-0.9,10189
01:44:24,BTC,76154.280000,76156.600000,-0.3,10204
01:44:24,ETH,2255.460000,2255.480000,-0.1,10204
01:44:39,BTC,76160.000000,76159.900000,0.0,10219
01:44:39,ETH,2255.560000,2255.760000,-0.9,10219
01:44:54,BTC,76160.870000,76158.600000,0.3,10234
01:44:54,ETH,2255.560000,2255.760000,-0.9,10234
01:45:09,BTC,76160.870000,76157.100000,0.5,10249
01:45:09,ETH,2255.540000,2255.590000,-0.2,10249
01:45:24,BTC,76160.870000,76162.100000,-0.2,10264
01:45:24,ETH,2255.560000,2255.670000,-0.5,10264
01:45:39,BTC,76160.860000,76162.700000,-0.2,10279
01:45:39,ETH,2255.570000,2255.700000,-0.6,10279
01:45:54,BTC,76160.870000,76162.700000,-0.2,10294
01:45:54,ETH,2255.570000,2255.970000,-1.8,10294
01:46:09,BTC,76184.130000,76182.300000,0.2,10309
01:46:09,ETH,2256.240000,2256.680000,-1.9,10309
01:46:24,BTC,76198.000000,76199.700000,-0.2,10324
01:46:24,ETH,2257.120000,2257.160000,-0.2,10324
01:46:39,BTC,76198.000000,76199.700000,-0.2,10339
01:46:39,ETH,2256.900000,2256.830000,0.3,10339
01:46:54,BTC,76214.730000,76208.100000,0.9,10354
01:46:54,ETH,2257.130000,2257.190000,-0.3,10354
01:47:09,BTC,76209.250000,76203.500000,0.8,10369
01:47:09,ETH,2257.050000,2257.130000,-0.4,10369
01:47:24,BTC,76231.110000,76221.900000,1.2,10384
01:47:24,ETH,2257.330000,2257.640000,-1.4,10384
01:47:39,BTC,76231.110000,76224.600000,0.9,10399
01:47:39,ETH,2257.830000,2257.840000,-0.0,10399
01:47:54,BTC,76207.280000,76206.900000,0.0,10414
01:47:54,ETH,2256.550000,2256.560000,-0.0,10414
01:48:09,BTC,76207.270000,76203.000000,0.6,10429
01:48:09,ETH,2256.360000,2256.370000,-0.0,10429
01:48:24,BTC,76207.280000,76202.200000,0.7,10444
01:48:24,ETH,2256.410000,2256.370000,0.2,10444
01:48:39,BTC,76207.290000,76204.400000,0.4,10459
01:48:39,ETH,2256.560000,2256.680000,-0.5,10459
01:48:54,BTC,76214.900000,76212.500000,0.3,10474
01:48:54,ETH,2256.830000,2256.990000,-0.7,10474
01:49:09,BTC,76214.930000,76220.300000,-0.7,10489
01:49:09,ETH,2256.840000,2257.080000,-1.1,10489
01:49:24,BTC,76214.950000,76212.700000,0.3,10504
01:49:24,ETH,2256.830000,2256.930000,-0.4,10504
01:49:39,BTC,76214.960000,76209.200000,0.8,10519
01:49:39,ETH,2256.880000,2257.060000,-0.8,10519
01:49:54,BTC,76214.950000,76209.300000,0.7,10534
01:49:54,ETH,2256.880000,2257.050000,-0.8,10534
01:50:09,BTC,76185.000000,76178.600000,0.8,10549
01:50:09,ETH,2256.070000,2256.170000,-0.4,10549
01:50:24,ETH,2256.410000,2256.690000,-1.2,10564
01:50:54,BTC,76195.360000,76196.900000,-0.2,10594
01:50:54,ETH,2256.410000,2256.690000,-1.2,10594
01:51:09,BTC,76196.340000,76195.300000,0.1,10609
01:51:09,ETH,2256.500000,2256.470000,0.1,10609
01:51:24,BTC,76196.340000,76195.000000,0.2,10624
01:51:24,ETH,2256.510000,2256.480000,0.1,10624
01:51:39,BTC,76196.340000,76195.000000,0.2,10639
01:51:39,ETH,2256.510000,2256.470000,0.2,10639
01:51:54,BTC,76196.340000,76195.000000,0.2,10654
01:51:54,ETH,2256.510000,2256.510000,0.0,10654
01:52:09,BTC,76196.340000,76195.000000,0.2,10669
01:52:09,ETH,2256.530000,2256.690000,-0.7,10669
01:52:24,BTC,76196.340000,76195.100000,0.2,10684
01:52:24,ETH,2256.520000,2256.690000,-0.8,10684
01:52:39,BTC,76196.340000,76190.800000,0.7,10699
01:52:39,ETH,2256.410000,2256.400000,0.0,10699
01:52:54,BTC,76196.310000,76195.500000,0.1,10714
01:52:54,ETH,2256.460000,2256.580000,-0.5,10714
01:53:09,BTC,76196.310000,76191.700000,0.6,10729
01:53:09,ETH,2256.320000,2256.470000,-0.7,10729
01:53:24,BTC,76233.010000,76233.800000,-0.1,10744
01:53:24,ETH,2257.540000,2257.700000,-0.7,10744
01:53:39,BTC,76239.750000,76240.000000,-0.0,10759
01:53:39,ETH,2257.850000,2257.750000,0.4,10759
01:53:54,BTC,76240.630000,76236.900000,0.5,10774
01:53:54,ETH,2258.040000,2257.910000,0.6,10774
01:54:09,BTC,76240.640000,76236.900000,0.5,10789
01:54:09,ETH,2258.050000,2258.090000,-0.2,10789
01:54:24,BTC,76240.640000,76240.200000,0.1,10804
01:54:24,ETH,2258.040000,2258.090000,-0.2,10804
01:54:39,BTC,76246.220000,76247.100000,-0.1,10819
01:54:39,ETH,2258.050000,2258.040000,0.0,10819
01:54:54,BTC,76246.220000,76250.900000,-0.6,10834
01:54:54,ETH,2258.040000,2258.370000,-1.5,10834
01:55:09,BTC,76250.010000,76250.900000,-0.1,10849
01:55:09,ETH,2258.050000,2258.070000,-0.1,10849
01:55:24,BTC,76260.660000,76258.100000,0.3,10864
01:55:24,ETH,2258.050000,2258.250000,-0.9,10864
01:55:39,ETH,2259.220000,2259.140000,0.4,10879
01:56:05,BTC,76275.910000,76276.400000,-0.1,10905
01:56:05,ETH,2259.220000,2259.150000,0.3,10905
01:56:20,BTC,76269.380000,76267.900000,0.2,10920
01:56:20,ETH,2258.750000,2258.720000,0.1,10920
01:56:35,BTC,76269.370000,76263.200000,0.8,10935
01:56:35,ETH,2258.760000,2258.720000,0.2,10935
01:56:50,BTC,76269.370000,76263.200000,0.8,10950
01:56:50,ETH,2258.670000,2258.720000,-0.2,10950
01:57:05,BTC,76264.010000,76255.300000,1.1,10965
01:57:05,ETH,2258.190000,2258.220000,-0.1,10965
01:57:20,BTC,76269.210000,76270.500000,-0.2,10980
01:57:20,ETH,2258.670000,2258.850000,-0.8,10980
01:57:35,ETH,2258.580000,2258.890000,-1.4,10995
01:58:06,BTC,76269.380000,76273.700000,-0.6,11026
01:58:06,ETH,2258.580000,2258.890000,-1.4,11026
01:58:21,BTC,76278.830000,76275.800000,0.4,11041
01:58:21,ETH,2258.590000,2258.950000,-1.6,11041
01:58:36,BTC,76280.740000,76276.700000,0.5,11056
01:58:36,ETH,2258.690000,2258.770000,-0.4,11056
01:58:51,BTC,76271.620000,76272.100000,-0.1,11071
01:58:51,ETH,2258.560000,2258.700000,-0.6,11071
01:59:06,BTC,76271.630000,76278.000000,-0.8,11086
01:59:06,ETH,2258.560000,2258.870000,-1.4,11086
01:59:21,BTC,76287.130000,76280.700000,0.8,11101
01:59:21,ETH,2259.260000,2259.690000,-1.9,11101
01:59:36,BTC,76300.190000,76296.000000,0.5,11116
01:59:36,ETH,2259.410000,2259.730000,-1.4,11116
01:59:51,BTC,76269.570000,76257.700000,1.6,11131
01:59:51,ETH,2258.630000,2258.610000,0.1,11131
02:00:06,BTC,76254.420000,76250.200000,0.6,11146
02:00:06,ETH,2257.910000,2258.030000,-0.5,11146
02:00:21,BTC,76284.810000,76287.600000,-0.4,11161
02:00:21,ETH,2259.100000,2259.260000,-0.7,11161
02:00:36,BTC,76319.540000,76318.300000,0.2,11176
02:00:36,ETH,2260.210000,2260.520000,-1.4,11176
02:00:51,BTC,76324.940000,76327.000000,-0.3,11191
02:00:51,ETH,2260.360000,2260.630000,-1.2,11191
02:01:06,BTC,76372.270000,76359.700000,1.6,11206
02:01:06,ETH,2261.620000,2262.020000,-1.8,11206
02:01:21,BTC,76345.590000,76330.400000,2.0,11221
02:01:21,ETH,2260.570000,2261.010000,-1.9,11221
02:01:36,BTC,76337.450000,76333.300000,0.5,11236
02:01:36,ETH,2260.490000,2260.730000,-1.1,11236
02:01:51,BTC,76337.450000,76337.500000,-0.0,11251
02:01:51,ETH,2260.600000,2261.000000,-1.8,11251
02:02:06,BTC,76357.160000,76361.200000,-0.5,11266
02:02:06,ETH,2261.050000,2261.130000,-0.4,11266
02:02:21,BTC,76360.480000,76355.400000,0.7,11281
02:02:21,ETH,2261.240000,2261.280000,-0.2,11281
02:02:36,BTC,76360.920000,76359.900000,0.1,11296
02:02:36,ETH,2261.400000,2261.440000,-0.2,11296
02:02:51,BTC,76354.220000,76349.500000,0.6,11311
02:02:51,ETH,2261.390000,2261.400000,-0.0,11311
02:03:06,BTC,76352.010000,76347.200000,0.6,11326
02:03:06,ETH,2261.560000,2261.650000,-0.4,11326
02:03:21,BTC,76361.420000,76359.700000,0.2,11341
02:03:21,ETH,2262.050000,2262.160000,-0.5,11341
02:03:36,BTC,76366.790000,76365.000000,0.2,11356
02:03:36,ETH,2262.280000,2262.440000,-0.7,11356
02:03:51,BTC,76372.270000,76365.300000,0.9,11371
02:03:51,ETH,2262.480000,2262.450000,0.1,11371
02:04:06,BTC,76355.420000,76346.200000,1.2,11386
02:04:06,ETH,2261.410000,2261.380000,0.1,11386
02:04:21,BTC,76341.740000,76330.700000,1.4,11401
02:04:21,ETH,2261.120000,2261.380000,-1.1,11401
02:04:36,BTC,76318.070000,76312.400000,0.7,11416
02:04:36,ETH,2260.270000,2260.410000,-0.6,11416
02:04:51,BTC,76333.330000,76331.000000,0.3,11431
02:04:51,ETH,2260.790000,2260.930000,-0.6,11431
02:05:06,BTC,76312.440000,76301.800000,1.4,11446
02:05:06,ETH,2259.900000,2259.770000,0.6,11446
02:05:21,BTC,76308.430000,76299.500000,1.2,11461
02:05:21,ETH,2259.610000,2259.530000,0.4,11461
02:05:36,BTC,76301.940000,76294.700000,0.9,11476
02:05:36,ETH,2259.200000,2259.340000,-0.6,11476
02:05:51,BTC,76299.370000,76292.900000,0.8,11491
02:05:51,ETH,2259.120000,2259.250000,-0.6,11491
02:06:06,BTC,76302.350000,76301.800000,0.1,11506
02:06:06,ETH,2259.110000,2259.250000,-0.6,11506
02:06:21,BTC,76314.250000,76310.000000,0.6,11521
02:06:21,ETH,2259.180000,2259.200000,-0.1,11521
02:06:36,BTC,76317.320000,76309.400000,1.0,11536
02:06:36,ETH,2259.100000,2259.120000,-0.1,11536
02:06:51,BTC,76317.330000,76308.000000,1.2,11551
02:06:51,ETH,2259.100000,2259.120000,-0.1,11551
02:07:06,BTC,76305.270000,76294.600000,1.4,11566
02:07:06,ETH,2258.690000,2258.710000,-0.1,11566
02:07:21,BTC,76305.270000,76299.400000,0.8,11581
02:07:21,ETH,2258.620000,2258.510000,0.5,11581
02:07:36,BTC,76305.260000,76295.700000,1.3,11596
02:07:36,ETH,2258.270000,2258.280000,-0.0,11596
02:07:51,BTC,76305.270000,76295.600000,1.3,11611
02:07:51,ETH,2258.060000,2258.190000,-0.6,11611
02:08:06,BTC,76305.260000,76295.600000,1.3,11626
02:08:06,ETH,2258.060000,2258.180000,-0.5,11626
02:08:21,BTC,76282.480000,76269.400000,1.7,11641
02:08:21,ETH,2257.330000,2257.280000,0.2,11641
02:08:36,BTC,76282.090000,76269.100000,1.7,11656
02:08:36,ETH,2256.980000,2256.950000,0.1,11656
02:08:51,BTC,76274.700000,76263.300000,1.5,11671
02:08:51,ETH,2256.880000,2256.790000,0.4,11671
02:09:06,BTC,76294.710000,76289.800000,0.6,11686
02:09:06,ETH,2257.920000,2257.530000,1.7,11686
02:09:21,BTC,76308.410000,76307.800000,0.1,11701
02:09:21,ETH,2257.910000,2257.820000,0.4,11701
02:09:36,BTC,76308.410000,76301.400000,0.9,11716
02:09:36,ETH,2257.700000,2257.570000,0.6,11716
02:09:51,BTC,76308.400000,76301.400000,0.9,11731
02:09:51,ETH,2257.690000,2257.580000,0.5,11731
02:10:06,BTC,76288.040000,76275.300000,1.7,11746
02:10:06,ETH,2256.380000,2256.390000,-0.0,11746
02:10:21,BTC,76262.650000,76255.700000,0.9,11761
02:10:21,ETH,2255.310000,2255.150000,0.7,11761
02:10:36,BTC,76265.930000,76261.700000,0.6,11776
02:10:36,ETH,2255.580000,2255.490000,0.4,11776
02:10:51,BTC,76265.920000,76261.600000,0.6,11791
02:10:51,ETH,2255.590000,2255.640000,-0.2,11791
02:11:06,BTC,76265.650000,76253.300000,1.6,11806
02:11:06,ETH,2256.000000,2256.010000,-0.0,11806
02:11:21,BTC,76258.470000,76253.300000,0.7,11821
02:11:21,ETH,2256.080000,2256.090000,-0.0,11821
02:11:36,BTC,76258.470000,76253.200000,0.7,11836
02:11:36,ETH,2255.940000,2256.000000,-0.3,11836
02:11:51,BTC,76258.470000,76253.300000,0.7,11851
02:11:51,ETH,2255.960000,2255.990000,-0.1,11851
02:12:06,BTC,76258.470000,76254.300000,0.5,11866
02:12:06,ETH,2255.960000,2255.980000,-0.1,11866
02:12:21,BTC,76250.010000,76244.000000,0.8,11881
02:12:21,ETH,2255.560000,2255.380000,0.8,11881
02:12:36,BTC,76255.000000,76248.000000,0.9,11896
02:12:36,ETH,2255.930000,2256.000000,-0.3,11896
02:12:51,BTC,76264.990000,76261.500000,0.5,11911
02:12:51,ETH,2256.290000,2256.290000,0.0,11911
02:13:06,BTC,76264.990000,76261.400000,0.5,11926
02:13:06,ETH,2256.330000,2256.550000,-1.0,11926
02:13:21,BTC,76264.990000,76261.400000,0.5,11941
02:13:21,ETH,2256.470000,2256.500000,-0.1,11941
02:13:36,BTC,76279.050000,76279.200000,-0.0,11956
02:13:36,ETH,2256.820000,2256.880000,-0.3,11956
02:13:51,BTC,76279.050000,76279.300000,-0.0,11971
02:13:51,ETH,2256.820000,2256.890000,-0.3,11971
02:14:06,BTC,76279.060000,76269.700000,1.2,11986
02:14:06,ETH,2256.820000,2256.700000,0.5,11986
02:14:21,BTC,76269.590000,76261.800000,1.0,12001
02:14:21,ETH,2256.440000,2256.180000,1.2,12001
02:14:36,BTC,76269.600000,76267.100000,0.3,12016
02:14:36,ETH,2256.440000,2256.440000,0.0,12016
02:14:51,BTC,76269.590000,76264.900000,0.6,12031
02:14:51,ETH,2256.440000,2256.240000,0.9,12031
02:15:06,BTC,76269.590000,76264.900000,0.6,12046
02:15:06,ETH,2256.440000,2256.240000,0.9,12046
02:15:21,BTC,76285.500000,76285.600000,-0.0,12061
02:15:21,ETH,2256.370000,2256.420000,-0.2,12061
02:15:36,BTC,76319.680000,76316.500000,0.4,12076
02:15:36,ETH,2257.120000,2257.170000,-0.2,12076
02:15:51,BTC,76329.170000,76333.600000,-0.6,12091
02:15:51,ETH,2257.700000,2257.760000,-0.3,12091
02:16:06,BTC,76348.450000,76344.600000,0.5,12106
02:16:06,ETH,2257.940000,2257.910000,0.1,12106
02:16:21,BTC,76389.140000,76388.800000,0.0,12121
02:16:21,ETH,2259.940000,2259.950000,-0.0,12121
02:16:36,BTC,76414.790000,76410.400000,0.6,12136
02:16:36,ETH,2260.640000,2260.510000,0.6,12136
02:16:51,ETH,2261.230000,2260.970000,1.1,12151
02:17:15,BTC,76450.650000,76445.800000,0.6,12175
02:17:15,ETH,2261.030000,2260.830000,0.9,12175
02:17:30,BTC,76440.490000,76441.500000,-0.1,12190
02:17:30,ETH,2260.790000,2260.630000,0.7,12190
02:17:45,BTC,76447.410000,76443.000000,0.6,12205
02:17:45,ETH,2260.860000,2261.120000,-1.1,12205
02:18:00,BTC,76468.270000,76464.400000,0.5,12220
02:18:00,ETH,2261.560000,2261.590000,-0.1,12220
02:18:15,BTC,76452.340000,76446.600000,0.8,12235
02:18:15,ETH,2261.300000,2261.220000,0.4,12235
02:18:30,BTC,76452.360000,76454.500000,-0.3,12250
02:18:30,ETH,2261.440000,2261.340000,0.4,12250
02:18:45,BTC,76452.460000,76451.000000,0.2,12265
02:18:45,ETH,2261.390000,2261.140000,1.1,12265
02:19:00,BTC,76447.800000,76443.200000,0.6,12280
02:19:00,ETH,2261.300000,2261.210000,0.4,12280
02:19:15,BTC,76435.640000,76426.700000,1.2,12295
02:19:15,ETH,2260.780000,2261.010000,-1.0,12295
02:19:30,BTC,76429.090000,76424.900000,0.5,12310
02:19:30,ETH,2260.610000,2260.870000,-1.1,12310
02:19:45,BTC,76423.860000,76415.300000,1.1,12325
02:19:45,ETH,2260.540000,2260.410000,0.6,12325
02:20:00,BTC,76424.710000,76422.700000,0.3,12340
02:20:00,ETH,2260.790000,2260.720000,0.3,12340
02:20:19,BTC,76424.700000,76422.600000,0.3,12359
02:20:19,ETH,2260.790000,2260.720000,0.3,12359
02:20:34,BTC,76429.710000,76429.400000,0.0,12374
02:20:34,ETH,2261.330000,2261.150000,0.8,12374
02:20:49,BTC,76429.990000,76431.100000,-0.1,12389
02:20:49,ETH,2261.350000,2261.150000,0.9,12389
02:21:04,BTC,76416.890000,76411.200000,0.7,12404
02:21:04,ETH,2260.610000,2260.580000,0.1,12404
02:21:19,BTC,76408.120000,76398.000000,1.3,12419
02:21:19,ETH,2260.000000,2260.030000,-0.1,12419
02:21:34,BTC,76396.780000,76388.000000,1.1,12434
02:21:34,ETH,2259.400000,2259.280000,0.5,12434
02:21:49,BTC,76395.170000,76384.500000,1.4,12449
02:21:49,ETH,2259.210000,2259.110000,0.4,12449
02:22:04,ETH,2259.710000,2259.880000,-0.8,12464
02:22:33,BTC,76409.990000,76407.900000,0.3,12493
02:22:33,ETH,2259.840000,2259.880000,-0.2,12493
02:22:48,BTC,76416.990000,76418.500000,-0.2,12508
02:22:48,ETH,2260.080000,2259.980000,0.4,12508
02:23:03,ETH,2259.850000,2259.560000,1.3,12523
02:23:34,BTC,76400.820000,76399.200000,0.2,12554
02:23:34,ETH,2259.850000,2259.560000,1.3,12554
02:23:49,BTC,76400.820000,76399.200000,0.2,12569
02:23:49,ETH,2259.710000,2259.560000,0.7,12569
02:24:04,BTC,76405.550000,76394.400000,1.5,12584
02:24:04,ETH,2259.540000,2259.490000,0.2,12584
02:24:19,BTC,76400.830000,76390.400000,1.4,12599
02:24:19,ETH,2259.530000,2259.490000,0.2,12599
02:24:34,BTC,76397.080000,76398.300000,-0.2,12614
02:24:34,ETH,2260.140000,2259.960000,0.8,12614
02:24:49,BTC,76397.070000,76397.800000,-0.1,12629
02:24:49,ETH,2260.010000,2259.800000,0.9,12629
02:25:04,BTC,76388.550000,76375.100000,1.8,12644
02:25:04,ETH,2258.900000,2258.730000,0.8,12644
02:25:19,ETH,2257.300000,2257.350000,-0.2,12659
02:25:43,BTC,76329.130000,76326.900000,0.3,12683
02:25:43,ETH,2257.310000,2257.350000,-0.2,12683
02:25:58,BTC,76320.220000,76310.200000,1.3,12698
02:25:58,ETH,2256.850000,2256.620000,1.0,12698
02:26:13,BTC,76305.440000,76303.300000,0.3,12713
02:26:13,ETH,2256.080000,2255.810000,1.2,12713
02:26:28,BTC,76318.410000,76323.700000,-0.7,12728
02:26:28,ETH,2256.530000,2256.620000,-0.4,12728
02:26:43,BTC,76332.180000,76333.800000,-0.2,12743
02:26:43,ETH,2257.030000,2257.090000,-0.3,12743
02:26:58,BTC,76334.950000,76333.900000,0.1,12758
02:26:58,ETH,2257.110000,2257.080000,0.1,12758
02:27:13,BTC,76329.020000,76323.700000,0.7,12773
02:27:13,ETH,2256.890000,2256.690000,0.9,12773
02:27:28,BTC,76329.010000,76323.700000,0.7,12788
02:27:28,ETH,2257.120000,2257.010000,0.5,12788
02:27:43,BTC,76329.010000,76323.800000,0.7,12803
02:27:43,ETH,2257.120000,2256.980000,0.6,12803
02:27:58,BTC,76329.010000,76327.000000,0.3,12818
02:27:58,ETH,2257.170000,2257.000000,0.8,12818
02:28:13,BTC,76327.120000,76316.400000,1.4,12833
02:28:13,ETH,2256.860000,2256.650000,0.9,12833
02:28:28,BTC,76330.760000,76325.600000,0.7,12848
02:28:28,ETH,2257.280000,2256.880000,1.8,12848
02:28:43,BTC,76330.760000,76325.600000,0.7,12863
02:28:43,ETH,2257.270000,2257.150000,0.5,12863
02:28:58,BTC,76330.770000,76325.500000,0.7,12878
02:28:58,ETH,2257.280000,2257.150000,0.6,12878
02:29:13,BTC,76320.650000,76316.100000,0.6,12893
02:29:13,ETH,2256.990000,2256.710000,1.2,12893
02:29:28,BTC,76281.250000,76283.600000,-0.3,12908
02:29:28,ETH,2255.960000,2255.810000,0.7,12908
02:29:43,BTC,76281.260000,76278.100000,0.4,12923
02:29:43,ETH,2255.460000,2255.580000,-0.5,12923
02:29:58,BTC,76281.260000,76284.800000,-0.5,12938
02:29:58,ETH,2255.950000,2255.690000,1.2,12938
02:30:13,BTC,76281.260000,76278.100000,0.4,12953
02:30:13,ETH,2255.780000,2255.670000,0.5,12953
02:30:28,BTC,76278.830000,76278.000000,0.1,12968
02:30:28,ETH,2255.700000,2255.570000,0.6,12968
02:30:43,BTC,76301.810000,76293.300000,1.1,12983
02:30:43,ETH,2256.060000,2256.200000,-0.6,12983
02:30:58,BTC,76301.820000,76295.200000,0.9,12998
02:30:58,ETH,2256.220000,2256.240000,-0.1,12998
02:31:13,BTC,76300.150000,76294.400000,0.8,13013
02:31:13,ETH,2256.070000,2255.990000,0.4,13013
02:31:28,BTC,76297.910000,76287.900000,1.3,13028
02:31:28,ETH,2255.930000,2255.800000,0.6,13028
02:31:43,BTC,76271.630000,76266.500000,0.7,13043
02:31:43,ETH,2255.090000,2255.070000,0.1,13043
02:31:58,BTC,76275.700000,76266.400000,1.2,13058
02:31:58,ETH,2255.230000,2255.340000,-0.5,13058
02:32:13,BTC,76282.590000,76281.100000,0.2,13073
02:32:13,ETH,2255.880000,2256.120000,-1.1,13073
02:32:28,BTC,76302.620000,76296.300000,0.8,13088
02:32:28,ETH,2256.140000,2256.040000,0.4,13088
02:32:43,BTC,76270.210000,76266.500000,0.5,13103
02:32:43,ETH,2255.800000,2255.730000,0.3,13103
02:32:58,BTC,76248.660000,76246.100000,0.3,13118
02:32:58,ETH,2255.150000,2255.220000,-0.3,13118
02:33:13,BTC,76261.800000,76260.400000,0.2,13133
02:33:13,ETH,2255.350000,2255.380000,-0.1,13133
02:33:28,BTC,76237.090000,76248.300000,-1.5,13148
02:33:28,ETH,2255.270000,2255.440000,-0.8,13148
02:33:43,BTC,76211.590000,76213.000000,-0.2,13163
02:33:43,ETH,2254.660000,2254.660000,0.0,13163
02:33:58,BTC,76235.970000,76238.300000,-0.3,13178
02:33:58,ETH,2255.660000,2255.890000,-1.0,13178
02:34:13,BTC,76251.670000,76246.300000,0.7,13193
02:34:13,ETH,2256.130000,2256.140000,-0.0,13193
02:34:28,BTC,76262.630000,76266.600000,-0.5,13208
02:34:28,ETH,2256.210000,2256.130000,0.4,13208
02:34:43,BTC,76262.620000,76262.000000,0.1,13223
02:34:43,ETH,2256.050000,2256.140000,-0.4,13223
02:34:58,BTC,76262.630000,76262.000000,0.1,13238
02:34:58,ETH,2256.070000,2256.140000,-0.3,13238
02:35:13,BTC,76276.200000,76275.800000,0.1,13253
02:35:13,ETH,2256.550000,2256.440000,0.5,13253
02:35:28,BTC,76282.580000,76286.600000,-0.5,13268
02:35:28,ETH,2257.190000,2257.140000,0.2,13268
02:35:43,BTC,76282.570000,76283.100000,-0.1,13283
02:35:43,ETH,2257.380000,2257.330000,0.2,13283
02:35:58,BTC,76301.030000,76297.000000,0.5,13298
02:35:58,ETH,2257.770000,2257.330000,1.9,13298
02:36:13,BTC,76295.010000,76291.600000,0.4,13313
02:36:13,ETH,2257.510000,2257.500000,0.0,13313
02:36:28,BTC,76302.180000,76299.800000,0.3,13328
02:36:28,ETH,2258.090000,2257.990000,0.4,13328
02:36:43,BTC,76295.420000,76293.900000,0.2,13343
02:36:43,ETH,2258.020000,2258.100000,-0.4,13343
02:36:58,BTC,76295.010000,76284.300000,1.4,13358
02:36:58,ETH,2257.860000,2257.670000,0.8,13358
02:37:13,BTC,76298.000000,76299.900000,-0.2,13373
02:37:13,ETH,2257.830000,2257.830000,0.0,13373
02:37:28,BTC,76300.910000,76302.900000,-0.3,13388
02:37:28,ETH,2257.860000,2257.670000,0.8,13388
02:37:43,BTC,76295.010000,76286.200000,1.2,13403
02:37:43,ETH,2257.720000,2257.660000,0.3,13403
02:37:58,BTC,76275.510000,76269.800000,0.7,13418
02:37:58,ETH,2257.070000,2256.950000,0.5,13418
02:38:13,BTC,76270.740000,76271.300000,-0.1,13433
02:38:13,ETH,2257.210000,2257.250000,-0.2,13433
02:38:28,BTC,76284.000000,76286.200000,-0.3,13448
02:38:28,ETH,2257.620000,2257.890000,-1.2,13448
02:38:43,BTC,76285.000000,76286.200000,-0.2,13463
02:38:43,ETH,2257.620000,2257.600000,0.1,13463
02:38:58,BTC,76297.270000,76298.100000,-0.1,13478
02:38:58,ETH,2258.130000,2258.000000,0.6,13478
02:39:13,BTC,76297.260000,76295.000000,0.3,13493
02:39:13,ETH,2258.140000,2258.130000,0.0,13493
02:39:28,BTC,76297.270000,76294.900000,0.3,13508
02:39:28,ETH,2258.130000,2258.000000,0.6,13508
02:39:43,BTC,76301.940000,76304.300000,-0.3,13523
02:39:43,ETH,2258.320000,2258.390000,-0.3,13523
02:39:58,BTC,76307.230000,76305.500000,0.2,13538
02:39:58,ETH,2258.320000,2258.390000,-0.3,13538
02:40:13,BTC,76307.230000,76304.900000,0.3,13553
02:40:13,ETH,2258.170000,2258.000000,0.8,13553
02:40:28,BTC,76307.240000,76304.900000,0.3,13568
02:40:28,ETH,2258.260000,2258.370000,-0.5,13568
02:40:43,BTC,76307.240000,76304.800000,0.3,13583
02:40:43,ETH,2258.300000,2258.400000,-0.4,13583
02:40:58,BTC,76308.400000,76304.900000,0.5,13598
02:40:58,ETH,2258.310000,2258.300000,0.0,13598
02:41:13,BTC,76308.410000,76304.900000,0.5,13613
02:41:13,ETH,2258.170000,2258.030000,0.6,13613
02:41:28,BTC,76308.410000,76304.800000,0.5,13628
02:41:28,ETH,2258.170000,2258.020000,0.7,13628
02:41:43,BTC,76319.320000,76320.000000,-0.1,13643
02:41:43,ETH,2258.320000,2258.320000,0.0,13643
02:41:58,BTC,76319.310000,76317.900000,0.2,13658
02:41:58,ETH,2258.320000,2258.220000,0.4,13658
02:42:13,BTC,76323.990000,76325.400000,-0.2,13673
02:42:13,ETH,2258.320000,2258.320000,0.0,13673
02:42:28,BTC,76323.990000,76325.600000,-0.2,13688
02:42:28,ETH,2258.330000,2258.440000,-0.5,13688
02:42:43,BTC,76315.000000,76310.900000,0.5,13703
02:42:43,ETH,2258.130000,2257.970000,0.7,13703
02:42:58,BTC,76322.950000,76327.400000,-0.6,13718
02:42:58,ETH,2258.490000,2258.700000,-0.9,13718
02:43:13,BTC,76343.120000,76334.900000,1.1,13733
02:43:13,ETH,2259.190000,2259.380000,-0.8,13733
02:43:28,BTC,76351.990000,76355.500000,-0.5,13748
02:43:28,ETH,2259.560000,2259.730000,-0.8,13748
02:43:43,BTC,76376.940000,76375.000000,0.3,13763
02:43:43,ETH,2260.840000,2260.950000,-0.5,13763
02:43:58,BTC,76404.820000,76405.100000,-0.0,13778
02:43:58,ETH,2262.260000,2262.450000,-0.8,13778
02:44:13,BTC,76404.830000,76402.700000,0.3,13793
02:44:13,ETH,2261.730000,2261.660000,0.3,13793
02:44:28,BTC,76398.650000,76387.700000,1.4,13808
02:44:28,ETH,2261.290000,2261.210000,0.4,13808
02:44:43,BTC,76398.640000,76394.200000,0.6,13823
02:44:43,ETH,2261.230000,2261.410000,-0.8,13823
02:44:58,BTC,76398.650000,76391.200000,1.0,13838
02:44:58,ETH,2261.040000,2261.130000,-0.4,13838
02:45:13,BTC,76398.650000,76390.400000,1.1,13853
02:45:13,ETH,2261.190000,2261.260000,-0.3,13853
02:45:28,BTC,76398.640000,76397.900000,0.1,13868
02:45:28,ETH,2261.180000,2261.320000,-0.6,13868
02:45:43,BTC,76398.640000,76402.400000,-0.5,13883
02:45:43,ETH,2261.650000,2261.960000,-1.4,13883
02:45:58,BTC,76392.200000,76385.900000,0.8,13898
02:45:58,ETH,2261.810000,2261.610000,0.9,13898
02:46:13,BTC,76392.200000,76385.800000,0.8,13913
02:46:13,ETH,2261.560000,2261.360000,0.9,13913
02:46:28,BTC,76384.940000,76376.300000,1.1,13928
02:46:28,ETH,2261.390000,2261.370000,0.1,13928
02:46:43,BTC,76384.930000,76376.200000,1.1,13943
02:46:43,ETH,2261.390000,2261.680000,-1.3,13943
02:46:58,BTC,76372.650000,76371.800000,0.1,13958
02:46:58,ETH,2261.130000,2261.370000,-1.1,13958
02:47:13,BTC,76372.640000,76368.100000,0.6,13973
02:47:13,ETH,2261.310000,2261.510000,-0.9,13973
02:47:28,BTC,76372.650000,76371.000000,0.2,13988
02:47:28,ETH,2261.280000,2261.100000,0.8,13988
02:47:43,BTC,76372.650000,76370.900000,0.2,14003
02:47:43,ETH,2261.280000,2261.090000,0.8,14003
02:47:58,BTC,76372.650000,76368.600000,0.5,14018
02:47:58,ETH,2261.290000,2261.100000,0.8,14018
02:48:13,BTC,76360.000000,76352.000000,1.0,14033
02:48:13,ETH,2260.980000,2261.040000,-0.3,14033
02:48:28,BTC,76369.430000,76370.900000,-0.2,14048
02:48:28,ETH,2261.760000,2261.600000,0.7,14048
02:48:43,BTC,76369.430000,76370.400000,-0.1,14063
02:48:43,ETH,2261.770000,2261.500000,1.2,14063
02:48:58,BTC,76379.530000,76379.500000,0.0,14078
02:48:58,ETH,2261.820000,2261.600000,1.0,14078
02:49:13,BTC,76396.940000,76397.000000,-0.0,14093
02:49:13,ETH,2262.270000,2262.000000,1.2,14093
02:49:28,BTC,76416.850000,76408.000000,1.2,14108
02:49:28,ETH,2262.610000,2262.440000,0.8,14108
02:49:43,BTC,76420.670000,76415.000000,0.7,14123
02:49:43,ETH,2262.610000,2262.520000,0.4,14123
02:49:58,BTC,76417.290000,76412.500000,0.6,14138
02:49:58,ETH,2262.440000,2262.170000,1.2,14138
02:50:13,BTC,76417.300000,76411.200000,0.8,14153
02:50:13,ETH,2262.330000,2262.170000,0.7,14153
02:50:28,BTC,76438.170000,76434.100000,0.5,14168
02:50:28,ETH,2262.920000,2262.720000,0.9,14168
02:50:43,BTC,76431.270000,76426.400000,0.6,14183
02:50:43,ETH,2262.720000,2262.740000,-0.1,14183
02:50:58,BTC,76425.010000,76414.100000,1.4,14198
02:50:58,ETH,2262.720000,2262.710000,0.0,14198
02:51:13,BTC,76433.430000,76430.400000,0.4,14213
02:51:13,ETH,2263.240000,2263.040000,0.9,14213
02:51:28,BTC,76441.380000,76432.100000,1.2,14228
02:51:28,ETH,2263.140000,2262.930000,0.9,14228
02:51:43,BTC,76441.390000,76432.100000,1.2,14243
02:51:43,ETH,2263.130000,2262.940000,0.8,14243
02:51:58,BTC,76441.390000,76435.000000,0.8,14258
02:51:58,ETH,2263.350000,2263.390000,-0.2,14258
02:52:13,BTC,76455.870000,76445.100000,1.4,14273
02:52:13,ETH,2264.200000,2264.000000,0.9,14273
02:52:28,BTC,76464.330000,76470.200000,-0.8,14288
02:52:28,ETH,2264.700000,2264.740000,-0.2,14288
02:52:43,BTC,76455.990000,76444.400000,1.5,14303
02:52:43,ETH,2264.150000,2264.070000,0.4,14303
02:52:58,BTC,76441.390000,76435.000000,0.8,14318
02:52:58,ETH,2263.460000,2263.370000,0.4,14318
02:53:13,BTC,76417.350000,76414.300000,0.4,14333
02:53:13,ETH,2262.740000,2263.080000,-1.5,14333
02:53:28,BTC,76417.360000,76414.200000,0.4,14348
02:53:28,ETH,2262.500000,2262.580000,-0.4,14348
02:53:43,BTC,76413.500000,76407.300000,0.8,14363
02:53:43,ETH,2262.270000,2262.160000,0.5,14363
02:53:58,BTC,76405.890000,76401.400000,0.6,14378
02:53:58,ETH,2261.790000,2261.740000,0.2,14378
02:54:13,BTC,76405.000000,76404.600000,0.1,14393
02:54:13,ETH,2261.900000,2262.020000,-0.5,14393
02:54:28,BTC,76405.000000,76400.300000,0.6,14408
02:54:28,ETH,2261.900000,2262.110000,-0.9,14408
02:54:43,BTC,76400.080000,76393.200000,0.9,14423
02:54:43,ETH,2261.800000,2261.570000,1.0,14423
02:54:58,BTC,76396.000000,76388.900000,0.9,14438
02:54:58,ETH,2261.520000,2261.310000,0.9,14438
02:55:13,BTC,76380.000000,76370.700000,1.2,14453
02:55:13,ETH,2260.910000,2260.820000,0.4,14453
02:55:28,BTC,76380.000000,76371.800000,1.1,14468
02:55:28,ETH,2260.990000,2261.110000,-0.5,14468
02:55:43,BTC,76380.000000,76370.700000,1.2,14483
02:55:43,ETH,2261.110000,2261.180000,-0.3,14483
02:55:58,BTC,76380.000000,76381.100000,-0.1,14498
02:55:58,ETH,2261.490000,2261.550000,-0.3,14498
02:56:13,BTC,76367.770000,76363.700000,0.5,14513
02:56:13,ETH,2260.940000,2260.840000,0.4,14513
02:56:28,BTC,76367.760000,76363.600000,0.5,14528
02:56:28,ETH,2260.930000,2260.850000,0.4,14528
02:56:43,BTC,76367.760000,76359.500000,1.1,14543
02:56:43,ETH,2260.930000,2260.850000,0.4,14543
02:56:58,BTC,76367.760000,76359.400000,1.1,14558
02:56:58,ETH,2260.920000,2260.850000,0.3,14558
02:57:13,BTC,76374.980000,76370.900000,0.5,14573
02:57:13,ETH,2260.990000,2261.260000,-1.2,14573
02:57:28,BTC,76374.970000,76367.700000,1.0,14588
02:57:28,ETH,2261.030000,2260.870000,0.7,14588
02:57:43,BTC,76374.970000,76368.100000,0.9,14603
02:57:43,ETH,2260.920000,2260.760000,0.7,14603
02:57:58,BTC,76378.100000,76376.700000,0.2,14618
02:57:58,ETH,2260.950000,2261.050000,-0.4,14618
02:58:13,BTC,76375.630000,76368.100000,1.0,14633
02:58:13,ETH,2260.840000,2260.610000,1.0,14633
02:58:28,BTC,76356.660000,76349.400000,1.0,14648
02:58:28,ETH,2260.210000,2260.160000,0.2,14648
02:58:43,BTC,76359.010000,76350.200000,1.2,14663
02:58:43,ETH,2260.200000,2260.190000,0.0,14663
02:58:58,BTC,76352.010000,76344.000000,1.0,14678
02:58:58,ETH,2259.900000,2260.010000,-0.5,14678
02:59:13,ETH,2259.950000,2260.030000,-0.4,14693
02:59:43,BTC,76350.010000,76343.800000,0.8,14723
02:59:43,ETH,2259.950000,2260.020000,-0.3,14723
02:59:58,BTC,76350.000000,76342.200000,1.0,14738
02:59:58,ETH,2259.840000,2259.810000,0.1,14738
03:00:13,BTC,76315.890000,76306.400000,1.2,14753
03:00:13,ETH,2258.850000,2258.640000,0.9,14753
03:00:28,BTC,76319.110000,76318.000000,0.1,14768
03:00:28,ETH,2258.770000,2258.760000,0.0,14768
03:00:43,BTC,76339.200000,76338.500000,0.1,14783
03:00:43,ETH,2259.400000,2259.610000,-0.9,14783
03:00:58,BTC,76354.210000,76356.000000,-0.2,14798
03:00:58,ETH,2260.290000,2260.200000,0.4,14798
03:01:13,BTC,76357.990000,76355.500000,0.3,14813
03:01:13,ETH,2260.380000,2260.260000,0.5,14813
03:01:28,BTC,76359.040000,76349.300000,1.3,14828
03:01:28,ETH,2260.380000,2260.240000,0.6,14828
03:01:43,BTC,76354.010000,76350.300000,0.5,14843
03:01:43,ETH,2260.370000,2260.350000,0.1,14843
03:01:58,BTC,76369.480000,76369.800000,-0.0,14858
03:01:58,ETH,2260.920000,2260.970000,-0.2,14858
03:02:13,BTC,76366.080000,76359.200000,0.9,14873
03:02:13,ETH,2260.820000,2260.800000,0.1,14873
03:02:28,BTC,76359.970000,76353.400000,0.9,14888
03:02:28,ETH,2260.820000,2260.580000,1.1,14888
03:02:43,BTC,76354.110000,76348.100000,0.8,14903
03:02:43,ETH,2260.540000,2260.240000,1.3,14903
03:02:58,BTC,76354.110000,76348.000000,0.8,14918
03:02:58,ETH,2260.550000,2260.240000,1.4,14918
03:03:13,BTC,76354.120000,76354.100000,0.0,14933
03:03:13,ETH,2260.610000,2260.590000,0.1,14933
03:03:28,BTC,76333.900000,76336.400000,-0.3,14948
03:03:28,ETH,2260.310000,2260.390000,-0.4,14948
03:03:43,BTC,76327.480000,76321.100000,0.8,14963
03:03:43,ETH,2259.960000,2259.930000,0.1,14963
03:03:58,BTC,76315.780000,76311.300000,0.6,14978
03:03:58,ETH,2259.500000,2259.420000,0.4,14978
03:04:13,BTC,76316.240000,76303.100000,1.7,14993
03:04:13,ETH,2259.060000,2258.900000,0.7,14993
03:04:28,BTC,76308.340000,76302.900000,0.7,15008
03:04:28,ETH,2259.030000,2258.890000,0.6,15008
03:04:43,BTC,76345.630000,76340.300000,0.7,15023
03:04:43,ETH,2259.400000,2259.590000,-0.8,15023
03:04:58,BTC,76335.050000,76326.300000,1.1,15038
03:04:58,ETH,2259.170000,2259.160000,0.0,15038
03:05:13,BTC,76335.060000,76329.500000,0.7,15053
03:05:13,ETH,2259.110000,2259.160000,-0.2,15053
03:05:28,BTC,76343.800000,76335.000000,1.2,15068
03:05:28,ETH,2259.150000,2259.300000,-0.7,15068
03:05:43,BTC,76335.350000,76331.600000,0.5,15083
03:05:43,ETH,2259.320000,2259.620000,-1.3,15083
03:05:58,BTC,76335.340000,76335.100000,0.0,15098
03:05:58,ETH,2259.390000,2259.620000,-1.0,15098
03:06:13,BTC,76340.710000,76338.700000,0.3,15113
03:06:13,ETH,2259.400000,2259.680000,-1.2,15113
03:06:28,ETH,2261.590000,2261.850000,-1.1,15128
03:06:56,BTC,76400.740000,76398.800000,0.3,15156
03:06:56,ETH,2261.590000,2261.850000,-1.1,15156
03:07:11,BTC,76418.470000,76413.800000,0.6,15171
03:07:11,ETH,2262.140000,2262.200000,-0.3,15171
03:07:26,BTC,76392.660000,76390.800000,0.2,15186
03:07:26,ETH,2261.440000,2261.550000,-0.5,15186
03:07:41,BTC,76384.770000,76380.200000,0.6,15201
03:07:41,ETH,2261.450000,2261.380000,0.3,15201
03:07:56,BTC,76378.790000,76376.700000,0.3,15216
03:07:56,ETH,2261.270000,2261.410000,-0.6,15216
03:08:11,BTC,76384.770000,76382.200000,0.3,15231
03:08:11,ETH,2261.520000,2261.330000,0.8,15231
03:08:26,BTC,76390.310000,76385.800000,0.6,15246
03:08:26,ETH,2261.620000,2261.640000,-0.1,15246
03:08:41,BTC,76390.310000,76381.800000,1.1,15261
03:08:41,ETH,2261.310000,2261.210000,0.4,15261
03:08:56,BTC,76377.680000,76372.600000,0.7,15276
03:08:56,ETH,2260.760000,2260.770000,-0.0,15276
03:09:11,BTC,76384.040000,76381.500000,0.3,15291
03:09:11,ETH,2261.090000,2261.280000,-0.8,15291
03:09:26,BTC,76409.280000,76405.900000,0.4,15306
03:09:26,ETH,2261.900000,2262.200000,-1.3,15306
03:09:41,BTC,76417.550000,76417.400000,0.0,15321
03:09:41,ETH,2262.290000,2262.350000,-0.3,15321
03:09:56,BTC,76421.000000,76422.100000,-0.1,15336
03:09:56,ETH,2262.170000,2262.160000,0.0,15336
03:10:11,BTC,76421.000000,76421.900000,-0.1,15351
03:10:11,ETH,2261.930000,2262.190000,-1.1,15351
03:10:26,BTC,76421.000000,76421.900000,-0.1,15366
03:10:26,ETH,2261.930000,2262.150000,-1.0,15366
03:10:41,BTC,76444.110000,76435.100000,1.2,15381
03:10:41,ETH,2262.500000,2262.390000,0.5,15381
03:10:56,BTC,76444.110000,76444.500000,-0.1,15396
03:10:56,ETH,2262.500000,2262.560000,-0.3,15396
03:11:11,BTC,76453.420000,76451.600000,0.2,15411
03:11:11,ETH,2263.210000,2263.370000,-0.7,15411
03:11:26,ETH,2264.020000,2264.270000,-1.1,15426
03:11:56,BTC,76482.600000,76474.500000,1.1,15456
03:11:56,ETH,2264.030000,2264.270000,-1.1,15456
03:12:11,BTC,76471.010000,76461.700000,1.2,15471
03:12:11,ETH,2264.110000,2263.940000,0.8,15471
03:12:26,BTC,76458.280000,76461.700000,-0.4,15486
03:12:26,ETH,2263.760000,2264.020000,-1.1,15486
03:12:41,BTC,76458.270000,76458.900000,-0.1,15501
03:12:41,ETH,2263.760000,2264.020000,-1.1,15501
03:12:56,BTC,76463.470000,76452.000000,1.5,15516
03:12:56,ETH,2263.770000,2264.030000,-1.1,15516
03:13:11,BTC,76471.010000,76463.700000,1.0,15531
03:13:11,ETH,2264.060000,2264.390000,-1.5,15531
03:13:26,BTC,76471.000000,76463.600000,1.0,15546
03:13:26,ETH,2264.020000,2264.260000,-1.1,15546
03:13:41,BTC,76471.000000,76463.400000,1.0,15561
03:13:41,ETH,2263.960000,2264.020000,-0.3,15561
03:13:56,BTC,76471.010000,76463.400000,1.0,15576
03:13:56,ETH,2263.990000,2264.250000,-1.1,15576
03:14:11,BTC,76467.960000,76470.900000,-0.4,15591
03:14:11,ETH,2264.090000,2264.450000,-1.6,15591
03:14:26,BTC,76461.300000,76458.600000,0.4,15606
03:14:26,ETH,2264.080000,2264.490000,-1.8,15606
03:14:41,BTC,76461.300000,76458.600000,0.4,15621
03:14:41,ETH,2264.080000,2264.260000,-0.8,15621
03:14:56,BTC,76461.300000,76452.200000,1.2,15636
03:14:56,ETH,2264.080000,2264.250000,-0.8,15636
03:15:11,BTC,76446.810000,76434.800000,1.6,15651
03:15:11,ETH,2263.520000,2263.510000,0.0,15651
03:15:26,BTC,76433.690000,76430.900000,0.4,15666
03:15:26,ETH,2263.070000,2263.350000,-1.2,15666
03:15:41,BTC,76433.690000,76424.600000,1.2,15681
03:15:41,ETH,2263.190000,2263.070000,0.5,15681
03:15:56,BTC,76433.690000,76435.800000,-0.3,15696
03:15:56,ETH,2263.550000,2263.620000,-0.3,15696
03:16:11,BTC,76437.260000,76436.400000,0.1,15711
03:16:11,ETH,2263.540000,2263.760000,-1.0,15711
03:16:26,BTC,76446.800000,76436.100000,1.4,15726
03:16:26,ETH,2263.690000,2263.700000,-0.0,15726
03:16:41,BTC,76446.790000,76442.500000,0.6,15741
03:16:41,ETH,2263.630000,2263.580000,0.2,15741
03:16:56,BTC,76438.380000,76430.800000,1.0,15756
03:16:56,ETH,2263.150000,2263.280000,-0.6,15756
03:17:11,BTC,76438.380000,76440.800000,-0.3,15771
03:17:11,ETH,2263.460000,2263.580000,-0.5,15771
03:17:26,BTC,76438.380000,76440.400000,-0.3,15786
03:17:26,ETH,2263.490000,2263.510000,-0.1,15786
03:17:41,BTC,76445.540000,76440.500000,0.7,15801
03:17:41,ETH,2263.880000,2264.080000,-0.9,15801
03:17:56,BTC,76448.680000,76443.600000,0.7,15816
03:17:56,ETH,2263.880000,2264.080000,-0.9,15816
03:18:11,BTC,76448.700000,76444.200000,0.6,15831
03:18:11,ETH,2263.800000,2263.880000,-0.4,15831
03:18:26,BTC,76448.710000,76444.000000,0.6,15846
03:18:26,ETH,2263.620000,2263.590000,0.1,15846
03:18:41,BTC,76448.700000,76443.600000,0.7,15861
03:18:41,ETH,2263.620000,2263.520000,0.4,15861
03:18:56,BTC,76445.730000,76438.000000,1.0,15876
03:18:56,ETH,2263.750000,2263.880000,-0.6,15876
03:19:11,BTC,76439.310000,76437.300000,0.3,15891
03:19:11,ETH,2263.750000,2263.810000,-0.3,15891
03:19:26,BTC,76429.490000,76423.500000,0.8,15906
03:19:26,ETH,2263.630000,2263.550000,0.4,15906
03:19:41,BTC,76437.990000,76436.900000,0.1,15921
03:19:41,ETH,2263.760000,2263.970000,-0.9,15921
03:19:56,BTC,76435.400000,76423.600000,1.5,15936
03:19:56,ETH,2263.560000,2263.440000,0.5,15936
03:20:11,BTC,76426.640000,76419.700000,0.9,15951
03:20:11,ETH,2263.070000,2263.180000,-0.5,15951
03:20:26,BTC,76427.000000,76419.600000,1.0,15966
03:20:26,ETH,2263.070000,2263.050000,0.1,15966
03:20:41,BTC,76426.660000,76418.800000,1.0,15981
03:20:41,ETH,2262.670000,2262.860000,-0.8,15981
03:21:02,BTC,76426.650000,76418.800000,1.0,16002
03:21:02,ETH,2262.670000,2262.860000,-0.8,16002
03:21:17,BTC,76433.020000,76429.500000,0.5,16017
03:21:17,ETH,2262.920000,2263.250000,-1.5,16017
03:21:32,BTC,76433.030000,76429.500000,0.5,16032
03:21:32,ETH,2262.920000,2263.260000,-1.5,16032
03:21:47,BTC,76433.020000,76435.700000,-0.4,16047
03:21:47,ETH,2262.920000,2263.060000,-0.6,16047
03:22:02,BTC,76433.020000,76420.200000,1.7,16062
03:22:02,ETH,2262.910000,2262.830000,0.4,16062
03:22:17,BTC,76432.660000,76420.300000,1.6,16077
03:22:17,ETH,2262.920000,2263.080000,-0.7,16077
03:22:32,BTC,76425.960000,76423.500000,0.3,16092
03:22:32,ETH,2262.920000,2263.160000,-1.1,16092
03:22:47,BTC,76429.760000,76423.500000,0.8,16107
03:22:47,ETH,2263.080000,2263.080000,0.0,16107
03:23:02,BTC,76429.770000,76418.700000,1.4,16122
03:23:02,ETH,2263.080000,2262.960000,0.5,16122
03:23:17,BTC,76428.720000,76418.700000,1.3,16137
03:23:17,ETH,2263.070000,2263.000000,0.3,16137
03:23:32,BTC,76437.740000,76433.900000,0.5,16152
03:23:32,ETH,2263.270000,2263.440000,-0.8,16152
03:23:47,BTC,76439.300000,76436.300000,0.4,16167
03:23:47,ETH,2263.490000,2263.730000,-1.1,16167
03:24:02,BTC,76456.230000,76445.800000,1.4,16182
03:24:02,ETH,2264.310000,2264.590000,-1.2,16182
03:24:17,BTC,76486.680000,76483.300000,0.4,16197
03:24:17,ETH,2265.800000,2265.790000,0.0,16197
03:24:32,BTC,76497.300000,76488.800000,1.1,16212
03:24:32,ETH,2266.240000,2266.240000,0.0,16212
03:24:47,BTC,76499.990000,76490.200000,1.3,16227
03:24:47,ETH,2266.240000,2266.240000,0.0,16227
03:25:02,BTC,76499.980000,76490.300000,1.3,16242
03:25:02,ETH,2266.100000,2266.240000,-0.6,16242
03:25:17,BTC,76499.990000,76490.300000,1.3,16257
03:25:17,ETH,2265.980000,2265.870000,0.5,16257
03:25:32,BTC,76509.760000,76499.900000,1.3,16272
03:25:32,ETH,2266.250000,2266.280000,-0.1,16272
03:25:47,ETH,2264.400000,2264.470000,-0.3,16287
03:26:12,BTC,76475.570000,76465.900000,1.3,16312
03:26:12,ETH,2264.400000,2264.470000,-0.3,16312
03:26:27,BTC,76475.570000,76466.000000,1.3,16327
03:26:27,ETH,2264.520000,2264.740000,-1.0,16327
03:26:42,BTC,76475.570000,76475.600000,-0.0,16342
03:26:42,ETH,2264.760000,2265.080000,-1.4,16342
03:26:57,ETH,2265.400000,2265.640000,-1.1,16357
03:27:27,BTC,76477.700000,76470.100000,1.0,16387
03:27:27,ETH,2265.400000,2265.640000,-1.1,16387
03:27:42,BTC,76489.010000,76482.400000,0.9,16402
03:27:42,ETH,2265.790000,2265.820000,-0.1,16402
03:27:57,BTC,76489.040000,76482.300000,0.9,16417
03:27:57,ETH,2265.790000,2265.830000,-0.2,16417
03:28:12,BTC,76482.030000,76475.200000,0.9,16432
03:28:12,ETH,2265.400000,2265.490000,-0.4,16432
03:28:27,BTC,76484.090000,76475.200000,1.2,16447
03:28:27,ETH,2265.400000,2265.490000,-0.4,16447
03:28:42,BTC,76486.080000,76481.000000,0.7,16462
03:28:42,ETH,2265.730000,2265.680000,0.2,16462
03:28:57,BTC,76490.000000,76480.900000,1.2,16477
03:28:57,ETH,2265.720000,2265.800000,-0.4,16477
03:29:12,BTC,76490.000000,76480.900000,1.2,16492
03:29:12,ETH,2266.000000,2266.160000,-0.7,16492
03:29:27,BTC,76495.180000,76484.300000,1.4,16507
03:29:27,ETH,2265.810000,2265.840000,-0.1,16507
03:29:42,BTC,76469.100000,76466.400000,0.4,16522
03:29:42,ETH,2265.180000,2265.030000,0.7,16522
03:29:57,BTC,76471.710000,76467.500000,0.6,16537
03:29:57,ETH,2265.170000,2265.450000,-1.2,16537
03:30:12,BTC,76484.920000,76479.700000,0.7,16552
03:30:12,ETH,2265.760000,2265.760000,0.0,16552
03:30:27,BTC,76489.620000,76479.700000,1.3,16567
03:30:27,ETH,2265.940000,2265.920000,0.1,16567
03:30:42,BTC,76493.420000,76492.200000,0.2,16582
03:30:42,ETH,2266.170000,2266.340000,-0.8,16582
03:30:57,BTC,76493.450000,76486.200000,0.9,16597
03:30:57,ETH,2266.090000,2265.950000,0.6,16597
03:31:12,BTC,76490.200000,76484.300000,0.8,16612
03:31:12,ETH,2265.920000,2266.160000,-1.1,16612
03:31:27,BTC,76490.200000,76484.300000,0.8,16627
03:31:27,ETH,2266.220000,2266.380000,-0.7,16627
03:31:42,BTC,76508.110000,76499.900000,1.1,16642
03:31:42,ETH,2266.920000,2266.930000,-0.0,16642
03:31:57,BTC,76508.110000,76499.900000,1.1,16657
03:31:57,ETH,2266.330000,2266.200000,0.6,16657
03:32:12,BTC,76500.010000,76492.800000,0.9,16672
03:32:12,ETH,2265.840000,2265.810000,0.1,16672
03:32:27,BTC,76491.520000,76481.600000,1.3,16687
03:32:27,ETH,2265.380000,2265.680000,-1.3,16687
03:32:42,BTC,76500.020000,76490.600000,1.2,16702
03:32:42,ETH,2266.100000,2266.280000,-0.8,16702
03:32:57,BTC,76500.620000,76490.700000,1.3,16717
03:32:57,ETH,2265.810000,2265.950000,-0.6,16717
03:33:12,BTC,76500.620000,76490.600000,1.3,16732
03:33:12,ETH,2266.140000,2266.280000,-0.6,16732
03:33:27,BTC,76500.620000,76490.700000,1.3,16747
03:33:27,ETH,2266.280000,2266.140000,0.6,16747
03:33:42,BTC,76500.200000,76492.200000,1.0,16762
03:33:42,ETH,2266.510000,2266.540000,-0.1,16762
03:33:57,BTC,76504.440000,76499.500000,0.6,16777
03:33:57,ETH,2266.800000,2266.760000,0.2,16777
03:34:12,BTC,76504.440000,76499.500000,0.6,16792
03:34:12,ETH,2266.790000,2266.750000,0.2,16792
03:34:27,BTC,76491.610000,76486.500000,0.7,16807
03:34:27,ETH,2266.410000,2266.280000,0.6,16807
03:34:42,BTC,76491.610000,76481.100000,1.4,16822
03:34:42,ETH,2266.410000,2266.220000,0.8,16822
03:34:57,BTC,76482.860000,76477.600000,0.7,16837
03:34:57,ETH,2265.790000,2265.850000,-0.3,16837
03:35:12,BTC,76490.010000,76485.400000,0.6,16852
03:35:12,ETH,2265.990000,2266.240000,-1.1,16852
03:35:27,BTC,76491.040000,76485.300000,0.8,16867
03:35:27,ETH,2266.000000,2266.250000,-1.1,16867
03:35:42,BTC,76507.240000,76499.900000,1.0,16882
03:35:42,ETH,2266.260000,2266.230000,0.1,16882
03:35:57,BTC,76492.610000,76494.000000,-0.2,16897
03:35:57,ETH,2265.710000,2265.400000,1.4,16897
03:36:12,BTC,76492.620000,76491.700000,0.1,16912
03:36:12,ETH,2265.420000,2265.400000,0.1,16912
03:36:27,BTC,76493.910000,76483.100000,1.4,16927
03:36:27,ETH,2265.490000,2265.430000,0.3,16927
03:36:42,BTC,76490.140000,76483.100000,0.9,16942
03:36:42,ETH,2265.480000,2265.420000,0.3,16942
03:36:57,BTC,76490.150000,76483.100000,0.9,16957
03:36:57,ETH,2265.500000,2265.750000,-1.1,16957
03:37:12,BTC,76504.010000,76499.700000,0.6,16972
03:37:12,ETH,2265.750000,2265.910000,-0.7,16972
03:37:27,BTC,76514.790000,76513.300000,0.2,16987
03:37:27,ETH,2265.990000,2265.920000,0.3,16987
03:37:42,BTC,76500.020000,76492.700000,1.0,17002
03:37:42,ETH,2265.440000,2265.420000,0.1,17002
03:37:57,BTC,76481.330000,76465.300000,2.1,17017
03:37:57,ETH,2264.930000,2265.010000,-0.4,17017
03:38:12,BTC,76481.340000,76474.300000,0.9,17032
03:38:12,ETH,2264.930000,2265.130000,-0.9,17032
03:38:27,BTC,76484.900000,76481.600000,0.4,17047
03:38:27,ETH,2265.090000,2265.210000,-0.5,17047
03:38:42,BTC,76445.930000,76435.700000,1.3,17062
03:38:42,ETH,2264.110000,2264.280000,-0.8,17062
03:38:57,ETH,2265.290000,2265.160000,0.6,17077
03:39:27,BTC,76479.380000,76475.400000,0.5,17107
03:39:27,ETH,2265.290000,2265.160000,0.6,17107
03:39:42,BTC,76479.400000,76480.000000,-0.1,17122
03:39:42,ETH,2265.420000,2265.200000,1.0,17122
03:39:57,BTC,76493.110000,76495.900000,-0.4,17137
03:39:57,ETH,2266.030000,2265.900000,0.6,17137
03:40:12,BTC,76488.590000,76487.800000,0.1,17152
03:40:12,ETH,2265.950000,2265.910000,0.2,17152
03:40:33,BTC,76488.590000,76487.900000,0.1,17173
03:40:33,ETH,2265.950000,2265.910000,0.2,17173
03:40:48,BTC,76479.390000,76465.900000,1.8,17188
03:40:48,ETH,2265.490000,2265.260000,1.0,17188
03:41:03,BTC,76471.810000,76459.400000,1.6,17203
03:41:03,ETH,2265.130000,2265.230000,-0.4,17203
03:41:18,BTC,76458.010000,76448.000000,1.3,17218
03:41:18,ETH,2264.770000,2264.570000,0.9,17218
03:41:33,BTC,76453.100000,76448.400000,0.6,17233
03:41:33,ETH,2264.820000,2264.900000,-0.4,17233
03:41:48,BTC,76454.510000,76452.000000,0.3,17248
03:41:48,ETH,2264.910000,2264.950000,-0.2,17248
03:42:03,BTC,76465.650000,76459.400000,0.8,17263
03:42:03,ETH,2265.120000,2265.120000,0.0,17263
03:42:18,ETH,2265.250000,2265.350000,-0.4,17278
03:42:43,BTC,76473.120000,76477.000000,-0.5,17303
03:42:43,ETH,2265.250000,2265.350000,-0.4,17303
03:42:58,BTC,76473.120000,76472.500000,0.1,17318
03:42:58,ETH,2265.260000,2265.330000,-0.3,17318
03:43:13,BTC,76473.140000,76468.300000,0.6,17333
03:43:13,ETH,2265.520000,2265.330000,0.8,17333
03:43:28,BTC,76477.450000,76465.600000,1.5,17348
03:43:28,ETH,2265.930000,2265.760000,0.8,17348
03:43:43,BTC,76451.750000,76446.300000,0.7,17363
03:43:43,ETH,2265.430000,2265.230000,0.9,17363
03:43:58,BTC,76418.460000,76405.700000,1.7,17378
03:43:58,ETH,2264.740000,2264.540000,0.9,17378
03:44:13,BTC,76420.680000,76414.800000,0.8,17393
03:44:13,ETH,2264.730000,2264.610000,0.5,17393
03:44:28,BTC,76434.290000,76433.500000,0.1,17408
03:44:28,ETH,2265.170000,2265.250000,-0.4,17408
03:44:43,BTC,76443.280000,76439.600000,0.5,17423
03:44:43,ETH,2265.420000,2265.670000,-1.1,17423
03:44:58,BTC,76443.280000,76436.900000,0.8,17438
03:44:58,ETH,2265.430000,2265.200000,1.0,17438
03:45:13,BTC,76434.990000,76431.700000,0.4,17453
03:45:13,ETH,2265.120000,2265.420000,-1.3,17453
03:45:28,BTC,76435.000000,76430.300000,0.6,17468
03:45:28,ETH,2265.120000,2265.170000,-0.2,17468
03:45:43,BTC,76438.500000,76430.700000,1.0,17483
03:45:43,ETH,2264.710000,2264.640000,0.3,17483
03:45:58,BTC,76420.670000,76415.600000,0.7,17498
03:45:58,ETH,2264.420000,2264.170000,1.1,17498
03:46:13,BTC,76420.680000,76409.600000,1.5,17513
03:46:13,ETH,2263.850000,2263.810000,0.2,17513
03:46:28,BTC,76420.680000,76409.700000,1.4,17528
03:46:28,ETH,2263.670000,2263.570000,0.4,17528
03:46:43,BTC,76406.610000,76404.900000,0.2,17543
03:46:43,ETH,2263.140000,2263.030000,0.5,17543
03:46:58,BTC,76409.300000,76409.000000,0.0,17558
03:46:58,ETH,2263.300000,2263.290000,0.0,17558
03:47:13,BTC,76424.690000,76415.500000,1.2,17573
03:47:13,ETH,2263.510000,2263.330000,0.8,17573
03:47:28,BTC,76431.530000,76419.800000,1.5,17588
03:47:28,ETH,2263.520000,2263.620000,-0.4,17588
03:47:43,BTC,76443.200000,76435.000000,1.1,17603
03:47:43,ETH,2263.660000,2263.780000,-0.5,17603
03:47:58,BTC,76453.420000,76446.300000,0.9,17618
03:47:58,ETH,2263.660000,2263.660000,0.0,17618
03:48:13,BTC,76430.000000,76414.900000,2.0,17633
03:48:13,ETH,2263.300000,2263.030000,1.2,17633
03:48:28,BTC,76436.620000,76432.500000,0.5,17648
03:48:28,ETH,2263.590000,2263.760000,-0.8,17648
03:48:43,BTC,76458.010000,76449.100000,1.2,17663
03:48:43,ETH,2264.260000,2264.190000,0.3,17663
03:48:58,BTC,76456.190000,76443.200000,1.7,17678
03:48:58,ETH,2264.150000,2264.020000,0.6,17678
03:49:13,BTC,76454.050000,76448.400000,0.7,17693
03:49:13,ETH,2263.840000,2263.880000,-0.2,17693
03:49:28,BTC,76454.050000,76440.100000,1.8,17708
03:49:28,ETH,2263.800000,2263.520000,1.2,17708
03:49:43,BTC,76442.710000,76438.700000,0.5,17723
03:49:43,ETH,2264.130000,2263.990000,0.6,17723
03:49:58,BTC,76442.700000,76434.000000,1.1,17738
03:49:58,ETH,2263.950000,2263.780000,0.8,17738
03:50:13,BTC,76404.660000,76395.000000,1.3,17753
03:50:13,ETH,2262.670000,2262.510000,0.7,17753
03:50:28,BTC,76400.000000,76393.400000,0.9,17768
03:50:28,ETH,2262.440000,2262.570000,-0.6,17768
03:50:43,BTC,76406.730000,76404.000000,0.4,17783
03:50:43,ETH,2262.670000,2262.830000,-0.7,17783
03:50:58,BTC,76406.720000,76404.100000,0.3,17798
03:50:58,ETH,2262.660000,2262.460000,0.9,17798
03:51:13,BTC,76429.940000,76432.800000,-0.4,17813
03:51:13,ETH,2262.990000,2263.020000,-0.1,17813
03:51:28,BTC,76429.190000,76428.500000,0.1,17828
03:51:28,ETH,2262.930000,2262.920000,0.0,17828
03:51:43,BTC,76445.910000,76443.400000,0.3,17843
03:51:43,ETH,2263.190000,2263.240000,-0.2,17843
03:51:58,BTC,76435.530000,76428.600000,0.9,17858
03:51:58,ETH,2262.740000,2262.770000,-0.1,17858
03:52:13,BTC,76403.800000,76390.600000,1.7,17873
03:52:13,ETH,2261.080000,2261.000000,0.4,17873
03:52:28,BTC,76410.000000,76410.900000,-0.1,17888
03:52:28,ETH,2261.520000,2261.600000,-0.4,17888
03:52:43,BTC,76423.370000,76422.400000,0.1,17903
03:52:43,ETH,2261.880000,2261.890000,-0.0,17903
03:52:58,BTC,76425.440000,76422.200000,0.4,17918
03:52:58,ETH,2261.880000,2261.890000,-0.0,17918
03:53:13,BTC,76448.380000,76441.600000,0.9,17933
03:53:13,ETH,2262.600000,2262.810000,-0.9,17933
03:53:28,BTC,76448.370000,76441.600000,0.9,17948
03:53:28,ETH,2262.560000,2262.550000,0.0,17948
03:53:43,BTC,76448.370000,76444.400000,0.5,17963
03:53:43,ETH,2262.470000,2262.410000,0.3,17963
03:53:58,BTC,76449.180000,76438.600000,1.4,17978
03:53:58,ETH,2262.590000,2262.510000,0.4,17978
03:54:13,BTC,76437.080000,76438.500000,-0.2,17993
03:54:13,ETH,2262.470000,2262.580000,-0.5,17993
03:54:28,BTC,76438.160000,76427.400000,1.4,18008
03:54:28,ETH,2262.510000,2262.480000,0.1,18008
03:54:43,BTC,76437.470000,76435.300000,0.3,18023
03:54:43,ETH,2262.680000,2262.500000,0.8,18023
03:54:58,BTC,76414.990000,76414.800000,0.0,18038
03:54:58,ETH,2262.180000,2262.140000,0.2,18038
03:55:13,BTC,76384.070000,76376.900000,0.9,18053
03:55:13,ETH,2261.200000,2261.160000,0.2,18053
03:55:28,BTC,76377.140000,76375.000000,0.3,18068
03:55:28,ETH,2261.120000,2261.150000,-0.1,18068
03:55:43,BTC,76377.150000,76370.900000,0.8,18083
03:55:43,ETH,2261.110000,2261.050000,0.3,18083
03:55:58,BTC,76384.060000,76381.800000,0.3,18098
03:55:58,ETH,2261.130000,2261.380000,-1.1,18098
03:56:13,BTC,76392.890000,76389.100000,0.5,18113
03:56:13,ETH,2261.140000,2261.240000,-0.4,18113
03:56:28,BTC,76393.400000,76389.900000,0.5,18128
03:56:28,ETH,2261.130000,2261.230000,-0.4,18128
03:56:43,BTC,76396.300000,76390.000000,0.8,18143
03:56:43,ETH,2261.090000,2261.010000,0.4,18143
03:56:58,BTC,76402.080000,76398.900000,0.4,18158
03:56:58,ETH,2260.630000,2260.610000,0.1,18158
03:57:13,BTC,76406.000000,76402.000000,0.5,18173
03:57:13,ETH,2260.880000,2260.800000,0.4,18173
03:57:28,BTC,76429.400000,76431.700000,-0.3,18188
03:57:28,ETH,2262.470000,2262.340000,0.6,18188
03:57:43,BTC,76439.090000,76440.600000,-0.2,18203
03:57:43,ETH,2262.380000,2262.460000,-0.4,18203
03:57:58,BTC,76434.990000,76426.000000,1.2,18218
03:57:58,ETH,2262.390000,2262.350000,0.2,18218
03:58:13,BTC,76418.040000,76414.000000,0.5,18233
03:58:13,ETH,2261.890000,2262.110000,-1.0,18233
03:58:28,BTC,76406.160000,76398.600000,1.0,18248
03:58:28,ETH,2261.680000,2261.570000,0.5,18248
03:58:43,BTC,76406.200000,76409.000000,-0.4,18263
03:58:43,ETH,2261.720000,2261.810000,-0.4,18263
03:58:58,BTC,76411.270000,76409.100000,0.3,18278
03:58:58,ETH,2261.720000,2261.900000,-0.8,18278
03:59:13,BTC,76414.980000,76418.000000,-0.4,18293
03:59:13,ETH,2262.100000,2262.080000,0.1,18293
03:59:28,BTC,76421.500000,76418.100000,0.4,18308
03:59:28,ETH,2262.670000,2262.740000,-0.3,18308
03:59:43,BTC,76423.720000,76424.100000,-0.0,18323
03:59:43,ETH,2262.620000,2262.760000,-0.6,18323
03:59:58,BTC,76419.200000,76427.200000,-1.0,18338
03:59:58,ETH,2262.350000,2262.380000,-0.1,18338
04:00:13,BTC,76387.570000,76388.200000,-0.1,18353
04:00:13,ETH,2261.160000,2261.440000,-1.2,18353
04:00:28,BTC,76395.000000,76385.400000,1.3,18368
04:00:28,ETH,2261.190000,2261.140000,0.2,18368
04:00:43,BTC,76408.130000,76403.100000,0.7,18383
04:00:43,ETH,2261.320000,2261.390000,-0.3,18383
04:00:58,BTC,76425.120000,76415.300000,1.3,18398
04:00:58,ETH,2261.540000,2261.550000,-0.0,18398
04:01:13,BTC,76394.990000,76399.300000,-0.6,18413
04:01:13,ETH,2260.910000,2260.920000,-0.0,18413
04:01:28,BTC,76410.170000,76409.200000,0.1,18428
04:01:28,ETH,2261.370000,2261.260000,0.5,18428
04:01:43,BTC,76423.920000,76418.900000,0.7,18443
04:01:43,ETH,2261.670000,2261.740000,-0.3,18443
04:01:58,BTC,76423.990000,76429.400000,-0.7,18458
04:01:58,ETH,2261.690000,2261.400000,1.3,18458
04:02:13,BTC,76410.620000,76405.400000,0.7,18473
04:02:13,ETH,2261.480000,2261.410000,0.3,18473
04:02:28,BTC,76415.000000,76419.800000,-0.6,18488
04:02:28,ETH,2261.660000,2261.920000,-1.1,18488
04:02:43,BTC,76414.990000,76415.000000,-0.0,18503
04:02:43,ETH,2261.670000,2261.740000,-0.3,18503
04:02:58,BTC,76410.010000,76410.000000,0.0,18518
04:02:58,ETH,2261.620000,2261.700000,-0.4,18518
04:03:13,BTC,76404.000000,76408.200000,-0.5,18533
04:03:13,ETH,2261.710000,2261.970000,-1.1,18533
04:03:28,BTC,76409.090000,76409.800000,-0.1,18548
04:03:28,ETH,2261.860000,2261.990000,-0.6,18548
04:03:43,BTC,76414.980000,76414.900000,0.0,18563
04:03:43,ETH,2262.190000,2262.200000,-0.0,18563
04:03:58,BTC,76422.000000,76421.600000,0.1,18578
04:03:58,ETH,2262.260000,2262.240000,0.1,18578
04:04:13,BTC,76406.400000,76406.200000,0.0,18593
04:04:13,ETH,2261.940000,2261.950000,-0.0,18593
04:04:28,BTC,76404.010000,76403.900000,0.0,18608
04:04:28,ETH,2261.520000,2261.600000,-0.4,18608
04:04:43,BTC,76404.010000,76404.000000,0.0,18623
04:04:43,ETH,2261.520000,2261.600000,-0.4,18623
04:04:58,BTC,76404.010000,76397.200000,0.9,18638
04:04:58,ETH,2261.020000,2260.960000,0.3,18638
04:05:13,BTC,76404.020000,76395.500000,1.1,18653
04:05:13,ETH,2261.090000,2261.240000,-0.7,18653
04:05:28,BTC,76406.530000,76401.900000,0.6,18668
04:05:28,ETH,2261.460000,2261.360000,0.4,18668
04:05:43,BTC,76418.210000,76420.200000,-0.3,18683
04:05:43,ETH,2261.860000,2262.080000,-1.0,18683
04:05:58,BTC,76418.210000,76420.300000,-0.3,18698
04:05:58,ETH,2261.780000,2261.710000,0.3,18698
04:06:13,BTC,76418.200000,76410.800000,1.0,18713
04:06:13,ETH,2261.770000,2261.710000,0.3,18713
04:06:28,ETH,2261.480000,2261.800000,-1.4,18728
04:06:59,BTC,76395.300000,76390.300000,0.7,18759
04:06:59,ETH,2261.490000,2261.800000,-1.4,18759
04:07:14,BTC,76371.550000,76371.900000,-0.0,18774
04:07:14,ETH,2260.990000,2261.200000,-0.9,18774
04:07:29,ETH,2261.490000,2261.370000,0.5,18789
04:07:59,BTC,76379.990000,76380.000000,-0.0,18819
04:07:59,ETH,2261.490000,2261.370000,0.5,18819
04:08:14,BTC,76379.990000,76380.000000,-0.0,18834
04:08:14,ETH,2261.480000,2261.490000,-0.0,18834
04:08:29,BTC,76384.470000,76382.000000,0.3,18849
04:08:29,ETH,2261.480000,2261.700000,-1.0,18849
04:08:44,BTC,76385.300000,76384.700000,0.1,18864
04:08:44,ETH,2261.400000,2261.350000,0.2,18864
04:08:59,BTC,76403.220000,76409.400000,-0.8,18879
04:08:59,ETH,2262.290000,2262.320000,-0.1,18879
04:09:14,BTC,76403.220000,76400.000000,0.4,18894
04:09:14,ETH,2262.110000,2261.950000,0.7,18894
04:09:29,BTC,76403.220000,76400.000000,0.4,18909
04:09:29,ETH,2262.100000,2261.950000,0.7,18909
04:09:44,BTC,76403.230000,76408.800000,-0.7,18924
04:09:44,ETH,2262.250000,2262.200000,0.2,18924
04:09:59,BTC,76408.000000,76408.900000,-0.1,18939
04:09:59,ETH,2262.240000,2262.290000,-0.2,18939
04:10:14,BTC,76408.000000,76408.900000,-0.1,18954
04:10:14,ETH,2262.240000,2262.360000,-0.5,18954
04:10:29,BTC,76408.000000,76408.800000,-0.1,18969
04:10:29,ETH,2262.240000,2262.250000,-0.0,18969
04:10:44,BTC,76407.990000,76408.300000,-0.0,18984
04:10:44,ETH,2262.240000,2262.250000,-0.0,18984
04:10:59,BTC,76407.990000,76406.400000,0.2,18999
04:10:59,ETH,2262.100000,2261.970000,0.6,18999
04:11:14,BTC,76407.990000,76406.300000,0.2,19014
04:11:14,ETH,2261.960000,2261.960000,0.0,19014
04:11:29,BTC,76391.890000,76397.400000,-0.7,19029
04:11:29,ETH,2261.740000,2261.620000,0.5,19029
04:11:44,BTC,76391.900000,76391.200000,0.1,19044
04:11:44,ETH,2261.740000,2261.620000,0.5,19044
04:11:59,BTC,76391.890000,76397.400000,-0.7,19059
04:11:59,ETH,2261.820000,2262.130000,-1.4,19059
04:12:14,BTC,76407.990000,76406.200000,0.2,19074
04:12:14,ETH,2262.410000,2262.410000,0.0,19074
04:12:29,BTC,76414.450000,76414.900000,-0.1,19089
04:12:29,ETH,2262.770000,2262.870000,-0.4,19089
04:12:44,BTC,76414.440000,76414.800000,-0.0,19104
04:12:44,ETH,2262.780000,2262.870000,-0.4,19104
04:12:59,BTC,76459.640000,76467.300000,-1.0,19119
04:12:59,ETH,2264.340000,2264.520000,-0.8,19119
04:13:14,BTC,76463.640000,76464.400000,-0.1,19134
04:13:14,ETH,2264.340000,2264.600000,-1.1,19134
04:13:29,BTC,76448.760000,76447.500000,0.2,19149
04:13:29,ETH,2263.960000,2263.950000,0.0,19149
04:13:44,BTC,76436.380000,76435.000000,0.2,19164
04:13:44,ETH,2263.670000,2263.800000,-0.6,19164
04:13:59,BTC,76441.990000,76441.100000,0.1,19179
04:13:59,ETH,2263.670000,2263.950000,-1.2,19179
04:14:14,BTC,76450.010000,76451.700000,-0.2,19194
04:14:14,ETH,2263.920000,2264.000000,-0.4,19194
04:14:29,BTC,76450.000000,76451.800000,-0.2,19209
04:14:29,ETH,2263.930000,2264.000000,-0.3,19209
04:14:44,BTC,76450.000000,76447.800000,0.3,19224
04:14:44,ETH,2263.920000,2263.990000,-0.3,19224
04:14:59,BTC,76447.850000,76447.700000,0.0,19239
04:14:59,ETH,2263.930000,2264.000000,-0.3,19239
04:15:14,BTC,76457.650000,76459.000000,-0.2,19254
04:15:14,ETH,2264.680000,2264.810000,-0.6,19254
04:15:29,BTC,76433.170000,76441.200000,-1.1,19269
04:15:29,ETH,2264.430000,2264.250000,0.8,19269
04:15:44,BTC,76391.710000,76390.600000,0.1,19284
04:15:44,ETH,2263.570000,2263.320000,1.1,19284
04:15:59,BTC,76357.300000,76346.600000,1.4,19299
04:15:59,ETH,2262.570000,2262.530000,0.2,19299
04:16:14,BTC,76373.030000,76378.100000,-0.7,19314
04:16:14,ETH,2263.180000,2263.360000,-0.8,19314
04:16:29,BTC,76394.140000,76390.500000,0.5,19329
04:16:29,ETH,2263.820000,2263.500000,1.4,19329
04:16:44,BTC,76400.040000,76405.600000,-0.7,19344
04:16:44,ETH,2263.890000,2264.230000,-1.5,19344
04:16:59,BTC,76335.780000,76325.700000,1.3,19359
04:16:59,ETH,2262.960000,2262.810000,0.7,19359
04:17:14,BTC,76339.100000,76339.700000,-0.1,19374
04:17:14,ETH,2262.740000,2262.610000,0.6,19374
04:17:29,BTC,76352.600000,76346.400000,0.8,19389
04:17:29,ETH,2263.000000,2263.130000,-0.6,19389
04:17:44,BTC,76373.620000,76371.300000,0.3,19404
04:17:44,ETH,2263.080000,2263.400000,-1.4,19404
04:17:59,BTC,76386.320000,76386.500000,-0.0,19419
04:17:59,ETH,2263.290000,2263.490000,-0.9,19419
04:18:14,BTC,76384.410000,76376.900000,1.0,19434
04:18:14,ETH,2263.130000,2262.900000,1.0,19434
04:18:29,BTC,76383.890000,76385.600000,-0.2,19449
04:18:29,ETH,2263.240000,2263.370000,-0.6,19449
04:18:44,BTC,76381.970000,76380.200000,0.2,19464
04:18:44,ETH,2263.230000,2263.420000,-0.8,19464
04:18:59,BTC,76376.460000,76380.700000,-0.6,19479
04:18:59,ETH,2263.360000,2263.530000,-0.8,19479
04:19:14,BTC,76381.830000,76382.400000,-0.1,19494
04:19:14,ETH,2263.430000,2263.530000,-0.4,19494
04:19:29,BTC,76381.830000,76382.400000,-0.1,19509
04:19:29,ETH,2263.520000,2263.530000,-0.0,19509
04:19:44,ETH,2263.800000,2263.850000,-0.2,19524
04:20:12,BTC,76397.900000,76395.600000,0.3,19552
04:20:12,ETH,2263.800000,2263.850000,-0.2,19552
04:20:27,BTC,76397.900000,76394.200000,0.5,19567
04:20:27,ETH,2263.760000,2263.850000,-0.4,19567
04:20:42,BTC,76397.890000,76401.000000,-0.4,19582
04:20:42,ETH,2263.810000,2264.310000,-2.2,19582
04:20:57,BTC,76402.910000,76401.000000,0.2,19597
04:20:57,ETH,2263.810000,2264.110000,-1.3,19597
04:21:12,BTC,76510.720000,76501.100000,1.3,19612
04:21:12,ETH,2266.420000,2266.440000,-0.1,19612
04:21:27,BTC,76475.270000,76463.900000,1.5,19627
04:21:27,ETH,2265.440000,2265.370000,0.3,19627
04:21:42,BTC,76464.530000,76463.800000,0.1,19642
04:21:42,ETH,2265.220000,2265.050000,0.8,19642
04:21:57,BTC,76526.470000,76518.200000,1.1,19657
04:21:57,ETH,2266.770000,2266.730000,0.2,19657
04:22:12,BTC,76509.300000,76498.500000,1.4,19672
04:22:12,ETH,2266.420000,2266.180000,1.1,19672
04:22:27,BTC,76510.000000,76510.200000,-0.0,19687
04:22:27,ETH,2266.180000,2266.180000,0.0,19687
04:22:42,ETH,2266.170000,2266.250000,-0.4,19702
04:23:12,BTC,76509.990000,76504.500000,0.7,19732
04:23:12,ETH,2266.170000,2266.250000,-0.4,19732
04:23:27,BTC,76490.310000,76489.600000,0.1,19747
04:23:27,ETH,2265.740000,2265.800000,-0.3,19747
04:23:42,BTC,76499.690000,76504.300000,-0.6,19762
04:23:42,ETH,2266.180000,2266.040000,0.6,19762
04:23:57,BTC,76500.000000,76501.400000,-0.2,19777
04:23:57,ETH,2266.420000,2266.650000,-1.0,19777
04:24:12,BTC,76499.990000,76501.300000,-0.2,19792
04:24:12,ETH,2266.440000,2266.550000,-0.5,19792
04:24:27,BTC,76486.000000,76479.200000,0.9,19807
04:24:27,ETH,2266.010000,2265.930000,0.4,19807
04:24:42,BTC,76477.400000,76479.300000,-0.2,19822
04:24:42,ETH,2266.000000,2265.940000,0.3,19822
04:24:57,BTC,76468.860000,76460.200000,1.1,19837
04:24:57,ETH,2265.670000,2265.600000,0.3,19837
04:25:12,BTC,76450.010000,76440.700000,1.2,19852
04:25:12,ETH,2264.970000,2264.790000,0.8,19852
04:25:27,BTC,76450.010000,76453.300000,-0.4,19867
04:25:27,ETH,2264.970000,2264.930000,0.2,19867
04:25:42,BTC,76450.000000,76444.300000,0.7,19882
04:25:42,ETH,2264.960000,2264.930000,0.1,19882
04:25:57,BTC,76450.010000,76444.200000,0.8,19897
04:25:57,ETH,2264.960000,2264.920000,0.2,19897
04:26:12,BTC,76462.960000,76468.600000,-0.7,19912
04:26:12,ETH,2265.430000,2265.510000,-0.4,19912
04:26:27,BTC,76469.070000,76461.300000,1.0,19927
04:26:27,ETH,2265.420000,2265.510000,-0.4,19927
04:26:42,BTC,76469.080000,76456.000000,1.7,19942
04:26:42,ETH,2265.420000,2265.500000,-0.4,19942
04:26:57,BTC,76469.080000,76461.200000,1.0,19957
04:26:57,ETH,2265.430000,2265.500000,-0.3,19957
04:27:12,BTC,76469.080000,76461.300000,1.0,19972
04:27:12,ETH,2265.430000,2265.500000,-0.3,19972
04:27:27,BTC,76474.840000,76471.000000,0.5,19987
04:27:27,ETH,2265.590000,2265.650000,-0.3,19987
04:27:42,BTC,76473.530000,76468.100000,0.7,20002
04:27:42,ETH,2265.590000,2265.760000,-0.8,20002
04:27:57,BTC,76473.540000,76468.100000,0.7,20017
04:27:57,ETH,2265.600000,2265.760000,-0.7,20017
04:28:12,BTC,76473.530000,76468.100000,0.7,20032
04:28:12,ETH,2265.590000,2265.760000,-0.8,20032
04:28:27,BTC,76473.530000,76468.100000,0.7,20047
04:28:27,ETH,2265.590000,2265.760000,-0.8,20047
04:28:42,BTC,76473.530000,76468.300000,0.7,20062
04:28:42,ETH,2265.590000,2265.750000,-0.7,20062
04:28:57,BTC,76473.530000,76468.200000,0.7,20077
04:28:57,ETH,2265.570000,2265.470000,0.4,20077
04:29:12,BTC,76473.540000,76468.200000,0.7,20092
04:29:12,ETH,2265.570000,2265.470000,0.4,20092
04:29:27,BTC,76473.540000,76468.300000,0.7,20107
04:29:27,ETH,2265.560000,2265.470000,0.4,20107
04:29:42,BTC,76473.530000,76468.300000,0.7,20122
04:29:42,ETH,2265.440000,2265.470000,-0.1,20122
04:29:57,BTC,76476.430000,76468.300000,1.1,20137
04:29:57,ETH,2265.440000,2265.470000,-0.1,20137
04:30:12,BTC,76465.850000,76465.700000,0.0,20152
04:30:12,ETH,2265.110000,2264.890000,1.0,20152
04:30:27,BTC,76462.170000,76465.300000,-0.4,20167
04:30:27,ETH,2264.880000,2264.860000,0.1,20167
04:30:42,BTC,76473.190000,76475.200000,-0.3,20182
04:30:42,ETH,2265.430000,2265.440000,-0.0,20182
04:30:57,BTC,76483.440000,76477.800000,0.7,20197
04:30:57,ETH,2265.440000,2265.460000,-0.1,20197
04:31:12,BTC,76483.430000,76479.000000,0.6,20212
04:31:12,ETH,2265.280000,2265.200000,0.4,20212
04:31:27,BTC,76477.400000,76471.200000,0.8,20227
04:31:27,ETH,2265.100000,2265.300000,-0.9,20227
04:31:42,BTC,76475.010000,76467.100000,1.0,20242
04:31:42,ETH,2264.950000,2264.950000,0.0,20242
04:31:57,BTC,76475.010000,76467.500000,1.0,20257
04:31:57,ETH,2264.950000,2265.050000,-0.4,20257
04:32:12,BTC,76477.410000,76474.900000,0.3,20272
04:32:12,ETH,2265.150000,2265.280000,-0.6,20272
04:32:27,BTC,76481.080000,76478.800000,0.3,20287
04:32:27,ETH,2265.300000,2265.290000,0.0,20287
04:32:42,BTC,76494.580000,76484.100000,1.4,20302
04:32:42,ETH,2265.770000,2265.770000,0.0,20302
04:32:57,BTC,76486.440000,76479.400000,0.9,20317
04:32:57,ETH,2265.720000,2265.790000,-0.3,20317
04:33:12,BTC,76500.300000,76503.500000,-0.4,20332
04:33:12,ETH,2265.900000,2265.880000,0.1,20332
04:33:27,BTC,76501.740000,76502.600000,-0.1,20347
04:33:27,ETH,2265.810000,2265.880000,-0.3,20347
04:33:42,BTC,76501.740000,76509.100000,-1.0,20362
04:33:42,ETH,2265.810000,2265.920000,-0.5,20362
04:33:57,BTC,76509.410000,76509.100000,0.0,20377
04:33:57,ETH,2265.810000,2265.920000,-0.5,20377
04:34:12,BTC,76502.670000,76494.700000,1.0,20392
04:34:12,ETH,2265.820000,2265.930000,-0.5,20392
04:34:27,BTC,76491.550000,76486.800000,0.6,20407
04:34:27,ETH,2265.490000,2265.550000,-0.3,20407
04:34:42,BTC,76491.550000,76486.900000,0.6,20422
04:34:42,ETH,2265.500000,2265.550000,-0.2,20422
04:34:57,BTC,76485.330000,76480.000000,0.7,20437
04:34:57,ETH,2265.290000,2265.280000,0.0,20437
04:35:12,BTC,76485.330000,76480.000000,0.7,20452
04:35:12,ETH,2265.270000,2265.220000,0.2,20452
04:35:27,BTC,76488.910000,76481.100000,1.0,20467
04:35:27,ETH,2265.190000,2265.210000,-0.1,20467
04:35:42,BTC,76509.990000,76509.100000,0.1,20482
04:35:42,ETH,2265.760000,2265.950000,-0.8,20482
04:35:57,BTC,76509.990000,76504.000000,0.8,20497
04:35:57,ETH,2265.590000,2265.490000,0.4,20497
04:36:12,BTC,76509.990000,76504.000000,0.8,20512
04:36:12,ETH,2265.330000,2265.250000,0.4,20512
04:36:27,BTC,76510.000000,76503.900000,0.8,20527
04:36:27,ETH,2265.300000,2265.240000,0.3,20527
04:36:42,BTC,76509.990000,76504.000000,0.8,20542
04:36:42,ETH,2265.300000,2265.250000,0.2,20542
04:36:57,BTC,76514.740000,76517.200000,-0.3,20557
04:36:57,ETH,2265.460000,2265.650000,-0.8,20557
04:37:12,BTC,76502.960000,76496.100000,0.9,20572
04:37:12,ETH,2265.010000,2264.920000,0.4,20572
04:37:27,BTC,76502.950000,76500.800000,0.3,20587
04:37:27,ETH,2265.020000,2264.910000,0.5,20587
04:37:42,BTC,76513.590000,76518.600000,-0.7,20602
04:37:42,ETH,2265.160000,2265.320000,-0.7,20602
04:37:57,BTC,76513.600000,76513.500000,0.0,20617
04:37:57,ETH,2265.140000,2265.040000,0.4,20617
04:38:12,BTC,76521.090000,76523.900000,-0.4,20632
04:38:12,ETH,2265.560000,2265.570000,-0.0,20632
04:38:27,BTC,76521.080000,76524.000000,-0.4,20647
04:38:27,ETH,2265.560000,2265.560000,0.0,20647
04:38:42,BTC,76522.670000,76526.000000,-0.4,20662
04:38:42,ETH,2265.490000,2265.490000,0.0,20662
04:38:57,BTC,76522.660000,76526.000000,-0.4,20677
04:38:57,ETH,2265.240000,2265.120000,0.5,20677
04:39:12,BTC,76522.670000,76526.000000,-0.4,20692
04:39:12,ETH,2265.250000,2265.130000,0.5,20692
04:39:27,BTC,76522.660000,76526.000000,-0.4,20707
04:39:27,ETH,2265.090000,2265.080000,0.0,20707
04:39:42,BTC,76522.670000,76526.000000,-0.4,20722
04:39:42,ETH,2265.090000,2265.090000,0.0,20722
04:39:57,BTC,76522.670000,76528.400000,-0.7,20737
04:39:57,ETH,2265.090000,2265.080000,0.0,20737
04:40:12,BTC,76522.660000,76528.400000,-0.8,20752
04:40:12,ETH,2265.100000,2265.090000,0.0,20752
04:40:27,BTC,76522.660000,76528.400000,-0.8,20767
04:40:27,ETH,2265.100000,2265.250000,-0.7,20767
04:40:42,BTC,76507.410000,76513.000000,-0.7,20782
04:40:42,ETH,2264.850000,2264.790000,0.3,20782
04:40:57,BTC,76506.140000,76507.600000,-0.2,20797
04:40:57,ETH,2264.850000,2264.840000,0.0,20797
04:41:12,BTC,76511.060000,76512.900000,-0.2,20812
04:41:12,ETH,2265.130000,2264.960000,0.8,20812
04:41:27,BTC,76518.560000,76528.300000,-1.3,20827
04:41:27,ETH,2265.650000,2265.700000,-0.2,20827
04:41:42,BTC,76518.570000,76528.200000,-1.3,20842
04:41:42,ETH,2265.700000,2265.740000,-0.2,20842
04:41:57,ETH,2265.650000,2265.530000,0.5,20857
04:42:22,BTC,76518.560000,76525.700000,-0.9,20882
04:42:22,ETH,2265.650000,2265.530000,0.5,20882
04:42:37,BTC,76518.560000,76525.800000,-0.9,20897
04:42:37,ETH,2265.640000,2265.530000,0.5,20897
04:42:52,BTC,76518.570000,76525.700000,-0.9,20912
04:42:52,ETH,2265.640000,2265.550000,0.4,20912
04:43:07,BTC,76519.870000,76525.800000,-0.8,20927
04:43:07,ETH,2265.540000,2265.550000,-0.0,20927
04:43:22,BTC,76537.310000,76547.700000,-1.4,20942
04:43:22,ETH,2266.010000,2265.800000,0.9,20942
04:43:37,BTC,76522.360000,76524.000000,-0.2,20957
04:43:37,ETH,2265.320000,2265.220000,0.4,20957
04:43:52,BTC,76535.940000,76529.400000,0.9,20972
04:43:52,ETH,2265.330000,2265.330000,0.0,20972
04:44:07,BTC,76527.550000,76522.500000,0.7,20987
04:44:07,ETH,2265.200000,2265.000000,0.9,20987
04:44:22,BTC,76527.360000,76528.500000,-0.1,21002
04:44:22,ETH,2265.130000,2265.190000,-0.3,21002
04:44:37,BTC,76533.960000,76529.300000,0.6,21017
04:44:37,ETH,2264.990000,2264.890000,0.4,21017
04:44:52,BTC,76527.360000,76525.200000,0.3,21032
04:44:52,ETH,2264.670000,2264.470000,0.9,21032
04:45:07,BTC,76521.200000,76522.400000,-0.2,21047
04:45:07,ETH,2264.430000,2264.570000,-0.6,21047
04:45:22,BTC,76521.210000,76522.400000,-0.2,21062
04:45:22,ETH,2264.350000,2264.310000,0.2,21062
04:45:37,BTC,76521.210000,76525.200000,-0.5,21077
04:45:37,ETH,2264.350000,2264.250000,0.4,21077
04:45:52,BTC,76524.090000,76525.100000,-0.1,21092
04:45:52,ETH,2264.080000,2264.010000,0.3,21092
04:46:07,BTC,76522.390000,76523.500000,-0.1,21107
04:46:07,ETH,2263.740000,2263.560000,0.8,21107
04:46:27,BTC,76522.390000,76523.500000,-0.1,21127
04:46:27,ETH,2263.740000,2263.560000,0.8,21127
04:46:42,BTC,76522.390000,76521.000000,0.2,21142
04:46:42,ETH,2263.730000,2263.720000,0.0,21142
04:46:57,BTC,76522.390000,76518.600000,0.5,21157
04:46:57,ETH,2263.740000,2263.730000,0.0,21157
04:47:12,BTC,76512.190000,76513.700000,-0.2,21172
04:47:12,ETH,2263.740000,2263.870000,-0.6,21172
04:47:27,BTC,76515.620000,76518.500000,-0.4,21187
04:47:27,ETH,2263.950000,2264.000000,-0.2,21187
04:47:42,BTC,76515.790000,76519.200000,-0.4,21202
04:47:42,ETH,2264.060000,2264.200000,-0.6,21202
04:47:57,BTC,76519.900000,76522.300000,-0.3,21217
04:47:57,ETH,2264.400000,2264.360000,0.2,21217
04:48:12,BTC,76519.910000,76522.700000,-0.4,21232
04:48:12,ETH,2264.190000,2264.330000,-0.6,21232
04:48:27,BTC,76519.900000,76523.300000,-0.4,21247
04:48:27,ETH,2264.350000,2264.330000,0.1,21247
04:48:42,BTC,76519.900000,76523.400000,-0.5,21262
04:48:42,ETH,2264.400000,2264.350000,0.2,21262
04:48:57,BTC,76554.490000,76551.500000,0.4,21277
04:48:57,ETH,2265.390000,2265.320000,0.3,21277
04:49:12,BTC,76568.890000,76567.900000,0.1,21292
04:49:12,ETH,2265.550000,2265.670000,-0.5,21292
04:49:27,BTC,76564.000000,76559.900000,0.5,21307
04:49:27,ETH,2265.550000,2265.390000,0.7,21307
04:49:42,BTC,76564.010000,76559.900000,0.5,21322
04:49:42,ETH,2265.540000,2265.380000,0.7,21322
04:49:57,BTC,76564.000000,76559.600000,0.6,21337
04:49:57,ETH,2265.540000,2265.380000,0.7,21337
04:50:12,BTC,76551.230000,76559.500000,-1.1,21352
04:50:12,ETH,2265.030000,2265.000000,0.1,21352
04:50:27,BTC,76549.280000,76546.000000,0.4,21367
04:50:27,ETH,2264.750000,2264.800000,-0.2,21367
04:50:42,BTC,76549.290000,76546.000000,0.4,21382
04:50:42,ETH,2264.750000,2264.800000,-0.2,21382
04:50:57,BTC,76537.740000,76538.500000,-0.1,21397
04:50:57,ETH,2264.550000,2264.610000,-0.3,21397
04:51:12,BTC,76537.740000,76536.300000,0.2,21412
04:51:12,ETH,2264.550000,2264.470000,0.4,21412
04:51:27,BTC,76537.730000,76536.200000,0.2,21427
04:51:27,ETH,2264.560000,2264.470000,0.4,21427
04:51:42,BTC,76537.730000,76536.300000,0.2,21442
04:51:42,ETH,2264.550000,2264.470000,0.4,21442
04:51:57,BTC,76539.810000,76543.200000,-0.4,21457
04:51:57,ETH,2265.180000,2265.100000,0.4,21457
04:52:12,ETH,2265.130000,2265.010000,0.5,21472
04:52:35,BTC,76539.810000,76540.200000,-0.1,21495
04:52:35,ETH,2265.130000,2265.010000,0.5,21495
04:52:50,BTC,76535.000000,76536.100000,-0.1,21510
04:52:50,ETH,2264.800000,2264.910000,-0.5,21510
04:53:05,BTC,76535.010000,76535.000000,0.0,21525
04:53:05,ETH,2264.800000,2264.900000,-0.4,21525
04:53:20,BTC,76537.280000,76535.900000,0.2,21540
04:53:20,ETH,2264.800000,2264.840000,-0.2,21540
04:53:40,BTC,76537.280000,76535.900000,0.2,21560
04:53:40,ETH,2264.800000,2264.840000,-0.2,21560
04:53:55,BTC,76537.280000,76539.000000,-0.2,21575
04:53:55,ETH,2264.810000,2264.910000,-0.4,21575
04:54:10,BTC,76537.280000,76535.000000,0.3,21590
04:54:10,ETH,2264.740000,2264.900000,-0.7,21590
04:54:25,BTC,76537.280000,76535.000000,0.3,21605
04:54:25,ETH,2265.180000,2265.230000,-0.2,21605
04:54:40,BTC,76537.280000,76539.500000,-0.3,21620
04:54:40,ETH,2265.190000,2265.230000,-0.2,21620
04:54:55,BTC,76537.280000,76539.600000,-0.3,21635
04:54:55,ETH,2265.190000,2265.290000,-0.4,21635
04:55:10,BTC,76538.280000,76539.800000,-0.2,21650
04:55:10,ETH,2265.260000,2265.280000,-0.1,21650
04:55:25,BTC,76538.280000,76539.700000,-0.2,21665
04:55:25,ETH,2265.360000,2265.290000,0.3,21665
04:55:40,BTC,76538.280000,76539.700000,-0.2,21680
04:55:40,ETH,2265.360000,2265.290000,0.3,21680
04:55:55,BTC,76538.280000,76539.700000,-0.2,21695
04:55:55,ETH,2265.370000,2265.280000,0.4,21695
04:56:10,BTC,76538.270000,76539.500000,-0.2,21710
04:56:10,ETH,2265.420000,2265.400000,0.1,21710
04:56:25,BTC,76538.280000,76539.500000,-0.2,21725
04:56:25,ETH,2265.540000,2265.560000,-0.1,21725
04:56:40,BTC,76538.280000,76539.500000,-0.2,21740
04:56:40,ETH,2265.530000,2265.630000,-0.4,21740
04:56:55,BTC,76538.270000,76539.500000,-0.2,21755
04:56:55,ETH,2265.590000,2265.630000,-0.2,21755
04:57:10,BTC,76538.270000,76534.500000,0.5,21770
04:57:10,ETH,2265.580000,2265.620000,-0.2,21770
04:57:25,BTC,76538.280000,76534.600000,0.5,21785
04:57:25,ETH,2265.580000,2265.620000,-0.2,21785
04:57:40,BTC,76535.000000,76532.200000,0.4,21800
04:57:40,ETH,2265.320000,2265.300000,0.1,21800
04:57:55,BTC,76528.190000,76532.200000,-0.5,21815
04:57:55,ETH,2265.500000,2265.540000,-0.2,21815
04:58:10,BTC,76525.010000,76528.500000,-0.5,21830
04:58:10,ETH,2265.490000,2265.530000,-0.2,21830
04:58:25,BTC,76529.870000,76532.100000,-0.3,21845
04:58:25,ETH,2265.660000,2265.720000,-0.3,21845
04:58:40,BTC,76517.510000,76517.400000,0.0,21860
04:58:40,ETH,2265.570000,2265.730000,-0.7,21860
04:58:55,BTC,76515.000000,76513.600000,0.2,21875
04:58:55,ETH,2265.230000,2265.290000,-0.3,21875
04:59:10,BTC,76492.450000,76491.000000,0.2,21890
04:59:10,ETH,2264.500000,2264.510000,-0.0,21890
04:59:25,BTC,76492.450000,76491.100000,0.2,21905
04:59:25,ETH,2264.410000,2264.360000,0.2,21905
04:59:40,BTC,76492.460000,76491.100000,0.2,21920
04:59:40,ETH,2264.340000,2264.270000,0.3,21920
04:59:55,BTC,76492.450000,76493.000000,-0.1,21935
04:59:55,ETH,2264.340000,2264.260000,0.4,21935
05:00:10,BTC,76492.450000,76497.200000,-0.6,21950
05:00:10,ETH,2264.340000,2264.330000,0.0,21950
05:00:25,ETH,2264.560000,2264.620000,-0.3,21965
05:00:53,BTC,76497.280000,76501.900000,-0.6,21993
05:00:53,ETH,2264.560000,2264.620000,-0.3,21993
05:01:08,BTC,76497.270000,76502.000000,-0.6,22008
05:01:08,ETH,2264.570000,2264.620000,-0.2,22008
05:01:23,BTC,76509.960000,76508.200000,0.2,22023
05:01:23,ETH,2264.640000,2264.790000,-0.7,22023
05:01:38,BTC,76509.960000,76508.100000,0.2,22038
05:01:38,ETH,2264.390000,2264.210000,0.8,22038
05:01:53,BTC,76509.950000,76508.200000,0.2,22053
05:01:53,ETH,2264.350000,2264.210000,0.6,22053
05:02:08,BTC,76509.960000,76508.100000,0.2,22068
05:02:08,ETH,2264.340000,2264.210000,0.6,22068
05:02:23,BTC,76509.950000,76508.200000,0.2,22083
05:02:23,ETH,2264.340000,2264.200000,0.6,22083
05:02:38,BTC,76509.960000,76513.000000,-0.4,22098
05:02:38,ETH,2264.340000,2264.360000,-0.1,22098
05:02:53,BTC,76509.950000,76513.000000,-0.4,22113
05:02:53,ETH,2264.340000,2264.390000,-0.2,22113
05:03:08,BTC,76510.720000,76515.000000,-0.6,22128
05:03:08,ETH,2264.250000,2264.300000,-0.2,22128
05:03:23,BTC,76510.710000,76518.900000,-1.1,22143
05:03:23,ETH,2264.250000,2264.290000,-0.2,22143
05:03:38,BTC,76510.720000,76519.000000,-1.1,22158
05:03:38,ETH,2264.260000,2264.290000,-0.1,22158
05:03:53,BTC,76518.430000,76523.600000,-0.7,22173
05:03:53,ETH,2264.350000,2264.320000,0.1,22173
05:04:08,BTC,76518.420000,76523.500000,-0.7,22188
05:04:08,ETH,2264.340000,2264.450000,-0.5,22188
05:04:23,BTC,76518.430000,76523.900000,-0.7,22203
05:04:23,ETH,2264.350000,2264.450000,-0.4,22203
05:04:38,BTC,76518.430000,76525.800000,-1.0,22218
05:04:38,ETH,2264.260000,2264.030000,1.0,22218
05:04:58,BTC,76518.430000,76525.800000,-1.0,22238
05:04:58,ETH,2264.250000,2264.030000,1.0,22238
05:05:13,BTC,76518.430000,76524.400000,-0.8,22253
05:05:13,ETH,2264.260000,2264.030000,1.0,22253
05:05:28,BTC,76527.770000,76534.500000,-0.9,22268
05:05:28,ETH,2264.260000,2264.260000,0.0,22268
05:05:43,BTC,76530.940000,76535.800000,-0.6,22283
05:05:43,ETH,2264.640000,2264.490000,0.7,22283
05:05:58,BTC,76529.880000,76531.400000,-0.2,22298
05:05:58,ETH,2264.520000,2264.320000,0.9,22298
05:06:13,BTC,76530.940000,76535.600000,-0.6,22313
05:06:13,ETH,2264.520000,2264.480000,0.2,22313
05:06:28,BTC,76535.410000,76535.700000,-0.0,22328
05:06:28,ETH,2264.530000,2264.480000,0.2,22328
05:06:43,BTC,76535.420000,76540.200000,-0.6,22343
05:06:43,ETH,2264.530000,2264.490000,0.2,22343
05:06:58,BTC,76509.950000,76513.000000,-0.4,22358
05:06:58,ETH,2263.610000,2263.480000,0.6,22358
05:07:13,BTC,76509.950000,76513.100000,-0.4,22373
05:07:13,ETH,2263.610000,2263.480000,0.6,22373
05:07:28,BTC,76509.960000,76517.600000,-1.0,22388
05:07:28,ETH,2263.350000,2263.410000,-0.3,22388
05:07:43,BTC,76513.400000,76523.900000,-1.4,22403
05:07:43,ETH,2263.120000,2263.190000,-0.3,22403
05:07:58,BTC,76513.400000,76517.700000,-0.6,22418
05:07:58,ETH,2263.010000,2262.980000,0.1,22418
05:08:13,BTC,76513.400000,76517.600000,-0.5,22433
05:08:13,ETH,2263.020000,2263.160000,-0.6,22433
05:08:28,BTC,76502.990000,76506.500000,-0.5,22448
05:08:28,ETH,2262.890000,2262.980000,-0.4,22448
05:08:43,BTC,76503.190000,76509.400000,-0.8,22463
05:08:43,ETH,2263.010000,2262.980000,0.1,22463
05:08:58,BTC,76504.390000,76506.400000,-0.3,22478
05:08:58,ETH,2263.010000,2262.910000,0.4,22478
05:09:13,BTC,76500.000000,76497.900000,0.3,22493
05:09:13,ETH,2262.490000,2262.720000,-1.0,22493
05:09:28,BTC,76476.250000,76473.200000,0.4,22508
05:09:28,ETH,2262.000000,2261.860000,0.6,22508
05:09:43,BTC,76471.560000,76469.100000,0.3,22523
05:09:43,ETH,2261.830000,2261.830000,0.0,22523
05:09:58,BTC,76458.010000,76458.000000,0.0,22538
05:09:58,ETH,2261.620000,2261.650000,-0.1,22538
05:10:13,BTC,76458.010000,76458.000000,0.0,22553
05:10:13,ETH,2261.610000,2261.600000,0.0,22553
05:10:28,BTC,76458.010000,76459.900000,-0.2,22568
05:10:28,ETH,2261.830000,2262.130000,-1.3,22568
05:10:43,BTC,76458.010000,76459.800000,-0.2,22583
05:10:43,ETH,2261.840000,2262.130000,-1.3,22583
05:10:58,BTC,76458.010000,76459.800000,-0.2,22598
05:10:58,ETH,2261.840000,2262.140000,-1.3,22598
05:11:13,BTC,76458.010000,76459.800000,-0.2,22613
05:11:13,ETH,2261.830000,2261.950000,-0.5,22613
05:11:28,BTC,76458.010000,76459.800000,-0.2,22628
05:11:28,ETH,2261.830000,2261.950000,-0.5,22628
05:11:43,BTC,76458.000000,76459.800000,-0.2,22643
05:11:43,ETH,2261.840000,2261.950000,-0.5,22643
05:11:58,BTC,76458.010000,76459.900000,-0.2,22658
05:11:58,ETH,2261.840000,2261.950000,-0.5,22658
05:12:13,BTC,76452.430000,76452.200000,0.0,22673
05:12:13,ETH,2261.840000,2261.950000,-0.5,22673
05:12:28,BTC,76464.350000,76468.300000,-0.5,22688
05:12:28,ETH,2262.190000,2262.220000,-0.1,22688
05:12:43,BTC,76464.360000,76468.200000,-0.5,22703
05:12:43,ETH,2262.170000,2262.210000,-0.2,22703
05:12:58,BTC,76464.360000,76468.300000,-0.5,22718
05:12:58,ETH,2262.170000,2262.210000,-0.2,22718
05:13:13,BTC,76480.720000,76478.900000,0.2,22733
05:13:13,ETH,2262.500000,2262.500000,0.0,22733
05:13:28,BTC,76489.720000,76491.000000,-0.2,22748
05:13:28,ETH,2263.500000,2263.390000,0.5,22748
05:13:43,ETH,2263.360000,2263.400000,-0.2,22763
05:14:12,BTC,76491.990000,76490.900000,0.1,22792
05:14:12,ETH,2263.360000,2263.400000,-0.2,22792
05:14:27,BTC,76494.410000,76499.200000,-0.6,22807
05:14:27,ETH,2264.090000,2263.630000,2.0,22807
05:14:42,BTC,76494.590000,76496.000000,-0.2,22822
05:14:42,ETH,2264.090000,2264.120000,-0.1,22822
05:14:57,BTC,76494.590000,76496.000000,-0.2,22837
05:14:57,ETH,2264.100000,2264.020000,0.4,22837
05:15:12,BTC,76482.920000,76482.100000,0.1,22852
05:15:12,ETH,2263.970000,2263.860000,0.5,22852
05:15:27,BTC,76482.530000,76482.100000,0.1,22867
05:15:27,ETH,2263.770000,2263.500000,1.2,22867
05:15:42,BTC,76482.530000,76482.100000,0.1,22882
05:15:42,ETH,2263.770000,2263.500000,1.2,22882
05:15:57,BTC,76461.850000,76459.200000,0.3,22897
05:15:57,ETH,2262.860000,2262.860000,0.0,22897
05:16:12,BTC,76461.850000,76459.400000,0.3,22912
05:16:12,ETH,2262.860000,2262.860000,0.0,22912
05:16:27,BTC,76461.840000,76462.500000,-0.1,22927
05:16:27,ETH,2262.750000,2262.860000,-0.5,22927
05:16:42,BTC,76461.840000,76462.700000,-0.1,22942
05:16:42,ETH,2262.750000,2262.540000,0.9,22942
05:16:57,BTC,76450.010000,76448.000000,0.3,22957
05:16:57,ETH,2262.510000,2262.260000,1.1,22957
05:17:12,BTC,76450.010000,76447.600000,0.3,22972
05:17:12,ETH,2262.500000,2262.260000,1.1,22972
05:17:27,BTC,76452.410000,76452.800000,-0.1,22987
05:17:27,ETH,2262.510000,2262.440000,0.3,22987
05:17:42,BTC,76452.410000,76455.600000,-0.4,23002
05:17:42,ETH,2262.510000,2262.460000,0.2,23002
05:17:57,BTC,76450.000000,76445.800000,0.5,23017
05:17:57,ETH,2262.460000,2262.270000,0.8,23017
05:18:12,BTC,76448.570000,76445.700000,0.4,23032
05:18:12,ETH,2262.360000,2262.270000,0.4,23032
05:18:27,BTC,76447.780000,76441.800000,0.8,23047
05:18:27,ETH,2261.760000,2261.610000,0.7,23047
05:18:42,BTC,76447.770000,76442.500000,0.7,23062
05:18:42,ETH,2261.760000,2261.610000,0.7,23062
05:18:57,BTC,76447.780000,76444.300000,0.5,23077
05:18:57,ETH,2261.640000,2261.350000,1.3,23077
05:19:12,BTC,76447.780000,76442.500000,0.7,23092
05:19:12,ETH,2261.640000,2261.650000,-0.0,23092
05:19:27,BTC,76442.610000,76435.700000,0.9,23107
05:19:27,ETH,2261.630000,2261.640000,-0.0,23107
05:19:42,BTC,76442.610000,76438.300000,0.6,23122
05:19:42,ETH,2261.630000,2261.430000,0.9,23122
05:19:57,BTC,76442.600000,76441.300000,0.2,23137
05:19:57,ETH,2261.640000,2261.450000,0.8,23137
05:20:12,BTC,76442.600000,76441.300000,0.2,23152
05:20:12,ETH,2261.640000,2261.770000,-0.6,23152
05:20:27,BTC,76448.570000,76454.900000,-0.8,23167
05:20:27,ETH,2261.760000,2261.770000,-0.0,23167
05:20:42,ETH,2262.600000,2262.360000,1.1,23182
05:21:12,BTC,76457.570000,76461.400000,-0.5,23212
05:21:12,ETH,2262.280000,2262.360000,-0.4,23212
05:21:27,BTC,76390.750000,76391.300000,-0.1,23227
05:21:27,ETH,2260.830000,2260.800000,0.1,23227
05:21:42,BTC,76390.750000,76392.600000,-0.2,23242
05:21:42,ETH,2260.880000,2260.850000,0.1,23242
05:21:57,BTC,76394.660000,76399.000000,-0.6,23257
05:21:57,ETH,2260.880000,2260.920000,-0.2,23257
05:22:12,BTC,76387.490000,76382.100000,0.7,23272
05:22:12,ETH,2260.210000,2260.250000,-0.2,23272
05:22:27,BTC,76372.210000,76380.400000,-1.1,23287
05:22:27,ETH,2259.490000,2259.390000,0.4,23287
05:22:42,BTC,76382.850000,76381.500000,0.2,23302
05:22:42,ETH,2260.110000,2260.200000,-0.4,23302
05:22:57,BTC,76373.260000,76375.100000,-0.2,23317
05:22:57,ETH,2259.000000,2258.980000,0.1,23317
05:23:15,BTC,76373.260000,76375.000000,-0.2,23335
05:23:15,ETH,2259.010000,2258.980000,0.1,23335
05:23:30,BTC,76370.130000,76369.500000,0.1,23350
05:23:30,ETH,2259.010000,2259.120000,-0.5,23350
05:23:45,BTC,76378.330000,76377.500000,0.1,23365
05:23:45,ETH,2259.710000,2259.740000,-0.1,23365
05:24:00,ETH,2259.710000,2259.780000,-0.3,23380
05:24:29,BTC,76384.520000,76388.200000,-0.5,23409
05:24:29,ETH,2259.710000,2259.780000,-0.3,23409
05:24:44,BTC,76384.510000,76388.300000,-0.5,23424
05:24:44,ETH,2259.710000,2259.790000,-0.4,23424
05:24:59,BTC,76384.510000,76388.300000,-0.5,23439
05:24:59,ETH,2259.710000,2259.790000,-0.4,23439
05:25:14,BTC,76396.730000,76401.400000,-0.6,23454
05:25:14,ETH,2259.830000,2259.890000,-0.3,23454
05:25:29,BTC,76396.730000,76402.500000,-0.8,23469
05:25:29,ETH,2260.050000,2260.100000,-0.2,23469
05:25:44,BTC,76396.730000,76402.500000,-0.8,23484
05:25:44,ETH,2260.030000,2259.960000,0.3,23484
05:25:59,BTC,76396.730000,76387.600000,1.2,23499
05:25:59,ETH,2259.890000,2259.620000,1.2,23499
05:26:14,BTC,76396.740000,76393.200000,0.5,23514
05:26:14,ETH,2259.890000,2259.840000,0.2,23514
05:26:29,BTC,76396.730000,76397.400000,-0.1,23529
05:26:29,ETH,2259.920000,2259.840000,0.4,23529
05:26:44,BTC,76394.830000,76391.200000,0.5,23544
05:26:44,ETH,2259.620000,2259.570000,0.2,23544
05:26:59,BTC,76393.880000,76391.200000,0.4,23559
05:26:59,ETH,2259.610000,2259.800000,-0.8,23559
05:27:14,BTC,76393.880000,76391.200000,0.4,23574
05:27:14,ETH,2259.620000,2259.800000,-0.8,23574
05:27:29,BTC,76393.890000,76391.300000,0.3,23589
05:27:29,ETH,2259.620000,2259.800000,-0.8,23589
05:27:44,BTC,76393.890000,76391.300000,0.3,23604
05:27:44,ETH,2259.930000,2259.900000,0.1,23604
05:27:59,BTC,76393.880000,76391.200000,0.4,23619
05:27:59,ETH,2259.930000,2259.970000,-0.2,23619
05:28:14,BTC,76363.600000,76364.500000,-0.1,23634
05:28:14,ETH,2259.070000,2258.910000,0.7,23634
05:28:29,BTC,76352.010000,76349.600000,0.3,23649
05:28:29,ETH,2258.650000,2258.810000,-0.7,23649
05:28:44,BTC,76343.880000,76341.600000,0.3,23664
05:28:44,ETH,2258.350000,2258.370000,-0.1,23664
05:28:59,BTC,76337.100000,76337.600000,-0.1,23679
05:28:59,ETH,2258.170000,2258.190000,-0.1,23679
05:29:14,BTC,76337.110000,76337.700000,-0.1,23694
05:29:14,ETH,2258.130000,2258.010000,0.5,23694
05:29:29,BTC,76333.090000,76333.700000,-0.1,23709
05:29:29,ETH,2257.590000,2257.770000,-0.8,23709
05:29:44,BTC,76323.050000,76325.700000,-0.3,23724
05:29:44,ETH,2257.280000,2257.450000,-0.8,23724
05:29:59,BTC,76329.290000,76333.500000,-0.6,23739
05:29:59,ETH,2257.530000,2257.890000,-1.6,23739
05:30:14,BTC,76337.510000,76337.600000,-0.0,23754
05:30:14,ETH,2257.730000,2257.670000,0.3,23754
05:30:29,BTC,76347.700000,76349.600000,-0.2,23769
05:30:29,ETH,2258.030000,2258.350000,-1.4,23769
05:30:44,BTC,76359.730000,76361.400000,-0.2,23784
05:30:44,ETH,2259.080000,2259.100000,-0.1,23784
05:30:59,BTC,76359.740000,76365.500000,-0.8,23799
05:30:59,ETH,2259.160000,2259.340000,-0.8,23799
05:31:14,BTC,76359.730000,76369.200000,-1.2,23814
05:31:14,ETH,2259.160000,2259.340000,-0.8,23814
05:31:29,BTC,76359.740000,76369.100000,-1.2,23829
05:31:29,ETH,2258.980000,2258.830000,0.7,23829
05:31:44,BTC,76359.730000,76366.000000,-0.8,23844
05:31:44,ETH,2258.900000,2258.840000,0.3,23844
05:31:59,BTC,76359.740000,76365.900000,-0.8,23859
05:31:59,ETH,2258.900000,2258.840000,0.3,23859
05:32:14,BTC,76359.740000,76365.900000,-0.8,23874
05:32:14,ETH,2258.690000,2258.830000,-0.6,23874
05:32:29,BTC,76359.750000,76364.900000,-0.7,23889
05:32:29,ETH,2258.590000,2258.810000,-1.0,23889
05:32:44,BTC,76374.000000,76369.400000,0.6,23904
05:32:44,ETH,2258.970000,2259.210000,-1.1,23904
05:32:59,BTC,76373.990000,76377.100000,-0.4,23919
05:32:59,ETH,2258.970000,2259.420000,-2.0,23919
05:33:14,BTC,76376.000000,76377.400000,-0.2,23934
05:33:14,ETH,2259.040000,2259.270000,-1.0,23934
05:33:29,BTC,76381.880000,76389.500000,-1.0,23949
05:33:29,ETH,2259.150000,2259.390000,-1.1,23949
05:33:44,BTC,76394.780000,76394.900000,-0.0,23964
05:33:44,ETH,2259.150000,2259.390000,-1.1,23964
05:33:59,BTC,76394.780000,76405.500000,-1.4,23979
05:33:59,ETH,2259.160000,2259.390000,-1.0,23979
05:34:14,BTC,76402.920000,76413.400000,-1.4,23994
05:34:14,ETH,2259.380000,2259.780000,-1.8,23994
05:34:29,BTC,76412.760000,76417.400000,-0.6,24009
05:34:29,ETH,2260.010000,2260.100000,-0.4,24009
05:34:44,BTC,76417.880000,76422.100000,-0.6,24024
05:34:44,ETH,2260.130000,2259.920000,0.9,24024
05:34:59,BTC,76417.880000,76422.200000,-0.6,24039
05:34:59,ETH,2260.010000,2259.920000,0.4,24039
05:35:14,BTC,76427.960000,76425.400000,0.3,24054
05:35:14,ETH,2260.150000,2259.950000,0.9,24054
05:35:29,BTC,76427.960000,76433.200000,-0.7,24069
05:35:29,ETH,2260.160000,2259.950000,0.9,24069
05:35:44,BTC,76437.050000,76434.000000,0.4,24084
05:35:44,ETH,2260.210000,2260.300000,-0.4,24084
05:35:59,BTC,76441.390000,76444.600000,-0.4,24099
05:35:59,ETH,2260.210000,2260.210000,0.0,24099
05:36:14,BTC,76447.770000,76445.400000,0.3,24114
05:36:14,ETH,2260.200000,2260.210000,-0.0,24114
05:36:29,BTC,76447.770000,76455.200000,-1.0,24129
05:36:29,ETH,2260.210000,2260.210000,0.0,24129
05:36:44,BTC,76443.110000,76441.700000,0.2,24144
05:36:44,ETH,2259.870000,2259.800000,0.3,24144
05:36:59,BTC,76443.110000,76445.400000,-0.3,24159
05:36:59,ETH,2259.860000,2259.920000,-0.3,24159
05:37:14,BTC,76445.070000,76449.300000,-0.6,24174
05:37:14,ETH,2259.860000,2259.910000,-0.2,24174
05:37:29,BTC,76445.070000,76449.300000,-0.6,24189
05:37:29,ETH,2259.860000,2259.920000,-0.3,24189
05:37:44,BTC,76445.080000,76443.300000,0.2,24204
05:37:44,ETH,2259.870000,2259.920000,-0.2,24204
05:37:59,BTC,76445.070000,76448.400000,-0.4,24219
05:37:59,ETH,2259.860000,2259.920000,-0.3,24219
05:38:14,BTC,76451.470000,76449.500000,0.3,24234
05:38:14,ETH,2260.220000,2260.120000,0.4,24234
05:38:29,BTC,76451.480000,76449.500000,0.3,24249
05:38:29,ETH,2260.220000,2260.130000,0.4,24249
05:38:44,BTC,76451.470000,76449.400000,0.3,24264
05:38:44,ETH,2260.090000,2260.130000,-0.2,24264
05:38:59,ETH,2259.390000,2259.350000,0.2,24279
05:39:27,BTC,76421.450000,76425.500000,-0.5,24307
05:39:27,ETH,2259.390000,2259.350000,0.2,24307
05:39:42,BTC,76421.450000,76421.900000,-0.1,24322
05:39:42,ETH,2259.320000,2259.350000,-0.1,24322
05:39:57,BTC,76421.450000,76421.800000,-0.0,24337
05:39:57,ETH,2259.320000,2259.240000,0.4,24337
05:40:12,BTC,76421.460000,76421.700000,-0.0,24352
05:40:12,ETH,2259.200000,2259.250000,-0.2,24352
05:40:27,BTC,76421.460000,76421.700000,-0.0,24367
05:40:27,ETH,2259.180000,2259.240000,-0.3,24367
05:40:42,BTC,76421.450000,76421.600000,-0.0,24382
05:40:42,ETH,2259.190000,2259.230000,-0.2,24382
05:40:57,BTC,76421.450000,76421.800000,-0.0,24397
05:40:57,ETH,2259.200000,2259.230000,-0.1,24397
05:41:12,BTC,76421.460000,76426.900000,-0.7,24412
05:41:12,ETH,2259.190000,2259.230000,-0.2,24412
05:41:27,BTC,76423.740000,76427.800000,-0.5,24427
05:41:27,ETH,2259.190000,2259.230000,-0.2,24427
05:41:42,BTC,76435.750000,76433.400000,0.3,24442
05:41:42,ETH,2259.530000,2259.450000,0.4,24442
05:41:57,BTC,76435.750000,76433.300000,0.3,24457
05:41:57,ETH,2259.810000,2259.800000,0.0,24457
05:42:12,BTC,76435.750000,76435.800000,-0.0,24472
05:42:12,ETH,2259.980000,2259.960000,0.1,24472
05:42:27,BTC,76438.460000,76440.300000,-0.2,24487
05:42:27,ETH,2259.980000,2259.990000,-0.0,24487
05:42:42,BTC,76438.460000,76440.200000,-0.2,24502
05:42:42,ETH,2260.560000,2260.500000,0.3,24502
05:42:57,BTC,76438.450000,76440.200000,-0.2,24517
05:42:57,ETH,2260.570000,2260.660000,-0.4,24517
05:43:12,ETH,2260.560000,2260.650000,-0.4,24532
05:43:42,BTC,76418.150000,76419.900000,-0.2,24562
05:43:42,ETH,2260.560000,2260.650000,-0.4,24562
05:43:57,BTC,76410.020000,76413.300000,-0.4,24577
05:43:57,ETH,2260.830000,2260.570000,1.2,24577
05:44:12,BTC,76411.020000,76413.300000,-0.3,24592
05:44:12,ETH,2260.200000,2260.170000,0.1,24592
05:44:27,BTC,76401.930000,76400.000000,0.3,24607
05:44:27,ETH,2259.940000,2260.010000,-0.3,24607
05:44:42,BTC,76393.640000,76396.200000,-0.3,24622
05:44:42,ETH,2259.940000,2260.010000,-0.3,24622
05:44:57,BTC,76390.550000,76390.700000,-0.0,24637
05:44:57,ETH,2259.930000,2260.010000,-0.4,24637
05:45:12,BTC,76389.830000,76390.700000,-0.1,24652
05:45:12,ETH,2259.900000,2259.900000,0.0,24652
05:45:27,BTC,76386.860000,76386.900000,-0.0,24667
05:45:27,ETH,2259.850000,2259.900000,-0.2,24667
05:45:42,BTC,76384.210000,76384.900000,-0.1,24682
05:45:42,ETH,2259.590000,2259.630000,-0.2,24682
05:45:57,BTC,76361.810000,76368.000000,-0.8,24697
05:45:57,ETH,2259.320000,2259.110000,0.9,24697
05:46:12,BTC,76356.660000,76362.200000,-0.7,24712
05:46:12,ETH,2258.620000,2258.620000,0.0,24712
05:46:27,BTC,76343.500000,76350.900000,-1.0,24727
05:46:27,ETH,2258.130000,2258.130000,0.0,24727
05:46:42,BTC,76321.040000,76327.800000,-0.9,24742
05:46:42,ETH,2258.610000,2258.730000,-0.5,24742
05:46:57,BTC,76351.990000,76350.800000,0.2,24757
05:46:57,ETH,2259.390000,2259.210000,0.8,24757
05:47:12,BTC,76338.790000,76339.700000,-0.1,24772
05:47:12,ETH,2258.790000,2258.600000,0.8,24772
05:47:27,BTC,76331.240000,76331.200000,0.0,24787
05:47:27,ETH,2258.590000,2258.470000,0.5,24787
05:47:42,BTC,76334.990000,76337.800000,-0.4,24802
05:47:42,ETH,2259.350000,2259.060000,1.3,24802
05:47:57,BTC,76318.120000,76322.700000,-0.6,24817
05:47:57,ETH,2259.360000,2259.060000,1.3,24817
05:48:12,BTC,76331.980000,76339.500000,-1.0,24832
05:48:12,ETH,2259.360000,2259.350000,0.0,24832
05:48:27,BTC,76285.130000,76283.000000,0.3,24847
05:48:27,ETH,2258.730000,2258.350000,1.7,24847
05:48:42,BTC,76297.010000,76299.800000,-0.4,24862
05:48:42,ETH,2257.490000,2257.610000,-0.5,24862
05:48:57,BTC,76302.320000,76294.600000,1.0,24877
05:48:57,ETH,2256.980000,2257.010000,-0.1,24877
05:49:12,BTC,76325.280000,76322.600000,0.4,24892
05:49:12,ETH,2257.060000,2257.170000,-0.5,24892
05:49:27,BTC,76326.790000,76328.100000,-0.2,24907
05:49:27,ETH,2257.430000,2257.650000,-1.0,24907
05:49:42,BTC,76326.790000,76328.100000,-0.2,24922
05:49:42,ETH,2257.440000,2257.660000,-1.0,24922
05:49:57,BTC,76326.800000,76323.800000,0.4,24937
05:49:57,ETH,2257.430000,2257.620000,-0.8,24937
05:50:12,BTC,76326.800000,76327.900000,-0.1,24952
05:50:12,ETH,2257.370000,2257.440000,-0.3,24952
05:50:27,BTC,76336.810000,76331.600000,0.7,24967
05:50:27,ETH,2257.370000,2257.490000,-0.5,24967
05:50:42,BTC,76340.730000,76333.900000,0.9,24982
05:50:42,ETH,2257.710000,2257.770000,-0.3,24982
05:50:57,BTC,76340.730000,76345.100000,-0.6,24997
05:50:57,ETH,2257.810000,2258.140000,-1.5,24997
05:51:12,BTC,76345.750000,76348.400000,-0.3,25012
05:51:12,ETH,2257.810000,2258.020000,-0.9,25012
05:51:27,BTC,76345.750000,76348.400000,-0.3,25027
05:51:27,ETH,2257.940000,2258.220000,-1.2,25027
05:51:42,BTC,76338.750000,76339.700000,-0.1,25042
05:51:42,ETH,2258.090000,2258.230000,-0.6,25042
05:51:57,BTC,76333.650000,76339.700000,-0.8,25057
05:51:57,ETH,2258.090000,2258.370000,-1.2,25057
05:52:12,ETH,2257.980000,2258.090000,-0.5,25072
05:52:42,BTC,76305.320000,76317.000000,-1.5,25102
05:52:42,ETH,2257.980000,2258.090000,-0.5,25102
05:52:57,BTC,76268.100000,76277.700000,-1.3,25117
05:52:57,ETH,2255.340000,2255.560000,-1.0,25117
05:53:12,BTC,76268.100000,76277.800000,-1.3,25132
05:53:12,ETH,2256.050000,2256.270000,-1.0,25132
05:53:27,BTC,76292.710000,76294.100000,-0.2,25147
05:53:27,ETH,2257.380000,2257.410000,-0.1,25147
05:53:42,BTC,76307.390000,76306.600000,0.1,25162
05:53:42,ETH,2257.800000,2257.890000,-0.4,25162
05:53:57,BTC,76295.630000,76305.700000,-1.3,25177
05:53:57,ETH,2257.800000,2257.970000,-0.8,25177
05:54:12,BTC,76292.170000,76300.000000,-1.0,25192
05:54:12,ETH,2257.680000,2257.800000,-0.5,25192
05:54:27,BTC,76275.970000,76283.000000,-0.9,25207
05:54:27,ETH,2256.330000,2256.460000,-0.6,25207
05:54:42,BTC,76262.920000,76265.700000,-0.4,25222
05:54:42,ETH,2255.150000,2255.280000,-0.6,25222
05:54:57,BTC,76245.390000,76253.300000,-1.0,25237
05:54:57,ETH,2254.270000,2254.480000,-0.9,25237
05:55:12,BTC,76254.990000,76253.500000,0.2,25252
05:55:12,ETH,2254.550000,2254.840000,-1.3,25252
05:55:27,BTC,76267.530000,76271.600000,-0.5,25267
05:55:27,ETH,2255.000000,2255.180000,-0.8,25267
05:55:42,BTC,76279.990000,76282.800000,-0.4,25282
05:55:42,ETH,2256.290000,2256.320000,-0.1,25282
05:55:57,BTC,76280.000000,76282.600000,-0.3,25297
05:55:57,ETH,2256.290000,2256.290000,0.0,25297
05:56:12,BTC,76280.000000,76282.600000,-0.3,25312
05:56:12,ETH,2256.140000,2255.990000,0.7,25312
05:56:27,BTC,76280.000000,76282.700000,-0.4,25327
05:56:27,ETH,2256.150000,2255.980000,0.8,25327
05:56:42,BTC,76280.000000,76279.400000,0.1,25342
05:56:42,ETH,2256.110000,2255.980000,0.6,25342
05:56:57,BTC,76276.900000,76282.900000,-0.8,25357
05:56:57,ETH,2256.120000,2256.050000,0.3,25357
05:57:12,BTC,76267.390000,76277.300000,-1.3,25372
05:57:12,ETH,2256.110000,2256.090000,0.1,25372
05:57:27,BTC,76267.390000,76272.200000,-0.6,25387
05:57:27,ETH,2255.970000,2255.790000,0.8,25387
05:57:42,BTC,76265.000000,76271.600000,-0.9,25402
05:57:42,ETH,2255.440000,2255.690000,-1.1,25402
05:57:57,BTC,76265.010000,76266.100000,-0.1,25417
05:57:57,ETH,2255.530000,2255.520000,0.0,25417
05:58:12,BTC,76265.000000,76267.000000,-0.3,25432
05:58:12,ETH,2255.700000,2255.980000,-1.2,25432
05:58:27,BTC,76265.000000,76267.000000,-0.3,25447
05:58:27,ETH,2255.940000,2256.120000,-0.8,25447
05:58:42,BTC,76265.000000,76267.000000,-0.3,25462
05:58:42,ETH,2256.140000,2256.220000,-0.4,25462
05:58:57,BTC,76265.000000,76266.900000,-0.2,25477
05:58:57,ETH,2256.140000,2256.300000,-0.7,25477
05:59:12,BTC,76281.930000,76279.000000,0.4,25492
05:59:12,ETH,2257.140000,2257.080000,0.3,25492
05:59:27,BTC,76281.860000,76279.600000,0.3,25507
05:59:27,ETH,2257.140000,2257.080000,0.3,25507
05:59:42,BTC,76281.850000,76286.900000,-0.7,25522
05:59:42,ETH,2257.260000,2257.570000,-1.4,25522
05:59:57,BTC,76241.780000,76243.800000,-0.3,25537
05:59:57,ETH,2256.290000,2256.320000,-0.1,25537
06:00:12,BTC,76271.390000,76271.600000,-0.0,25552
06:00:12,ETH,2256.860000,2257.150000,-1.3,25552
06:00:27,BTC,76293.930000,76288.600000,0.7,25567
06:00:27,ETH,2257.560000,2257.790000,-1.0,25567
06:00:42,BTC,76300.000000,76297.300000,0.4,25582
06:00:42,ETH,2257.640000,2257.780000,-0.6,25582
06:00:57,BTC,76299.990000,76299.700000,0.0,25597
06:00:57,ETH,2257.640000,2257.780000,-0.6,25597
06:01:12,BTC,76300.000000,76299.900000,0.0,25612
06:01:12,ETH,2257.840000,2257.790000,0.2,25612
06:01:27,BTC,76311.470000,76311.200000,0.0,25627
06:01:27,ETH,2258.140000,2258.340000,-0.9,25627
06:01:42,BTC,76298.320000,76294.300000,0.5,25642
06:01:42,ETH,2258.000000,2258.060000,-0.3,25642
06:01:57,BTC,76292.790000,76294.200000,-0.2,25657
06:01:57,ETH,2258.120000,2258.130000,-0.0,25657
06:02:12,BTC,76307.660000,76315.400000,-1.0,25672
06:02:12,ETH,2258.140000,2258.360000,-1.0,25672
06:02:27,BTC,76306.460000,76305.600000,0.1,25687
06:02:27,ETH,2258.140000,2258.160000,-0.1,25687
06:02:42,BTC,76306.450000,76308.200000,-0.2,25702
06:02:42,ETH,2258.220000,2258.170000,0.2,25702
06:02:57,BTC,76306.460000,76308.200000,-0.2,25717
06:02:57,ETH,2258.230000,2258.370000,-0.6,25717
06:03:12,BTC,76287.900000,76294.200000,-0.8,25732
06:03:12,ETH,2257.310000,2257.470000,-0.7,25732
06:03:27,BTC,76286.320000,76288.600000,-0.3,25747
06:03:27,ETH,2256.980000,2257.130000,-0.7,25747
06:03:42,BTC,76269.230000,76271.600000,-0.3,25762
06:03:42,ETH,2256.610000,2256.830000,-1.0,25762
06:03:57,BTC,76255.800000,76260.400000,-0.6,25777
06:03:57,ETH,2256.220000,2256.360000,-0.6,25777
06:04:12,BTC,76262.920000,76260.700000,0.3,25792
06:04:12,ETH,2256.330000,2256.360000,-0.1,25792
06:04:27,ETH,2256.780000,2257.000000,-1.0,25807
06:04:57,BTC,76277.990000,76281.600000,-0.5,25837
06:04:57,ETH,2256.770000,2257.000000,-1.0,25837
06:05:12,BTC,76293.030000,76288.600000,0.6,25852
06:05:12,ETH,2257.020000,2257.290000,-1.2,25852
06:05:27,BTC,76288.560000,76288.600000,-0.0,25867
06:05:27,ETH,2256.840000,2256.950000,-0.5,25867
06:05:42,BTC,76306.130000,76305.500000,0.1,25882
06:05:42,ETH,2257.570000,2257.890000,-1.4,25882
06:05:57,BTC,76308.410000,76311.100000,-0.4,25897
06:05:57,ETH,2257.560000,2257.900000,-1.5,25897
06:06:12,BTC,76325.830000,76322.600000,0.4,25912
06:06:12,ETH,2258.020000,2258.250000,-1.0,25912
06:06:27,ETH,2258.770000,2259.050000,-1.2,25927
06:06:57,BTC,76339.870000,76339.500000,0.0,25957
06:06:57,ETH,2258.770000,2259.050000,-1.2,25957
06:07:12,BTC,76336.060000,76328.300000,1.0,25972
06:07:12,ETH,2258.510000,2258.770000,-1.2,25972
06:07:27,BTC,76343.740000,76339.700000,0.5,25987
06:07:27,ETH,2258.200000,2258.050000,0.7,25987
06:07:42,BTC,76340.210000,76339.600000,0.1,26002
06:07:42,ETH,2258.210000,2258.330000,-0.5,26002
06:07:57,BTC,76340.200000,76339.700000,0.1,26017
06:07:57,ETH,2258.330000,2258.270000,0.3,26017
06:08:12,BTC,76340.210000,76339.600000,0.1,26032
06:08:12,ETH,2258.340000,2258.330000,0.0,26032
06:08:27,BTC,76343.420000,76339.600000,0.5,26047
06:08:27,ETH,2258.620000,2258.590000,0.1,26047
06:08:42,BTC,76349.990000,76345.200000,0.6,26062
06:08:42,ETH,2258.690000,2258.850000,-0.7,26062
06:08:57,BTC,76353.450000,76356.600000,-0.4,26077
06:08:57,ETH,2258.850000,2259.100000,-1.1,26077
06:09:12,BTC,76356.870000,76350.900000,0.8,26092
06:09:12,ETH,2258.980000,2258.750000,1.0,26092
06:09:27,BTC,76346.510000,76339.700000,0.9,26107
06:09:27,ETH,2258.680000,2258.490000,0.8,26107
06:09:42,BTC,76318.530000,76317.000000,0.2,26122
06:09:42,ETH,2257.370000,2257.200000,0.8,26122
06:10:03,BTC,76318.530000,76317.000000,0.2,26143
06:10:03,ETH,2257.360000,2257.200000,0.7,26143
06:10:18,BTC,76316.730000,76317.200000,-0.1,26158
06:10:18,ETH,2257.370000,2257.280000,0.4,26158
06:10:33,BTC,76316.720000,76317.300000,-0.1,26173
06:10:33,ETH,2257.370000,2257.380000,-0.0,26173
06:10:48,BTC,76312.440000,76312.800000,-0.0,26188
06:10:48,ETH,2257.400000,2257.520000,-0.5,26188
06:11:03,BTC,76323.170000,76334.300000,-1.5,26203
06:11:03,ETH,2258.080000,2258.090000,-0.0,26203
06:11:18,BTC,76323.170000,76330.100000,-0.9,26218
06:11:18,ETH,2258.080000,2258.090000,-0.0,26218
06:11:33,BTC,76329.980000,76336.400000,-0.8,26233
06:11:33,ETH,2258.150000,2258.230000,-0.4,26233
06:11:48,BTC,76329.990000,76336.300000,-0.8,26248
06:11:48,ETH,2258.140000,2258.120000,0.1,26248
06:12:03,BTC,76343.130000,76337.800000,0.7,26263
06:12:03,ETH,2258.420000,2258.740000,-1.4,26263
06:12:18,BTC,76352.810000,76345.900000,0.9,26278
06:12:18,ETH,2258.720000,2258.850000,-0.6,26278
06:12:33,BTC,76352.810000,76345.900000,0.9,26293
06:12:33,ETH,2258.720000,2258.980000,-1.2,26293
06:12:48,BTC,76354.200000,76353.900000,0.0,26308
06:12:48,ETH,2258.790000,2258.980000,-0.8,26308
06:13:03,BTC,76361.240000,76361.800000,-0.1,26323
06:13:03,ETH,2258.790000,2258.990000,-0.9,26323
06:13:18,BTC,76355.000000,76351.500000,0.5,26338
06:13:18,ETH,2258.580000,2258.330000,1.1,26338
06:13:33,BTC,76352.000000,76351.500000,0.1,26353
06:13:33,ETH,2258.510000,2258.260000,1.1,26353
06:13:48,BTC,76352.000000,76354.600000,-0.3,26368
06:13:48,ETH,2258.520000,2258.510000,0.0,26368
06:14:03,BTC,76352.010000,76354.600000,-0.3,26383
06:14:03,ETH,2258.520000,2258.510000,0.0,26383
06:14:18,BTC,76352.000000,76354.500000,-0.3,26398
06:14:18,ETH,2258.520000,2258.180000,1.5,26398
06:14:33,BTC,76366.790000,76372.000000,-0.7,26413
06:14:33,ETH,2258.520000,2258.580000,-0.3,26413
06:14:48,BTC,76366.790000,76364.900000,0.2,26428
06:14:48,ETH,2258.510000,2258.740000,-1.0,26428
06:15:03,BTC,76366.790000,76368.400000,-0.2,26443
06:15:03,ETH,2258.870000,2258.910000,-0.2,26443
06:15:18,BTC,76366.200000,76361.900000,0.6,26458
06:15:18,ETH,2258.870000,2258.900000,-0.1,26458
06:15:33,BTC,76366.190000,76361.900000,0.6,26473
06:15:33,ETH,2258.790000,2258.810000,-0.1,26473
06:15:48,BTC,76366.190000,76362.000000,0.5,26488
06:15:48,ETH,2258.790000,2258.810000,-0.1,26488
06:16:03,BTC,76366.190000,76371.500000,-0.7,26503
06:16:03,ETH,2258.800000,2258.810000,-0.0,26503
06:16:18,BTC,76366.190000,76371.600000,-0.7,26518
06:16:18,ETH,2258.780000,2258.660000,0.5,26518
06:16:33,BTC,76375.600000,76377.800000,-0.3,26533
06:16:33,ETH,2259.230000,2259.110000,0.5,26533
06:16:48,BTC,76391.230000,76385.800000,0.7,26548
06:16:48,ETH,2259.610000,2259.680000,-0.3,26548
06:17:03,BTC,76388.410000,76393.800000,-0.7,26563
06:17:03,ETH,2259.920000,2259.830000,0.4,26563
06:17:18,BTC,76388.420000,76393.600000,-0.7,26578
06:17:18,ETH,2259.910000,2259.830000,0.4,26578
06:17:33,BTC,76395.010000,76401.800000,-0.9,26593
06:17:33,ETH,2260.190000,2260.290000,-0.4,26593
06:17:48,BTC,76420.520000,76417.800000,0.4,26608
06:17:48,ETH,2260.950000,2260.950000,0.0,26608
06:18:03,BTC,76414.470000,76417.800000,-0.4,26623
06:18:03,ETH,2260.960000,2260.880000,0.4,26623
06:18:18,BTC,76420.520000,76425.700000,-0.7,26638
06:18:18,ETH,2261.320000,2261.390000,-0.3,26638
06:18:33,BTC,76420.510000,76425.700000,-0.7,26653
06:18:33,ETH,2261.330000,2261.390000,-0.3,26653
06:18:48,BTC,76427.180000,76429.800000,-0.3,26668
06:18:48,ETH,2261.330000,2261.390000,-0.3,26668
06:19:03,BTC,76427.190000,76427.200000,-0.0,26683
06:19:03,ETH,2261.010000,2261.020000,-0.0,26683
06:19:18,BTC,76409.440000,76409.800000,-0.0,26698
06:19:18,ETH,2260.540000,2260.490000,0.2,26698
06:19:33,BTC,76409.440000,76409.800000,-0.0,26713
06:19:33,ETH,2260.550000,2260.490000,0.3,26713
06:19:48,BTC,76409.440000,76409.900000,-0.1,26728
06:19:48,ETH,2260.550000,2260.500000,0.2,26728
06:20:03,BTC,76393.360000,76401.900000,-1.1,26743
06:20:03,ETH,2259.970000,2259.940000,0.1,26743
06:20:18,BTC,76393.360000,76401.900000,-1.1,26758
06:20:18,ETH,2259.970000,2260.140000,-0.8,26758
06:20:33,BTC,76393.370000,76401.800000,-1.1,26773
06:20:33,ETH,2259.970000,2260.140000,-0.8,26773
06:20:48,BTC,76414.940000,76417.700000,-0.4,26788
06:20:48,ETH,2260.670000,2260.760000,-0.4,26788
06:21:03,BTC,76414.940000,76417.700000,-0.4,26803
06:21:03,ETH,2260.670000,2260.880000,-0.9,26803
06:21:18,BTC,76414.950000,76417.800000,-0.4,26818
06:21:18,ETH,2260.660000,2260.670000,-0.0,26818
06:21:33,BTC,76404.950000,76409.800000,-0.6,26833
06:21:33,ETH,2260.480000,2260.270000,0.9,26833
06:21:48,BTC,76404.950000,76409.900000,-0.6,26848
06:21:48,ETH,2260.290000,2260.270000,0.1,26848
06:22:03,BTC,76404.940000,76409.800000,-0.6,26863
06:22:03,ETH,2260.290000,2260.270000,0.1,26863
06:22:18,BTC,76404.950000,76409.800000,-0.6,26878
06:22:18,ETH,2260.280000,2260.270000,0.0,26878
06:22:33,BTC,76404.950000,76409.900000,-0.6,26893
06:22:33,ETH,2260.280000,2260.270000,0.0,26893
06:22:48,BTC,76404.950000,76410.000000,-0.7,26908
06:22:48,ETH,2260.280000,2260.270000,0.0,26908
06:23:03,BTC,76404.960000,76413.200000,-1.1,26923
06:23:03,ETH,2259.880000,2260.040000,-0.7,26923
06:23:18,BTC,76404.960000,76407.200000,-0.3,26938
06:23:18,ETH,2259.850000,2259.960000,-0.5,26938
06:23:33,BTC,76404.960000,76407.200000,-0.3,26953
06:23:33,ETH,2259.860000,2259.950000,-0.4,26953
06:23:48,BTC,76404.950000,76402.200000,0.4,26968
06:23:48,ETH,2259.860000,2259.950000,-0.4,26968
06:24:03,BTC,76404.960000,76402.100000,0.4,26983
06:24:03,ETH,2259.810000,2259.900000,-0.4,26983
06:24:18,BTC,76404.960000,76407.200000,-0.3,26998
06:24:18,ETH,2259.850000,2259.950000,-0.4,26998
06:24:33,BTC,76407.860000,76417.500000,-1.3,27013
06:24:33,ETH,2260.030000,2260.250000,-1.0,27013
06:24:48,BTC,76407.850000,76417.600000,-1.3,27028
06:24:48,ETH,2260.040000,2260.250000,-0.9,27028
06:25:03,BTC,76404.960000,76401.800000,0.4,27043
06:25:03,ETH,2259.880000,2259.900000,-0.1,27043
06:25:18,BTC,76404.960000,76406.000000,-0.1,27058
06:25:18,ETH,2259.860000,2259.890000,-0.1,27058
06:25:33,BTC,76404.950000,76407.500000,-0.3,27073
06:25:33,ETH,2259.860000,2260.000000,-0.6,27073
06:25:48,BTC,76404.960000,76407.600000,-0.3,27088
06:25:48,ETH,2259.860000,2259.990000,-0.6,27088
06:26:03,BTC,76412.580000,76415.800000,-0.4,27103
06:26:03,ETH,2260.110000,2260.250000,-0.6,27103
06:26:18,BTC,76414.950000,76417.800000,-0.4,27118
06:26:18,ETH,2260.260000,2260.530000,-1.2,27118
06:26:33,BTC,76414.940000,76419.500000,-0.6,27133
06:26:33,ETH,2260.040000,2260.050000,-0.0,27133
06:26:48,BTC,76414.940000,76423.500000,-1.1,27148
06:26:48,ETH,2260.040000,2259.940000,0.4,27148
06:27:03,BTC,76409.960000,76414.900000,-0.6,27163
06:27:03,ETH,2259.880000,2259.810000,0.3,27163
06:27:18,BTC,76413.540000,76414.800000,-0.2,27178
06:27:18,ETH,2260.310000,2260.360000,-0.2,27178
06:27:33,BTC,76418.670000,76423.300000,-0.6,27193
06:27:33,ETH,2260.470000,2260.390000,0.4,27193
06:27:48,BTC,76419.450000,76425.800000,-0.8,27208
06:27:48,ETH,2260.570000,2260.660000,-0.4,27208
06:28:03,BTC,76419.460000,76429.500000,-1.3,27223
06:28:03,ETH,2260.580000,2260.670000,-0.4,27223
06:28:18,BTC,76419.460000,76429.500000,-1.3,27238
06:28:18,ETH,2260.490000,2260.480000,0.0,27238
06:28:33,BTC,76419.450000,76429.600000,-1.3,27253
06:28:33,ETH,2260.490000,2260.480000,0.0,27253
06:28:48,BTC,76419.460000,76429.500000,-1.3,27268
06:28:48,ETH,2260.490000,2260.480000,0.0,27268
06:29:03,BTC,76419.450000,76426.900000,-1.0,27283
06:29:03,ETH,2260.500000,2260.480000,0.1,27283
06:29:18,BTC,76424.280000,76429.500000,-0.7,27298
06:29:18,ETH,2260.490000,2260.500000,-0.0,27298
06:29:33,BTC,76431.990000,76433.600000,-0.2,27313
06:29:33,ETH,2260.490000,2260.510000,-0.1,27313
06:29:48,BTC,76440.010000,76444.100000,-0.5,27328
06:29:48,ETH,2260.880000,2260.820000,0.3,27328
06:30:03,BTC,76439.540000,76444.000000,-0.6,27343
06:30:03,ETH,2260.710000,2260.450000,1.2,27343
06:30:18,BTC,76439.540000,76448.700000,-1.2,27358
06:30:18,ETH,2260.710000,2260.820000,-0.5,27358
06:30:33,BTC,76442.010000,76449.100000,-0.9,27373
06:30:33,ETH,2260.700000,2260.650000,0.2,27373
06:30:48,BTC,76442.010000,76449.000000,-0.9,27388
06:30:48,ETH,2260.700000,2260.650000,0.2,27388
06:31:03,BTC,76442.020000,76444.100000,-0.3,27403
06:31:03,ETH,2260.500000,2260.650000,-0.7,27403
06:31:18,BTC,76439.540000,76441.900000,-0.3,27418
06:31:18,ETH,2260.510000,2260.400000,0.5,27418
06:31:33,BTC,76439.540000,76443.900000,-0.6,27433
06:31:33,ETH,2260.500000,2260.500000,0.0,27433
06:31:48,BTC,76439.530000,76443.900000,-0.6,27448
06:31:48,ETH,2260.410000,2260.360000,0.2,27448
06:32:03,BTC,76439.540000,76444.100000,-0.6,27463
06:32:03,ETH,2260.210000,2260.270000,-0.3,27463
06:32:18,BTC,76439.540000,76444.100000,-0.6,27478
06:32:18,ETH,2260.270000,2260.250000,0.1,27478
06:32:33,BTC,76439.530000,76444.000000,-0.6,27493
06:32:33,ETH,2260.340000,2260.590000,-1.1,27493
06:32:48,BTC,76435.310000,76436.200000,-0.1,27508
06:32:48,ETH,2260.340000,2260.590000,-1.1,27508
06:33:03,BTC,76435.310000,76436.200000,-0.1,27523
06:33:03,ETH,2260.240000,2260.180000,0.3,27523
06:33:18,BTC,76404.840000,76404.500000,0.0,27538
06:33:18,ETH,2259.160000,2259.110000,0.2,27538
06:33:33,BTC,76362.570000,76370.200000,-1.0,27553
06:33:33,ETH,2258.140000,2258.090000,0.2,27553
06:33:48,ETH,2257.650000,2257.790000,-0.6,27568
06:34:12,BTC,76345.000000,76349.500000,-0.6,27592
06:34:12,ETH,2257.650000,2257.790000,-0.6,27592
06:34:27,BTC,76349.680000,76354.400000,-0.6,27607
06:34:27,ETH,2257.830000,2257.840000,-0.0,27607
06:34:42,BTC,76349.690000,76345.500000,0.5,27622
06:34:42,ETH,2257.840000,2257.840000,0.0,27622
06:34:57,BTC,76350.560000,76354.100000,-0.5,27637
06:34:57,ETH,2257.840000,2257.990000,-0.7,27637
06:35:12,BTC,76354.740000,76354.100000,0.1,27652
06:35:12,ETH,2257.830000,2257.970000,-0.6,27652
06:35:27,BTC,76352.000000,76354.400000,-0.3,27667
06:35:27,ETH,2257.830000,2257.840000,-0.0,27667
06:35:42,BTC,76352.010000,76354.300000,-0.3,27682
06:35:42,ETH,2257.720000,2257.840000,-0.5,27682
06:35:57,BTC,76352.010000,76352.600000,-0.1,27697
06:35:57,ETH,2257.720000,2257.540000,0.8,27697
06:36:12,BTC,76311.850000,76309.700000,0.3,27712
06:36:12,ETH,2256.210000,2256.070000,0.6,27712
06:36:27,BTC,76306.580000,76313.700000,-0.9,27727
06:36:27,ETH,2255.910000,2256.000000,-0.4,27727
06:36:42,BTC,76309.430000,76313.800000,-0.6,27742
06:36:42,ETH,2255.910000,2255.990000,-0.4,27742
06:36:57,BTC,76314.790000,76322.100000,-1.0,27757
06:36:57,ETH,2255.910000,2255.760000,0.7,27757
06:37:12,BTC,76280.680000,76276.600000,0.5,27772
06:37:12,ETH,2255.020000,2255.010000,0.0,27772
06:37:27,BTC,76302.700000,76299.200000,0.5,27787
06:37:27,ETH,2255.760000,2255.970000,-0.9,27787
06:37:42,BTC,76302.710000,76299.200000,0.5,27802
06:37:42,ETH,2255.770000,2255.980000,-0.9,27802
06:37:57,BTC,76304.290000,76312.200000,-1.0,27817
06:37:57,ETH,2255.910000,2256.060000,-0.7,27817
06:38:12,BTC,76304.300000,76306.400000,-0.3,27832
06:38:12,ETH,2255.860000,2255.840000,0.1,27832
06:38:27,BTC,76304.290000,76306.400000,-0.3,27847
06:38:27,ETH,2255.850000,2255.980000,-0.6,27847
06:38:42,BTC,76314.990000,76318.000000,-0.4,27862
06:38:42,ETH,2255.970000,2256.240000,-1.2,27862
06:38:57,BTC,76330.840000,76335.500000,-0.6,27877
06:38:57,ETH,2256.600000,2256.730000,-0.6,27877
06:39:12,BTC,76331.110000,76335.500000,-0.6,27892
06:39:12,ETH,2256.760000,2257.050000,-1.3,27892
06:39:27,BTC,76329.860000,76335.400000,-0.7,27907
06:39:27,ETH,2256.770000,2256.760000,0.0,27907
06:39:42,BTC,76329.870000,76335.400000,-0.7,27922
06:39:42,ETH,2256.760000,2256.770000,-0.0,27922
06:39:57,BTC,76318.160000,76311.600000,0.9,27937
06:39:57,ETH,2256.370000,2256.610000,-1.1,27937
06:40:12,BTC,76315.220000,76311.600000,0.5,27952
06:40:12,ETH,2256.360000,2256.330000,0.1,27952
06:40:27,BTC,76315.210000,76311.500000,0.5,27967
06:40:27,ETH,2256.360000,2256.500000,-0.6,27967
06:40:42,BTC,76306.430000,76305.900000,0.1,27982
06:40:42,ETH,2256.360000,2256.320000,0.2,27982
06:40:57,BTC,76306.420000,76311.400000,-0.7,27997
06:40:57,ETH,2256.370000,2256.500000,-0.6,27997
06:41:12,BTC,76315.210000,76320.900000,-0.7,28012
06:41:12,ETH,2256.540000,2256.610000,-0.3,28012
06:41:27,BTC,76315.210000,76320.900000,-0.7,28027
06:41:27,ETH,2256.550000,2256.910000,-1.6,28027
06:41:42,BTC,76315.200000,76320.900000,-0.7,28042
06:41:42,ETH,2256.430000,2256.660000,-1.0,28042
06:41:57,BTC,76315.210000,76320.800000,-0.7,28057
06:41:57,ETH,2256.440000,2256.550000,-0.5,28057
06:42:12,BTC,76315.210000,76320.800000,-0.7,28072
06:42:12,ETH,2256.440000,2256.550000,-0.5,28072
06:42:27,BTC,76315.210000,76320.800000,-0.7,28087
06:42:27,ETH,2256.430000,2256.540000,-0.5,28087
06:42:42,BTC,76311.780000,76311.800000,-0.0,28102
06:42:42,ETH,2256.440000,2256.390000,0.2,28102
06:42:57,BTC,76311.780000,76311.700000,0.0,28117
06:42:57,ETH,2256.430000,2256.390000,0.2,28117
06:43:12,BTC,76314.030000,76320.800000,-0.9,28132
06:43:12,ETH,2256.440000,2256.550000,-0.5,28132
06:43:27,BTC,76315.210000,76320.800000,-0.7,28147
06:43:27,ETH,2256.430000,2256.540000,-0.5,28147
06:43:42,BTC,76315.220000,76320.800000,-0.7,28162
06:43:42,ETH,2256.430000,2256.550000,-0.5,28162
06:43:57,BTC,76315.220000,76320.800000,-0.7,28177
06:43:57,ETH,2256.520000,2256.720000,-0.9,28177
06:44:12,BTC,76315.210000,76320.800000,-0.7,28192
06:44:12,ETH,2256.520000,2256.560000,-0.2,28192
06:44:27,BTC,76315.210000,76320.800000,-0.7,28207
06:44:27,ETH,2256.520000,2256.560000,-0.2,28207
06:44:42,BTC,76315.220000,76320.800000,-0.7,28222
06:44:42,ETH,2256.520000,2256.580000,-0.3,28222
06:44:57,BTC,76334.960000,76335.300000,-0.0,28237
06:44:57,ETH,2257.060000,2257.290000,-1.0,28237
06:45:12,BTC,76323.280000,76323.200000,0.0,28252
06:45:12,ETH,2257.020000,2256.970000,0.2,28252
06:45:27,BTC,76323.290000,76323.100000,0.0,28267
06:45:27,ETH,2257.020000,2256.970000,0.2,28267
06:45:42,BTC,76313.970000,76318.000000,-0.5,28282
06:45:42,ETH,2256.680000,2256.670000,0.0,28282
06:45:57,BTC,76313.960000,76318.100000,-0.5,28297
06:45:57,ETH,2256.690000,2256.660000,0.1,28297
06:46:12,BTC,76313.970000,76318.100000,-0.5,28312
06:46:12,ETH,2256.690000,2256.660000,0.1,28312
06:46:27,BTC,76313.960000,76316.800000,-0.4,28327
06:46:27,ETH,2256.550000,2256.560000,-0.0,28327
06:46:42,BTC,76311.780000,76310.700000,0.1,28342
06:46:42,ETH,2256.360000,2256.320000,0.2,28342
06:46:57,BTC,76311.780000,76310.600000,0.2,28357
06:46:57,ETH,2256.360000,2256.320000,0.2,28357
06:47:12,BTC,76307.690000,76306.700000,0.1,28372
06:47:12,ETH,2256.190000,2256.010000,0.8,28372
06:47:27,BTC,76307.690000,76310.600000,-0.4,28387
06:47:27,ETH,2256.180000,2256.290000,-0.5,28387
06:47:42,BTC,76311.760000,76315.600000,-0.5,28402
06:47:42,ETH,2256.180000,2256.290000,-0.5,28402
06:47:57,BTC,76311.750000,76312.400000,-0.1,28417
06:47:57,ETH,2256.140000,2256.000000,0.6,28417
06:48:12,BTC,76298.800000,76305.000000,-0.8,28432
06:48:12,ETH,2255.520000,2255.480000,0.2,28432
06:48:27,BTC,76298.800000,76293.000000,0.8,28447
06:48:27,ETH,2255.510000,2255.500000,0.0,28447
06:48:42,BTC,76298.800000,76303.200000,-0.6,28462
06:48:42,ETH,2255.650000,2255.800000,-0.7,28462
06:48:57,BTC,76303.550000,76304.800000,-0.2,28477
06:48:57,ETH,2256.210000,2256.520000,-1.4,28477
06:49:12,BTC,76311.760000,76313.700000,-0.3,28492
06:49:12,ETH,2256.290000,2256.450000,-0.7,28492
06:49:27,BTC,76315.950000,76316.700000,-0.1,28507
06:49:27,ETH,2256.320000,2256.480000,-0.7,28507
06:49:42,BTC,76319.160000,76320.500000,-0.2,28522
06:49:42,ETH,2256.320000,2256.470000,-0.7,28522
06:49:57,BTC,76329.360000,76334.900000,-0.7,28537
06:49:57,ETH,2256.600000,2256.860000,-1.2,28537
06:50:12,BTC,76329.360000,76335.300000,-0.8,28552
06:50:12,ETH,2256.600000,2256.860000,-1.2,28552
06:50:27,BTC,76345.880000,76348.900000,-0.4,28567
06:50:27,ETH,2256.650000,2256.860000,-0.9,28567
06:50:42,BTC,76353.990000,76361.100000,-0.9,28582
06:50:42,ETH,2257.000000,2257.060000,-0.3,28582
06:50:57,BTC,76357.580000,76357.100000,0.1,28597
06:50:57,ETH,2257.010000,2257.170000,-0.7,28597
06:51:12,BTC,76352.710000,76354.000000,-0.2,28612
06:51:12,ETH,2256.890000,2256.760000,0.6,28612
06:51:27,BTC,76366.230000,76375.800000,-1.3,28627
06:51:27,ETH,2256.820000,2257.010000,-0.8,28627
06:51:42,BTC,76373.160000,76380.200000,-0.9,28642
06:51:42,ETH,2257.270000,2257.410000,-0.6,28642
06:51:57,BTC,76352.010000,76355.500000,-0.5,28657
06:51:57,ETH,2256.590000,2256.430000,0.7,28657
06:52:12,BTC,76352.010000,76357.800000,-0.8,28672
06:52:12,ETH,2256.620000,2256.910000,-1.3,28672
06:52:27,BTC,76352.010000,76360.300000,-1.1,28687
06:52:27,ETH,2256.800000,2256.970000,-0.8,28687
06:52:42,BTC,76352.010000,76360.300000,-1.1,28702
06:52:42,ETH,2256.790000,2256.820000,-0.1,28702
06:52:57,BTC,76352.000000,76353.700000,-0.2,28717
06:52:57,ETH,2256.760000,2256.790000,-0.1,28717
06:53:12,BTC,76352.010000,76353.700000,-0.2,28732
06:53:12,ETH,2256.760000,2256.790000,-0.1,28732
06:53:27,BTC,76300.370000,76298.100000,0.3,28747
06:53:27,ETH,2255.260000,2255.210000,0.2,28747
06:53:42,BTC,76276.460000,76273.400000,0.4,28762
06:53:42,ETH,2254.350000,2254.340000,0.0,28762
06:53:57,BTC,76269.990000,76273.600000,-0.5,28777
06:53:57,ETH,2254.320000,2254.550000,-1.0,28777
06:54:12,BTC,76269.990000,76273.700000,-0.5,28792
06:54:12,ETH,2254.350000,2254.250000,0.4,28792
06:54:27,BTC,76269.980000,76273.700000,-0.5,28807
06:54:27,ETH,2254.410000,2254.480000,-0.3,28807
06:54:42,BTC,76269.980000,76273.600000,-0.5,28822
06:54:42,ETH,2254.420000,2254.680000,-1.2,28822
06:54:57,BTC,76269.990000,76273.600000,-0.5,28837
06:54:57,ETH,2254.490000,2254.690000,-0.9,28837
06:55:12,BTC,76265.010000,76273.600000,-1.1,28852
06:55:12,ETH,2254.500000,2254.660000,-0.7,28852
06:55:27,BTC,76265.000000,76273.700000,-1.1,28867
06:55:27,ETH,2254.490000,2254.490000,0.0,28867
06:55:42,BTC,76267.110000,76273.700000,-0.9,28882
06:55:42,ETH,2254.490000,2254.480000,0.0,28882
06:55:57,BTC,76267.100000,76273.700000,-0.9,28897
06:55:57,ETH,2254.500000,2254.480000,0.1,28897
06:56:12,BTC,76258.700000,76264.300000,-0.7,28912
06:56:12,ETH,2254.430000,2254.490000,-0.3,28912
06:56:27,BTC,76261.850000,76270.900000,-1.2,28927
06:56:27,ETH,2254.430000,2254.720000,-1.3,28927
06:56:42,BTC,76261.850000,76260.300000,0.2,28942
06:56:42,ETH,2254.360000,2254.220000,0.6,28942
06:56:57,BTC,76261.860000,76260.300000,0.2,28957
06:56:57,ETH,2254.190000,2254.150000,0.2,28957
06:57:12,BTC,76261.860000,76265.400000,-0.5,28972
06:57:12,ETH,2254.170000,2254.220000,-0.2,28972
06:57:27,BTC,76261.860000,76268.000000,-0.8,28987
06:57:27,ETH,2254.270000,2254.250000,0.1,28987
06:57:42,BTC,76259.270000,76260.400000,-0.1,29002
06:57:42,ETH,2253.600000,2253.860000,-1.2,29002
06:57:57,BTC,76250.510000,76254.200000,-0.5,29017
06:57:57,ETH,2253.670000,2253.680000,-0.0,29017
06:58:12,BTC,76246.010000,76254.100000,-1.1,29032
06:58:12,ETH,2253.680000,2253.830000,-0.7,29032
06:58:27,BTC,76238.520000,76233.400000,0.7,29047
06:58:27,ETH,2252.940000,2252.820000,0.5,29047
06:58:42,BTC,76208.840000,76208.700000,0.0,29062
06:58:42,ETH,2252.430000,2252.760000,-1.5,29062
06:58:57,BTC,76206.030000,76208.800000,-0.4,29077
06:58:57,ETH,2252.790000,2252.990000,-0.9,29077
06:59:12,BTC,76215.000000,76214.500000,0.1,29092
06:59:12,ETH,2253.260000,2253.340000,-0.4,29092
06:59:27,BTC,76223.210000,76226.300000,-0.4,29107
06:59:27,ETH,2253.360000,2253.600000,-1.1,29107
06:59:42,BTC,76231.300000,76238.300000,-0.9,29122
06:59:42,ETH,2254.070000,2254.090000,-0.1,29122
06:59:57,BTC,76237.050000,76242.100000,-0.7,29137
06:59:57,ETH,2254.060000,2254.090000,-0.1,29137
07:00:12,BTC,76226.060000,76225.500000,0.1,29152
07:00:12,ETH,2254.010000,2254.030000,-0.1,29152
07:00:27,BTC,76246.510000,76251.300000,-0.6,29167
07:00:27,ETH,2254.240000,2253.980000,1.2,29167
07:00:42,BTC,76246.510000,76243.800000,0.4,29182
07:00:42,ETH,2254.240000,2254.410000,-0.8,29182
07:00:57,BTC,76246.510000,76254.600000,-1.1,29197
07:00:57,ETH,2254.280000,2254.550000,-1.2,29197
07:01:12,BTC,76268.750000,76275.500000,-0.9,29212
07:01:12,ETH,2255.370000,2255.420000,-0.2,29212
07:01:27,BTC,76258.210000,76262.700000,-0.6,29227
07:01:27,ETH,2254.780000,2254.780000,0.0,29227
07:01:42,BTC,76258.230000,76262.700000,-0.6,29242
07:01:42,ETH,2254.880000,2254.860000,0.1,29242
07:01:57,BTC,76255.550000,76258.000000,-0.3,29257
07:01:57,ETH,2255.020000,2255.300000,-1.2,29257
07:02:12,BTC,76255.550000,76253.600000,0.3,29272
07:02:12,ETH,2255.110000,2254.980000,0.6,29272
07:02:27,BTC,76256.850000,76265.800000,-1.2,29287
07:02:27,ETH,2255.120000,2255.260000,-0.6,29287
07:02:42,BTC,76256.840000,76260.800000,-0.5,29302
07:02:42,ETH,2255.110000,2255.160000,-0.2,29302
07:02:57,BTC,76256.840000,76260.900000,-0.5,29317
07:02:57,ETH,2255.640000,2255.500000,0.6,29317
07:03:12,BTC,76255.550000,76250.300000,0.7,29332
07:03:12,ETH,2255.540000,2255.580000,-0.2,29332
07:03:27,BTC,76255.540000,76255.100000,0.1,29347
07:03:27,ETH,2255.550000,2255.450000,0.4,29347
07:03:42,BTC,76255.550000,76261.500000,-0.8,29362
07:03:42,ETH,2255.550000,2255.450000,0.4,29362
07:03:57,ETH,2254.550000,2254.440000,0.5,29377
07:04:25,BTC,76223.160000,76228.900000,-0.8,29405
07:04:25,ETH,2254.550000,2254.440000,0.5,29405
07:04:40,BTC,76255.330000,76260.000000,-0.6,29420
07:04:40,ETH,2254.960000,2255.040000,-0.4,29420
07:04:55,BTC,76261.220000,76267.200000,-0.8,29435
07:04:55,ETH,2255.120000,2255.130000,-0.0,29435
07:05:10,BTC,76271.990000,76279.100000,-0.9,29450
07:05:10,ETH,2255.370000,2255.380000,-0.0,29450
07:05:25,BTC,76285.390000,76282.900000,0.3,29465
07:05:25,ETH,2255.370000,2255.460000,-0.4,29465
07:05:40,BTC,76307.390000,76317.200000,-1.3,29480
07:05:40,ETH,2256.390000,2256.420000,-0.1,29480
07:05:55,BTC,76303.910000,76314.100000,-1.3,29495
07:05:55,ETH,2256.680000,2256.720000,-0.2,29495
07:06:10,BTC,76303.910000,76308.800000,-0.6,29510
07:06:10,ETH,2256.640000,2256.570000,0.3,29510
07:06:25,BTC,76303.910000,76308.800000,-0.6,29525
07:06:25,ETH,2256.650000,2256.620000,0.1,29525
07:06:40,BTC,76313.770000,76319.300000,-0.7,29540
07:06:40,ETH,2256.790000,2256.930000,-0.6,29540
07:06:55,BTC,76315.820000,76313.900000,0.3,29555
07:06:55,ETH,2256.660000,2256.600000,0.3,29555
07:07:10,BTC,76315.810000,76318.100000,-0.3,29570
07:07:10,ETH,2256.590000,2256.600000,-0.0,29570
07:07:25,BTC,76310.630000,76315.200000,-0.6,29585
07:07:25,ETH,2256.330000,2256.120000,0.9,29585
07:07:40,BTC,76310.620000,76315.200000,-0.6,29600
07:07:40,ETH,2256.320000,2256.120000,0.9,29600
07:07:55,BTC,76313.330000,76320.900000,-1.0,29615
07:07:55,ETH,2256.330000,2256.380000,-0.2,29615
07:08:10,BTC,76313.330000,76314.100000,-0.1,29630
07:08:10,ETH,2256.320000,2256.420000,-0.4,29630
07:08:25,BTC,76313.340000,76316.700000,-0.4,29645
07:08:25,ETH,2256.320000,2256.420000,-0.4,29645
07:08:40,BTC,76313.330000,76319.500000,-0.8,29660
07:08:40,ETH,2256.340000,2256.430000,-0.4,29660
07:08:55,BTC,76313.340000,76315.300000,-0.3,29675
07:08:55,ETH,2256.340000,2256.430000,-0.4,29675
07:09:10,BTC,76313.340000,76315.100000,-0.2,29690
07:09:10,ETH,2256.340000,2256.430000,-0.4,29690
07:09:25,BTC,76300.980000,76300.900000,0.0,29705
07:09:25,ETH,2256.070000,2256.060000,0.0,29705
07:09:40,BTC,76295.910000,76293.800000,0.3,29720
07:09:40,ETH,2255.980000,2255.950000,0.1,29720
07:09:55,ETH,2254.490000,2254.510000,-0.1,29735
07:10:26,BTC,76233.370000,76244.100000,-1.4,29766
07:10:26,ETH,2254.490000,2254.510000,-0.1,29766
07:10:41,BTC,76233.610000,76244.100000,-1.4,29781
07:10:41,ETH,2254.500000,2254.530000,-0.1,29781
07:10:56,BTC,76233.610000,76244.100000,-1.4,29796
07:10:56,ETH,2254.500000,2254.530000,-0.1,29796
07:11:11,BTC,76233.610000,76233.700000,-0.0,29811
07:11:11,ETH,2254.490000,2254.530000,-0.2,29811
07:11:26,BTC,76233.610000,76236.600000,-0.4,29826
07:11:26,ETH,2254.350000,2254.300000,0.2,29826
07:11:41,BTC,76233.610000,76236.700000,-0.4,29841
07:11:41,ETH,2254.350000,2254.290000,0.3,29841
07:11:56,BTC,76242.400000,76249.800000,-1.0,29856
07:11:56,ETH,2254.590000,2254.550000,0.2,29856
07:12:11,BTC,76251.350000,76257.900000,-0.9,29871
07:12:11,ETH,2254.760000,2255.020000,-1.2,29871
07:12:26,BTC,76261.800000,76258.200000,0.5,29886
07:12:26,ETH,2254.940000,2255.130000,-0.8,29886
07:12:41,BTC,76265.260000,76271.700000,-0.8,29901
07:12:41,ETH,2255.200000,2255.270000,-0.3,29901
07:12:56,BTC,76265.260000,76267.100000,-0.2,29916
07:12:56,ETH,2255.190000,2255.260000,-0.3,29916
07:13:11,BTC,76260.010000,76264.100000,-0.5,29931
07:13:11,ETH,2255.130000,2255.200000,-0.3,29931
07:13:26,BTC,76265.240000,76274.300000,-1.2,29946
07:13:26,ETH,2255.130000,2255.300000,-0.8,29946
07:13:41,BTC,76279.160000,76285.000000,-0.8,29961
07:13:41,ETH,2255.490000,2255.770000,-1.2,29961
07:13:56,BTC,76283.880000,76292.800000,-1.2,29976
07:13:56,ETH,2255.810000,2255.860000,-0.2,29976
07:14:11,BTC,76290.010000,76299.700000,-1.3,29991
07:14:11,ETH,2255.820000,2255.930000,-0.5,29991
07:14:26,BTC,76295.830000,76299.900000,-0.5,30006
07:14:26,ETH,2256.000000,2256.240000,-1.1,30006
07:14:41,BTC,76299.080000,76300.400000,-0.2,30021
07:14:41,ETH,2256.150000,2256.120000,0.1,30021
07:14:56,BTC,76299.080000,76300.400000,-0.2,30036
07:14:56,ETH,2256.150000,2256.120000,0.1,30036
07:15:11,BTC,76297.410000,76304.000000,-0.9,30051
07:15:11,ETH,2256.160000,2256.160000,0.0,30051
07:15:26,BTC,76295.530000,76295.600000,-0.0,30066
07:15:26,ETH,2256.080000,2256.160000,-0.4,30066
07:15:41,BTC,76295.520000,76298.700000,-0.4,30081
07:15:41,ETH,2256.150000,2256.200000,-0.2,30081
07:15:56,BTC,76309.990000,76316.000000,-0.8,30096
07:15:56,ETH,2256.840000,2257.290000,-2.0,30096
07:16:11,BTC,76319.540000,76329.900000,-1.4,30111
07:16:11,ETH,2257.100000,2257.560000,-2.0,30111
07:16:26,BTC,76321.420000,76326.800000,-0.7,30126
07:16:26,ETH,2257.090000,2257.200000,-0.5,30126
07:16:41,BTC,76326.830000,76330.100000,-0.4,30141
07:16:41,ETH,2257.070000,2257.260000,-0.8,30141
07:16:56,BTC,76326.830000,76334.800000,-1.0,30156
07:16:56,ETH,2257.070000,2257.330000,-1.2,30156
07:17:11,BTC,76328.530000,76325.300000,0.4,30171
07:17:11,ETH,2256.730000,2256.980000,-1.1,30171
07:17:26,BTC,76328.290000,76330.800000,-0.3,30186
07:17:26,ETH,2256.650000,2256.970000,-1.4,30186
07:17:41,BTC,76323.000000,76330.900000,-1.0,30201
07:17:41,ETH,2256.780000,2257.020000,-1.1,30201
07:17:56,BTC,76331.240000,76338.400000,-0.9,30216
07:17:56,ETH,2257.080000,2257.290000,-0.9,30216
07:18:11,BTC,76312.630000,76310.700000,0.3,30231
07:18:11,ETH,2256.230000,2256.210000,0.1,30231
07:18:26,BTC,76312.640000,76310.700000,0.3,30246
07:18:26,ETH,2256.160000,2256.210000,-0.2,30246
07:18:41,BTC,76317.380000,76325.500000,-1.1,30261
07:18:41,ETH,2256.580000,2256.870000,-1.3,30261
07:18:56,BTC,76317.370000,76323.300000,-0.8,30276
07:18:56,ETH,2256.580000,2256.690000,-0.5,30276
07:19:11,BTC,76323.250000,76327.600000,-0.6,30291
07:19:11,ETH,2256.620000,2256.770000,-0.7,30291
07:19:26,BTC,76315.660000,76327.700000,-1.6,30306
07:19:26,ETH,2256.580000,2256.440000,0.6,30306
07:19:41,BTC,76315.600000,76314.300000,0.2,30321
07:19:41,ETH,2256.590000,2256.550000,0.2,30321
07:19:56,BTC,76315.600000,76314.200000,0.2,30336
07:19:56,ETH,2256.580000,2256.550000,0.1,30336
07:20:11,BTC,76315.600000,76321.800000,-0.8,30351
07:20:11,ETH,2256.590000,2256.900000,-1.4,30351
07:20:26,BTC,76314.010000,76312.700000,0.2,30366
07:20:26,ETH,2256.480000,2256.770000,-1.3,30366
07:20:41,BTC,76290.860000,76297.200000,-0.8,30381
07:20:41,ETH,2256.190000,2256.240000,-0.2,30381
07:20:56,BTC,76290.860000,76297.200000,-0.8,30396
07:20:56,ETH,2256.200000,2256.240000,-0.2,30396
07:21:11,BTC,76306.190000,76306.300000,-0.0,30411
07:21:11,ETH,2256.250000,2256.530000,-1.2,30411
07:21:26,BTC,76306.200000,76314.400000,-1.1,30426
07:21:26,ETH,2256.440000,2256.750000,-1.4,30426
07:21:41,BTC,76306.190000,76314.400000,-1.1,30441
07:21:41,ETH,2256.440000,2256.750000,-1.4,30441
07:21:56,BTC,76306.200000,76314.400000,-1.1,30456
07:21:56,ETH,2256.430000,2256.550000,-0.5,30456
07:22:11,BTC,76311.520000,76320.000000,-1.1,30471
07:22:11,ETH,2256.480000,2256.670000,-0.8,30471
07:22:26,BTC,76311.520000,76318.000000,-0.8,30486
07:22:26,ETH,2256.470000,2256.550000,-0.4,30486
07:22:41,BTC,76311.520000,76318.000000,-0.8,30501
07:22:41,ETH,2256.470000,2256.550000,-0.4,30501
07:22:56,BTC,76311.520000,76316.200000,-0.6,30516
07:22:56,ETH,2256.360000,2256.430000,-0.3,30516
07:23:11,BTC,76311.530000,76316.200000,-0.6,30531
07:23:11,ETH,2256.360000,2256.460000,-0.4,30531
07:23:26,BTC,76311.530000,76316.200000,-0.6,30546
07:23:26,ETH,2256.350000,2256.460000,-0.5,30546
07:23:41,BTC,76312.480000,76316.200000,-0.5,30561
07:23:41,ETH,2256.400000,2256.550000,-0.7,30561
07:23:56,BTC,76312.480000,76321.800000,-1.2,30576
07:23:56,ETH,2256.410000,2256.690000,-1.2,30576
07:24:11,BTC,76312.480000,76321.800000,-1.2,30591
07:24:11,ETH,2256.410000,2256.710000,-1.3,30591
07:24:26,BTC,76316.920000,76321.800000,-0.6,30606
07:24:26,ETH,2256.620000,2256.850000,-1.0,30606
07:24:41,BTC,76326.670000,76335.000000,-1.1,30621
07:24:41,ETH,2256.710000,2257.070000,-1.6,30621
07:24:56,BTC,76326.660000,76334.900000,-1.1,30636
07:24:56,ETH,2256.720000,2257.070000,-1.6,30636
07:25:11,BTC,76311.530000,76302.700000,1.2,30651
07:25:11,ETH,2256.070000,2256.010000,0.3,30651
07:25:26,BTC,76305.130000,76302.600000,0.3,30666
07:25:26,ETH,2256.080000,2256.050000,0.1,30666
07:25:41,BTC,76301.210000,76309.600000,-1.1,30681
07:25:41,ETH,2256.080000,2256.360000,-1.2,30681
07:25:56,BTC,76301.210000,76309.600000,-1.1,30696
07:25:56,ETH,2256.070000,2256.430000,-1.6,30696
07:26:11,BTC,76301.210000,76309.700000,-1.1,30711
07:26:11,ETH,2256.080000,2256.010000,0.3,30711
07:26:26,BTC,76295.000000,76294.300000,0.1,30726
07:26:26,ETH,2255.740000,2255.810000,-0.3,30726
07:26:41,BTC,76296.400000,76307.900000,-1.5,30741
07:26:41,ETH,2255.860000,2256.220000,-1.6,30741
07:26:56,BTC,76297.400000,76307.800000,-1.4,30756
07:26:56,ETH,2255.860000,2256.220000,-1.6,30756
07:27:11,BTC,76297.400000,76307.800000,-1.4,30771
07:27:11,ETH,2255.860000,2255.900000,-0.2,30771
07:27:26,BTC,76297.410000,76307.800000,-1.4,30786
07:27:26,ETH,2255.860000,2255.890000,-0.1,30786
07:27:41,BTC,76297.400000,76307.800000,-1.4,30801
07:27:41,ETH,2255.860000,2255.890000,-0.1,30801
07:27:56,BTC,76299.930000,76307.800000,-1.0,30816
07:27:56,ETH,2255.840000,2256.060000,-1.0,30816
07:28:11,BTC,76299.930000,76307.800000,-1.0,30831
07:28:11,ETH,2255.820000,2255.810000,0.0,30831
07:28:26,BTC,76299.930000,76307.900000,-1.0,30846
07:28:26,ETH,2255.810000,2255.840000,-0.1,30846
07:28:41,BTC,76299.920000,76307.900000,-1.0,30861
07:28:41,ETH,2255.820000,2255.970000,-0.7,30861
07:28:56,BTC,76304.790000,76315.500000,-1.4,30876
07:28:56,ETH,2255.950000,2255.990000,-0.2,30876
07:29:11,BTC,76306.000000,76316.400000,-1.4,30891
07:29:11,ETH,2255.960000,2256.250000,-1.3,30891
07:29:26,BTC,76307.610000,76318.900000,-1.5,30906
07:29:26,ETH,2255.960000,2256.250000,-1.3,30906
07:29:41,BTC,76331.630000,76337.900000,-0.8,30921
07:29:41,ETH,2256.190000,2256.480000,-1.3,30921
07:29:56,BTC,76334.720000,76344.600000,-1.3,30936
07:29:56,ETH,2256.320000,2256.530000,-0.9,30936
07:30:11,BTC,76327.960000,76336.800000,-1.2,30951
07:30:11,ETH,2256.400000,2256.760000,-1.6,30951
07:30:26,BTC,76334.100000,76340.600000,-0.9,30966
07:30:26,ETH,2256.400000,2256.760000,-1.6,30966
07:30:41,BTC,76339.300000,76346.500000,-0.9,30981
07:30:41,ETH,2256.610000,2256.960000,-1.6,30981
07:30:56,BTC,76350.120000,76349.900000,0.0,30996
07:30:56,ETH,2256.950000,2257.290000,-1.5,30996
07:31:11,BTC,76351.900000,76355.100000,-0.4,31011
07:31:11,ETH,2257.070000,2257.400000,-1.5,31011
07:31:26,BTC,76343.170000,76342.600000,0.1,31026
07:31:26,ETH,2257.100000,2257.240000,-0.6,31026
07:31:41,BTC,76343.160000,76346.400000,-0.4,31041
07:31:41,ETH,2257.110000,2257.330000,-1.0,31041
07:31:56,BTC,76327.960000,76333.200000,-0.7,31056
07:31:56,ETH,2256.760000,2256.840000,-0.4,31056
07:32:11,BTC,76327.970000,76334.600000,-0.9,31071
07:32:11,ETH,2256.750000,2256.930000,-0.8,31071
07:32:26,BTC,76327.960000,76335.100000,-0.9,31086
07:32:26,ETH,2256.760000,2256.940000,-0.8,31086
07:32:41,BTC,76327.960000,76332.300000,-0.6,31101
07:32:41,ETH,2256.820000,2256.980000,-0.7,31101
07:32:56,BTC,76327.970000,76343.700000,-2.1,31116
07:32:56,ETH,2256.870000,2257.120000,-1.1,31116
07:33:11,BTC,76343.150000,76351.200000,-1.1,31131
07:33:11,ETH,2257.140000,2257.190000,-0.2,31131
07:33:26,BTC,76364.990000,76375.800000,-1.4,31146
07:33:26,ETH,2257.880000,2258.070000,-0.8,31146
07:33:41,BTC,76360.660000,76364.100000,-0.5,31161
07:33:41,ETH,2257.790000,2257.880000,-0.4,31161
07:33:56,BTC,76371.730000,76382.100000,-1.4,31176
07:33:56,ETH,2257.870000,2258.230000,-1.6,31176
07:34:11,BTC,76371.730000,76376.900000,-0.7,31191
07:34:11,ETH,2257.880000,2258.230000,-1.5,31191
07:34:26,BTC,76375.990000,76386.000000,-1.3,31206
07:34:26,ETH,2258.550000,2258.840000,-1.3,31206
07:34:41,BTC,76375.980000,76386.100000,-1.3,31221
07:34:41,ETH,2258.560000,2258.840000,-1.2,31221
07:34:56,BTC,76325.910000,76328.900000,-0.4,31236
07:34:56,ETH,2257.150000,2257.350000,-0.9,31236
07:35:11,BTC,76339.240000,76356.500000,-2.3,31251
07:35:11,ETH,2257.660000,2258.150000,-2.2,31251
07:35:26,BTC,76343.990000,76352.700000,-1.1,31266
07:35:26,ETH,2257.810000,2258.230000,-1.9,31266
07:35:41,BTC,76344.000000,76352.800000,-1.2,31281
07:35:41,ETH,2257.880000,2258.350000,-2.1,31281
07:35:56,BTC,76343.990000,76352.900000,-1.2,31296
07:35:56,ETH,2257.890000,2258.350000,-2.0,31296
07:36:11,ETH,2258.080000,2258.420000,-1.5,31311
07:36:41,BTC,76349.170000,76357.100000,-1.0,31341
07:36:41,ETH,2258.080000,2258.420000,-1.5,31341
07:36:56,BTC,76349.180000,76358.800000,-1.3,31356
07:36:56,ETH,2258.110000,2258.480000,-1.6,31356
07:37:11,ETH,2258.090000,2258.310000,-1.0,31371
07:37:41,BTC,76339.240000,76349.400000,-1.3,31401
07:37:41,ETH,2258.090000,2258.310000,-1.0,31401
07:37:56,BTC,76339.240000,76349.400000,-1.3,31416
07:37:56,ETH,2258.090000,2258.310000,-1.0,31416
07:38:11,BTC,76341.080000,76349.400000,-1.1,31431
07:38:11,ETH,2258.100000,2258.330000,-1.0,31431
07:38:26,BTC,76345.000000,76349.400000,-0.6,31446
07:38:26,ETH,2258.290000,2258.530000,-1.1,31446
07:38:41,BTC,76344.990000,76349.500000,-0.6,31461
07:38:41,ETH,2258.300000,2258.540000,-1.1,31461
07:38:56,BTC,76344.990000,76349.500000,-0.6,31476
07:38:56,ETH,2258.460000,2258.570000,-0.5,31476
07:39:11,BTC,76344.990000,76354.900000,-1.3,31491
07:39:11,ETH,2258.550000,2258.830000,-1.2,31491
07:39:26,BTC,76342.070000,76346.200000,-0.5,31506
07:39:26,ETH,2258.470000,2258.630000,-0.7,31506
07:39:41,BTC,76345.000000,76355.700000,-1.4,31521
07:39:41,ETH,2258.560000,2258.870000,-1.4,31521
07:39:56,BTC,76345.000000,76355.700000,-1.4,31536
07:39:56,ETH,2258.560000,2258.860000,-1.3,31536
07:40:11,BTC,76331.470000,76333.100000,-0.2,31551
07:40:11,ETH,2258.220000,2258.470000,-1.1,31551
07:40:26,BTC,76331.470000,76332.200000,-0.1,31566
07:40:26,ETH,2258.210000,2258.460000,-1.1,31566
07:40:41,BTC,76322.150000,76321.600000,0.1,31581
07:40:41,ETH,2258.050000,2257.950000,0.4,31581
07:40:56,BTC,76322.160000,76328.600000,-0.8,31596
07:40:56,ETH,2258.060000,2258.190000,-0.6,31596
07:41:11,BTC,76330.420000,76337.700000,-1.0,31611
07:41:11,ETH,2258.230000,2258.480000,-1.1,31611
07:41:26,BTC,76330.420000,76330.500000,-0.0,31626
07:41:26,ETH,2258.230000,2258.480000,-1.1,31626
07:41:41,BTC,76330.420000,76338.400000,-1.0,31641
07:41:41,ETH,2258.220000,2258.520000,-1.3,31641
07:41:56,BTC,76330.420000,76338.400000,-1.0,31656
07:41:56,ETH,2258.230000,2258.290000,-0.3,31656
07:42:11,BTC,76330.420000,76338.400000,-1.0,31671
07:42:11,ETH,2258.230000,2258.280000,-0.2,31671
07:42:26,BTC,76336.890000,76344.500000,-1.0,31686
07:42:26,ETH,2258.260000,2258.550000,-1.3,31686
07:42:41,BTC,76336.900000,76344.500000,-1.0,31701
07:42:41,ETH,2258.250000,2258.560000,-1.4,31701
07:42:56,BTC,76346.780000,76353.300000,-0.9,31716
07:42:56,ETH,2258.490000,2258.800000,-1.4,31716
07:43:11,BTC,76350.000000,76358.000000,-1.0,31731
07:43:11,ETH,2258.490000,2258.800000,-1.4,31731
07:43:26,BTC,76355.670000,76357.900000,-0.3,31746
07:43:26,ETH,2258.490000,2258.800000,-1.4,31746
07:43:41,BTC,76355.680000,76357.900000,-0.3,31761
07:43:41,ETH,2258.480000,2258.810000,-1.5,31761
07:43:56,BTC,76352.000000,76353.300000,-0.2,31776
07:43:56,ETH,2258.320000,2258.490000,-0.8,31776
07:44:11,BTC,76352.010000,76349.600000,0.3,31791
07:44:11,ETH,2258.320000,2258.520000,-0.9,31791
07:44:26,BTC,76352.010000,76349.600000,0.3,31806
07:44:26,ETH,2258.310000,2258.530000,-1.0,31806
07:44:41,BTC,76352.000000,76347.800000,0.6,31821
07:44:41,ETH,2258.320000,2258.530000,-0.9,31821
07:44:56,BTC,76334.360000,76328.500000,0.8,31836
07:44:56,ETH,2258.340000,2258.350000,-0.0,31836
07:45:11,BTC,76311.560000,76303.900000,1.0,31851
07:45:11,ETH,2257.360000,2257.430000,-0.3,31851
07:45:26,ETH,2256.240000,2256.460000,-1.0,31866
07:45:56,BTC,76306.800000,76309.600000,-0.4,31896
07:45:56,ETH,2256.240000,2256.460000,-1.0,31896
07:46:11,BTC,76311.590000,76322.100000,-1.4,31911
07:46:11,ETH,2256.510000,2256.810000,-1.3,31911
07:46:26,BTC,76322.670000,76326.100000,-0.4,31926
07:46:26,ETH,2256.810000,2256.980000,-0.8,31926
07:46:41,BTC,76322.680000,76330.300000,-1.0,31941
07:46:41,ETH,2257.200000,2257.400000,-0.9,31941
07:46:56,BTC,76322.670000,76327.600000,-0.6,31956
07:46:56,ETH,2257.200000,2257.270000,-0.3,31956
07:47:11,BTC,76324.280000,76327.200000,-0.4,31971
07:47:11,ETH,2257.200000,2257.390000,-0.8,31971
07:47:26,ETH,2257.200000,2257.390000,-0.8,31986
07:47:56,BTC,76324.280000,76325.700000,-0.2,32016
07:47:56,ETH,2257.200000,2257.390000,-0.8,32016
07:48:11,BTC,76333.470000,76332.900000,0.1,32031
07:48:11,ETH,2257.500000,2257.730000,-1.0,32031
07:48:26,BTC,76333.470000,76336.900000,-0.4,32046
07:48:26,ETH,2257.500000,2257.740000,-1.1,32046
07:48:41,BTC,76340.400000,76338.900000,0.2,32061
07:48:41,ETH,2257.810000,2258.100000,-1.3,32061
07:48:56,BTC,76343.960000,76344.100000,-0.0,32076
07:48:56,ETH,2257.990000,2258.100000,-0.5,32076
07:49:11,BTC,76343.970000,76341.800000,0.3,32091
07:49:11,ETH,2258.040000,2258.090000,-0.2,32091
07:49:26,BTC,76343.970000,76341.800000,0.3,32106
07:49:26,ETH,2258.330000,2258.420000,-0.4,32106
07:49:41,BTC,76344.390000,76341.800000,0.3,32121
07:49:41,ETH,2258.560000,2258.800000,-1.1,32121
07:49:56,BTC,76344.390000,76341.800000,0.3,32136
07:49:56,ETH,2258.560000,2258.810000,-1.1,32136
07:50:11,BTC,76346.770000,76341.800000,0.7,32151
07:50:11,ETH,2258.650000,2258.870000,-1.0,32151
07:50:26,BTC,76346.770000,76341.800000,0.7,32166
07:50:26,ETH,2258.640000,2258.870000,-1.0,32166
07:50:41,BTC,76346.770000,76341.900000,0.6,32181
07:50:41,ETH,2258.650000,2258.860000,-0.9,32181
07:50:56,BTC,76353.590000,76341.900000,1.5,32196
07:50:56,ETH,2258.660000,2258.920000,-1.2,32196
07:51:11,BTC,76353.590000,76341.900000,1.5,32211
07:51:11,ETH,2258.590000,2258.870000,-1.2,32211
07:51:26,BTC,76357.880000,76355.300000,0.3,32226
07:51:26,ETH,2258.830000,2258.980000,-0.7,32226
07:51:41,BTC,76365.000000,76368.000000,-0.4,32241
07:51:41,ETH,2258.830000,2258.990000,-0.7,32241
07:51:56,BTC,76364.990000,76368.000000,-0.4,32256
07:51:56,ETH,2258.830000,2259.000000,-0.8,32256
07:52:11,BTC,76364.990000,76355.200000,1.3,32271
07:52:11,ETH,2258.650000,2258.870000,-1.0,32271
07:52:26,BTC,76364.990000,76361.300000,0.5,32286
07:52:26,ETH,2258.660000,2258.870000,-0.9,32286
07:52:41,BTC,76365.000000,76361.400000,0.5,32301
07:52:41,ETH,2258.740000,2258.990000,-1.1,32301
07:52:56,BTC,76364.990000,76361.300000,0.5,32316
07:52:56,ETH,2258.730000,2259.000000,-1.2,32316
07:53:11,BTC,76372.180000,76372.900000,-0.1,32331
07:53:11,ETH,2259.000000,2259.180000,-0.8,32331
07:53:26,BTC,76372.180000,76373.000000,-0.1,32346
07:53:26,ETH,2259.010000,2259.380000,-1.6,32346
07:53:41,BTC,76372.190000,76372.200000,-0.0,32361
07:53:41,ETH,2259.000000,2259.370000,-1.6,32361
07:53:56,BTC,76372.180000,76367.700000,0.6,32376
07:53:56,ETH,2259.010000,2259.220000,-0.9,32376
07:54:11,BTC,76372.180000,76366.000000,0.8,32391
07:54:11,ETH,2258.730000,2258.840000,-0.5,32391
07:54:26,BTC,76372.190000,76365.800000,0.8,32406
07:54:26,ETH,2258.730000,2258.850000,-0.5,32406
07:54:41,BTC,76372.190000,76365.200000,0.9,32421
07:54:41,ETH,2258.600000,2258.840000,-1.1,32421
07:54:56,BTC,76359.250000,76356.100000,0.4,32436
07:54:56,ETH,2258.320000,2258.230000,0.4,32436
07:55:11,BTC,76359.240000,76362.800000,-0.5,32451
07:55:11,ETH,2258.310000,2258.280000,0.1,32451
07:55:26,BTC,76340.940000,76339.400000,0.2,32466
07:55:26,ETH,2257.740000,2257.750000,-0.0,32466
07:55:41,ETH,2257.740000,2258.130000,-1.7,32481
07:56:10,BTC,76347.170000,76353.200000,-0.8,32510
07:56:10,ETH,2257.740000,2258.130000,-1.7,32510
07:56:25,BTC,76351.040000,76353.200000,-0.3,32525
07:56:25,ETH,2257.890000,2258.180000,-1.3,32525
07:56:40,BTC,76351.040000,76353.200000,-0.3,32540
07:56:40,ETH,2257.990000,2258.350000,-1.6,32540
07:56:55,BTC,76361.860000,76353.100000,1.1,32555
07:56:55,ETH,2257.820000,2258.080000,-1.2,32555
07:57:10,BTC,76341.820000,76340.600000,0.2,32570
07:57:10,ETH,2257.190000,2257.600000,-1.8,32570
07:57:25,BTC,76349.610000,76360.200000,-1.4,32585
07:57:25,ETH,2257.460000,2257.730000,-1.2,32585
07:57:40,ETH,2257.830000,2258.210000,-1.7,32600
07:58:11,BTC,76373.000000,76368.300000,0.6,32631
07:58:11,ETH,2257.820000,2258.210000,-1.7,32631
07:58:26,BTC,76370.000000,76364.400000,0.7,32646
07:58:26,ETH,2257.830000,2258.210000,-1.7,32646
07:58:41,BTC,76321.440000,76323.200000,-0.2,32661
07:58:41,ETH,2256.890000,2257.120000,-1.0,32661
07:58:56,BTC,76321.440000,76321.200000,0.0,32676
07:58:56,ETH,2256.890000,2257.470000,-2.6,32676
07:59:11,BTC,76321.440000,76321.200000,0.0,32691
07:59:11,ETH,2256.900000,2257.180000,-1.2,32691
07:59:26,BTC,76321.450000,76325.500000,-0.5,32706
07:59:26,ETH,2256.900000,2257.360000,-2.0,32706
07:59:41,BTC,76324.790000,76325.500000,-0.1,32721
07:59:41,ETH,2257.160000,2257.490000,-1.5,32721
07:59:56,BTC,76345.780000,76338.800000,0.9,32736
07:59:56,ETH,2257.440000,2257.790000,-1.6,32736
08:00:11,BTC,76369.130000,76362.000000,0.9,32751
08:00:11,ETH,2258.110000,2258.470000,-1.6,32751
08:00:26,BTC,76385.010000,76370.600000,1.9,32766
08:00:26,ETH,2258.180000,2258.280000,-0.4,32766
08:00:41,BTC,76381.580000,76374.700000,0.9,32781
08:00:41,ETH,2258.250000,2258.370000,-0.5,32781
08:00:56,BTC,76381.570000,76374.700000,0.9,32796
08:00:56,ETH,2258.250000,2258.540000,-1.3,32796
08:01:11,BTC,76390.000000,76387.800000,0.3,32811
08:01:11,ETH,2258.630000,2258.970000,-1.5,32811
08:01:26,BTC,76422.130000,76418.000000,0.5,32826
08:01:26,ETH,2259.430000,2259.790000,-1.6,32826
08:01:41,BTC,76418.990000,76412.900000,0.8,32841
08:01:41,ETH,2259.780000,2260.030000,-1.1,32841
08:01:56,BTC,76416.740000,76412.800000,0.5,32856
08:01:56,ETH,2259.780000,2260.040000,-1.2,32856
08:02:11,BTC,76416.740000,76409.500000,0.9,32871
08:02:11,ETH,2259.960000,2260.110000,-0.7,32871
08:02:26,BTC,76434.520000,76430.800000,0.5,32886
08:02:26,ETH,2260.290000,2260.570000,-1.2,32886
08:02:41,BTC,76434.520000,76430.800000,0.5,32901
08:02:41,ETH,2260.300000,2260.570000,-1.2,32901
08:02:56,ETH,2260.330000,2260.590000,-1.2,32916
08:03:21,BTC,76421.000000,76418.300000,0.4,32941
08:03:21,ETH,2260.340000,2260.590000,-1.1,32941
08:03:36,BTC,76424.990000,76418.400000,0.9,32956
08:03:36,ETH,2261.270000,2261.630000,-1.6,32956
08:03:51,BTC,76449.150000,76447.800000,0.2,32971
08:03:51,ETH,2262.220000,2262.660000,-1.9,32971
08:04:06,BTC,76489.640000,76497.000000,-1.0,32986
08:04:06,ETH,2263.770000,2264.110000,-1.5,32986
08:04:21,BTC,76487.140000,76479.400000,1.0,33001
08:04:21,ETH,2263.350000,2263.620000,-1.2,33001
08:04:36,BTC,76490.390000,76489.800000,0.1,33016
08:04:36,ETH,2263.760000,2263.960000,-0.9,33016
08:04:51,BTC,76490.390000,76489.800000,0.1,33031
08:04:51,ETH,2263.670000,2263.960000,-1.3,33031
08:05:06,BTC,76482.590000,76474.700000,1.0,33046
08:05:06,ETH,2263.290000,2263.800000,-2.3,33046
08:05:21,BTC,76452.150000,76446.800000,0.7,33061
08:05:21,ETH,2262.260000,2262.680000,-1.9,33061
08:05:36,BTC,76469.100000,76468.700000,0.1,33076
08:05:36,ETH,2262.550000,2262.810000,-1.1,33076
08:05:51,BTC,76470.080000,76469.800000,0.0,33091
08:06:21,BTC,76498.370000,76491.900000,0.8,33121
08:06:21,ETH,2263.330000,2263.500000,-0.8,33121
08:06:36,BTC,76498.370000,76500.000000,-0.2,33136
08:06:36,ETH,2263.610000,2264.000000,-1.7,33136
08:06:51,BTC,76486.750000,76477.900000,1.2,33151
08:06:51,ETH,2262.580000,2262.880000,-1.3,33151
08:07:06,BTC,76471.160000,76474.400000,-0.4,33166
08:07:06,ETH,2262.120000,2262.210000,-0.4,33166
08:07:21,BTC,76473.700000,76469.900000,0.5,33181
08:07:21,ETH,2261.980000,2262.210000,-1.0,33181
08:07:36,BTC,76469.100000,76473.500000,-0.6,33196
08:07:36,ETH,2261.770000,2261.960000,-0.8,33196
08:07:51,BTC,76458.000000,76451.700000,0.8,33211
08:07:51,ETH,2261.700000,2261.800000,-0.4,33211
08:08:06,BTC,76458.010000,76451.700000,0.8,33226
08:08:06,ETH,2261.700000,2261.820000,-0.5,33226
08:08:21,BTC,76458.330000,76451.800000,0.9,33241
08:08:21,ETH,2261.910000,2262.130000,-1.0,33241
08:08:36,BTC,76458.330000,76461.800000,-0.5,33256
08:08:36,ETH,2262.110000,2262.500000,-1.7,33256
08:08:51,BTC,76458.320000,76461.900000,-0.5,33271
08:08:51,ETH,2262.690000,2262.830000,-0.6,33271
08:09:06,BTC,76474.920000,76484.800000,-1.3,33286
08:09:06,ETH,2263.090000,2263.280000,-0.8,33286
08:09:21,BTC,76474.920000,76485.000000,-1.3,33301
08:09:21,ETH,2263.090000,2263.090000,0.0,33301
08:09:36,BTC,76495.500000,76499.900000,-0.6,33316
08:09:36,ETH,2263.170000,2263.300000,-0.6,33316
08:09:51,BTC,76514.000000,76517.500000,-0.5,33331
08:09:51,ETH,2263.830000,2264.000000,-0.8,33331
08:10:06,BTC,76506.430000,76505.500000,0.1,33346
08:10:06,ETH,2263.150000,2263.240000,-0.4,33346
08:10:21,BTC,76506.430000,76510.100000,-0.5,33361
08:10:21,ETH,2263.140000,2263.280000,-0.6,33361
08:10:36,BTC,76495.210000,76494.600000,0.1,33376
08:10:36,ETH,2262.910000,2263.060000,-0.7,33376
08:10:51,BTC,76486.750000,76485.300000,0.2,33391
08:10:51,ETH,2262.520000,2262.810000,-1.3,33391
08:11:06,BTC,76486.760000,76485.800000,0.1,33406
08:11:06,ETH,2262.520000,2262.810000,-1.3,33406
08:11:21,BTC,76486.750000,76488.000000,-0.2,33421
08:11:21,ETH,2262.510000,2263.010000,-2.2,33421
08:11:36,BTC,76487.740000,76493.300000,-0.7,33436
08:11:36,ETH,2262.510000,2262.840000,-1.5,33436
08:11:51,BTC,76496.350000,76495.700000,0.1,33451
08:11:51,ETH,2262.500000,2262.480000,0.1,33451
08:12:06,ETH,2262.120000,2262.320000,-0.9,33466
08:12:35,BTC,76480.990000,76484.800000,-0.5,33495
08:12:35,ETH,2262.120000,2262.320000,-0.9,33495
08:12:50,BTC,76486.600000,76493.200000,-0.9,33510
08:12:50,ETH,2262.510000,2262.800000,-1.3,33510
08:13:05,BTC,76490.900000,76498.900000,-1.0,33525
08:13:05,ETH,2262.880000,2263.010000,-0.6,33525
08:13:20,BTC,76470.090000,76474.000000,-0.5,33540
08:13:20,ETH,2262.390000,2262.450000,-0.3,33540
08:13:35,BTC,76470.090000,76474.100000,-0.5,33555
08:13:35,ETH,2262.270000,2262.450000,-0.8,33555
08:13:50,BTC,76470.090000,76474.000000,-0.5,33570
08:13:50,ETH,2262.270000,2262.450000,-0.8,33570
08:14:05,ETH,2261.820000,2261.990000,-0.8,33585
08:14:35,BTC,76456.380000,76459.500000,-0.4,33615
08:14:35,ETH,2261.820000,2261.990000,-0.8,33615
08:14:50,BTC,76464.350000,76469.400000,-0.7,33630
08:14:50,ETH,2262.220000,2262.560000,-1.5,33630
08:15:05,BTC,76486.050000,76489.300000,-0.4,33645
08:15:05,ETH,2263.040000,2263.500000,-2.0,33645
08:15:20,BTC,76495.390000,76494.700000,0.1,33660
08:15:20,ETH,2263.340000,2263.830000,-2.2,33660
08:15:35,BTC,76500.670000,76504.300000,-0.5,33675
08:15:35,ETH,2263.690000,2263.930000,-1.1,33675
08:15:50,BTC,76525.470000,76529.300000,-0.5,33690
08:15:50,ETH,2264.560000,2264.930000,-1.6,33690
08:16:05,BTC,76525.470000,76527.700000,-0.3,33705
08:16:05,ETH,2264.560000,2264.930000,-1.6,33705
08:16:20,BTC,76528.750000,76540.700000,-1.6,33720
08:16:20,ETH,2264.940000,2265.040000,-0.4,33720
08:16:35,BTC,76534.760000,76542.400000,-1.0,33735
08:16:35,ETH,2265.000000,2265.340000,-1.5,33735
08:16:50,BTC,76537.710000,76543.400000,-0.7,33750
08:16:50,ETH,2265.310000,2265.100000,0.9,33750
08:17:05,BTC,76571.540000,76571.400000,0.0,33765
08:17:05,ETH,2265.900000,2266.000000,-0.4,33765
08:17:20,BTC,76548.560000,76546.400000,0.3,33780
08:17:20,ETH,2264.840000,2265.010000,-0.8,33780
08:17:35,BTC,76548.560000,76546.400000,0.3,33795
08:17:35,ETH,2264.840000,2264.980000,-0.6,33795
08:17:50,BTC,76548.560000,76546.400000,0.3,33810
08:17:50,ETH,2264.840000,2264.890000,-0.2,33810
08:18:05,BTC,76548.560000,76546.400000,0.3,33825
08:18:05,ETH,2264.650000,2264.650000,0.0,33825
08:18:20,BTC,76559.560000,76559.300000,0.0,33840
08:18:20,ETH,2264.840000,2265.200000,-1.6,33840
08:18:35,BTC,76577.990000,76579.600000,-0.2,33855
08:18:35,ETH,2265.490000,2265.580000,-0.4,33855
08:18:50,BTC,76559.550000,76555.100000,0.6,33870
08:18:50,ETH,2265.080000,2265.210000,-0.6,33870
08:19:05,BTC,76549.380000,76549.400000,-0.0,33885
08:19:05,ETH,2264.740000,2264.880000,-0.6,33885
08:19:20,BTC,76549.380000,76551.900000,-0.3,33900
08:19:20,ETH,2264.350000,2264.750000,-1.8,33900
08:19:35,BTC,76518.940000,76520.000000,-0.1,33915
08:19:35,ETH,2262.970000,2263.100000,-0.6,33915
08:19:50,BTC,76513.570000,76511.900000,0.2,33930
08:19:50,ETH,2262.890000,2263.120000,-1.0,33930
08:20:05,BTC,76513.570000,76511.900000,0.2,33945
08:20:05,ETH,2262.880000,2263.120000,-1.1,33945
08:20:20,BTC,76503.540000,76500.100000,0.4,33960
08:20:20,ETH,2262.690000,2262.820000,-0.6,33960
08:20:35,BTC,76503.540000,76503.400000,0.0,33975
08:20:35,ETH,2262.730000,2263.120000,-1.7,33975
08:20:50,BTC,76514.040000,76518.400000,-0.6,33990
08:20:50,ETH,2262.930000,2263.270000,-1.5,33990
08:21:05,BTC,76517.180000,76522.400000,-0.7,34005
08:21:05,ETH,2262.980000,2263.310000,-1.5,34005
08:21:20,BTC,76521.750000,76528.500000,-0.9,34020
08:21:20,ETH,2263.110000,2263.360000,-1.1,34020
08:21:35,BTC,76521.750000,76522.500000,-0.1,34035
08:21:35,ETH,2263.070000,2263.320000,-1.1,34035
08:21:50,BTC,76521.760000,76524.000000,-0.3,34050
08:21:50,ETH,2263.070000,2263.190000,-0.5,34050
08:22:05,BTC,76506.780000,76510.400000,-0.5,34065
08:22:05,ETH,2262.400000,2262.410000,-0.0,34065
08:22:20,BTC,76498.610000,76492.400000,0.8,34080
08:22:20,ETH,2261.870000,2261.970000,-0.4,34080
08:22:35,BTC,76482.120000,76487.700000,-0.7,34095
08:22:35,ETH,2261.660000,2261.660000,0.0,34095
08:22:50,BTC,76484.320000,76487.700000,-0.4,34110
08:22:50,ETH,2261.380000,2261.750000,-1.6,34110
08:23:05,BTC,76484.320000,76487.700000,-0.4,34125
08:23:05,ETH,2261.470000,2261.610000,-0.6,34125
08:23:20,BTC,76486.750000,76490.600000,-0.5,34140
08:23:20,ETH,2261.720000,2261.940000,-1.0,34140
08:23:35,BTC,76480.230000,76484.600000,-0.6,34155
08:23:35,ETH,2261.500000,2261.630000,-0.6,34155
08:23:50,BTC,76480.230000,76483.500000,-0.4,34170
08:23:50,ETH,2261.300000,2261.580000,-1.2,34170
08:24:05,BTC,76480.220000,76483.400000,-0.4,34185
08:24:05,ETH,2261.220000,2261.270000,-0.2,34185
08:24:20,BTC,76486.110000,76491.300000,-0.7,34200
08:24:20,ETH,2261.270000,2261.450000,-0.8,34200
08:24:35,BTC,76489.780000,76494.900000,-0.7,34215
08:24:35,ETH,2261.420000,2261.530000,-0.5,34215
08:24:50,BTC,76489.770000,76494.900000,-0.7,34230
08:24:50,ETH,2261.280000,2261.440000,-0.7,34230
08:25:05,BTC,76489.770000,76494.900000,-0.7,34245
08:25:05,ETH,2261.340000,2261.480000,-0.6,34245
08:25:20,BTC,76513.990000,76519.200000,-0.7,34260
08:25:20,ETH,2261.870000,2262.130000,-1.1,34260
08:25:35,BTC,76517.480000,76515.500000,0.3,34275
08:25:35,ETH,2261.880000,2262.010000,-0.6,34275
08:25:50,BTC,76520.650000,76525.600000,-0.6,34290
08:25:50,ETH,2261.870000,2261.920000,-0.2,34290
08:26:05,BTC,76521.410000,76525.600000,-0.5,34305
08:26:05,ETH,2261.790000,2262.000000,-0.9,34305
08:26:20,BTC,76521.420000,76523.100000,-0.2,34320
08:26:20,ETH,2261.790000,2262.000000,-0.9,34320
08:26:35,BTC,76521.410000,76523.100000,-0.2,34335
08:26:35,ETH,2261.790000,2261.930000,-0.6,34335
08:26:50,BTC,76520.000000,76511.400000,1.1,34350
08:26:50,ETH,2261.450000,2261.520000,-0.3,34350
08:27:05,BTC,76520.010000,76512.500000,1.0,34365
08:27:05,ETH,2261.570000,2261.720000,-0.7,34365
08:27:20,BTC,76520.010000,76517.700000,0.3,34380
08:27:20,ETH,2261.570000,2261.850000,-1.2,34380
08:27:35,BTC,76521.490000,76522.800000,-0.2,34395
08:27:35,ETH,2261.940000,2262.130000,-0.8,34395
08:27:50,BTC,76521.500000,76517.600000,0.5,34410
08:27:50,ETH,2261.940000,2262.130000,-0.8,34410
08:28:05,BTC,76521.490000,76517.600000,0.5,34425
08:28:05,ETH,2262.090000,2262.260000,-0.8,34425
08:28:20,BTC,76521.500000,76517.600000,0.5,34440
08:28:20,ETH,2262.090000,2262.440000,-1.5,34440
08:28:35,BTC,76521.490000,76517.600000,0.5,34455
08:28:35,ETH,2262.090000,2262.130000,-0.2,34455
08:28:50,BTC,76521.490000,76517.600000,0.5,34470
08:28:50,ETH,2262.020000,2262.130000,-0.5,34470
08:29:05,BTC,76521.490000,76517.600000,0.5,34485
08:29:05,ETH,2262.020000,2262.130000,-0.5,34485
08:29:20,BTC,76521.500000,76517.500000,0.5,34500
08:29:20,ETH,2262.010000,2262.120000,-0.5,34500
08:29:35,BTC,76521.490000,76529.100000,-1.0,34515
08:29:35,ETH,2262.010000,2262.330000,-1.4,34515
08:29:50,BTC,76531.820000,76529.200000,0.3,34530
08:29:50,ETH,2262.090000,2262.440000,-1.5,34530
08:30:05,BTC,76531.820000,76529.200000,0.3,34545
08:30:05,ETH,2262.190000,2262.440000,-1.1,34545
08:30:20,BTC,76560.000000,76557.400000,0.3,34560
08:30:20,ETH,2263.500000,2263.630000,-0.6,34560
08:30:35,BTC,76559.990000,76557.300000,0.4,34575
08:30:35,ETH,2263.250000,2263.510000,-1.1,34575
08:30:50,BTC,76541.620000,76538.600000,0.4,34590
08:30:50,ETH,2262.720000,2262.990000,-1.2,34590
08:31:05,BTC,76537.490000,76535.200000,0.3,34605
08:31:05,ETH,2262.660000,2262.710000,-0.2,34605
08:31:20,BTC,76537.480000,76537.500000,-0.0,34620
08:31:20,ETH,2262.660000,2262.790000,-0.6,34620
08:31:35,BTC,76547.130000,76550.200000,-0.4,34635
08:31:35,ETH,2262.860000,2263.290000,-1.9,34635
08:31:50,BTC,76547.130000,76547.200000,-0.0,34650
08:31:50,ETH,2262.880000,2263.100000,-1.0,34650
08:32:05,BTC,76542.520000,76535.700000,0.9,34665
08:32:05,ETH,2262.880000,2263.090000,-0.9,34665
08:32:20,BTC,76534.160000,76538.700000,-0.6,34680
08:32:20,ETH,2262.460000,2262.800000,-1.5,34680
08:32:35,BTC,76536.530000,76545.200000,-1.1,34695
08:32:35,ETH,2262.970000,2263.200000,-1.0,34695
08:32:51,BTC,76541.760000,76545.300000,-0.5,34710
08:32:51,ETH,2262.980000,2263.260000,-1.2,34710
08:33:06,BTC,76541.750000,76541.100000,0.1,34725
08:33:06,ETH,2262.980000,2263.250000,-1.2,34725
08:33:21,BTC,76541.760000,76541.200000,0.1,34740
08:33:21,ETH,2262.970000,2263.350000,-1.7,34740
08:33:36,BTC,76541.750000,76549.200000,-1.0,34755
08:33:36,ETH,2263.420000,2263.680000,-1.1,34755
08:33:51,BTC,76541.750000,76549.100000,-1.0,34770
08:33:51,ETH,2263.790000,2263.820000,-0.1,34770
08:34:06,BTC,76541.760000,76544.800000,-0.4,34785
08:34:06,ETH,2263.600000,2263.650000,-0.2,34785
08:34:21,BTC,76482.720000,76480.000000,0.4,34800
08:34:21,ETH,2261.730000,2261.730000,0.0,34800
08:34:36,BTC,76483.190000,76488.900000,-0.7,34815
08:34:36,ETH,2261.730000,2261.810000,-0.4,34815
08:34:51,BTC,76486.150000,76494.400000,-1.1,34830
08:34:51,ETH,2261.800000,2262.010000,-0.9,34830
08:35:06,BTC,76482.710000,76483.800000,-0.1,34845
08:35:06,ETH,2261.750000,2262.060000,-1.4,34845
08:35:21,BTC,76493.850000,76504.600000,-1.4,34860
08:35:21,ETH,2262.240000,2262.440000,-0.9,34860
08:35:36,BTC,76495.550000,76503.700000,-1.1,34875
08:35:36,ETH,2262.240000,2262.320000,-0.4,34875
08:35:51,BTC,76504.000000,76507.700000,-0.5,34890
08:35:51,ETH,2262.480000,2262.690000,-0.9,34890
08:36:06,BTC,76504.000000,76507.300000,-0.4,34905
08:36:06,ETH,2262.470000,2262.420000,0.2,34905
08:36:21,BTC,76496.720000,76495.500000,0.2,34920
08:36:21,ETH,2262.290000,2262.460000,-0.8,34920
08:36:36,BTC,76486.360000,76480.900000,0.7,34935
08:36:36,ETH,2262.290000,2262.460000,-0.8,34935
08:36:51,BTC,76486.360000,76480.700000,0.7,34950
08:36:51,ETH,2262.040000,2262.030000,0.0,34950
08:37:06,BTC,76465.180000,76465.500000,-0.0,34965
08:37:06,ETH,2261.280000,2261.480000,-0.9,34965
08:37:21,BTC,76468.210000,76468.200000,0.0,34980
08:37:21,ETH,2261.780000,2261.720000,0.3,34980
08:37:36,BTC,76468.210000,76469.700000,-0.2,34995
08:37:36,ETH,2261.550000,2261.700000,-0.7,34995
08:37:51,BTC,76468.220000,76470.500000,-0.3,35010
08:37:51,ETH,2261.560000,2261.720000,-0.7,35010
08:38:06,BTC,76469.780000,76476.400000,-0.9,35025
08:38:06,ETH,2261.550000,2261.720000,-0.8,35025
08:38:21,BTC,76484.440000,76482.400000,0.3,35040
08:38:21,ETH,2261.950000,2262.080000,-0.6,35040
08:38:36,BTC,76484.430000,76489.000000,-0.6,35055
08:38:36,ETH,2261.960000,2262.150000,-0.8,35055
08:38:51,BTC,76484.430000,76489.000000,-0.6,35070
08:38:51,ETH,2261.960000,2262.230000,-1.2,35070
08:39:06,BTC,76484.440000,76489.000000,-0.6,35085
08:39:06,ETH,2261.850000,2262.000000,-0.7,35085
08:39:21,BTC,76469.160000,76465.800000,0.4,35100
08:39:21,ETH,2261.550000,2261.610000,-0.3,35100
08:39:36,BTC,76458.010000,76458.100000,-0.0,35115
08:39:36,ETH,2261.290000,2261.460000,-0.8,35115
08:39:51,BTC,76464.990000,76466.500000,-0.2,35130
08:39:51,ETH,2261.860000,2262.050000,-0.8,35130
08:40:06,BTC,76464.990000,76466.600000,-0.2,35145
08:40:06,ETH,2261.870000,2262.130000,-1.1,35145
08:40:21,BTC,76464.990000,76466.600000,-0.2,35160
08:40:21,ETH,2261.950000,2262.200000,-1.1,35160
08:40:36,BTC,76464.990000,76467.400000,-0.3,35175
08:40:36,ETH,2262.110000,2262.230000,-0.5,35175
08:40:51,BTC,76478.860000,76478.200000,0.1,35190
08:40:51,ETH,2262.420000,2262.510000,-0.4,35190
08:41:06,BTC,76478.120000,76478.300000,-0.0,35205
08:41:06,ETH,2262.400000,2262.420000,-0.1,35205
08:41:21,ETH,2262.850000,2262.840000,0.0,35220
08:41:51,BTC,76498.300000,76506.000000,-1.0,35251
08:41:51,ETH,2262.850000,2262.840000,0.0,35251
08:42:06,BTC,76500.010000,76507.200000,-0.9,35266
08:42:06,ETH,2263.240000,2263.410000,-0.8,35266
08:42:21,BTC,76500.010000,76507.200000,-0.9,35281
08:42:21,ETH,2263.350000,2263.240000,0.5,35281
08:42:36,BTC,76500.000000,76507.300000,-1.0,35296
08:42:36,ETH,2263.350000,2263.410000,-0.3,35296
08:42:51,BTC,76500.010000,76507.200000,-0.9,35311
08:42:51,ETH,2263.250000,2263.240000,0.0,35311
08:43:06,BTC,76492.780000,76495.900000,-0.4,35326
08:43:06,ETH,2262.440000,2262.260000,0.8,35326
08:43:21,BTC,76496.640000,76499.100000,-0.3,35341
08:43:21,ETH,2262.690000,2262.700000,-0.0,35341
08:43:36,BTC,76496.640000,76499.100000,-0.3,35356
08:43:36,ETH,2262.650000,2262.580000,0.3,35356
08:43:51,BTC,76499.990000,76507.200000,-0.9,35371
08:43:51,ETH,2262.680000,2262.640000,0.2,35371
08:44:06,BTC,76512.850000,76519.400000,-0.9,35386
08:44:06,ETH,2263.180000,2263.240000,-0.3,35386
08:44:21,BTC,76529.960000,76540.700000,-1.4,35401
08:44:21,ETH,2263.950000,2264.280000,-1.5,35401
08:44:36,BTC,76529.950000,76540.700000,-1.4,35416
08:44:36,ETH,2263.950000,2264.140000,-0.8,35416
08:44:51,BTC,76528.370000,76530.900000,-0.3,35431
08:44:51,ETH,2263.690000,2263.710000,-0.1,35431
08:45:06,BTC,76528.370000,76534.300000,-0.8,35446
08:45:06,ETH,2263.700000,2263.900000,-0.9,35446
08:45:21,ETH,2264.350000,2264.510000,-0.7,35461
08:45:51,BTC,76541.600000,76548.200000,-0.9,35491
08:45:51,ETH,2264.350000,2264.510000,-0.7,35491
08:46:06,BTC,76575.840000,76580.400000,-0.6,35506
08:46:06,ETH,2265.230000,2265.200000,0.1,35506
08:46:21,BTC,76591.000000,76596.800000,-0.8,35521
08:46:21,ETH,2265.610000,2265.830000,-1.0,35521
08:46:36,BTC,76564.000000,76565.400000,-0.2,35536
08:46:36,ETH,2263.600000,2263.780000,-0.8,35536
08:46:51,BTC,76544.930000,76549.300000,-0.6,35551
08:46:51,ETH,2263.630000,2263.810000,-0.8,35551
08:47:06,BTC,76540.120000,76547.700000,-1.0,35566
08:47:06,ETH,2263.620000,2263.600000,0.1,35566
08:47:21,BTC,76528.650000,76534.000000,-0.7,35581
08:47:21,ETH,2263.000000,2262.810000,0.8,35581
08:47:36,BTC,76524.970000,76524.100000,0.1,35596
08:47:36,ETH,2262.730000,2262.660000,0.3,35596
08:47:51,BTC,76523.530000,76524.400000,-0.1,35611
08:47:51,ETH,2262.450000,2262.730000,-1.2,35611
08:48:06,BTC,76515.300000,76520.100000,-0.6,35626
08:48:06,ETH,2262.280000,2262.510000,-1.0,35626
08:48:21,BTC,76518.500000,76520.300000,-0.2,35641
08:48:21,ETH,2262.110000,2262.260000,-0.7,35641
08:48:36,BTC,76515.350000,76522.700000,-1.0,35656
08:48:36,ETH,2262.380000,2262.530000,-0.7,35656
08:48:51,BTC,76515.820000,76522.600000,-0.9,35671
08:48:51,ETH,2262.460000,2262.570000,-0.5,35671
08:49:06,BTC,76520.830000,76526.800000,-0.8,35686
08:49:06,ETH,2262.620000,2262.570000,0.2,35686
08:49:21,BTC,76518.070000,76516.400000,0.2,35701
08:49:21,ETH,2262.470000,2262.400000,0.3,35701
08:49:36,BTC,76518.070000,76516.300000,0.2,35716
08:49:36,ETH,2262.460000,2262.410000,0.2,35716
08:49:51,BTC,76493.910000,76494.800000,-0.1,35731
08:49:51,ETH,2261.760000,2261.660000,0.4,35731
08:50:06,BTC,76490.150000,76494.100000,-0.5,35746
08:50:06,ETH,2261.450000,2261.650000,-0.9,35746
08:50:21,BTC,76492.540000,76498.000000,-0.7,35761
08:50:21,ETH,2261.450000,2261.650000,-0.9,35761
08:50:36,BTC,76479.280000,76484.100000,-0.6,35776
08:50:36,ETH,2261.030000,2261.090000,-0.3,35776
08:50:51,BTC,76492.550000,76494.800000,-0.3,35791
08:50:51,ETH,2261.360000,2261.570000,-0.9,35791
08:51:06,BTC,76492.550000,76494.900000,-0.3,35806
08:51:06,ETH,2261.360000,2261.360000,0.0,35806
08:51:21,BTC,76492.540000,76494.900000,-0.3,35821
08:51:21,ETH,2261.390000,2261.420000,-0.1,35821
08:51:36,BTC,76470.480000,76477.100000,-0.9,35836
08:51:36,ETH,2261.070000,2260.920000,0.7,35836
08:51:51,BTC,76470.470000,76473.600000,-0.4,35851
08:51:51,ETH,2260.960000,2260.920000,0.2,35851
08:52:06,BTC,76450.660000,76453.400000,-0.4,35866
08:52:06,ETH,2260.180000,2260.500000,-1.4,35866
08:52:21,BTC,76469.940000,76472.600000,-0.3,35881
08:52:21,ETH,2260.770000,2260.860000,-0.4,35881
08:52:36,BTC,76467.090000,76473.800000,-0.9,35896
08:52:36,ETH,2260.770000,2260.710000,0.3,35896
08:52:51,BTC,76467.100000,76467.100000,0.0,35911
08:52:51,ETH,2260.770000,2260.710000,0.3,35911
08:53:06,BTC,76470.000000,76479.100000,-1.2,35926
08:53:06,ETH,2261.090000,2261.360000,-1.2,35926
08:53:21,BTC,76470.000000,76479.100000,-1.2,35941
08:53:21,ETH,2261.260000,2261.360000,-0.4,35941
08:53:36,BTC,76470.000000,76479.000000,-1.2,35956
08:53:36,ETH,2261.260000,2261.360000,-0.4,35956
08:53:51,BTC,76470.000000,76479.000000,-1.2,35971
08:53:51,ETH,2261.260000,2261.360000,-0.4,35971
08:54:06,BTC,76476.060000,76476.500000,-0.1,35986
08:54:06,ETH,2260.940000,2260.700000,1.1,35986
08:54:21,BTC,76476.060000,76476.400000,-0.0,36001
08:54:21,ETH,2260.760000,2260.690000,0.3,36001
08:54:36,BTC,76470.010000,76470.300000,-0.0,36016
08:54:36,ETH,2260.760000,2260.700000,0.3,36016
08:54:51,BTC,76470.000000,76470.300000,-0.0,36031
08:54:51,ETH,2260.760000,2260.690000,0.3,36031
08:55:06,BTC,76461.600000,76465.700000,-0.5,36046
08:55:06,ETH,2260.410000,2260.520000,-0.5,36046
08:55:21,BTC,76467.560000,76470.100000,-0.3,36061
08:55:21,ETH,2260.860000,2260.990000,-0.6,36061
08:55:36,ETH,2260.530000,2260.530000,0.0,36076
08:56:04,BTC,76461.590000,76460.300000,0.2,36104
08:56:04,ETH,2260.530000,2260.530000,0.0,36104
08:56:19,BTC,76461.600000,76460.400000,0.2,36119
08:56:19,ETH,2260.440000,2260.460000,-0.1,36119
08:56:34,ETH,2259.570000,2259.610000,-0.2,36134
08:57:04,BTC,76434.900000,76429.200000,0.7,36164
08:57:04,ETH,2259.570000,2259.610000,-0.2,36164
08:57:19,BTC,76431.370000,76429.100000,0.3,36179
08:57:19,ETH,2259.570000,2259.600000,-0.1,36179
08:57:34,BTC,76422.980000,76419.100000,0.5,36194
08:57:34,ETH,2259.850000,2259.820000,0.1,36194
08:57:49,BTC,76430.850000,76438.300000,-1.0,36209
08:57:49,ETH,2259.860000,2260.130000,-1.2,36209
08:58:04,BTC,76430.860000,76436.200000,-0.7,36224
08:58:04,ETH,2259.850000,2259.730000,0.5,36224
08:58:19,BTC,76430.010000,76439.300000,-1.2,36239
08:58:19,ETH,2259.830000,2260.050000,-1.0,36239
08:58:34,BTC,76431.220000,76433.900000,-0.4,36254
08:58:34,ETH,2259.640000,2259.600000,0.2,36254
08:58:49,BTC,76416.870000,76420.400000,-0.5,36269
08:58:49,ETH,2259.180000,2259.270000,-0.4,36269
08:59:04,BTC,76412.230000,76415.700000,-0.5,36284
08:59:04,ETH,2259.110000,2259.060000,0.2,36284
08:59:19,BTC,76412.230000,76412.100000,0.0,36299
08:59:19,ETH,2258.970000,2258.930000,0.2,36299
08:59:34,BTC,76402.920000,76412.000000,-1.2,36314
08:59:34,ETH,2258.810000,2259.000000,-0.8,36314
08:59:49,BTC,76421.920000,76426.600000,-0.6,36329
08:59:49,ETH,2259.490000,2259.750000,-1.2,36329
09:00:04,BTC,76464.920000,76464.600000,0.0,36344
09:00:04,ETH,2260.140000,2260.380000,-1.1,36344
09:00:19,BTC,76449.510000,76456.700000,-0.9,36359
09:00:19,ETH,2260.310000,2260.390000,-0.4,36359
09:00:34,BTC,76457.830000,76456.700000,0.1,36374
09:00:34,ETH,2260.310000,2260.380000,-0.3,36374
09:00:49,BTC,76465.930000,76469.200000,-0.4,36389
09:00:49,ETH,2260.710000,2261.050000,-1.5,36389
09:01:04,BTC,76476.060000,76480.000000,-0.5,36404
09:01:04,ETH,2261.040000,2261.290000,-1.1,36404
09:01:19,BTC,76482.320000,76485.200000,-0.4,36419
09:01:19,ETH,2261.040000,2261.290000,-1.1,36419
09:01:34,BTC,76485.000000,76491.200000,-0.8,36434
09:01:34,ETH,2261.150000,2261.300000,-0.7,36434
09:01:49,BTC,76475.760000,76475.300000,0.1,36449
09:01:49,ETH,2260.610000,2260.710000,-0.4,36449
09:02:04,BTC,76475.770000,76468.600000,0.9,36464
09:02:04,ETH,2260.410000,2260.430000,-0.1,36464
09:02:19,BTC,76474.910000,76475.500000,-0.1,36479
09:02:19,ETH,2260.750000,2261.050000,-1.3,36479
09:02:34,BTC,76470.690000,76468.300000,0.3,36494
09:02:34,ETH,2260.850000,2260.980000,-0.6,36494
09:02:49,BTC,76470.690000,76475.500000,-0.6,36509
09:02:49,ETH,2261.190000,2261.420000,-1.0,36509
09:03:04,BTC,76463.040000,76466.300000,-0.4,36524
09:03:04,ETH,2261.190000,2261.190000,0.0,36524
09:03:19,BTC,76464.910000,76466.300000,-0.2,36539
09:03:19,ETH,2261.180000,2261.410000,-1.0,36539
09:03:34,BTC,76464.920000,76466.300000,-0.2,36554
09:03:34,ETH,2261.190000,2261.340000,-0.7,36554
09:03:49,ETH,2261.320000,2261.350000,-0.1,36569
09:04:12,BTC,76464.920000,76460.600000,0.6,36592
09:04:12,ETH,2261.320000,2261.350000,-0.1,36592
09:04:27,BTC,76464.920000,76467.600000,-0.4,36607
09:04:27,ETH,2261.320000,2261.480000,-0.7,36607
09:04:42,BTC,76464.910000,76468.800000,-0.5,36622
09:04:42,ETH,2261.550000,2261.790000,-1.1,36622
09:04:57,BTC,76465.700000,76468.700000,-0.4,36637
09:04:57,ETH,2261.750000,2261.790000,-0.2,36637
09:05:12,BTC,76491.120000,76492.800000,-0.2,36652
09:05:12,ETH,2262.270000,2262.380000,-0.5,36652
09:05:27,BTC,76491.120000,76492.900000,-0.2,36667
09:05:27,ETH,2262.270000,2262.350000,-0.4,36667
09:05:42,BTC,76491.110000,76492.800000,-0.2,36682
09:05:42,ETH,2262.260000,2262.260000,0.0,36682
09:05:57,BTC,76499.990000,76500.000000,-0.0,36697
09:05:57,ETH,2262.490000,2262.720000,-1.0,36697
09:06:12,BTC,76513.890000,76517.700000,-0.5,36712
09:06:12,ETH,2262.800000,2263.030000,-1.0,36712
09:06:27,BTC,76518.000000,76519.300000,-0.2,36727
09:06:27,ETH,2263.080000,2263.040000,0.2,36727
09:06:42,BTC,76514.260000,76519.300000,-0.7,36742
09:06:42,ETH,2263.040000,2263.040000,0.0,36742
09:06:57,BTC,76518.730000,76519.300000,-0.1,36757
09:06:57,ETH,2263.470000,2263.500000,-0.1,36757
09:07:12,BTC,76518.730000,76519.300000,-0.1,36772
09:07:12,ETH,2263.150000,2263.240000,-0.4,36772
09:07:27,BTC,76523.770000,76521.300000,0.3,36787
09:07:27,ETH,2263.470000,2263.600000,-0.6,36787
09:07:42,BTC,76531.860000,76538.400000,-0.9,36802
09:07:42,ETH,2263.980000,2263.930000,0.2,36802
09:07:57,BTC,76543.910000,76546.900000,-0.4,36817
09:07:57,ETH,2264.170000,2264.290000,-0.5,36817
09:08:12,BTC,76555.000000,76555.500000,-0.1,36832
09:08:12,ETH,2264.600000,2264.700000,-0.4,36832
09:08:27,BTC,76581.880000,76588.000000,-0.8,36847
09:08:27,ETH,2265.210000,2265.440000,-1.0,36847
09:08:42,BTC,76564.000000,76561.300000,0.4,36862
09:08:42,ETH,2264.600000,2264.610000,-0.0,36862
09:08:57,BTC,76550.530000,76553.300000,-0.4,36877
09:08:57,ETH,2264.130000,2264.110000,0.1,36877
09:09:12,BTC,76550.530000,76553.400000,-0.4,36892
09:09:12,ETH,2264.090000,2264.250000,-0.7,36892
09:09:27,BTC,76550.530000,76557.800000,-0.9,36907
09:09:27,ETH,2264.050000,2264.240000,-0.8,36907
09:09:42,BTC,76558.720000,76561.200000,-0.3,36922
09:09:42,ETH,2264.050000,2264.240000,-0.8,36922
09:09:57,BTC,76558.730000,76561.300000,-0.3,36937
09:09:57,ETH,2264.050000,2264.250000,-0.9,36937
09:10:12,BTC,76577.490000,76580.000000,-0.3,36952
09:10:12,ETH,2264.610000,2264.580000,0.1,36952
09:10:27,BTC,76543.090000,76543.300000,-0.0,36967
09:10:27,ETH,2263.170000,2263.190000,-0.1,36967
09:10:42,ETH,2263.100000,2263.010000,0.4,36982
09:11:12,BTC,76538.570000,76540.500000,-0.3,37012
09:11:12,ETH,2263.100000,2263.010000,0.4,37012
09:11:27,BTC,76545.020000,76542.500000,0.3,37027
09:11:27,ETH,2263.200000,2263.300000,-0.4,37027
09:11:42,BTC,76559.990000,76565.800000,-0.8,37042
09:11:42,ETH,2263.510000,2263.660000,-0.7,37042
09:11:57,BTC,76563.670000,76569.900000,-0.8,37057
09:11:57,ETH,2263.510000,2263.670000,-0.7,37057
09:12:12,BTC,76569.850000,76567.500000,0.3,37072
09:12:12,ETH,2263.640000,2263.880000,-1.1,37072
09:12:27,BTC,76569.850000,76580.000000,-1.3,37087
09:12:27,ETH,2263.790000,2264.080000,-1.3,37087
09:12:42,BTC,76583.340000,76579.900000,0.4,37102
09:12:42,ETH,2263.940000,2264.160000,-1.0,37102
09:12:57,BTC,76589.330000,76593.800000,-0.6,37117
09:12:57,ETH,2264.030000,2264.290000,-1.1,37117
09:13:12,BTC,76589.330000,76593.800000,-0.6,37132
09:13:12,ETH,2264.150000,2264.340000,-0.8,37132
09:13:27,BTC,76589.330000,76593.800000,-0.6,37147
09:13:27,ETH,2264.200000,2264.450000,-1.1,37147
09:13:42,BTC,76589.340000,76590.000000,-0.1,37162
09:13:42,ETH,2263.940000,2263.820000,0.5,37162
09:13:57,BTC,76589.340000,76590.100000,-0.1,37177
09:13:57,ETH,2264.130000,2264.280000,-0.7,37177
09:14:12,BTC,76589.340000,76590.000000,-0.1,37192
09:14:12,ETH,2264.120000,2264.330000,-0.9,37192
09:14:27,BTC,76589.330000,76590.100000,-0.1,37207
09:14:27,ETH,2264.130000,2264.330000,-0.9,37207
09:14:42,BTC,76589.330000,76590.100000,-0.1,37222
09:14:42,ETH,2264.130000,2264.160000,-0.1,37222
09:14:57,BTC,76564.000000,76560.000000,0.5,37237
09:14:57,ETH,2263.780000,2263.780000,0.0,37237
09:15:12,BTC,76587.290000,76587.100000,0.0,37252
09:15:12,ETH,2264.600000,2264.720000,-0.5,37252
09:15:27,BTC,76587.290000,76587.100000,0.0,37267
09:15:27,ETH,2265.330000,2265.320000,0.0,37267
09:15:42,BTC,76616.800000,76614.200000,0.3,37282
09:15:42,ETH,2265.270000,2265.330000,-0.3,37282
09:15:57,BTC,76617.060000,76616.500000,0.1,37297
09:15:57,ETH,2265.160000,2265.050000,0.5,37297
09:16:12,BTC,76623.160000,76615.300000,1.0,37312
09:16:12,ETH,2265.110000,2265.070000,0.2,37312
09:16:27,BTC,76620.610000,76613.200000,1.0,37327
09:16:27,ETH,2265.100000,2265.140000,-0.2,37327
09:16:42,BTC,76605.550000,76600.000000,0.7,37342
09:16:42,ETH,2264.690000,2264.710000,-0.1,37342
09:16:57,ETH,2264.350000,2264.320000,0.1,37357
09:17:20,BTC,76606.820000,76603.100000,0.5,37380
09:17:20,ETH,2264.350000,2264.320000,0.1,37380
09:17:35,BTC,76601.730000,76601.900000,-0.0,37395
09:17:35,ETH,2264.340000,2264.320000,0.1,37395
09:17:50,BTC,76605.550000,76604.200000,0.2,37410
09:17:50,ETH,2264.350000,2264.320000,0.1,37410
09:18:05,BTC,76605.560000,76604.200000,0.2,37425
09:18:05,ETH,2264.340000,2264.310000,0.1,37425
09:18:20,BTC,76610.930000,76613.200000,-0.3,37440
09:18:20,ETH,2264.860000,2264.970000,-0.5,37440
09:18:35,BTC,76629.990000,76625.000000,0.7,37455
09:18:35,ETH,2265.300000,2265.330000,-0.1,37455
09:18:50,BTC,76616.710000,76616.100000,0.1,37470
09:18:50,ETH,2265.160000,2265.190000,-0.1,37470
09:19:05,BTC,76616.700000,76616.100000,0.1,37485
09:19:05,ETH,2265.170000,2265.180000,-0.0,37485
09:19:20,BTC,76616.700000,76614.000000,0.4,37500
09:19:20,ETH,2265.140000,2265.170000,-0.1,37500
09:19:35,BTC,76616.700000,76614.000000,0.4,37515
09:19:35,ETH,2264.980000,2264.690000,1.3,37515
09:19:50,BTC,76616.710000,76614.100000,0.3,37530
09:19:50,ETH,2264.780000,2264.670000,0.5,37530
09:20:05,BTC,76616.700000,76610.000000,0.9,37545
09:20:05,ETH,2264.370000,2264.300000,0.3,37545
09:20:20,BTC,76616.700000,76614.100000,0.3,37560
09:20:20,ETH,2264.340000,2264.380000,-0.2,37560
09:20:35,BTC,76623.230000,76614.100000,1.2,37575
09:20:35,ETH,2264.360000,2264.370000,-0.0,37575
09:20:50,BTC,76623.230000,76614.000000,1.2,37590
09:20:50,ETH,2264.740000,2264.380000,1.6,37590
09:21:05,BTC,76623.230000,76614.000000,1.2,37605
09:21:05,ETH,2264.740000,2264.830000,-0.4,37605
09:21:21,BTC,76623.230000,76614.100000,1.2,37621
09:21:21,ETH,2264.750000,2265.000000,-1.1,37621
09:21:36,BTC,76623.240000,76614.100000,1.2,37636
09:21:36,ETH,2264.750000,2264.860000,-0.5,37636
09:21:51,BTC,76623.240000,76614.000000,1.2,37651
09:21:51,ETH,2264.670000,2264.750000,-0.4,37651
09:22:06,BTC,76623.240000,76614.100000,1.2,37666
09:22:06,ETH,2264.750000,2264.660000,0.4,37666
09:22:21,BTC,76629.990000,76625.000000,0.7,37681
09:22:21,ETH,2264.650000,2264.690000,-0.2,37681
09:22:36,BTC,76630.000000,76624.900000,0.7,37696
09:22:36,ETH,2264.500000,2264.450000,0.2,37696
09:22:51,BTC,76616.700000,76614.000000,0.4,37711
09:22:51,ETH,2264.340000,2264.300000,0.2,37711
09:23:06,BTC,76616.700000,76608.400000,1.1,37726
09:23:06,ETH,2264.160000,2264.250000,-0.4,37726
09:23:21,BTC,76604.180000,76595.400000,1.1,37741
09:23:21,ETH,2264.340000,2264.260000,0.4,37741
09:23:36,BTC,76584.220000,76587.000000,-0.4,37756
09:23:36,ETH,2263.870000,2264.000000,-0.6,37756
09:23:51,BTC,76581.130000,76584.900000,-0.5,37771
09:23:51,ETH,2263.870000,2264.000000,-0.6,37771
09:24:06,BTC,76581.710000,76584.900000,-0.4,37786
09:24:06,ETH,2263.880000,2263.940000,-0.3,37786
09:24:21,BTC,76581.720000,76584.900000,-0.4,37801
09:24:21,ETH,2263.870000,2263.940000,-0.3,37801
09:24:36,BTC,76581.720000,76584.900000,-0.4,37816
09:24:36,ETH,2263.880000,2263.930000,-0.2,37816
09:24:51,BTC,76572.100000,76571.900000,0.0,37831
09:24:51,ETH,2263.590000,2263.540000,0.2,37831
09:25:06,BTC,76572.100000,76567.800000,0.6,37846
09:25:06,ETH,2263.580000,2263.540000,0.2,37846
09:25:21,BTC,76551.930000,76555.100000,-0.4,37861
09:25:21,ETH,2262.580000,2262.700000,-0.5,37861
09:25:36,BTC,76543.550000,76544.300000,-0.1,37876
09:25:36,ETH,2262.530000,2262.460000,0.3,37876
09:25:51,BTC,76538.260000,76537.600000,0.1,37891
09:25:51,ETH,2262.460000,2262.460000,0.0,37891
09:26:06,BTC,76533.280000,76537.700000,-0.6,37906
09:26:06,ETH,2261.940000,2262.220000,-1.2,37906
09:26:21,BTC,76533.280000,76541.500000,-1.1,37921
09:26:21,ETH,2262.200000,2262.150000,0.2,37921
09:26:36,BTC,76533.270000,76541.400000,-1.1,37936
09:26:36,ETH,2262.190000,2262.020000,0.8,37936
09:26:51,BTC,76533.270000,76539.500000,-0.8,37951
09:26:51,ETH,2262.180000,2262.020000,0.7,37951
09:27:06,BTC,76533.280000,76529.900000,0.4,37966
09:27:06,ETH,2262.080000,2262.040000,0.2,37966
09:27:21,BTC,76533.280000,76529.900000,0.4,37981
09:27:21,ETH,2262.070000,2261.940000,0.6,37981
09:27:36,BTC,76533.270000,76530.000000,0.4,37996
09:27:36,ETH,2262.080000,2262.080000,0.0,37996
09:27:51,BTC,76530.330000,76537.600000,-0.9,38011
09:27:51,ETH,2262.080000,2262.100000,-0.1,38011
09:28:06,BTC,76533.280000,76538.300000,-0.7,38026
09:28:06,ETH,2262.220000,2262.230000,-0.0,38026
09:28:21,BTC,76533.270000,76538.400000,-0.7,38041
09:28:21,ETH,2262.210000,2262.220000,-0.0,38041
09:28:36,BTC,76533.270000,76538.300000,-0.7,38056
09:28:36,ETH,2262.210000,2262.200000,0.0,38056
09:28:51,BTC,76533.280000,76538.400000,-0.7,38071
09:28:51,ETH,2262.220000,2262.250000,-0.1,38071
09:29:06,BTC,76533.270000,76538.300000,-0.7,38086
09:29:06,ETH,2262.290000,2262.450000,-0.7,38086
09:29:21,BTC,76533.270000,76538.400000,-0.7,38101
09:29:21,ETH,2262.290000,2262.220000,0.3,38101
09:29:36,BTC,76533.280000,76538.300000,-0.7,38116
09:29:36,ETH,2262.280000,2262.250000,0.1,38116
09:29:51,BTC,76536.820000,76538.400000,-0.2,38131
09:29:51,ETH,2262.460000,2262.450000,0.0,38131
09:30:06,BTC,76536.820000,76538.400000,-0.2,38146
09:30:06,ETH,2262.690000,2262.760000,-0.3,38146
09:30:21,BTC,76536.820000,76530.100000,0.9,38161
09:30:21,ETH,2262.620000,2262.680000,-0.3,38161
09:30:36,BTC,76537.140000,76538.900000,-0.2,38176
09:30:36,ETH,2262.600000,2262.690000,-0.4,38176
09:30:51,ETH,2262.610000,2262.440000,0.8,38191
09:31:21,BTC,76537.140000,76538.900000,-0.2,38221
09:31:21,ETH,2262.610000,2262.440000,0.8,38221
09:31:36,BTC,76537.000000,76530.400000,0.9,38236
09:31:36,ETH,2262.460000,2262.450000,0.0,38236
09:31:51,BTC,76550.100000,76552.200000,-0.3,38251
09:31:51,ETH,2262.820000,2262.940000,-0.5,38251
09:32:06,BTC,76550.110000,76553.500000,-0.4,38266
09:32:06,ETH,2262.940000,2262.850000,0.4,38266
09:32:21,BTC,76550.100000,76553.500000,-0.4,38281
09:32:21,ETH,2262.950000,2262.850000,0.4,38281
09:32:36,BTC,76548.980000,76550.100000,-0.1,38296
09:32:36,ETH,2262.570000,2262.610000,-0.2,38296
09:32:51,BTC,76548.980000,76550.200000,-0.2,38311
09:32:51,ETH,2262.460000,2262.370000,0.4,38311
09:33:06,BTC,76551.880000,76551.300000,0.1,38326
09:33:06,ETH,2262.690000,2262.640000,0.2,38326
09:33:21,BTC,76551.870000,76551.300000,0.1,38341
09:33:21,ETH,2262.710000,2262.730000,-0.1,38341
09:33:36,BTC,76570.990000,76570.900000,0.0,38356
09:33:36,ETH,2263.220000,2263.150000,0.3,38356
09:33:51,BTC,76571.000000,76564.800000,0.8,38371
09:33:51,ETH,2263.220000,2263.150000,0.3,38371
09:34:06,BTC,76570.990000,76564.300000,0.9,38386
09:34:06,ETH,2263.210000,2263.140000,0.3,38386
09:34:21,BTC,76571.000000,76571.300000,-0.0,38401
09:34:21,ETH,2263.630000,2263.580000,0.2,38401
09:34:36,BTC,76570.990000,76571.200000,-0.0,38416
09:34:36,ETH,2263.640000,2263.690000,-0.2,38416
09:34:51,BTC,76570.990000,76571.300000,-0.0,38431
09:34:51,ETH,2263.630000,2263.590000,0.2,38431
09:35:06,BTC,76578.260000,76573.900000,0.6,38446
09:35:06,ETH,2263.630000,2263.590000,0.2,38446
09:35:21,BTC,76583.650000,76579.400000,0.6,38461
09:35:21,ETH,2263.640000,2263.960000,-1.4,38461
09:35:36,BTC,76580.080000,76580.900000,-0.1,38476
09:35:36,ETH,2263.630000,2263.610000,0.1,38476
09:35:51,BTC,76580.070000,76579.400000,0.1,38491
09:35:51,ETH,2263.630000,2263.440000,0.8,38491
09:36:06,BTC,76587.020000,76581.900000,0.7,38506
09:36:06,ETH,2263.640000,2263.450000,0.8,38506
09:36:21,BTC,76587.050000,76584.700000,0.3,38521
09:36:21,ETH,2263.510000,2263.460000,0.2,38521
09:36:36,BTC,76581.240000,76580.200000,0.1,38536
09:36:36,ETH,2263.570000,2263.520000,0.2,38536
09:36:51,BTC,76587.050000,76584.500000,0.3,38551
09:36:51,ETH,2263.570000,2263.590000,-0.1,38551
09:37:06,BTC,76587.050000,76590.200000,-0.4,38566
09:37:06,ETH,2263.650000,2263.880000,-1.0,38566
09:37:21,BTC,76587.060000,76590.200000,-0.4,38581
09:37:21,ETH,2263.690000,2263.880000,-0.8,38581
09:37:36,BTC,76594.360000,76590.300000,0.5,38596
09:37:36,ETH,2263.680000,2263.870000,-0.8,38596
09:37:51,BTC,76596.060000,76592.500000,0.5,38611
09:37:51,ETH,2263.700000,2263.870000,-0.8,38611
09:38:06,BTC,76597.840000,76592.600000,0.7,38626
09:38:06,ETH,2263.980000,2263.930000,0.2,38626
09:38:21,BTC,76579.380000,76572.100000,1.0,38641
09:38:21,ETH,2263.690000,2263.530000,0.7,38641
09:38:36,BTC,76579.380000,76579.600000,-0.0,38656
09:38:36,ETH,2263.700000,2263.530000,0.8,38656
09:38:51,BTC,76579.380000,76579.700000,-0.0,38671
09:38:51,ETH,2263.690000,2263.530000,0.7,38671
09:39:06,BTC,76579.390000,76575.500000,0.5,38686
09:39:06,ETH,2263.690000,2263.660000,0.1,38686
09:39:21,BTC,76579.390000,76575.500000,0.5,38701
09:39:21,ETH,2263.700000,2263.660000,0.2,38701
09:39:36,BTC,76585.370000,76584.400000,0.1,38716
09:39:36,ETH,2263.870000,2263.760000,0.5,38716
09:39:51,BTC,76585.360000,76584.300000,0.1,38731
09:39:51,ETH,2264.110000,2264.190000,-0.4,38731
09:40:06,BTC,76585.370000,76584.300000,0.1,38746
09:40:06,ETH,2264.120000,2264.020000,0.4,38746
09:40:21,BTC,76585.370000,76584.300000,0.1,38761
09:40:21,ETH,2264.170000,2264.110000,0.3,38761
09:40:36,BTC,76585.360000,76584.300000,0.1,38776
09:40:36,ETH,2264.170000,2264.100000,0.3,38776
09:40:51,BTC,76585.360000,76584.300000,0.1,38791
09:40:51,ETH,2264.250000,2264.110000,0.6,38791
09:41:06,BTC,76585.360000,76584.400000,0.1,38806
09:41:06,ETH,2264.340000,2264.410000,-0.3,38806
09:41:21,BTC,76585.380000,76584.300000,0.1,38821
09:41:21,ETH,2264.380000,2264.470000,-0.4,38821
09:41:36,BTC,76585.460000,76584.400000,0.1,38836
09:41:36,ETH,2264.380000,2264.470000,-0.4,38836
09:41:51,BTC,76598.460000,76592.400000,0.8,38851
09:41:51,ETH,2264.710000,2264.720000,-0.0,38851
09:42:06,BTC,76602.810000,76592.400000,1.4,38866
09:42:06,ETH,2264.720000,2264.790000,-0.3,38866
09:42:21,BTC,76602.810000,76592.400000,1.4,38881
09:42:21,ETH,2264.720000,2264.800000,-0.4,38881
09:42:36,BTC,76602.800000,76592.400000,1.4,38896
09:42:36,ETH,2264.770000,2264.800000,-0.1,38896
09:42:51,BTC,76602.800000,76592.400000,1.4,38911
09:42:51,ETH,2265.010000,2264.810000,0.9,38911
09:43:06,BTC,76640.640000,76634.900000,0.7,38926
09:43:06,ETH,2265.970000,2265.770000,0.9,38926
09:43:21,BTC,76611.730000,76611.500000,0.0,38941
09:43:21,ETH,2265.390000,2265.410000,-0.1,38941
09:43:36,BTC,76611.730000,76611.500000,0.0,38956
09:43:36,ETH,2265.350000,2265.080000,1.2,38956
09:43:51,BTC,76632.710000,76626.200000,0.8,38971
09:43:51,ETH,2265.510000,2265.510000,0.0,38971
09:44:06,BTC,76634.970000,76626.200000,1.1,38986
09:44:06,ETH,2265.510000,2265.260000,1.1,38986
09:44:21,BTC,76610.110000,76608.700000,0.2,39001
09:44:21,ETH,2265.280000,2265.150000,0.6,39001
09:44:36,BTC,76610.100000,76612.400000,-0.3,39016
09:44:36,ETH,2265.280000,2265.540000,-1.1,39016
09:44:51,BTC,76617.220000,76620.100000,-0.4,39031
09:44:51,ETH,2265.860000,2265.880000,-0.1,39031
09:45:06,BTC,76624.770000,76627.000000,-0.3,39046
09:45:06,ETH,2265.860000,2265.990000,-0.6,39046
09:45:21,BTC,76629.460000,76627.000000,0.3,39061
09:45:21,ETH,2265.720000,2265.550000,0.8,39061
09:45:36,BTC,76617.220000,76613.000000,0.6,39076
09:45:36,ETH,2265.260000,2265.090000,0.8,39076
09:45:51,BTC,76615.980000,76613.000000,0.4,39091
09:45:51,ETH,2265.260000,2265.090000,0.8,39091
09:46:06,BTC,76617.610000,76619.600000,-0.3,39106
09:46:06,ETH,2265.260000,2265.120000,0.6,39106
09:46:21,BTC,76620.900000,76619.600000,0.2,39121
09:46:21,ETH,2265.270000,2265.210000,0.3,39121
09:46:36,BTC,76624.040000,76619.700000,0.6,39136
09:46:36,ETH,2265.860000,2265.320000,2.4,39136
09:46:51,BTC,76629.460000,76632.000000,-0.3,39151
09:46:51,ETH,2265.860000,2265.730000,0.6,39151
09:47:06,BTC,76631.900000,76632.100000,-0.0,39166
09:47:06,ETH,2265.860000,2265.780000,0.4,39166
09:47:21,BTC,76631.910000,76632.000000,-0.0,39181
09:47:21,ETH,2265.860000,2265.780000,0.4,39181
09:47:36,BTC,76638.000000,76637.300000,0.1,39196
09:47:36,ETH,2265.870000,2265.920000,-0.2,39196
09:47:51,BTC,76639.420000,76642.300000,-0.4,39211
09:47:51,ETH,2266.210000,2266.250000,-0.2,39211
09:48:06,BTC,76636.750000,76642.400000,-0.7,39226
09:48:06,ETH,2266.340000,2266.240000,0.4,39226
09:48:21,BTC,76636.750000,76642.500000,-0.8,39241
09:48:21,ETH,2266.350000,2266.250000,0.4,39241
09:48:36,BTC,76711.240000,76720.200000,-1.2,39256
09:48:36,ETH,2268.310000,2268.430000,-0.5,39256
09:48:51,BTC,76694.410000,76692.200000,0.3,39271
09:48:51,ETH,2267.840000,2267.980000,-0.6,39271
09:49:06,BTC,76703.750000,76711.300000,-1.0,39286
09:49:06,ETH,2267.850000,2267.790000,0.3,39286
09:49:21,BTC,76725.050000,76728.300000,-0.4,39301
09:49:21,ETH,2268.200000,2268.200000,0.0,39301
09:49:36,BTC,76732.650000,76730.400000,0.3,39316
09:49:36,ETH,2268.390000,2268.350000,0.2,39316
09:49:51,BTC,76726.990000,76730.300000,-0.4,39331
09:49:51,ETH,2267.840000,2267.800000,0.2,39331
09:50:06,ETH,2267.580000,2267.570000,0.0,39346
09:50:37,BTC,76702.230000,76707.500000,-0.7,39376
09:50:37,ETH,2267.580000,2267.570000,0.0,39376
09:50:52,BTC,76702.230000,76699.600000,0.3,39391
09:50:52,ETH,2267.380000,2267.290000,0.4,39391
09:51:07,BTC,76702.220000,76700.000000,0.3,39406
09:51:07,ETH,2267.500000,2267.470000,0.1,39406
09:51:22,BTC,76702.220000,76706.100000,-0.5,39421
09:51:22,ETH,2267.690000,2267.600000,0.4,39421
09:51:37,BTC,76702.220000,76707.500000,-0.7,39436
09:51:37,ETH,2268.030000,2268.090000,-0.3,39436
09:51:52,BTC,76702.230000,76707.400000,-0.7,39451
09:51:52,ETH,2268.030000,2268.100000,-0.3,39451
09:52:07,BTC,76702.220000,76707.400000,-0.7,39466
09:52:07,ETH,2268.000000,2268.100000,-0.4,39466
09:52:22,BTC,76702.220000,76707.300000,-0.7,39481
09:52:22,ETH,2268.000000,2267.970000,0.1,39481
09:52:37,BTC,76702.220000,76707.300000,-0.7,39496
09:52:37,ETH,2267.750000,2267.430000,1.4,39496
09:52:52,BTC,76701.220000,76701.800000,-0.1,39511
09:52:52,ETH,2267.990000,2267.970000,0.1,39511
09:53:07,BTC,76716.540000,76719.900000,-0.4,39526
09:53:07,ETH,2268.620000,2268.470000,0.7,39526
09:53:22,BTC,76718.010000,76725.900000,-1.0,39541
09:53:22,ETH,2268.990000,2269.180000,-0.8,39541
09:53:37,BTC,76732.170000,76737.900000,-0.7,39556
09:53:37,ETH,2268.750000,2268.780000,-0.1,39556
09:53:52,BTC,76733.000000,76738.000000,-0.7,39571
09:53:52,ETH,2269.530000,2269.390000,0.6,39571
09:54:07,BTC,76732.010000,76740.400000,-1.1,39586
09:54:07,ETH,2268.820000,2268.860000,-0.2,39586
09:54:22,BTC,76760.360000,76760.400000,-0.0,39601
09:54:22,ETH,2269.800000,2269.790000,0.0,39601
09:54:37,BTC,76740.000000,76743.700000,-0.5,39616
09:54:37,ETH,2269.340000,2269.200000,0.6,39616
09:54:52,BTC,76739.090000,76738.500000,0.1,39631
09:54:52,ETH,2269.120000,2268.860000,1.1,39631
09:55:07,BTC,76737.240000,76731.500000,0.7,39647
09:55:07,ETH,2268.750000,2268.970000,-1.0,39647
09:55:22,ETH,2269.830000,2269.600000,1.0,39662
09:55:47,BTC,76756.300000,76755.200000,0.1,39687
09:55:47,ETH,2269.830000,2269.600000,1.0,39687
09:56:02,BTC,76755.160000,76749.700000,0.7,39702
09:56:02,ETH,2269.550000,2269.610000,-0.3,39702
09:56:17,BTC,76743.950000,76742.800000,0.1,39717
09:56:17,ETH,2269.610000,2269.370000,1.1,39717
09:56:32,BTC,76741.690000,76740.600000,0.1,39732
09:56:32,ETH,2269.260000,2269.070000,0.8,39732
09:56:47,BTC,76740.310000,76740.600000,-0.0,39747
09:56:47,ETH,2269.300000,2269.070000,1.0,39747
09:57:02,BTC,76740.310000,76746.500000,-0.8,39762
09:57:02,ETH,2269.620000,2269.540000,0.4,39762
09:57:17,BTC,76758.840000,76760.400000,-0.2,39777
09:57:17,ETH,2270.000000,2270.000000,0.0,39777
09:57:32,BTC,76776.190000,76773.900000,0.3,39792
09:57:32,ETH,2270.530000,2270.360000,0.7,39792
09:57:47,BTC,76760.580000,76754.900000,0.7,39807
09:57:47,ETH,2269.810000,2269.700000,0.5,39807
09:58:02,BTC,76755.640000,76751.600000,0.5,39822
09:58:02,ETH,2269.340000,2269.200000,0.6,39822
09:58:17,ETH,2268.180000,2267.960000,1.0,39837
09:58:47,BTC,76701.820000,76706.200000,-0.6,39867
09:58:47,ETH,2268.180000,2267.960000,1.0,39867
09:59:02,BTC,76682.350000,76681.500000,0.1,39882
09:59:02,ETH,2267.580000,2267.620000,-0.2,39882
09:59:17,BTC,76677.350000,76678.000000,-0.1,39897
09:59:17,ETH,2267.310000,2267.330000,-0.1,39897
09:59:32,BTC,76686.120000,76689.200000,-0.4,39912
09:59:32,ETH,2267.760000,2267.780000,-0.1,39912
09:59:47,BTC,76686.120000,76689.200000,-0.4,39927
09:59:47,ETH,2267.760000,2267.610000,0.7,39927
10:00:02,BTC,76694.990000,76696.100000,-0.1,39942
10:00:02,ETH,2268.020000,2268.040000,-0.1,39942
10:00:17,BTC,76687.990000,76689.400000,-0.2,39957
10:00:17,ETH,2267.860000,2267.650000,0.9,39957
10:00:32,BTC,76687.990000,76689.300000,-0.2,39972
10:00:32,ETH,2267.730000,2267.530000,0.9,39972
10:00:47,BTC,76688.010000,76689.300000,-0.2,39987
10:00:47,ETH,2267.610000,2267.440000,0.7,39987
10:01:02,BTC,76688.000000,76689.400000,-0.2,40002
10:01:02,ETH,2267.620000,2267.570000,0.2,40002
10:01:17,BTC,76688.010000,76684.000000,0.5,40017
10:01:17,ETH,2267.620000,2267.570000,0.2,40017
10:01:32,BTC,76680.730000,76675.100000,0.7,40032
10:01:32,ETH,2267.150000,2267.330000,-0.8,40032
10:01:47,BTC,76670.010000,76673.600000,-0.5,40047
10:01:47,ETH,2266.670000,2266.630000,0.2,40047
10:02:02,BTC,76673.010000,76673.600000,-0.1,40062
10:02:02,ETH,2266.710000,2266.700000,0.0,40062
10:02:17,BTC,76653.210000,76650.200000,0.4,40077
10:02:17,ETH,2266.250000,2266.000000,1.1,40077
10:02:32,BTC,76642.760000,76647.500000,-0.6,40092
10:02:32,ETH,2265.730000,2265.570000,0.7,40092
10:02:47,BTC,76630.580000,76633.100000,-0.3,40107
10:02:47,ETH,2265.740000,2265.600000,0.6,40107
10:03:02,BTC,76622.220000,76625.100000,-0.4,40122
10:03:02,ETH,2265.740000,2265.600000,0.6,40122
10:03:17,BTC,76635.160000,76640.500000,-0.7,40137
10:03:17,ETH,2265.870000,2265.820000,0.2,40137
10:03:32,BTC,76651.610000,76654.400000,-0.4,40152
10:03:32,ETH,2266.610000,2266.510000,0.4,40152
10:03:47,BTC,76644.520000,76646.200000,-0.2,40167
10:03:47,ETH,2266.020000,2265.990000,0.1,40167
10:04:02,BTC,76652.610000,76653.900000,-0.2,40182
10:04:02,ETH,2266.460000,2266.460000,0.0,40182
10:04:17,BTC,76668.940000,76672.600000,-0.5,40197
10:04:17,ETH,2266.870000,2266.610000,1.1,40197
10:04:32,BTC,76678.860000,76672.700000,0.8,40212
10:04:32,ETH,2267.260000,2267.290000,-0.1,40212
10:04:47,BTC,76678.860000,76672.600000,0.8,40227
10:04:47,ETH,2267.250000,2267.290000,-0.2,40227
10:05:02,BTC,76678.850000,76672.600000,0.8,40242
10:05:02,ETH,2267.170000,2267.040000,0.6,40242
10:05:17,BTC,76647.810000,76647.900000,-0.0,40257
10:05:17,ETH,2266.420000,2266.460000,-0.2,40257
10:05:32,BTC,76647.380000,76643.400000,0.5,40272
10:05:32,ETH,2266.420000,2266.290000,0.6,40272
10:05:47,BTC,76658.460000,76660.800000,-0.3,40287
10:05:47,ETH,2266.610000,2266.550000,0.3,40287
10:06:02,BTC,76654.070000,76655.900000,-0.2,40302
10:06:02,ETH,2266.580000,2266.570000,0.0,40302
10:06:17,BTC,76661.600000,76657.900000,0.5,40317
10:06:17,ETH,2266.840000,2266.890000,-0.2,40317
10:06:32,BTC,76661.610000,76657.800000,0.5,40332
10:06:32,ETH,2266.830000,2266.740000,0.4,40332
10:06:47,BTC,76661.600000,76657.800000,0.5,40347
10:06:47,ETH,2266.800000,2266.790000,0.0,40347
10:07:02,BTC,76671.010000,76664.800000,0.8,40362
10:07:02,ETH,2267.150000,2267.090000,0.3,40362
10:07:17,BTC,76673.360000,76672.600000,0.1,40377
10:07:17,ETH,2267.300000,2267.090000,0.9,40377
10:07:32,BTC,76673.350000,76672.700000,0.1,40392
10:07:32,ETH,2267.540000,2267.210000,1.5,40392
10:07:47,BTC,76672.800000,76667.900000,0.6,40407
10:07:47,ETH,2267.290000,2267.210000,0.4,40407
10:08:02,BTC,76664.460000,76659.400000,0.7,40422
10:08:02,ETH,2267.040000,2266.850000,0.8,40422
10:08:17,BTC,76664.460000,76669.600000,-0.7,40437
10:08:17,ETH,2267.050000,2267.080000,-0.1,40437
10:08:32,BTC,76693.990000,76695.000000,-0.1,40452
10:08:32,ETH,2268.690000,2268.850000,-0.7,40452
10:08:47,BTC,76685.420000,76681.700000,0.5,40467
10:08:47,ETH,2268.690000,2268.750000,-0.3,40467
10:09:02,BTC,76699.980000,76698.000000,0.3,40482
10:09:02,ETH,2269.380000,2269.400000,-0.1,40482
10:09:17,BTC,76712.950000,76713.900000,-0.1,40497
10:09:17,ETH,2269.700000,2269.680000,0.1,40497
10:09:32,BTC,76726.530000,76735.200000,-1.1,40512
10:09:32,ETH,2269.740000,2269.710000,0.1,40512
10:09:47,BTC,76720.140000,76718.300000,0.2,40527
10:09:47,ETH,2269.640000,2269.460000,0.8,40527
10:10:02,BTC,76720.140000,76722.900000,-0.4,40542
10:10:02,ETH,2269.640000,2269.710000,-0.3,40542
10:10:17,BTC,76705.220000,76708.200000,-0.4,40557
10:10:17,ETH,2268.910000,2268.950000,-0.2,40557
10:10:32,BTC,76690.450000,76689.200000,0.2,40572
10:10:32,ETH,2268.200000,2268.310000,-0.5,40572
10:10:47,BTC,76687.550000,76688.700000,-0.1,40587
10:10:47,ETH,2268.180000,2268.300000,-0.5,40587
10:11:02,BTC,76687.540000,76688.600000,-0.1,40602
10:11:02,ETH,2268.090000,2268.070000,0.1,40602
10:11:17,BTC,76690.570000,76692.700000,-0.3,40617
10:11:17,ETH,2268.080000,2268.110000,-0.1,40617
10:11:32,BTC,76697.860000,76701.600000,-0.5,40632
10:11:32,ETH,2267.940000,2267.750000,0.8,40632
10:11:47,BTC,76697.860000,76702.000000,-0.5,40647
10:11:47,ETH,2267.940000,2267.890000,0.2,40647
10:12:02,BTC,76697.860000,76695.700000,0.3,40662
10:12:02,ETH,2268.000000,2267.980000,0.1,40662
10:12:17,BTC,76698.390000,76702.000000,-0.5,40677
10:12:17,ETH,2268.040000,2268.070000,-0.1,40677
10:12:32,BTC,76698.400000,76702.000000,-0.5,40692
10:12:32,ETH,2268.040000,2268.080000,-0.2,40692
10:12:47,BTC,76698.390000,76702.000000,-0.5,40707
10:12:47,ETH,2268.030000,2268.080000,-0.2,40707
10:13:02,BTC,76698.390000,76701.900000,-0.5,40722
10:13:02,ETH,2267.940000,2267.940000,0.0,40722
10:13:17,BTC,76703.710000,76702.000000,0.2,40737
10:13:17,ETH,2268.070000,2267.930000,0.6,40737
10:13:32,BTC,76708.570000,76703.900000,0.6,40752
10:13:32,ETH,2268.070000,2267.940000,0.6,40752
10:13:47,BTC,76708.580000,76704.000000,0.6,40767
10:13:47,ETH,2268.060000,2267.820000,1.1,40767
10:14:02,BTC,76708.570000,76703.900000,0.6,40782
10:14:02,ETH,2268.070000,2268.120000,-0.2,40782
10:14:17,BTC,76678.250000,76676.300000,0.3,40797
10:14:17,ETH,2267.400000,2267.370000,0.1,40797
10:14:32,BTC,76668.240000,76664.200000,0.5,40812
10:14:32,ETH,2267.130000,2267.070000,0.3,40812
10:14:47,BTC,76676.830000,76674.000000,0.4,40827
10:14:47,ETH,2267.170000,2267.080000,0.4,40827
10:15:02,BTC,76676.830000,76678.100000,-0.2,40842
10:15:02,ETH,2267.160000,2267.080000,0.4,40842
10:15:17,BTC,76684.000000,76679.700000,0.6,40857
10:15:17,ETH,2267.170000,2267.200000,-0.1,40857
10:15:32,BTC,76684.000000,76685.000000,-0.1,40872
10:15:32,ETH,2267.170000,2267.340000,-0.7,40872
10:15:47,BTC,76683.990000,76685.000000,-0.1,40887
10:15:47,ETH,2267.170000,2267.330000,-0.7,40887
10:16:02,BTC,76700.940000,76704.000000,-0.4,40902
10:16:02,ETH,2268.000000,2268.000000,0.0,40902
10:16:17,BTC,76716.000000,76712.200000,0.5,40917
10:16:17,ETH,2268.350000,2268.460000,-0.5,40917
10:16:32,BTC,76716.000000,76718.300000,-0.3,40932
10:16:32,ETH,2268.360000,2268.600000,-1.1,40932
10:16:47,BTC,76715.990000,76718.200000,-0.3,40947
10:16:47,ETH,2268.350000,2268.600000,-1.1,40947
10:17:02,BTC,76729.700000,76732.300000,-0.3,40962
10:17:02,ETH,2268.350000,2268.600000,-1.1,40962
10:17:17,BTC,76729.690000,76732.400000,-0.4,40977
10:17:17,ETH,2268.380000,2268.610000,-1.0,40977
10:17:32,BTC,76710.230000,76709.000000,0.2,40992
10:17:32,ETH,2267.610000,2267.610000,0.0,40992
10:17:47,BTC,76694.360000,76689.000000,0.7,41007
10:17:47,ETH,2267.080000,2267.010000,0.3,41007
10:18:02,BTC,76694.350000,76689.700000,0.6,41022
10:18:02,ETH,2267.080000,2267.010000,0.3,41022
10:18:17,BTC,76687.820000,76692.100000,-0.6,41037
10:18:17,ETH,2266.840000,2266.840000,0.0,41037
10:18:32,BTC,76673.040000,76676.600000,-0.5,41052
10:18:32,ETH,2266.420000,2266.390000,0.1,41052
10:18:47,BTC,76661.600000,76663.400000,-0.2,41067
10:18:47,ETH,2266.560000,2266.770000,-0.9,41067
10:19:02,BTC,76661.600000,76663.500000,-0.2,41082
10:19:02,ETH,2266.410000,2266.540000,-0.6,41082
10:19:17,BTC,76650.000000,76646.500000,0.5,41097
10:19:17,ETH,2266.200000,2266.210000,-0.0,41097
10:19:32,ETH,2265.670000,2265.710000,-0.2,41112
10:19:57,BTC,76620.900000,76625.000000,-0.5,41137
10:19:57,ETH,2265.670000,2265.710000,-0.2,41137
10:20:12,BTC,76620.900000,76625.000000,-0.5,41152
10:20:12,ETH,2265.710000,2265.750000,-0.2,41152
10:20:27,BTC,76613.230000,76612.000000,0.2,41167
10:20:27,ETH,2265.390000,2265.120000,1.2,41167
10:20:42,BTC,76610.110000,76607.900000,0.3,41182
10:20:42,ETH,2265.400000,2265.440000,-0.2,41182
10:20:57,BTC,76610.100000,76607.900000,0.3,41197
10:20:57,ETH,2265.400000,2265.290000,0.5,41197
10:21:12,BTC,76610.110000,76607.900000,0.3,41212
10:21:12,ETH,2265.390000,2265.300000,0.4,41212
10:21:27,BTC,76611.670000,76607.800000,0.5,41227
10:21:27,ETH,2265.480000,2265.440000,0.2,41227
10:21:42,BTC,76617.400000,76620.800000,-0.4,41242
10:21:42,ETH,2265.810000,2265.690000,0.5,41242
10:21:57,BTC,76617.410000,76620.900000,-0.5,41257
10:21:57,ETH,2265.810000,2265.710000,0.4,41257
10:22:12,BTC,76617.410000,76614.800000,0.3,41272
10:22:12,ETH,2265.410000,2265.490000,-0.4,41272
10:22:27,BTC,76617.400000,76615.000000,0.3,41287
10:22:27,ETH,2265.470000,2265.490000,-0.1,41287
10:22:42,BTC,76617.400000,76614.200000,0.4,41302
10:22:42,ETH,2265.480000,2265.480000,0.0,41302
10:22:57,BTC,76616.500000,76619.900000,-0.4,41317
10:22:57,ETH,2265.600000,2265.640000,-0.2,41317
10:23:12,BTC,76616.630000,76620.800000,-0.5,41332
10:23:12,ETH,2265.810000,2265.650000,0.7,41332
10:23:27,BTC,76617.250000,76621.000000,-0.5,41347
10:23:27,ETH,2265.810000,2265.650000,0.7,41347
10:23:42,BTC,76627.360000,76632.600000,-0.7,41362
10:23:42,ETH,2265.810000,2265.640000,0.8,41362
10:23:57,BTC,76630.850000,76632.700000,-0.2,41377
10:23:57,ETH,2265.810000,2265.800000,0.0,41377
10:24:12,BTC,76627.760000,76632.600000,-0.6,41392
10:24:12,ETH,2265.830000,2265.820000,0.0,41392
10:24:27,BTC,76627.760000,76622.900000,0.6,41407
10:24:27,ETH,2265.830000,2265.920000,-0.4,41407
10:24:42,BTC,76627.740000,76626.700000,0.1,41422
10:24:42,ETH,2266.070000,2266.060000,0.0,41422
10:24:57,BTC,76627.740000,76626.700000,0.1,41437
10:24:57,ETH,2266.240000,2266.360000,-0.5,41437
10:25:12,BTC,76627.740000,76631.200000,-0.5,41452
10:25:12,ETH,2266.080000,2266.010000,0.3,41452
10:25:27,BTC,76627.750000,76631.200000,-0.5,41467
10:25:27,ETH,2266.080000,2266.020000,0.3,41467
10:25:42,BTC,76629.460000,76631.300000,-0.2,41482
10:25:42,ETH,2266.230000,2266.350000,-0.5,41482
10:25:57,BTC,76629.460000,76631.300000,-0.2,41497
10:25:57,ETH,2266.240000,2266.340000,-0.4,41497
10:26:12,BTC,76629.470000,76631.300000,-0.2,41512
10:26:12,ETH,2266.250000,2266.380000,-0.6,41512
10:26:27,BTC,76629.470000,76631.300000,-0.2,41527
10:26:27,ETH,2266.350000,2266.430000,-0.4,41527
10:26:42,BTC,76633.010000,76632.500000,0.1,41542
10:26:42,ETH,2266.570000,2266.800000,-1.0,41542
10:26:57,BTC,76633.010000,76632.500000,0.1,41557
10:26:57,ETH,2266.570000,2266.800000,-1.0,41557
10:27:12,BTC,76643.170000,76642.200000,0.1,41572
10:27:12,ETH,2266.850000,2266.800000,0.2,41572
10:27:27,BTC,76643.160000,76646.400000,-0.4,41587
10:27:27,ETH,2266.850000,2266.970000,-0.5,41587
10:27:42,BTC,76643.160000,76646.300000,-0.4,41602
10:27:42,ETH,2266.850000,2266.980000,-0.6,41602
10:27:57,BTC,76643.170000,76646.400000,-0.4,41617
10:27:57,ETH,2267.000000,2267.250000,-1.1,41617
10:28:12,BTC,76643.170000,76646.400000,-0.4,41632
10:28:12,ETH,2266.990000,2267.250000,-1.1,41632
10:28:27,BTC,76643.170000,76640.800000,0.3,41647
10:28:27,ETH,2267.000000,2266.900000,0.4,41647
10:28:42,BTC,76643.160000,76640.700000,0.3,41662
10:28:42,ETH,2266.850000,2266.900000,-0.2,41662
10:28:57,BTC,76639.560000,76638.100000,0.2,41677
10:28:57,ETH,2266.610000,2266.670000,-0.3,41677
10:29:12,BTC,76634.190000,76628.000000,0.8,41692
10:29:12,ETH,2266.600000,2266.620000,-0.1,41692
10:29:27,BTC,76628.900000,76628.000000,0.1,41707
10:29:27,ETH,2266.610000,2266.620000,-0.0,41707
10:29:42,BTC,76628.900000,76628.100000,0.1,41722
10:29:42,ETH,2266.600000,2266.620000,-0.1,41722
10:29:57,BTC,76628.900000,76628.200000,0.1,41737
10:29:57,ETH,2266.600000,2266.620000,-0.1,41737
10:30:12,BTC,76639.790000,76638.100000,0.2,41752
10:30:12,ETH,2266.990000,2266.800000,0.8,41752
10:30:27,BTC,76639.950000,76638.000000,0.3,41767
10:30:27,ETH,2267.000000,2266.930000,0.3,41767
10:30:42,BTC,76639.950000,76638.000000,0.3,41782
10:30:42,ETH,2266.840000,2266.720000,0.5,41782
10:30:57,BTC,76623.470000,76622.400000,0.1,41797
10:30:57,ETH,2266.420000,2266.500000,-0.4,41797
10:31:12,BTC,76610.120000,76605.400000,0.6,41812
10:31:12,ETH,2265.870000,2265.850000,0.1,41812
10:31:27,BTC,76593.660000,76589.500000,0.5,41827
10:31:27,ETH,2265.410000,2265.410000,0.0,41827
10:31:42,BTC,76582.930000,76585.300000,-0.3,41842
10:31:42,ETH,2265.410000,2265.420000,-0.0,41842
10:31:57,BTC,76582.930000,76585.500000,-0.3,41857
10:31:57,ETH,2265.100000,2265.040000,0.3,41857
10:32:12,BTC,76585.760000,76585.800000,-0.0,41872
10:32:12,ETH,2265.470000,2265.510000,-0.2,41872
10:32:27,BTC,76585.750000,76587.000000,-0.2,41887
10:32:27,ETH,2265.480000,2265.510000,-0.1,41887
10:32:42,BTC,76580.740000,76582.800000,-0.3,41902
10:32:42,ETH,2265.470000,2265.470000,0.0,41902
10:32:57,BTC,76580.000000,76586.400000,-0.8,41917
10:32:57,ETH,2265.470000,2265.440000,0.1,41917
10:33:12,BTC,76580.000000,76586.300000,-0.8,41932
10:33:12,ETH,2265.470000,2265.470000,0.0,41932
10:33:27,BTC,76577.670000,76578.100000,-0.1,41947
10:33:27,ETH,2265.350000,2265.300000,0.2,41947
10:33:42,BTC,76564.580000,76569.100000,-0.6,41962
10:33:42,ETH,2265.240000,2265.180000,0.3,41962
10:33:57,BTC,76564.590000,76572.400000,-1.0,41977
10:33:57,ETH,2265.420000,2265.480000,-0.3,41977
10:34:12,BTC,76571.890000,76572.500000,-0.1,41992
10:34:12,ETH,2265.630000,2265.480000,0.7,41992
10:34:27,BTC,76571.890000,76573.700000,-0.2,42007
10:34:27,ETH,2265.740000,2265.800000,-0.3,42007
10:34:42,BTC,76577.990000,76578.000000,-0.0,42022
10:34:42,ETH,2266.050000,2266.190000,-0.6,42022
10:34:57,BTC,76580.010000,76578.000000,0.3,42037
10:34:57,ETH,2265.480000,2265.810000,-1.5,42037
10:35:12,BTC,76585.210000,76586.200000,-0.1,42052
10:35:12,ETH,2265.960000,2266.240000,-1.2,42052
10:35:27,BTC,76585.210000,76586.300000,-0.1,42067
10:35:27,ETH,2266.240000,2266.260000,-0.1,42067
10:35:42,BTC,76585.200000,76586.200000,-0.1,42082
10:35:42,ETH,2266.560000,2266.830000,-1.2,42082
10:35:57,BTC,76585.210000,76586.900000,-0.2,42097
10:35:57,ETH,2266.630000,2267.000000,-1.6,42097
10:36:12,BTC,76589.440000,76586.800000,0.3,42112
10:36:12,ETH,2266.820000,2267.000000,-0.8,42112
10:36:27,BTC,76589.440000,76586.800000,0.3,42127
10:36:27,ETH,2266.810000,2267.010000,-0.9,42127
10:36:42,BTC,76597.990000,76597.800000,0.0,42142
10:36:42,ETH,2267.380000,2267.490000,-0.5,42142
10:36:57,BTC,76600.000000,76606.000000,-0.8,42157
10:36:57,ETH,2267.390000,2267.660000,-1.2,42157
10:37:12,BTC,76619.210000,76623.300000,-0.5,42172
10:37:12,ETH,2267.630000,2267.790000,-0.7,42172
10:37:27,BTC,76628.890000,76633.900000,-0.7,42187
10:37:27,ETH,2267.880000,2268.000000,-0.5,42187
10:37:42,BTC,76624.090000,76622.500000,0.2,42202
10:37:42,ETH,2267.560000,2267.670000,-0.5,42202
10:37:57,BTC,76632.070000,76638.100000,-0.8,42217
10:37:57,ETH,2267.870000,2268.180000,-1.4,42217
10:38:12,BTC,76638.780000,76638.100000,0.1,42232
10:38:12,ETH,2268.000000,2268.190000,-0.8,42232
10:38:27,BTC,76638.780000,76638.100000,0.1,42247
10:38:27,ETH,2267.990000,2268.180000,-0.8,42247
10:38:42,BTC,76638.780000,76638.000000,0.1,42262
10:38:42,ETH,2268.000000,2268.190000,-0.8,42262
10:38:57,BTC,76638.780000,76638.100000,0.1,42277
10:38:57,ETH,2267.990000,2268.180000,-0.8,42277
10:39:12,BTC,76625.900000,76630.100000,-0.5,42292
10:39:12,ETH,2267.720000,2267.880000,-0.7,42292
10:39:27,BTC,76625.900000,76630.200000,-0.6,42307
10:39:27,ETH,2267.720000,2267.880000,-0.7,42307
10:39:42,BTC,76625.890000,76630.200000,-0.6,42322
10:39:42,ETH,2267.710000,2267.870000,-0.7,42322
10:39:57,BTC,76620.010000,76616.000000,0.5,42337
10:39:57,ETH,2267.200000,2267.130000,0.3,42337
10:40:12,BTC,76610.900000,76615.900000,-0.7,42352
10:40:12,ETH,2267.070000,2267.000000,0.3,42352
10:40:27,BTC,76610.910000,76608.100000,0.4,42367
10:40:27,ETH,2267.060000,2267.000000,0.3,42367
10:40:42,BTC,76610.900000,76614.400000,-0.5,42382
10:40:42,ETH,2267.070000,2267.010000,0.3,42382
10:40:57,BTC,76610.910000,76614.400000,-0.5,42397
10:40:57,ETH,2267.070000,2267.010000,0.3,42397
10:41:12,BTC,76610.910000,76614.300000,-0.4,42412
10:41:12,ETH,2267.070000,2267.010000,0.3,42412
10:41:27,BTC,76610.900000,76605.800000,0.7,42427
10:41:27,ETH,2267.060000,2267.010000,0.2,42427
10:41:42,BTC,76607.890000,76605.800000,0.3,42442
10:41:42,ETH,2267.060000,2267.000000,0.3,42442
10:41:57,BTC,76607.890000,76614.200000,-0.8,42457
10:41:57,ETH,2267.310000,2267.340000,-0.1,42457
10:42:12,BTC,76607.900000,76614.200000,-0.8,42472
10:42:12,ETH,2267.350000,2267.450000,-0.4,42472
10:42:27,BTC,76607.900000,76614.300000,-0.8,42487
10:42:27,ETH,2267.320000,2267.220000,0.4,42487
10:42:42,BTC,76602.590000,76605.800000,-0.4,42502
10:42:42,ETH,2266.720000,2266.690000,0.1,42502
10:42:57,BTC,76600.020000,76605.700000,-0.7,42517
10:42:57,ETH,2266.710000,2266.550000,0.7,42517
10:43:12,BTC,76600.030000,76605.800000,-0.8,42532
10:43:12,ETH,2266.720000,2266.700000,0.1,42532
10:43:27,BTC,76600.020000,76605.800000,-0.8,42547
10:43:27,ETH,2266.710000,2266.690000,0.1,42547
10:43:42,BTC,76600.030000,76605.800000,-0.8,42562
10:43:42,ETH,2266.720000,2266.700000,0.1,42562
10:43:57,BTC,76600.030000,76602.000000,-0.3,42577
10:43:57,ETH,2266.750000,2266.870000,-0.5,42577
10:44:12,BTC,76600.030000,76601.900000,-0.2,42592
10:44:12,ETH,2266.750000,2266.860000,-0.5,42592
10:44:27,BTC,76600.020000,76602.000000,-0.3,42607
10:44:27,ETH,2266.750000,2266.660000,0.4,42607
10:44:42,BTC,76596.020000,76600.100000,-0.5,42622
10:44:42,ETH,2266.420000,2266.440000,-0.1,42622
10:45:01,BTC,76596.000000,76600.000000,-0.5,42641
10:45:01,ETH,2266.420000,2266.440000,-0.1,42641
10:45:16,BTC,76586.630000,76586.900000,-0.0,42656
10:45:16,ETH,2266.410000,2266.410000,0.0,42656
10:45:31,BTC,76586.620000,76594.300000,-1.0,42671
10:45:31,ETH,2266.410000,2266.490000,-0.4,42671
10:45:46,BTC,76577.340000,76579.100000,-0.2,42686
10:45:46,ETH,2266.270000,2266.650000,-1.7,42686
10:46:01,BTC,76577.340000,76580.000000,-0.3,42701
10:46:01,ETH,2266.280000,2266.430000,-0.7,42701
10:46:16,BTC,76577.340000,76582.300000,-0.6,42716
10:46:16,ETH,2266.280000,2266.420000,-0.6,42716
10:46:31,BTC,76577.370000,76589.800000,-1.6,42731
10:46:31,ETH,2266.290000,2266.430000,-0.6,42731
10:46:46,BTC,76586.570000,76589.900000,-0.4,42746
10:46:46,ETH,2266.740000,2266.800000,-0.3,42746
10:47:01,BTC,76586.570000,76591.600000,-0.7,42761
10:47:01,ETH,2266.750000,2266.860000,-0.5,42761
10:47:16,BTC,76586.570000,76591.700000,-0.7,42776
10:47:16,ETH,2266.650000,2266.520000,0.6,42776
10:47:31,BTC,76579.410000,76579.500000,-0.0,42791
10:47:31,ETH,2266.410000,2266.300000,0.5,42791
10:47:46,BTC,76594.290000,76595.100000,-0.1,42806
10:47:46,ETH,2267.090000,2266.990000,0.4,42806
10:48:01,BTC,76589.710000,76600.000000,-1.3,42821
10:48:01,ETH,2266.740000,2266.640000,0.4,42821
10:48:16,BTC,76589.100000,76594.300000,-0.7,42836
10:48:16,ETH,2266.690000,2266.710000,-0.1,42836
10:48:31,BTC,76589.100000,76594.300000,-0.7,42851
10:48:31,ETH,2266.510000,2266.660000,-0.7,42851
10:48:46,BTC,76589.100000,76594.300000,-0.7,42866
10:48:46,ETH,2266.760000,2266.710000,0.2,42866
10:49:01,BTC,76593.680000,76600.900000,-0.9,42881
10:49:01,ETH,2267.020000,2266.980000,0.2,42881
10:49:16,BTC,76599.980000,76604.500000,-0.6,42896
10:49:16,ETH,2267.160000,2267.180000,-0.1,42896
10:49:31,BTC,76594.300000,76604.600000,-1.3,42911
10:49:31,ETH,2266.980000,2267.180000,-0.9,42911
10:49:46,BTC,76594.300000,76598.600000,-0.6,42926
10:49:46,ETH,2266.980000,2266.990000,-0.0,42926
10:50:01,BTC,76594.290000,76601.100000,-0.9,42941
10:50:01,ETH,2266.970000,2267.000000,-0.1,42941
10:50:16,BTC,76599.510000,76604.500000,-0.7,42956
10:50:16,ETH,2266.980000,2267.010000,-0.1,42956
10:50:31,BTC,76599.520000,76604.400000,-0.6,42971
10:50:31,ETH,2266.980000,2267.000000,-0.1,42971
10:50:46,BTC,76599.510000,76604.500000,-0.7,42986
10:50:46,ETH,2266.980000,2267.010000,-0.1,42986
10:51:01,BTC,76599.520000,76604.400000,-0.6,43001
10:51:01,ETH,2266.980000,2267.040000,-0.3,43001
10:51:16,BTC,76605.000000,76617.700000,-1.7,43016
10:51:16,ETH,2267.600000,2267.600000,0.0,43016
10:51:31,BTC,76615.010000,76621.600000,-0.9,43031
10:51:31,ETH,2267.710000,2267.870000,-0.7,43031
10:51:46,BTC,76615.000000,76621.600000,-0.9,43046
10:51:46,ETH,2267.880000,2267.900000,-0.1,43046
10:52:01,BTC,76615.010000,76622.400000,-1.0,43061
10:52:01,ETH,2267.740000,2267.760000,-0.1,43061
10:52:16,BTC,76615.000000,76622.400000,-1.0,43076
10:52:16,ETH,2267.550000,2267.620000,-0.3,43076
10:52:31,BTC,76615.000000,76622.500000,-1.0,43091
10:52:31,ETH,2267.550000,2267.620000,-0.3,43091
10:52:46,BTC,76607.370000,76613.400000,-0.8,43106
10:52:46,ETH,2267.550000,2267.410000,0.6,43106
10:53:01,BTC,76602.140000,76603.400000,-0.2,43121
10:53:01,ETH,2267.360000,2267.360000,0.0,43121
10:53:16,BTC,76593.690000,76597.000000,-0.4,43136
10:53:16,ETH,2267.070000,2266.990000,0.4,43136
10:53:31,BTC,76591.520000,76597.000000,-0.7,43151
10:53:31,ETH,2267.080000,2267.090000,-0.0,43151
10:53:46,BTC,76578.660000,76580.400000,-0.2,43166
10:53:46,ETH,2267.040000,2266.850000,0.8,43166
10:54:01,BTC,76577.070000,76577.800000,-0.1,43181
10:54:01,ETH,2266.760000,2266.710000,0.2,43181
10:54:16,BTC,76577.070000,76585.600000,-1.1,43196
10:54:16,ETH,2266.830000,2266.950000,-0.5,43196
10:54:31,BTC,76577.020000,76576.900000,0.0,43211
10:54:31,ETH,2266.500000,2266.340000,0.7,43211
10:54:46,ETH,2266.410000,2266.340000,0.3,43226
10:55:12,BTC,76568.030000,76571.400000,-0.4,43252
10:55:12,ETH,2266.410000,2266.340000,0.3,43252
10:55:27,BTC,76564.010000,76571.500000,-1.0,43267
10:55:27,ETH,2266.100000,2266.180000,-0.4,43267
10:55:42,BTC,76559.100000,76567.800000,-1.1,43282
10:55:42,ETH,2266.060000,2266.060000,0.0,43282
10:55:57,BTC,76559.090000,76565.400000,-0.8,43297
10:55:57,ETH,2266.050000,2266.070000,-0.1,43297
10:56:12,BTC,76550.010000,76555.400000,-0.7,43312
10:56:12,ETH,2265.690000,2265.740000,-0.2,43312
10:56:27,BTC,76541.260000,76550.000000,-1.1,43327
10:56:27,ETH,2265.560000,2265.670000,-0.5,43327
10:56:42,BTC,76544.850000,76550.100000,-0.7,43342
10:56:42,ETH,2265.570000,2265.730000,-0.7,43342
10:56:57,BTC,76544.860000,76550.000000,-0.7,43357
10:56:57,ETH,2265.570000,2265.640000,-0.3,43357
10:57:12,BTC,76541.760000,76550.000000,-1.1,43372
10:57:12,ETH,2265.560000,2265.430000,0.6,43372
10:57:27,BTC,76541.750000,76549.900000,-1.1,43387
10:57:27,ETH,2265.570000,2265.520000,0.2,43387
10:57:42,BTC,76541.750000,76549.900000,-1.1,43402
10:57:42,ETH,2265.560000,2265.440000,0.5,43402
10:57:57,BTC,76540.630000,76550.000000,-1.2,43417
10:57:57,ETH,2265.300000,2265.200000,0.4,43417
10:58:12,BTC,76540.630000,76549.900000,-1.2,43432
10:58:12,ETH,2265.310000,2265.430000,-0.5,43432
10:58:27,BTC,76540.640000,76550.000000,-1.2,43447
10:58:27,ETH,2265.590000,2265.700000,-0.5,43447
10:58:42,BTC,76548.370000,76560.100000,-1.5,43462
10:58:42,ETH,2266.280000,2266.430000,-0.7,43462
10:58:57,BTC,76570.030000,76578.700000,-1.1,43477
10:58:57,ETH,2266.460000,2266.560000,-0.4,43477
10:59:12,BTC,76583.080000,76597.700000,-1.9,43492
10:59:12,ETH,2266.840000,2267.120000,-1.2,43492
10:59:27,BTC,76587.190000,76598.800000,-1.5,43507
10:59:27,ETH,2266.920000,2267.130000,-0.9,43507
10:59:42,BTC,76592.550000,76601.900000,-1.2,43522
10:59:42,ETH,2266.940000,2267.190000,-1.1,43522
10:59:57,BTC,76592.550000,76601.900000,-1.2,43537
10:59:57,ETH,2266.940000,2267.190000,-1.1,43537
11:00:12,BTC,76587.920000,76593.600000,-0.7,43552
11:00:12,ETH,2267.060000,2267.200000,-0.6,43552
11:00:27,BTC,76587.660000,76595.400000,-1.0,43567
11:00:27,ETH,2267.060000,2267.100000,-0.2,43567
11:00:42,BTC,76584.770000,76588.000000,-0.4,43582
11:00:42,ETH,2266.690000,2266.610000,0.4,43582
11:00:57,BTC,76583.960000,76588.000000,-0.5,43597
11:00:57,ETH,2266.690000,2266.600000,0.4,43597
11:01:12,BTC,76580.010000,76579.300000,0.1,43612
11:01:12,ETH,2266.530000,2266.470000,0.3,43612
11:01:27,BTC,76565.380000,76579.300000,-1.8,43627
11:01:27,ETH,2266.460000,2266.360000,0.4,43627
11:01:42,BTC,76564.010000,76574.800000,-1.4,43642
11:01:42,ETH,2266.320000,2266.160000,0.7,43642
11:01:57,BTC,76564.000000,76568.800000,-0.6,43657
11:01:57,ETH,2266.330000,2266.160000,0.8,43657
11:02:12,BTC,76564.000000,76568.800000,-0.6,43672
11:02:12,ETH,2266.260000,2266.310000,-0.2,43672
11:02:27,BTC,76573.640000,76577.900000,-0.6,43687
11:02:27,ETH,2267.000000,2267.050000,-0.2,43687
11:02:42,BTC,76573.630000,76587.200000,-1.8,43702
11:02:42,ETH,2267.370000,2267.450000,-0.4,43702
11:02:57,BTC,76580.470000,76587.200000,-0.9,43717
11:02:57,ETH,2267.460000,2267.530000,-0.3,43717
11:03:12,BTC,76568.280000,76569.800000,-0.2,43732
11:03:12,ETH,2266.710000,2266.960000,-1.1,43732
11:03:27,BTC,76564.000000,76568.900000,-0.6,43747
11:03:27,ETH,2266.420000,2266.430000,-0.0,43747
11:03:42,BTC,76561.190000,76568.800000,-1.0,43762
11:03:42,ETH,2266.250000,2266.410000,-0.7,43762
11:03:57,BTC,76555.570000,76560.000000,-0.6,43777
11:03:57,ETH,2266.400000,2266.670000,-1.2,43777
11:04:12,BTC,76555.580000,76559.900000,-0.6,43792
11:04:12,ETH,2266.360000,2266.300000,0.3,43792
11:04:27,BTC,76555.070000,76559.900000,-0.6,43807
11:04:27,ETH,2266.360000,2266.380000,-0.1,43807
11:04:42,BTC,76559.830000,76560.000000,-0.0,43822
11:04:42,ETH,2266.360000,2266.440000,-0.4,43822
11:04:57,BTC,76559.830000,76559.900000,-0.0,43837
11:04:57,ETH,2266.340000,2266.430000,-0.4,43837
11:05:12,BTC,76564.030000,76568.700000,-0.6,43852
11:05:12,ETH,2266.780000,2266.760000,0.1,43852
11:05:27,BTC,76566.740000,76580.500000,-1.8,43867
11:05:27,ETH,2266.890000,2266.890000,0.0,43867
11:05:42,BTC,76566.740000,76573.600000,-0.9,43882
11:05:42,ETH,2266.900000,2266.880000,0.1,43882
11:05:57,BTC,76566.750000,76573.600000,-0.9,43897
11:05:57,ETH,2266.780000,2266.770000,0.0,43897
11:06:12,BTC,76566.750000,76573.700000,-0.9,43912
11:06:12,ETH,2266.650000,2266.770000,-0.5,43912
11:06:27,BTC,76566.740000,76576.400000,-1.3,43927
11:06:27,ETH,2266.690000,2266.680000,0.0,43927
11:06:42,BTC,76566.750000,76576.400000,-1.3,43942
11:06:42,ETH,2266.690000,2266.680000,0.0,43942
11:06:57,BTC,76579.880000,76590.900000,-1.4,43957
11:06:57,ETH,2266.890000,2267.250000,-1.6,43957
11:07:12,BTC,76584.990000,76599.900000,-1.9,43972
11:07:12,ETH,2266.890000,2267.250000,-1.6,43972
11:07:27,BTC,76595.000000,76614.900000,-2.6,43987
11:07:27,ETH,2267.080000,2267.360000,-1.2,43987
11:07:42,BTC,76615.010000,76630.500000,-2.0,44002
11:07:42,ETH,2267.520000,2267.580000,-0.3,44002
11:07:57,BTC,76632.340000,76653.500000,-2.8,44017
11:07:57,ETH,2267.870000,2267.970000,-0.4,44017
11:08:12,BTC,76659.650000,76668.300000,-1.1,44032
11:08:12,ETH,2269.330000,2269.370000,-0.2,44032
11:08:27,BTC,76662.380000,76667.700000,-0.7,44047
11:08:27,ETH,2269.180000,2269.300000,-0.5,44047
11:08:42,BTC,76662.390000,76671.400000,-1.2,44062
11:08:42,ETH,2269.180000,2269.380000,-0.9,44062
11:08:57,BTC,76662.390000,76676.100000,-1.8,44077
11:08:57,ETH,2269.240000,2269.380000,-0.6,44077
11:09:12,BTC,76669.000000,76676.100000,-0.9,44092
11:09:12,ETH,2269.240000,2269.580000,-1.5,44092
11:09:27,BTC,76665.160000,76667.700000,-0.3,44107
11:09:27,ETH,2269.190000,2269.170000,0.1,44107
11:09:42,BTC,76662.350000,76667.300000,-0.6,44122
11:09:42,ETH,2268.920000,2269.180000,-1.1,44122
11:09:57,BTC,76662.340000,76667.300000,-0.6,44137
11:09:57,ETH,2268.920000,2269.120000,-0.9,44137
11:10:12,BTC,76677.340000,76683.800000,-0.8,44152
11:10:12,ETH,2269.990000,2270.360000,-1.6,44152
11:10:27,BTC,76697.240000,76709.100000,-1.5,44167
11:10:27,ETH,2270.380000,2270.500000,-0.5,44167
11:10:42,BTC,76699.040000,76709.100000,-1.3,44182
11:10:42,ETH,2270.380000,2270.440000,-0.3,44182
11:10:57,BTC,76700.830000,76709.000000,-1.1,44197
11:10:57,ETH,2270.380000,2270.440000,-0.3,44197
11:11:12,BTC,76700.840000,76699.000000,0.2,44212
11:11:12,ETH,2270.370000,2270.510000,-0.6,44212
11:11:27,BTC,76700.830000,76699.000000,0.2,44227
11:11:27,ETH,2270.380000,2270.510000,-0.6,44227
11:11:42,BTC,76686.290000,76690.000000,-0.5,44242
11:11:42,ETH,2270.000000,2270.110000,-0.5,44242
11:11:57,BTC,76686.290000,76690.000000,-0.5,44257
11:11:57,ETH,2269.890000,2269.910000,-0.1,44257
11:12:12,BTC,76686.290000,76690.300000,-0.5,44272
11:12:12,ETH,2270.190000,2269.970000,1.0,44272
11:12:27,BTC,76698.970000,76698.900000,0.0,44287
11:12:27,ETH,2270.340000,2270.500000,-0.7,44287
11:12:42,BTC,76698.970000,76709.000000,-1.3,44302
11:12:42,ETH,2270.350000,2270.500000,-0.7,44302
11:12:57,BTC,76698.970000,76708.900000,-1.3,44317
11:12:57,ETH,2270.340000,2270.500000,-0.7,44317
11:13:12,BTC,76698.970000,76701.000000,-0.3,44332
11:13:12,ETH,2269.730000,2270.020000,-1.3,44332
11:13:27,BTC,76698.960000,76701.000000,-0.3,44347
11:13:27,ETH,2269.800000,2269.880000,-0.4,44347
11:13:42,BTC,76698.970000,76700.900000,-0.3,44362
11:13:42,ETH,2269.800000,2269.690000,0.5,44362
11:13:57,BTC,76698.970000,76701.000000,-0.3,44377
11:13:57,ETH,2269.800000,2269.820000,-0.1,44377
11:14:12,BTC,76698.970000,76701.000000,-0.3,44392
11:14:12,ETH,2269.800000,2269.820000,-0.1,44392
11:14:27,BTC,76698.960000,76700.900000,-0.3,44407
11:14:27,ETH,2269.490000,2269.600000,-0.5,44407
11:14:42,BTC,76698.980000,76701.000000,-0.3,44422
11:14:42,ETH,2269.370000,2269.590000,-1.0,44422
11:14:57,BTC,76698.980000,76701.000000,-0.3,44437
11:14:57,ETH,2269.760000,2269.600000,0.7,44437
11:15:12,BTC,76698.980000,76701.000000,-0.3,44452
11:15:12,ETH,2269.710000,2269.820000,-0.5,44452
11:15:27,BTC,76720.000000,76719.900000,0.0,44467
11:15:27,ETH,2270.100000,2270.290000,-0.8,44467
11:15:42,BTC,76731.600000,76726.200000,0.7,44482
11:15:42,ETH,2270.250000,2270.400000,-0.7,44482
11:15:57,BTC,76738.550000,76734.900000,0.5,44497
11:15:57,ETH,2270.240000,2270.400000,-0.7,44497
11:16:12,BTC,76742.110000,76742.800000,-0.1,44512
11:16:12,ETH,2270.240000,2270.400000,-0.7,44512
11:16:27,BTC,76744.660000,76749.900000,-0.7,44527
11:16:27,ETH,2269.960000,2270.060000,-0.4,44527
11:16:42,BTC,76746.900000,76749.900000,-0.4,44542
11:16:42,ETH,2269.960000,2270.300000,-1.5,44542
11:16:57,BTC,76754.540000,76759.500000,-0.6,44557
11:16:57,ETH,2270.330000,2270.330000,0.0,44557
11:17:12,BTC,76825.050000,76829.900000,-0.6,44572
11:17:12,ETH,2273.830000,2273.290000,2.4,44572
11:17:27,BTC,76900.460000,76897.200000,0.4,44587
11:17:27,ETH,2275.820000,2275.510000,1.4,44587
11:17:42,BTC,76908.500000,76910.000000,-0.2,44602
11:17:42,ETH,2275.650000,2275.720000,-0.3,44602
11:17:57,BTC,76894.260000,76895.100000,-0.1,44617
11:17:57,ETH,2274.850000,2275.040000,-0.8,44617
11:18:12,BTC,76846.940000,76849.900000,-0.4,44632
11:18:12,ETH,2273.680000,2273.840000,-0.7,44632
11:18:27,BTC,76846.000000,76847.900000,-0.2,44647
11:18:27,ETH,2273.780000,2273.820000,-0.2,44647
11:18:42,BTC,76830.610000,76836.000000,-0.7,44662
11:18:42,ETH,2273.300000,2273.300000,0.0,44662
11:18:57,BTC,76869.410000,76865.500000,0.5,44677
11:18:57,ETH,2274.160000,2274.430000,-1.2,44677
11:19:12,BTC,76920.800000,76924.900000,-0.5,44692
11:19:12,ETH,2275.550000,2275.670000,-0.5,44692
11:19:27,BTC,77002.960000,76997.800000,0.7,44707
11:19:27,ETH,2279.170000,2279.200000,-0.1,44707
11:19:42,ETH,2290.800000,2291.300000,-2.2,44722
11:20:12,BTC,77335.060000,77348.800000,-1.8,44752
11:20:12,ETH,2289.900000,2291.520000,-7.1,44752
11:20:27,BTC,77216.760000,77217.100000,-0.0,44767
11:20:27,ETH,2286.610000,2286.700000,-0.4,44767
11:20:42,BTC,77249.100000,77254.700000,-0.7,44782
11:20:42,ETH,2287.160000,2287.080000,0.3,44782
11:20:57,BTC,77232.640000,77234.400000,-0.2,44797
11:20:57,ETH,2286.420000,2286.330000,0.4,44797
11:21:12,BTC,77345.000000,77348.500000,-0.5,44812
11:21:12,ETH,2290.870000,2290.260000,2.7,44812
11:21:27,BTC,77345.860000,77350.200000,-0.6,44827
11:21:27,ETH,2289.600000,2289.530000,0.3,44827
11:21:42,BTC,77295.020000,77304.100000,-1.2,44842
11:21:42,ETH,2288.460000,2288.400000,0.3,44842
11:21:57,BTC,77249.990000,77258.600000,-1.1,44857
11:21:57,ETH,2286.920000,2286.830000,0.4,44857
11:22:12,BTC,77299.310000,77299.500000,-0.0,44872
11:22:12,ETH,2288.740000,2288.690000,0.2,44872
11:22:27,BTC,77319.480000,77327.900000,-1.1,44887
11:22:27,ETH,2288.880000,2289.050000,-0.7,44887
11:22:42,BTC,77419.990000,77419.700000,0.0,44902
11:22:42,ETH,2292.170000,2292.090000,0.3,44902
11:22:57,BTC,77408.480000,77411.400000,-0.4,44917
11:22:57,ETH,2292.570000,2292.590000,-0.1,44917
11:23:12,BTC,77380.980000,77373.600000,1.0,44932
11:23:12,ETH,2292.770000,2293.310000,-2.4,44932
11:23:27,BTC,77359.980000,77348.800000,1.4,44947
11:23:27,ETH,2291.360000,2291.320000,0.2,44947
11:23:42,BTC,77335.900000,77314.500000,2.8,44962
11:23:42,ETH,2289.900000,2290.020000,-0.5,44962
11:23:57,BTC,77370.000000,77367.200000,0.4,44977
11:23:57,ETH,2290.580000,2290.920000,-1.5,44977
11:24:12,BTC,77400.830000,77401.800000,-0.1,44992
11:24:12,ETH,2291.740000,2292.000000,-1.1,44992
11:24:27,BTC,77363.310000,77359.200000,0.5,45007
11:24:27,ETH,2289.960000,2289.990000,-0.1,45007
11:24:42,BTC,77356.410000,77349.500000,0.9,45022
11:24:42,ETH,2290.150000,2290.100000,0.2,45022
11:24:57,ETH,2288.810000,2288.920000,-0.5,45037
11:25:23,BTC,77328.960000,77322.600000,0.8,45063
11:25:23,ETH,2288.560000,2288.560000,0.0,45063
11:25:38,ETH,2286.770000,2286.430000,1.5,45078
11:26:06,BTC,77232.000000,77224.700000,0.9,45106
11:26:06,ETH,2286.760000,2286.430000,1.4,45106
11:26:21,BTC,77241.920000,77236.600000,0.7,45121
11:26:21,ETH,2287.100000,2286.820000,1.2,45121
11:26:36,BTC,77240.000000,77235.600000,0.6,45136
11:26:36,ETH,2286.740000,2286.640000,0.4,45136
11:26:51,BTC,77271.940000,77269.800000,0.3,45151
11:26:51,ETH,2287.660000,2287.600000,0.3,45151
11:27:06,BTC,77274.170000,77272.200000,0.3,45166
11:27:06,ETH,2288.340000,2288.100000,1.0,45166
11:27:21,BTC,77279.990000,77272.200000,1.0,45181
11:27:21,ETH,2288.010000,2287.940000,0.3,45181
11:27:36,BTC,77292.010000,77293.200000,-0.2,45196
11:27:36,ETH,2289.810000,2289.700000,0.5,45196
11:27:51,BTC,77282.950000,77269.100000,1.8,45211
11:27:51,ETH,2288.910000,2288.770000,0.6,45211
11:28:06,BTC,77297.700000,77291.300000,0.8,45226
11:28:06,ETH,2289.390000,2289.460000,-0.3,45226
11:28:21,BTC,77322.510000,77318.800000,0.5,45241
11:28:21,ETH,2289.340000,2289.230000,0.5,45241
11:28:36,BTC,77309.170000,77294.800000,1.9,45256
11:28:36,ETH,2288.570000,2288.310000,1.1,45256
11:28:51,BTC,77300.430000,77283.900000,2.1,45271
11:28:51,ETH,2287.810000,2287.710000,0.4,45271
11:29:06,BTC,77311.540000,77319.100000,-1.0,45286
11:29:06,ETH,2288.790000,2288.860000,-0.3,45286
11:29:21,BTC,77282.970000,77279.900000,0.4,45301
11:29:21,ETH,2287.890000,2287.910000,-0.1,45301
11:29:36,BTC,77218.960000,77219.000000,-0.0,45316
11:29:36,ETH,2285.860000,2285.880000,-0.1,45316
11:29:51,BTC,77190.300000,77200.000000,-1.3,45331
11:29:51,ETH,2284.760000,2284.620000,0.6,45331
11:30:06,BTC,77241.980000,77242.700000,-0.1,45346
11:30:06,ETH,2286.570000,2286.550000,0.1,45346
11:30:21,BTC,77262.640000,77262.900000,-0.0,45361
11:30:21,ETH,2287.100000,2287.320000,-1.0,45361
11:30:36,BTC,77206.840000,77212.400000,-0.7,45376
11:30:36,ETH,2285.730000,2285.680000,0.2,45376
11:30:51,BTC,77236.850000,77245.000000,-1.1,45391
11:30:51,ETH,2286.570000,2286.640000,-0.3,45391
11:31:06,BTC,77247.910000,77249.300000,-0.2,45406
11:31:06,ETH,2287.030000,2286.930000,0.4,45406
11:31:21,BTC,77230.560000,77232.900000,-0.3,45421
11:31:21,ETH,2286.110000,2285.760000,1.5,45421
11:31:36,BTC,77215.880000,77218.800000,-0.4,45436
11:31:36,ETH,2285.600000,2285.760000,-0.7,45436
11:31:51,BTC,77203.140000,77208.400000,-0.7,45451
11:31:51,ETH,2285.590000,2285.600000,-0.0,45451
11:32:06,BTC,77225.720000,77239.300000,-1.8,45466
11:32:06,ETH,2286.800000,2286.960000,-0.7,45466
11:32:21,BTC,77226.620000,77231.600000,-0.6,45481
11:32:21,ETH,2287.580000,2287.000000,2.5,45481
11:32:36,BTC,77237.280000,77240.000000,-0.4,45496
11:32:36,ETH,2287.150000,2287.120000,0.1,45496
11:32:51,BTC,77207.760000,77210.400000,-0.3,45511
11:32:51,ETH,2286.780000,2286.510000,1.2,45511
11:33:06,BTC,77204.260000,77205.400000,-0.1,45526
11:33:06,ETH,2286.160000,2285.750000,1.8,45526
11:33:21,BTC,77202.200000,77202.700000,-0.1,45541
11:33:21,ETH,2285.460000,2285.240000,1.0,45541
11:33:36,BTC,77209.890000,77210.300000,-0.1,45556
11:33:36,ETH,2285.790000,2285.520000,1.2,45556
11:33:51,BTC,77224.320000,77228.700000,-0.6,45571
11:33:51,ETH,2285.990000,2286.180000,-0.8,45571
11:34:06,BTC,77232.970000,77233.900000,-0.1,45586
11:34:06,ETH,2286.990000,2286.860000,0.6,45586
11:34:21,BTC,77240.940000,77249.900000,-1.2,45601
11:34:21,ETH,2287.310000,2286.940000,1.6,45601
11:34:36,BTC,77230.000000,77222.800000,0.9,45616
11:34:36,ETH,2286.710000,2286.650000,0.3,45616
11:34:51,BTC,77230.000000,77232.800000,-0.4,45631
11:34:51,ETH,2286.910000,2286.940000,-0.1,45631
11:35:06,BTC,77238.660000,77247.100000,-1.1,45646
11:35:06,ETH,2287.370000,2287.500000,-0.6,45646
11:35:21,BTC,77238.670000,77238.600000,0.0,45661
11:35:21,ETH,2286.920000,2286.810000,0.5,45661
11:35:36,BTC,77247.890000,77246.900000,0.1,45676
11:35:36,ETH,2287.190000,2287.320000,-0.6,45676
11:35:51,BTC,77242.650000,77246.900000,-0.6,45691
11:35:51,ETH,2287.100000,2286.800000,1.3,45691
11:36:06,BTC,77253.210000,77257.700000,-0.6,45706
11:36:06,ETH,2287.110000,2287.110000,0.0,45706
11:36:21,BTC,77253.220000,77257.600000,-0.6,45721
11:36:21,ETH,2287.110000,2287.130000,-0.1,45721
11:36:36,BTC,77253.220000,77257.100000,-0.5,45736
11:36:36,ETH,2286.720000,2286.550000,0.7,45736
11:36:51,BTC,77258.140000,77259.500000,-0.2,45751
11:36:51,ETH,2287.120000,2287.080000,0.2,45751
11:37:06,BTC,77276.050000,77270.500000,0.7,45766
11:37:06,ETH,2287.570000,2287.560000,0.0,45766
11:37:21,BTC,77285.790000,77284.300000,0.2,45781
11:37:21,ETH,2288.200000,2288.140000,0.3,45781
11:37:36,BTC,77239.340000,77238.800000,0.1,45796
11:37:36,ETH,2286.330000,2286.200000,0.6,45796
11:37:51,BTC,77246.190000,77247.600000,-0.2,45811
11:37:51,ETH,2286.320000,2286.220000,0.4,45811
11:38:06,BTC,77246.180000,77247.500000,-0.2,45826
11:38:06,ETH,2286.430000,2286.410000,0.1,45826
11:38:21,BTC,77238.680000,77229.900000,1.1,45841
11:38:21,ETH,2285.610000,2285.720000,-0.5,45841
11:38:36,BTC,77230.010000,77232.900000,-0.4,45856
11:38:36,ETH,2285.510000,2285.480000,0.1,45856
11:38:51,BTC,77238.660000,77238.700000,-0.0,45871
11:38:51,ETH,2285.830000,2285.800000,0.1,45871
11:39:06,BTC,77209.890000,77212.900000,-0.4,45886
11:39:06,ETH,2284.470000,2284.370000,0.4,45886
11:39:21,BTC,77206.090000,77197.700000,1.1,45901
11:39:21,ETH,2283.760000,2283.550000,0.9,45901
11:39:36,BTC,77181.040000,77183.000000,-0.3,45916
11:39:36,ETH,2283.230000,2283.180000,0.2,45916
11:39:51,BTC,77137.260000,77135.600000,0.2,45931
11:39:51,ETH,2281.860000,2282.160000,-1.3,45931
11:40:06,BTC,77110.000000,77110.100000,-0.0,45946
11:40:06,ETH,2280.390000,2280.170000,1.0,45946
11:40:21,BTC,77099.210000,77106.200000,-0.9,45961
11:40:21,ETH,2280.530000,2280.470000,0.3,45961
11:40:36,BTC,77113.000000,77114.900000,-0.2,45976
11:40:36,ETH,2281.160000,2281.100000,0.3,45976
11:40:51,BTC,77123.200000,77120.500000,0.4,45991
11:40:51,ETH,2281.850000,2281.850000,0.0,45991
11:41:11,BTC,77123.210000,77120.500000,0.4,46011
11:41:11,ETH,2282.010000,2282.090000,-0.4,46011
11:41:26,BTC,77147.710000,77148.000000,-0.0,46026
11:41:26,ETH,2282.730000,2282.610000,0.5,46026
11:41:41,BTC,77158.850000,77165.100000,-0.8,46041
11:41:41,ETH,2283.490000,2283.260000,1.0,46041
11:41:56,BTC,77158.850000,77165.100000,-0.8,46056
11:41:56,ETH,2283.340000,2283.260000,0.4,46056
11:42:11,BTC,77150.140000,77145.900000,0.5,46071
11:42:11,ETH,2283.010000,2282.650000,1.6,46071
11:42:26,BTC,77141.330000,77137.700000,0.5,46086
11:42:26,ETH,2282.410000,2282.400000,0.0,46086
11:42:41,BTC,77157.850000,77156.000000,0.2,46101
11:42:41,ETH,2283.060000,2282.790000,1.2,46101
11:42:56,ETH,2283.310000,2283.150000,0.7,46116
11:43:27,BTC,77158.410000,77156.000000,0.3,46147
11:43:27,ETH,2283.310000,2283.150000,0.7,46147
11:43:42,BTC,77162.710000,77158.700000,0.5,46162
11:43:42,ETH,2283.530000,2283.410000,0.5,46162
11:43:57,BTC,77180.140000,77178.500000,0.2,46177
11:43:57,ETH,2284.340000,2284.240000,0.4,46177
11:44:12,BTC,77170.510000,77161.100000,1.2,46192
11:44:12,ETH,2284.200000,2284.000000,0.9,46192
11:44:27,BTC,77155.260000,77154.300000,0.1,46207
11:44:27,ETH,2283.710000,2283.490000,1.0,46207
11:44:42,BTC,77155.260000,77163.900000,-1.1,46222
11:44:42,ETH,2283.910000,2283.780000,0.6,46222
11:44:57,BTC,77158.390000,77163.800000,-0.7,46237
11:44:57,ETH,2284.000000,2283.820000,0.8,46237
11:45:12,BTC,77181.600000,77180.100000,0.2,46252
11:45:12,ETH,2284.590000,2284.370000,1.0,46252
11:45:27,BTC,77162.060000,77165.900000,-0.5,46267
11:45:27,ETH,2284.330000,2284.060000,1.2,46267
11:45:42,BTC,77155.260000,77147.700000,1.0,46282
11:45:42,ETH,2284.050000,2283.770000,1.2,46282
11:45:57,BTC,77155.250000,77146.400000,1.1,46297
11:45:57,ETH,2283.540000,2283.420000,0.5,46297
11:46:12,BTC,77153.360000,77153.000000,0.0,46312
11:46:12,ETH,2283.610000,2283.520000,0.4,46312
11:46:27,BTC,77153.360000,77161.000000,-1.0,46327
11:46:27,ETH,2283.790000,2283.570000,1.0,46327
11:46:42,BTC,77174.580000,77170.900000,0.5,46342
11:46:42,ETH,2284.380000,2284.130000,1.1,46342
11:46:57,BTC,77176.820000,77179.900000,-0.4,46357
11:46:57,ETH,2285.060000,2285.000000,0.3,46357
11:47:12,BTC,77175.000000,77179.800000,-0.6,46372
11:47:12,ETH,2285.030000,2284.790000,1.1,46372
11:47:27,BTC,77174.990000,77175.900000,-0.1,46387
11:47:27,ETH,2285.030000,2285.020000,0.0,46387
11:47:42,BTC,77174.990000,77179.800000,-0.6,46402
11:47:42,ETH,2285.290000,2285.280000,0.0,46402
11:47:57,BTC,77175.000000,77179.700000,-0.6,46417
11:47:57,ETH,2285.290000,2285.030000,1.1,46417
11:48:12,BTC,77175.000000,77179.700000,-0.6,46432
11:48:12,ETH,2284.840000,2284.460000,1.7,46432
11:48:27,BTC,77194.090000,77193.500000,0.1,46447
11:48:27,ETH,2285.290000,2285.450000,-0.7,46447
11:48:42,BTC,77187.730000,77193.400000,-0.7,46462
11:48:42,ETH,2285.470000,2285.300000,0.7,46462
11:48:57,BTC,77187.730000,77193.500000,-0.7,46477
11:48:57,ETH,2285.340000,2284.950000,1.7,46477
11:49:12,BTC,77174.370000,77177.100000,-0.4,46492
11:49:12,ETH,2284.350000,2284.230000,0.5,46492
11:49:27,BTC,77163.260000,77163.400000,-0.0,46507
11:49:27,ETH,2284.200000,2284.060000,0.6,46507
11:49:42,BTC,77153.360000,77154.500000,-0.1,46522
11:49:42,ETH,2283.820000,2283.610000,0.9,46522
11:49:57,BTC,77153.360000,77148.100000,0.7,46537
11:49:57,ETH,2283.820000,2283.560000,1.1,46537
11:50:12,BTC,77175.000000,77177.100000,-0.3,46552
11:50:12,ETH,2285.130000,2284.900000,1.0,46552
11:50:27,BTC,77173.900000,77174.900000,-0.1,46567
11:50:27,ETH,2285.380000,2285.300000,0.4,46567
11:50:42,BTC,77175.350000,77180.500000,-0.7,46582
11:50:42,ETH,2285.390000,2285.300000,0.4,46582
11:50:57,BTC,77180.000000,77181.500000,-0.2,46597
11:50:57,ETH,2285.390000,2285.300000,0.4,46597
11:51:12,BTC,77188.100000,77188.100000,0.0,46612
11:51:12,ETH,2285.380000,2285.300000,0.4,46612
11:51:27,BTC,77181.880000,77178.500000,0.4,46627
11:51:27,ETH,2285.150000,2285.060000,0.4,46627
11:51:42,BTC,77203.050000,77199.900000,0.4,46642
11:51:42,ETH,2285.740000,2285.630000,0.5,46642
11:51:57,BTC,77200.000000,77199.800000,0.0,46657
11:51:57,ETH,2285.040000,2285.010000,0.1,46657
11:52:12,BTC,77193.560000,77188.000000,0.7,46672
11:52:12,ETH,2285.040000,2285.010000,0.1,46672
11:52:27,BTC,77186.020000,77187.900000,-0.2,46687
11:52:27,ETH,2285.000000,2284.720000,1.2,46687
11:52:42,BTC,77184.410000,77187.900000,-0.5,46702
11:52:42,ETH,2284.660000,2284.530000,0.6,46702
11:52:57,BTC,77175.350000,77167.000000,1.1,46717
11:52:57,ETH,2284.200000,2284.110000,0.4,46717
11:53:12,BTC,77170.000000,77166.900000,0.4,46732
11:53:12,ETH,2284.210000,2284.170000,0.2,46732
11:53:27,BTC,77179.250000,77179.900000,-0.1,46747
11:53:27,ETH,2284.940000,2284.860000,0.4,46747
11:53:42,BTC,77180.210000,77179.900000,0.0,46762
11:53:42,ETH,2284.930000,2285.000000,-0.3,46762
11:53:57,BTC,77152.050000,77157.300000,-0.7,46777
11:53:57,ETH,2284.360000,2284.270000,0.4,46777
11:54:12,BTC,77158.200000,77157.300000,0.1,46792
11:54:12,ETH,2284.360000,2284.350000,0.0,46792
11:54:27,BTC,77150.740000,77151.800000,-0.1,46807
11:54:27,ETH,2283.820000,2283.780000,0.2,46807
11:54:42,BTC,77149.570000,77156.600000,-0.9,46822
11:54:42,ETH,2283.820000,2283.780000,0.2,46822
11:54:57,BTC,77149.560000,77149.600000,-0.0,46837
11:54:57,ETH,2283.260000,2283.500000,-1.1,46837
11:55:12,BTC,77149.560000,77149.600000,-0.0,46852
11:55:12,ETH,2283.400000,2283.290000,0.5,46852
11:55:27,BTC,77138.010000,77137.100000,0.1,46867
11:55:27,ETH,2283.130000,2282.940000,0.8,46867
11:55:42,BTC,77123.210000,77129.900000,-0.9,46882
11:55:42,ETH,2282.670000,2282.420000,1.1,46882
11:55:57,ETH,2282.260000,2282.170000,0.4,46897
11:56:27,BTC,77104.000000,77106.100000,-0.3,46927
11:56:27,ETH,2282.260000,2282.170000,0.4,46927
11:56:42,BTC,77094.000000,77089.100000,0.6,46942
11:56:42,ETH,2282.010000,2282.010000,0.0,46942
11:56:57,BTC,77086.420000,77092.700000,-0.8,46957
11:56:57,ETH,2281.910000,2281.790000,0.5,46957
11:57:12,BTC,77089.510000,77092.900000,-0.4,46972
11:57:12,ETH,2282.500000,2282.070000,1.9,46972
11:57:27,BTC,77121.980000,77122.400000,-0.1,46987
11:57:27,ETH,2282.750000,2282.670000,0.4,46987
11:57:42,BTC,77121.970000,77124.900000,-0.4,47002
11:57:42,ETH,2282.830000,2282.710000,0.5,47002
11:57:57,BTC,77121.970000,77124.900000,-0.4,47017
11:57:57,ETH,2282.650000,2282.760000,-0.5,47017
11:58:12,BTC,77121.980000,77129.000000,-0.9,47032
11:58:12,ETH,2283.000000,2283.160000,-0.7,47032
11:58:27,BTC,77121.970000,77129.000000,-0.9,47047
11:58:27,ETH,2282.960000,2283.520000,-2.5,47047
11:58:42,BTC,77121.980000,77122.400000,-0.1,47062
11:58:42,ETH,2282.970000,2282.920000,0.2,47062
11:58:57,BTC,77121.970000,77123.900000,-0.3,47077
11:58:57,ETH,2282.970000,2282.920000,0.2,47077
11:59:12,BTC,77133.430000,77133.900000,-0.1,47092
11:59:12,ETH,2283.290000,2283.300000,-0.0,47092
11:59:27,BTC,77121.970000,77114.700000,0.9,47107
11:59:27,ETH,2282.440000,2282.560000,-0.5,47107
11:59:42,BTC,77125.770000,77130.600000,-0.6,47122
11:59:42,ETH,2282.760000,2282.800000,-0.2,47122
11:59:57,BTC,77131.080000,77130.500000,0.1,47137
11:59:57,ETH,2282.870000,2282.790000,0.4,47137
12:00:12,BTC,77139.160000,77139.700000,-0.1,47152
12:00:12,ETH,2283.170000,2282.820000,1.5,47152
12:00:27,BTC,77139.160000,77144.000000,-0.6,47167
12:00:27,ETH,2283.380000,2283.340000,0.2,47167
12:00:42,BTC,77139.170000,77142.700000,-0.5,47182
12:00:42,ETH,2283.170000,2283.350000,-0.8,47182
12:00:57,BTC,77139.170000,77136.000000,0.4,47197
12:00:57,ETH,2282.970000,2282.820000,0.7,47197
12:01:12,BTC,77139.160000,77136.000000,0.4,47212
12:01:12,ETH,2283.110000,2283.060000,0.2,47212
12:01:27,BTC,77155.990000,77156.200000,-0.0,47227
12:01:27,ETH,2283.500000,2283.480000,0.1,47227
12:01:42,BTC,77157.820000,77166.800000,-1.2,47242
12:01:42,ETH,2283.980000,2283.990000,-0.0,47242
12:01:57,BTC,77157.830000,77166.800000,-1.2,47257
12:01:57,ETH,2283.990000,2283.980000,0.0,47257
12:02:12,BTC,77134.020000,77124.800000,1.2,47272
12:02:12,ETH,2283.500000,2283.350000,0.7,47272
12:02:27,BTC,77134.030000,77134.800000,-0.1,47287
12:02:27,ETH,2283.380000,2283.340000,0.2,47287
12:02:42,BTC,77134.030000,77134.700000,-0.1,47302
12:02:42,ETH,2283.250000,2283.270000,-0.1,47302
12:02:57,BTC,77125.080000,77124.700000,0.0,47317
12:02:57,ETH,2282.790000,2282.590000,0.9,47317
12:03:12,BTC,77107.200000,77105.500000,0.2,47332
12:03:12,ETH,2282.480000,2281.940000,2.4,47332
12:03:27,BTC,77094.000000,77095.500000,-0.2,47347
12:03:27,ETH,2281.840000,2281.780000,0.3,47347
12:03:42,BTC,77068.280000,77074.900000,-0.9,47362
12:03:42,ETH,2281.290000,2281.440000,-0.7,47362
12:03:57,BTC,77094.010000,77089.700000,0.6,47377
12:03:57,ETH,2281.990000,2282.100000,-0.5,47377
12:04:12,BTC,77110.000000,77115.500000,-0.7,47392
12:04:12,ETH,2282.540000,2282.510000,0.1,47392
12:04:27,BTC,77100.370000,77103.700000,-0.4,47407
12:04:27,ETH,2282.200000,2282.060000,0.6,47407
12:04:42,BTC,77115.800000,77115.800000,0.0,47422
12:04:42,ETH,2282.360000,2282.230000,0.6,47422
12:04:57,BTC,77115.790000,77117.100000,-0.2,47437
12:04:57,ETH,2282.600000,2282.500000,0.4,47437
12:05:12,BTC,77115.810000,77115.500000,0.0,47452
12:05:12,ETH,2282.210000,2282.310000,-0.4,47452
12:05:27,BTC,77115.810000,77115.500000,0.0,47467
12:05:27,ETH,2282.200000,2282.090000,0.5,47467
12:05:42,BTC,77108.960000,77110.200000,-0.2,47482
12:05:42,ETH,2281.920000,2281.770000,0.7,47482
12:05:57,BTC,77115.790000,77115.400000,0.1,47497
12:05:57,ETH,2282.200000,2282.030000,0.7,47497
12:06:12,BTC,77136.810000,77136.900000,-0.0,47512
12:06:12,ETH,2283.150000,2283.140000,0.0,47512
12:06:33,BTC,77136.810000,77139.200000,-0.3,47533
12:06:33,ETH,2283.150000,2283.140000,0.0,47533
12:06:48,BTC,77144.990000,77144.300000,0.1,47548
12:06:48,ETH,2283.560000,2283.290000,1.2,47548
12:07:03,BTC,77146.640000,77153.500000,-0.9,47563
12:07:03,ETH,2283.920000,2283.980000,-0.3,47563
12:07:18,BTC,77141.420000,77133.700000,1.0,47578
12:07:18,ETH,2284.030000,2283.940000,0.4,47578
12:07:33,BTC,77141.420000,77136.900000,0.6,47593
12:07:33,ETH,2284.320000,2284.130000,0.8,47593
12:07:48,BTC,77141.430000,77140.000000,0.2,47608
12:07:48,ETH,2284.320000,2284.130000,0.8,47608
12:08:03,BTC,77157.240000,77153.400000,0.5,47623
12:08:03,ETH,2284.460000,2284.370000,0.4,47623
12:08:18,BTC,77152.550000,77153.300000,-0.1,47638
12:08:18,ETH,2284.450000,2284.200000,1.1,47638
12:08:33,BTC,77165.340000,77173.600000,-1.1,47653
12:08:33,ETH,2284.870000,2284.590000,1.2,47653
12:08:48,BTC,77165.340000,77160.200000,0.7,47668
12:08:48,ETH,2284.720000,2284.580000,0.6,47668
12:09:03,BTC,77142.140000,77140.100000,0.3,47683
12:09:03,ETH,2283.810000,2283.690000,0.5,47683
12:09:18,BTC,77141.430000,77132.500000,1.2,47698
12:09:18,ETH,2283.810000,2283.560000,1.1,47698
12:09:33,BTC,77136.820000,77133.700000,0.4,47713
12:09:33,ETH,2283.810000,2283.770000,0.2,47713
12:09:48,BTC,77136.820000,77135.100000,0.2,47728
12:09:48,ETH,2284.130000,2283.890000,1.1,47728
12:10:03,BTC,77136.820000,77133.800000,0.4,47743
12:10:03,ETH,2283.600000,2283.320000,1.2,47743
12:10:18,BTC,77136.820000,77135.000000,0.2,47758
12:10:18,ETH,2283.610000,2283.580000,0.1,47758
12:10:33,BTC,77136.820000,77129.400000,1.0,47773
12:10:33,ETH,2283.520000,2283.240000,1.2,47773
12:10:48,BTC,77118.410000,77119.900000,-0.2,47788
12:10:48,ETH,2283.140000,2282.890000,1.1,47788
12:11:03,BTC,77136.810000,77131.300000,0.7,47803
12:11:03,ETH,2283.930000,2283.780000,0.7,47803
12:11:18,BTC,77153.340000,77145.500000,1.0,47818
12:11:18,ETH,2284.170000,2284.050000,0.5,47818
12:11:33,BTC,77150.060000,77148.700000,0.2,47833
12:11:33,ETH,2284.170000,2284.010000,0.7,47833
12:11:48,BTC,77138.000000,77141.000000,-0.4,47848
12:11:48,ETH,2283.810000,2283.650000,0.7,47848
12:12:03,BTC,77149.980000,77141.100000,1.2,47863
12:12:03,ETH,2283.990000,2283.920000,0.3,47863
12:12:18,BTC,77138.010000,77141.000000,-0.4,47878
12:12:18,ETH,2283.700000,2283.650000,0.2,47878
12:12:38,BTC,77138.000000,77146.700000,-1.1,47898
12:12:38,ETH,2283.700000,2283.410000,1.3,47898
12:12:53,BTC,77149.460000,77146.800000,0.3,47913
12:12:53,ETH,2283.710000,2283.670000,0.2,47913
12:13:08,BTC,77138.010000,77141.100000,-0.4,47928
12:13:08,ETH,2283.190000,2283.110000,0.4,47928
12:13:23,BTC,77138.010000,77141.000000,-0.4,47943
12:13:23,ETH,2283.170000,2283.110000,0.3,47943
12:13:38,BTC,77146.260000,77145.600000,0.1,47958
12:13:38,ETH,2283.610000,2283.490000,0.5,47958
12:13:53,BTC,77155.530000,77153.400000,0.3,47973
12:13:53,ETH,2284.090000,2284.110000,-0.1,47973
12:14:08,BTC,77170.020000,77165.300000,0.6,47988
12:14:08,ETH,2284.490000,2284.230000,1.1,47988
12:14:23,BTC,77166.750000,77165.300000,0.2,48003
12:14:23,ETH,2284.240000,2284.210000,0.1,48003
12:14:38,BTC,77166.750000,77165.400000,0.2,48018
12:14:38,ETH,2284.250000,2284.210000,0.2,48018
12:14:53,BTC,77118.900000,77111.800000,0.9,48033
12:14:53,ETH,2283.260000,2283.020000,1.1,48033
12:15:08,BTC,77125.200000,77125.200000,0.0,48048
12:15:08,ETH,2283.450000,2283.270000,0.8,48048
12:15:23,BTC,77143.580000,77135.800000,1.0,48063
12:15:23,ETH,2283.630000,2283.470000,0.7,48063
12:15:38,BTC,77134.820000,77135.800000,-0.1,48078
12:15:38,ETH,2283.600000,2283.470000,0.6,48078
12:15:53,BTC,77143.600000,77142.100000,0.2,48093
12:15:53,ETH,2283.950000,2283.860000,0.4,48093
12:16:08,BTC,77143.610000,77142.200000,0.2,48108
12:16:08,ETH,2283.960000,2283.860000,0.4,48108
12:16:23,BTC,77152.500000,77151.600000,0.1,48123
12:16:23,ETH,2283.950000,2283.860000,0.4,48123
12:16:38,BTC,77167.500000,77170.800000,-0.4,48138
12:16:38,ETH,2284.380000,2284.400000,-0.1,48138
12:16:53,BTC,77167.850000,77169.600000,-0.2,48153
12:16:53,ETH,2284.290000,2284.060000,1.0,48153
12:17:08,BTC,77177.820000,77179.800000,-0.3,48168
12:17:08,ETH,2284.340000,2284.380000,-0.2,48168
12:17:23,BTC,77177.990000,77177.800000,0.0,48183
12:17:23,ETH,2284.390000,2284.370000,0.1,48183
12:17:38,BTC,77177.990000,77177.800000,0.0,48198
12:17:38,ETH,2284.400000,2284.280000,0.5,48198
12:17:53,BTC,77177.990000,77168.900000,1.2,48213
12:17:53,ETH,2284.470000,2284.280000,0.8,48213
12:18:08,BTC,77178.000000,77168.900000,1.2,48228
12:18:08,ETH,2284.620000,2284.560000,0.3,48228
12:18:23,BTC,77179.770000,77177.600000,0.3,48243
12:18:23,ETH,2284.640000,2284.550000,0.4,48243
12:18:38,BTC,77203.510000,77200.000000,0.5,48258
12:18:38,ETH,2285.880000,2285.580000,1.3,48258
12:18:53,BTC,77206.380000,77212.200000,-0.8,48273
12:18:53,ETH,2285.370000,2285.050000,1.4,48273
12:19:08,BTC,77206.380000,77212.100000,-0.7,48288
12:19:08,ETH,2285.370000,2285.300000,0.3,48288
12:19:23,ETH,2285.220000,2285.030000,0.8,48303
12:19:51,BTC,77195.090000,77188.200000,0.9,48331
12:19:51,ETH,2285.210000,2285.030000,0.8,48331
12:20:06,BTC,77195.090000,77188.100000,0.9,48346
12:20:06,ETH,2285.210000,2285.120000,0.4,48346
12:20:21,BTC,77164.120000,77154.000000,1.3,48361
12:20:21,ETH,2283.780000,2283.690000,0.4,48361
12:20:36,BTC,77152.810000,77142.700000,1.3,48376
12:20:36,ETH,2283.280000,2283.280000,0.0,48376
12:20:51,BTC,77128.490000,77123.400000,0.7,48391
12:20:51,ETH,2283.140000,2282.830000,1.4,48391
12:21:06,BTC,77130.010000,77124.600000,0.7,48406
12:21:06,ETH,2282.810000,2282.630000,0.8,48406
12:21:21,BTC,77130.000000,77131.000000,-0.1,48421
12:21:21,ETH,2283.040000,2282.990000,0.2,48421
12:21:36,BTC,77130.010000,77130.900000,-0.1,48436
12:21:36,ETH,2283.150000,2283.040000,0.5,48436
12:21:51,BTC,77137.340000,77133.800000,0.5,48451
12:21:51,ETH,2283.260000,2283.260000,0.0,48451
12:22:06,BTC,77139.940000,77133.800000,0.8,48466
12:22:06,ETH,2283.250000,2283.090000,0.7,48466
12:22:21,BTC,77139.950000,77135.500000,0.6,48481
12:22:21,ETH,2283.500000,2283.490000,0.0,48481
12:22:36,BTC,77147.720000,77141.900000,0.8,48496
12:22:36,ETH,2283.760000,2283.630000,0.6,48496
12:22:51,BTC,77162.510000,77167.800000,-0.7,48511
12:22:51,ETH,2284.290000,2284.430000,-0.6,48511
12:23:06,BTC,77153.830000,77153.700000,0.0,48526
12:23:06,ETH,2283.960000,2283.680000,1.2,48526
12:23:21,BTC,77162.510000,77152.900000,1.2,48541
12:23:21,ETH,2283.830000,2283.890000,-0.3,48541
12:23:36,BTC,77165.010000,77159.600000,0.7,48556
12:23:36,ETH,2283.840000,2283.760000,0.4,48556
12:23:51,BTC,77155.950000,77150.800000,0.7,48571
12:23:51,ETH,2283.780000,2283.450000,1.4,48571
12:24:06,BTC,77155.950000,77150.900000,0.7,48586
12:24:06,ETH,2283.610000,2283.450000,0.7,48586
12:24:21,BTC,77158.440000,77156.900000,0.2,48601
12:24:21,ETH,2283.620000,2283.520000,0.4,48601
12:24:36,BTC,77155.220000,77149.100000,0.8,48616
12:24:36,ETH,2283.450000,2283.410000,0.2,48616
12:24:51,BTC,77165.150000,77156.800000,1.1,48631
12:24:51,ETH,2283.680000,2283.690000,-0.0,48631
12:25:06,BTC,77165.160000,77156.800000,1.1,48646
12:25:06,ETH,2284.120000,2284.190000,-0.3,48646
12:25:21,BTC,77174.550000,77167.600000,0.9,48661
12:25:21,ETH,2284.590000,2284.590000,0.0,48661
12:25:36,BTC,77165.150000,77158.700000,0.8,48676
12:25:36,ETH,2284.370000,2284.190000,0.8,48676
12:25:51,BTC,77174.990000,77166.700000,1.1,48691
12:25:51,ETH,2285.130000,2285.100000,0.1,48691
12:26:06,BTC,77175.000000,77166.600000,1.1,48706
12:26:06,ETH,2284.940000,2284.790000,0.7,48706
12:26:21,BTC,77177.500000,77166.700000,1.4,48721
12:26:21,ETH,2284.940000,2284.800000,0.6,48721
12:26:36,BTC,77177.490000,77166.600000,1.4,48736
12:26:36,ETH,2284.940000,2284.800000,0.6,48736
12:26:51,BTC,77181.080000,77166.700000,1.9,48751
12:26:51,ETH,2284.930000,2284.800000,0.6,48751
12:27:06,BTC,77181.090000,77169.600000,1.5,48766
12:27:06,ETH,2284.890000,2284.800000,0.4,48766
12:27:21,BTC,77181.080000,77169.700000,1.5,48781
12:27:21,ETH,2284.590000,2284.470000,0.5,48781
12:27:36,BTC,77150.830000,77143.400000,1.0,48796
12:27:36,ETH,2283.360000,2283.420000,-0.3,48796
12:27:51,BTC,77128.600000,77130.900000,-0.3,48811
12:27:51,ETH,2281.720000,2282.040000,-1.4,48811
12:28:06,BTC,77126.240000,77128.500000,-0.3,48826
12:28:06,ETH,2281.520000,2281.730000,-0.9,48826
12:28:21,BTC,77108.200000,77100.000000,1.1,48841
12:28:21,ETH,2281.160000,2281.170000,-0.0,48841
12:28:36,BTC,77052.320000,77058.200000,-0.8,48856
12:28:36,ETH,2280.380000,2280.510000,-0.6,48856
12:28:51,BTC,77034.120000,77034.700000,-0.1,48871
12:28:51,ETH,2279.820000,2279.750000,0.3,48871
12:29:06,BTC,77017.450000,77024.500000,-0.9,48886
12:29:06,ETH,2279.380000,2279.200000,0.8,48886
12:29:21,BTC,76961.280000,76975.000000,-1.8,48901
12:29:21,ETH,2278.080000,2278.200000,-0.5,48901
12:29:36,BTC,76999.650000,76998.500000,0.1,48916
12:29:36,ETH,2279.420000,2279.090000,1.4,48916
12:29:51,BTC,77005.950000,77017.500000,-1.5,48931
12:29:51,ETH,2279.560000,2279.420000,0.6,48931
12:30:06,BTC,77012.350000,77020.800000,-1.1,48946
12:30:06,ETH,2279.250000,2279.190000,0.3,48946
12:30:21,BTC,77011.000000,77020.700000,-1.3,48961
12:30:21,ETH,2278.300000,2278.400000,-0.4,48961
12:30:36,BTC,77012.450000,77020.000000,-1.0,48976
12:30:36,ETH,2278.290000,2278.370000,-0.4,48976
12:30:51,BTC,77027.990000,77033.000000,-0.7,48991
12:30:51,ETH,2279.110000,2279.110000,0.0,48991
12:31:06,BTC,77035.820000,77044.800000,-1.2,49006
12:31:06,ETH,2278.920000,2279.100000,-0.8,49006
12:31:21,BTC,77035.810000,77037.600000,-0.2,49021
12:31:21,ETH,2278.820000,2278.890000,-0.3,49021
12:31:36,BTC,77046.230000,77053.900000,-1.0,49036
12:31:36,ETH,2279.800000,2279.810000,-0.0,49036
12:31:51,BTC,77048.270000,77054.400000,-0.8,49051
12:31:51,ETH,2279.790000,2279.790000,0.0,49051
12:32:06,BTC,77065.610000,77073.300000,-1.0,49066
12:32:06,ETH,2280.660000,2280.660000,0.0,49066
12:32:21,BTC,77074.310000,77081.300000,-0.9,49081
12:32:21,ETH,2280.670000,2280.930000,-1.1,49081
12:32:36,BTC,77074.300000,77081.300000,-0.9,49096
12:32:36,ETH,2280.660000,2280.520000,0.6,49096
12:32:51,BTC,77074.300000,77078.500000,-0.5,49111
12:32:51,ETH,2280.550000,2280.510000,0.2,49111
12:33:06,BTC,77048.810000,77049.500000,-0.1,49126
12:33:06,ETH,2279.710000,2279.780000,-0.3,49126
12:33:21,BTC,77038.120000,77049.300000,-1.5,49141
12:33:21,ETH,2279.500000,2279.650000,-0.7,49141
12:33:36,BTC,77041.420000,77049.300000,-1.0,49156
12:33:36,ETH,2279.400000,2279.400000,0.0,49156
12:33:51,BTC,77044.990000,77049.500000,-0.6,49171
12:33:51,ETH,2279.860000,2279.850000,0.0,49171
12:34:06,BTC,77044.990000,77049.400000,-0.6,49186
12:34:06,ETH,2279.850000,2279.860000,-0.0,49186
12:34:21,BTC,77045.000000,77049.400000,-0.6,49201
12:34:21,ETH,2279.660000,2279.420000,1.1,49201
12:34:36,BTC,77043.510000,77047.000000,-0.5,49216
12:34:36,ETH,2278.590000,2278.730000,-0.6,49216
12:34:51,BTC,77064.500000,77074.900000,-1.3,49231
12:34:51,ETH,2279.310000,2279.470000,-0.7,49231
12:35:06,BTC,77081.450000,77086.100000,-0.6,49246
12:35:06,ETH,2279.850000,2279.860000,-0.0,49246
12:35:21,BTC,77081.440000,77087.400000,-0.8,49261
12:35:21,ETH,2279.840000,2279.860000,-0.1,49261
12:35:36,BTC,77072.690000,77078.400000,-0.7,49276
12:35:36,ETH,2279.780000,2279.760000,0.1,49276
12:35:51,BTC,77072.700000,77071.700000,0.1,49291
12:35:51,ETH,2279.680000,2279.610000,0.3,49291
12:36:06,BTC,77072.700000,77073.100000,-0.1,49306
12:36:06,ETH,2279.690000,2279.620000,0.3,49306
12:36:21,BTC,77072.710000,77083.400000,-1.4,49321
12:36:21,ETH,2279.680000,2279.850000,-0.7,49321
12:36:36,BTC,77072.710000,77083.500000,-1.4,49336
12:36:36,ETH,2280.000000,2279.860000,0.6,49336
12:36:51,BTC,77072.700000,77083.500000,-1.4,49351
12:36:51,ETH,2280.000000,2279.860000,0.6,49351
12:37:06,BTC,77071.750000,77083.500000,-1.5,49366
12:37:06,ETH,2279.690000,2279.810000,-0.5,49366
12:37:21,BTC,77071.740000,77069.700000,0.3,49381
12:37:21,ETH,2279.640000,2279.630000,0.0,49381
12:37:36,BTC,77071.750000,77069.500000,0.3,49396
12:37:36,ETH,2279.650000,2279.510000,0.6,49396
12:37:51,BTC,77059.270000,77072.900000,-1.8,49411
12:37:51,ETH,2279.530000,2279.470000,0.3,49411
12:38:06,BTC,77050.440000,77053.300000,-0.4,49426
12:38:06,ETH,2279.080000,2278.900000,0.8,49426
12:38:21,BTC,77050.450000,77053.300000,-0.4,49441
12:38:21,ETH,2279.090000,2278.890000,0.9,49441
12:38:36,BTC,77050.440000,77053.300000,-0.4,49456
12:38:36,ETH,2279.090000,2279.080000,0.0,49456
12:38:51,BTC,77050.440000,77057.700000,-0.9,49471
12:38:51,ETH,2279.360000,2279.120000,1.1,49471
12:39:06,BTC,77051.150000,77062.500000,-1.5,49486
12:39:06,ETH,2279.640000,2279.650000,-0.0,49486
12:39:21,BTC,77064.270000,77068.400000,-0.5,49501
12:39:21,ETH,2279.820000,2279.850000,-0.1,49501
12:39:36,BTC,77069.890000,77079.900000,-1.3,49516
12:39:36,ETH,2280.090000,2279.990000,0.4,49516
12:39:51,BTC,77071.730000,77083.400000,-1.5,49531
12:39:51,ETH,2280.090000,2279.990000,0.4,49531
12:40:06,BTC,77069.910000,77071.900000,-0.3,49546
12:40:06,ETH,2280.100000,2279.980000,0.5,49546
12:40:21,BTC,77069.900000,77071.900000,-0.3,49561
12:40:21,ETH,2279.980000,2279.980000,0.0,49561
12:40:36,BTC,77011.660000,77024.200000,-1.6,49576
12:40:36,ETH,2278.930000,2278.510000,1.8,49576
12:40:56,BTC,77011.660000,77024.200000,-1.6,49596
12:40:56,ETH,2278.930000,2278.510000,1.8,49596
12:41:11,BTC,77034.000000,77044.700000,-1.4,49611
12:41:11,ETH,2279.280000,2279.260000,0.1,49611
12:41:26,BTC,77028.430000,77031.400000,-0.4,49626
12:41:26,ETH,2279.100000,2278.950000,0.7,49626
12:41:41,BTC,77023.670000,77028.800000,-0.7,49641
12:41:41,ETH,2279.050000,2278.900000,0.7,49641
12:41:56,BTC,77023.670000,77028.700000,-0.7,49656
12:41:56,ETH,2279.040000,2278.890000,0.7,49656
12:42:11,BTC,77032.920000,77037.200000,-0.6,49671
12:42:11,ETH,2279.040000,2279.070000,-0.1,49671
12:42:26,BTC,77034.990000,77041.400000,-0.8,49686
12:42:26,ETH,2279.280000,2279.080000,0.9,49686
12:42:41,BTC,77042.430000,77043.900000,-0.2,49701
12:42:41,ETH,2279.270000,2279.330000,-0.3,49701
12:42:56,BTC,77042.430000,77044.000000,-0.2,49716
12:42:56,ETH,2279.270000,2279.320000,-0.2,49716
12:43:11,BTC,77056.570000,77062.000000,-0.7,49731
12:43:11,ETH,2279.470000,2279.510000,-0.2,49731
12:43:26,BTC,77055.390000,77061.900000,-0.8,49746
12:43:26,ETH,2279.480000,2279.350000,0.6,49746
12:43:41,BTC,77048.990000,77046.800000,0.3,49761
12:43:41,ETH,2279.350000,2279.330000,0.1,49761
12:43:56,BTC,77063.660000,77061.900000,0.2,49776
12:43:56,ETH,2280.000000,2279.980000,0.1,49776
12:44:11,BTC,77065.840000,77076.900000,-1.4,49791
12:44:11,ETH,2280.440000,2280.240000,0.9,49791
12:44:26,BTC,77065.840000,77077.000000,-1.4,49806
12:44:26,ETH,2280.430000,2280.240000,0.8,49806
12:44:41,BTC,77065.840000,77072.000000,-0.8,49821
12:44:41,ETH,2280.400000,2280.140000,1.1,49821
12:44:56,BTC,77081.850000,77086.800000,-0.6,49836
12:44:56,ETH,2280.870000,2280.980000,-0.5,49836
12:45:11,BTC,77070.170000,77077.600000,-1.0,49851
12:45:11,ETH,2280.300000,2280.300000,0.0,49851
12:45:26,BTC,77064.950000,77068.800000,-0.5,49866
12:45:26,ETH,2279.960000,2279.730000,1.0,49866
12:45:41,ETH,2279.820000,2279.800000,0.1,49881
12:46:05,BTC,77061.790000,77068.800000,-0.9,49905
12:46:05,ETH,2279.820000,2279.810000,0.0,49905
12:46:20,BTC,77062.550000,77071.100000,-1.1,49920
12:46:20,ETH,2279.820000,2279.990000,-0.7,49920
12:46:35,BTC,77063.440000,77071.000000,-1.0,49935
12:46:35,ETH,2279.990000,2279.990000,0.0,49935
12:46:50,BTC,77052.490000,77055.600000,-0.4,49950
12:46:50,ETH,2279.730000,2279.600000,0.6,49950
12:47:05,BTC,77052.500000,77055.600000,-0.4,49965
12:47:05,ETH,2279.720000,2279.740000,-0.1,49965
12:47:20,BTC,77052.500000,77055.600000,-0.4,49980
12:47:20,ETH,2279.730000,2280.000000,-1.2,49980
12:47:35,BTC,77052.500000,77065.100000,-1.6,49995
12:47:35,ETH,2279.720000,2279.810000,-0.4,49995
12:47:50,BTC,77052.500000,77060.100000,-1.0,50010
12:47:50,ETH,2279.720000,2279.810000,-0.4,50010
12:48:05,BTC,77062.390000,77071.000000,-1.1,50025
12:48:05,ETH,2280.660000,2280.740000,-0.4,50025
12:48:20,BTC,77063.890000,77072.700000,-1.1,50040
12:48:20,ETH,2280.670000,2280.800000,-0.6,50040
12:48:35,BTC,77055.220000,77062.400000,-0.9,50055
12:48:35,ETH,2280.350000,2280.340000,0.0,50055
12:48:50,BTC,77061.550000,77065.000000,-0.4,50070
12:48:50,ETH,2280.350000,2280.570000,-1.0,50070
12:49:05,BTC,77061.540000,77072.600000,-1.4,50085
12:49:05,ETH,2280.670000,2280.790000,-0.5,50085
12:49:20,BTC,77060.930000,77064.400000,-0.5,50100
12:49:20,ETH,2280.370000,2280.360000,0.0,50100
12:49:35,BTC,77055.330000,77062.300000,-0.9,50115
12:49:35,ETH,2280.190000,2280.360000,-0.7,50115
12:49:50,BTC,77055.320000,77062.400000,-0.9,50130
12:49:50,ETH,2280.190000,2280.360000,-0.7,50130
12:50:05,BTC,77055.330000,77062.300000,-0.9,50145
12:50:05,ETH,2280.240000,2280.350000,-0.5,50145
12:50:20,BTC,77067.030000,77063.500000,0.5,50160
12:50:20,ETH,2280.320000,2280.560000,-1.1,50160
12:50:35,BTC,77055.200000,77058.100000,-0.4,50175
12:50:35,ETH,2280.100000,2279.950000,0.7,50175
12:50:50,BTC,77062.130000,77064.000000,-0.2,50190
12:50:50,ETH,2280.100000,2280.380000,-1.2,50190
12:51:05,BTC,77067.820000,77065.800000,0.3,50205
12:51:05,ETH,2280.890000,2280.950000,-0.3,50205
12:51:20,BTC,77067.830000,77072.500000,-0.6,50220
12:51:20,ETH,2280.890000,2280.950000,-0.3,50220
12:51:35,BTC,77078.480000,77081.800000,-0.4,50235
12:51:35,ETH,2280.890000,2280.960000,-0.3,50235
12:51:50,BTC,77080.160000,77086.600000,-0.8,50250
12:51:50,ETH,2280.710000,2280.450000,1.1,50250
12:52:05,BTC,77080.170000,77086.600000,-0.8,50265
12:52:05,ETH,2280.740000,2280.930000,-0.8,50265
12:52:20,BTC,77080.170000,77086.600000,-0.8,50280
12:52:20,ETH,2280.740000,2280.610000,0.6,50280
12:52:35,BTC,77080.170000,77086.700000,-0.8,50295
12:52:35,ETH,2280.740000,2280.620000,0.5,50295
12:52:50,BTC,77095.080000,77106.200000,-1.4,50310
12:52:50,ETH,2281.030000,2281.000000,0.1,50310
12:53:11,BTC,77101.430000,77106.200000,-0.6,50331
12:53:11,ETH,2281.030000,2281.000000,0.1,50331
12:53:26,BTC,77102.010000,77099.100000,0.4,50346
12:53:26,ETH,2281.270000,2281.160000,0.5,50346
12:53:41,BTC,77101.480000,77102.600000,-0.1,50361
12:53:41,ETH,2281.140000,2281.160000,-0.1,50361
12:53:56,BTC,77101.470000,77105.000000,-0.5,50376
12:53:56,ETH,2281.290000,2281.170000,0.5,50376
12:54:11,BTC,77101.470000,77105.000000,-0.5,50391
12:54:11,ETH,2281.280000,2281.170000,0.5,50391
12:54:26,BTC,77101.470000,77105.000000,-0.5,50406
12:54:26,ETH,2281.280000,2281.170000,0.5,50406
12:54:41,BTC,77101.470000,77105.000000,-0.5,50421
12:54:41,ETH,2281.290000,2281.170000,0.5,50421
12:54:56,BTC,77049.410000,77045.900000,0.5,50436
12:54:56,ETH,2280.200000,2280.140000,0.3,50436
12:55:11,BTC,77053.390000,77066.700000,-1.7,50451
12:55:11,ETH,2280.300000,2280.380000,-0.4,50451
12:55:26,BTC,77034.510000,77049.300000,-1.9,50466
12:55:26,ETH,2280.420000,2280.340000,0.4,50466
12:55:41,BTC,77026.820000,77034.500000,-1.0,50481
12:55:41,ETH,2279.920000,2279.990000,-0.3,50481
12:55:56,BTC,77026.810000,77034.500000,-1.0,50496
12:55:56,ETH,2279.700000,2279.770000,-0.3,50496
12:56:11,BTC,77032.130000,77035.900000,-0.5,50511
12:56:11,ETH,2279.800000,2279.990000,-0.8,50511
12:56:26,BTC,77040.620000,77049.200000,-1.1,50526
12:56:26,ETH,2279.810000,2279.990000,-0.8,50526
12:56:41,BTC,77042.470000,77049.200000,-0.9,50541
12:56:41,ETH,2279.930000,2280.200000,-1.2,50541
12:56:56,BTC,77042.460000,77055.300000,-1.7,50556
12:56:56,ETH,2279.960000,2280.200000,-1.1,50556
12:57:11,BTC,77042.930000,77055.400000,-1.6,50571
12:57:11,ETH,2279.960000,2279.970000,-0.0,50571
12:57:26,BTC,77044.600000,77055.400000,-1.4,50586
12:57:26,ETH,2279.960000,2280.140000,-0.8,50586
12:57:41,BTC,77063.850000,77071.400000,-1.0,50601
12:57:41,ETH,2280.850000,2280.860000,-0.0,50601
12:57:56,BTC,77063.850000,77071.300000,-1.0,50616
12:57:56,ETH,2280.580000,2280.700000,-0.5,50616
12:58:11,BTC,77063.860000,77071.400000,-1.0,50631
12:58:11,ETH,2280.570000,2280.620000,-0.2,50631
12:58:26,BTC,77063.850000,77067.800000,-0.5,50646
12:58:26,ETH,2280.570000,2280.570000,0.0,50646
12:58:41,BTC,77052.000000,77059.300000,-0.9,50661
12:58:41,ETH,2280.350000,2280.100000,1.1,50661
12:58:56,ETH,2280.130000,2280.260000,-0.6,50676
12:59:23,BTC,77047.560000,77050.000000,-0.3,50703
12:59:23,ETH,2280.130000,2280.260000,-0.6,50703
12:59:38,BTC,77047.560000,77049.900000,-0.3,50718
12:59:38,ETH,2280.120000,2280.260000,-0.6,50718
12:59:53,BTC,77042.450000,77045.400000,-0.4,50733
12:59:53,ETH,2280.120000,2280.040000,0.4,50733
13:00:08,BTC,77042.440000,77045.400000,-0.4,50748
13:00:08,ETH,2279.970000,2280.040000,-0.3,50748
13:00:23,BTC,77037.230000,77044.800000,-1.0,50763
13:00:23,ETH,2279.500000,2279.390000,0.5,50763
13:00:38,BTC,77041.020000,77044.800000,-0.5,50778
13:00:38,ETH,2279.510000,2279.430000,0.4,50778
13:00:53,BTC,77041.020000,77044.700000,-0.5,50793
13:00:53,ETH,2279.310000,2279.210000,0.4,50793
13:01:08,BTC,77040.320000,77044.800000,-0.6,50808
13:01:08,ETH,2279.010000,2278.980000,0.1,50808
13:01:23,BTC,77043.010000,77044.500000,-0.2,50823
13:01:23,ETH,2279.200000,2279.200000,0.0,50823
13:01:38,BTC,77043.710000,77045.200000,-0.2,50838
13:01:38,ETH,2279.420000,2279.430000,-0.0,50838
13:01:53,BTC,77035.010000,77040.900000,-0.8,50853
13:01:53,ETH,2278.830000,2278.760000,0.3,50853
13:02:08,BTC,77048.400000,77049.900000,-0.2,50868
13:02:08,ETH,2279.850000,2279.790000,0.3,50868
13:02:23,BTC,77041.620000,77049.800000,-1.1,50883
13:02:23,ETH,2279.620000,2279.420000,0.9,50883
13:02:38,BTC,77041.620000,77045.200000,-0.5,50898
13:02:38,ETH,2280.010000,2279.900000,0.5,50898
13:02:53,BTC,77033.910000,77045.200000,-1.5,50913
13:02:53,ETH,2280.890000,2280.790000,0.4,50913
13:03:08,BTC,77041.630000,77045.300000,-0.5,50928
13:03:08,ETH,2280.950000,2280.800000,0.7,50928
13:03:23,BTC,77041.620000,77045.300000,-0.5,50943
13:03:23,ETH,2281.370000,2281.200000,0.7,50943
13:03:38,BTC,77066.430000,77067.800000,-0.2,50958
13:03:38,ETH,2281.830000,2281.810000,0.1,50958
13:03:53,BTC,77071.990000,77077.500000,-0.7,50973
13:03:53,ETH,2281.830000,2281.810000,0.1,50973
13:04:08,BTC,77086.660000,77086.900000,-0.0,50988
13:04:08,ETH,2282.130000,2282.140000,-0.0,50988
13:04:23,BTC,77060.010000,77062.600000,-0.3,51003
13:04:23,ETH,2281.820000,2281.790000,0.1,51003
13:04:38,BTC,77084.790000,77086.700000,-0.2,51018
13:04:38,ETH,2282.500000,2282.600000,-0.4,51018
13:04:53,BTC,77116.650000,77121.400000,-0.6,51033
13:04:53,ETH,2283.570000,2283.670000,-0.4,51033
13:05:08,BTC,77116.660000,77121.400000,-0.6,51048
13:05:08,ETH,2283.910000,2283.890000,0.1,51048
13:05:23,BTC,77114.020000,77118.900000,-0.6,51063
13:05:23,ETH,2284.020000,2283.940000,0.4,51063
13:05:38,BTC,77116.650000,77121.300000,-0.6,51078
13:05:38,ETH,2284.020000,2283.940000,0.4,51078
13:05:53,BTC,77141.760000,77142.900000,-0.1,51093
13:05:53,ETH,2284.750000,2284.800000,-0.2,51093
13:06:08,BTC,77143.520000,77150.100000,-0.9,51108
13:06:08,ETH,2284.950000,2285.000000,-0.2,51108
13:06:23,BTC,77143.000000,77150.100000,-0.9,51123
13:06:23,ETH,2284.690000,2284.660000,0.1,51123
13:06:38,BTC,77143.000000,77150.000000,-0.9,51138
13:06:38,ETH,2284.690000,2284.860000,-0.7,51138
13:06:53,BTC,77149.990000,77157.400000,-1.0,51153
13:06:53,ETH,2285.000000,2285.040000,-0.2,51153
13:07:08,BTC,77149.990000,77157.400000,-1.0,51168
13:07:08,ETH,2285.120000,2285.150000,-0.1,51168
13:07:23,BTC,77157.700000,77157.400000,0.0,51183
13:07:23,ETH,2285.360000,2285.400000,-0.2,51183
13:07:38,BTC,77162.500000,77159.900000,0.3,51198
13:07:38,ETH,2285.770000,2285.400000,1.6,51198
13:07:53,BTC,77182.360000,77186.200000,-0.5,51213
13:07:53,ETH,2286.750000,2286.580000,0.7,51213
13:08:08,BTC,77168.910000,77169.000000,-0.0,51228
13:08:08,ETH,2285.660000,2285.780000,-0.5,51228
13:08:23,BTC,77167.460000,77168.900000,-0.2,51243
13:08:23,ETH,2285.640000,2285.590000,0.2,51243
13:08:38,BTC,77182.360000,77184.300000,-0.3,51258
13:08:38,ETH,2285.980000,2286.000000,-0.1,51258
13:08:53,BTC,77182.360000,77184.300000,-0.3,51273
13:08:53,ETH,2285.880000,2285.810000,0.3,51273
13:09:08,BTC,77182.190000,77184.400000,-0.3,51288
13:09:08,ETH,2285.710000,2285.720000,-0.0,51288
13:09:23,BTC,77184.950000,77184.300000,0.1,51303
13:09:23,ETH,2285.870000,2286.170000,-1.3,51303
13:09:38,BTC,77184.960000,77186.200000,-0.2,51318
13:09:38,ETH,2285.940000,2285.990000,-0.2,51318
13:09:53,BTC,77162.110000,77167.000000,-0.6,51333
13:09:53,ETH,2285.210000,2285.070000,0.6,51333
13:10:08,BTC,77155.000000,77162.200000,-0.9,51348
13:10:08,ETH,2284.670000,2284.590000,0.4,51348
13:10:23,BTC,77155.000000,77162.200000,-0.9,51363
13:10:23,ETH,2284.510000,2284.330000,0.8,51363
13:10:38,BTC,77145.710000,77151.300000,-0.7,51378
13:10:38,ETH,2284.090000,2283.990000,0.4,51378
13:10:53,BTC,77141.390000,77147.000000,-0.7,51393
13:10:53,ETH,2283.900000,2283.810000,0.4,51393
13:11:08,BTC,77147.290000,77151.200000,-0.5,51408
13:11:08,ETH,2284.130000,2284.240000,-0.5,51408
13:11:23,BTC,77147.280000,77151.100000,-0.5,51423
13:11:23,ETH,2284.270000,2284.470000,-0.9,51423
13:11:38,BTC,77147.290000,77151.100000,-0.5,51438
13:11:38,ETH,2284.230000,2284.490000,-1.1,51438
13:11:53,BTC,77154.960000,77154.900000,0.0,51453
13:11:53,ETH,2284.710000,2284.680000,0.1,51453
13:12:08,BTC,77162.720000,77162.200000,0.1,51468
13:12:08,ETH,2284.710000,2284.870000,-0.7,51468
13:12:23,BTC,77162.720000,77162.200000,0.1,51483
13:12:23,ETH,2284.620000,2284.580000,0.2,51483
13:12:38,BTC,77157.470000,77162.200000,-0.6,51498
13:12:38,ETH,2284.510000,2284.550000,-0.2,51498
13:12:53,BTC,77157.470000,77162.200000,-0.6,51513
13:12:53,ETH,2284.530000,2284.550000,-0.1,51513
13:13:08,BTC,77159.950000,77169.200000,-1.2,51528
13:13:08,ETH,2284.530000,2284.550000,-0.1,51528
13:13:23,BTC,77157.460000,77162.200000,-0.6,51543
13:13:23,ETH,2284.530000,2284.540000,-0.0,51543
13:13:38,BTC,77157.460000,77162.200000,-0.6,51558
13:13:38,ETH,2284.520000,2284.550000,-0.1,51558
13:13:53,BTC,77157.460000,77162.200000,-0.6,51573
13:13:53,ETH,2284.530000,2284.550000,-0.1,51573
13:14:08,BTC,77157.460000,77162.200000,-0.6,51588
13:14:08,ETH,2284.820000,2284.870000,-0.2,51588
13:14:23,BTC,77157.460000,77162.300000,-0.6,51603
13:14:23,ETH,2284.830000,2284.940000,-0.5,51603
13:14:38,BTC,77157.460000,77162.200000,-0.6,51618
13:14:38,ETH,2284.830000,2284.940000,-0.5,51618
13:14:53,BTC,77141.250000,77139.800000,0.2,51633
13:14:53,ETH,2284.540000,2284.530000,0.0,51633
13:15:08,BTC,77140.260000,77139.800000,0.1,51648
13:15:08,ETH,2284.580000,2284.610000,-0.1,51648
13:15:23,BTC,77140.270000,77139.800000,0.1,51663
13:15:23,ETH,2284.580000,2284.830000,-1.1,51663
13:15:38,BTC,77141.250000,77149.900000,-1.1,51678
13:15:38,ETH,2284.580000,2284.530000,0.2,51678
13:15:53,BTC,77141.260000,77150.000000,-1.1,51693
13:15:53,ETH,2284.490000,2284.480000,0.0,51693
13:16:08,BTC,77141.250000,77150.000000,-1.1,51708
13:16:08,ETH,2284.480000,2284.430000,0.2,51708
13:16:23,BTC,77136.490000,77130.400000,0.8,51723
13:16:23,ETH,2284.150000,2284.220000,-0.3,51723
13:16:38,BTC,77135.620000,77130.300000,0.7,51738
13:16:38,ETH,2284.150000,2284.170000,-0.1,51738
13:16:53,BTC,77121.580000,77122.400000,-0.1,51753
13:16:53,ETH,2283.920000,2284.150000,-1.0,51753
13:17:08,BTC,77121.590000,77127.200000,-0.7,51768
13:17:08,ETH,2283.910000,2284.100000,-0.8,51768
13:17:23,BTC,77121.580000,77127.300000,-0.7,51783
13:17:23,ETH,2283.920000,2284.110000,-0.8,51783
13:17:38,BTC,77121.580000,77127.300000,-0.7,51798
13:17:38,ETH,2283.910000,2284.100000,-0.8,51798
13:17:53,ETH,2282.920000,2282.900000,0.1,51813
13:18:22,BTC,77091.390000,77086.800000,0.6,51842
13:18:22,ETH,2282.920000,2282.900000,0.1,51842
13:18:37,BTC,77088.640000,77086.800000,0.2,51857
13:18:37,ETH,2282.860000,2282.900000,-0.2,51857
13:18:52,BTC,77088.640000,77092.800000,-0.5,51872
13:18:52,ETH,2283.060000,2283.330000,-1.2,51872
13:19:07,ETH,2282.360000,2282.160000,0.9,51887
13:19:37,BTC,77054.660000,77062.100000,-1.0,51917
13:19:37,ETH,2282.360000,2282.160000,0.9,51917
13:19:52,BTC,77062.690000,77062.200000,0.1,51932
13:19:52,ETH,2282.740000,2282.780000,-0.2,51932
13:20:07,BTC,77070.750000,77085.000000,-1.8,51947
13:20:07,ETH,2283.280000,2283.320000,-0.2,51947
13:20:22,BTC,77085.600000,77097.800000,-1.6,51962
13:20:22,ETH,2284.260000,2284.330000,-0.3,51962
13:20:43,BTC,77085.610000,77097.900000,-1.6,51983
13:20:43,ETH,2284.250000,2284.330000,-0.4,51983
13:20:58,BTC,77085.600000,77092.200000,-0.9,51998
13:20:58,ETH,2283.990000,2284.010000,-0.1,51998
13:21:13,BTC,77085.600000,77092.200000,-0.9,52013
13:21:13,ETH,2283.980000,2284.010000,-0.1,52013
13:21:28,BTC,77086.990000,77092.300000,-0.7,52028
13:21:28,ETH,2284.350000,2284.400000,-0.2,52028
13:21:43,BTC,77086.990000,77099.000000,-1.6,52043
13:21:43,ETH,2284.390000,2284.270000,0.5,52043
13:21:58,BTC,77086.990000,77099.000000,-1.6,52058
13:21:58,ETH,2284.380000,2284.270000,0.5,52058
13:22:13,BTC,77093.510000,77101.400000,-1.0,52073
13:22:13,ETH,2284.430000,2284.590000,-0.7,52073
13:22:28,BTC,77093.510000,77101.400000,-1.0,52088
13:22:28,ETH,2283.890000,2283.770000,0.5,52088
13:22:43,BTC,77087.610000,77093.500000,-0.8,52103
13:22:43,ETH,2283.590000,2283.440000,0.7,52103
13:22:58,BTC,77095.300000,77094.400000,0.1,52118
13:22:58,ETH,2283.510000,2283.680000,-0.7,52118
13:23:13,BTC,77095.310000,77094.400000,0.1,52133
13:23:13,ETH,2283.510000,2283.680000,-0.7,52133
13:23:28,BTC,77095.300000,77100.500000,-0.7,52148
13:23:28,ETH,2283.590000,2283.760000,-0.7,52148
13:23:43,BTC,77095.310000,77101.300000,-0.8,52163
13:23:43,ETH,2283.590000,2283.680000,-0.4,52163
13:23:58,BTC,77095.310000,77101.300000,-0.8,52178
13:23:58,ETH,2283.600000,2283.620000,-0.1,52178
13:24:13,BTC,77100.000000,77114.900000,-1.9,52193
13:24:13,ETH,2283.850000,2283.920000,-0.3,52193
13:24:28,BTC,77100.000000,77114.900000,-1.9,52208
13:24:28,ETH,2284.090000,2283.930000,0.7,52208
13:24:43,BTC,77100.000000,77114.900000,-1.9,52223
13:24:43,ETH,2284.040000,2283.920000,0.5,52223
13:24:58,BTC,77100.000000,77100.100000,-0.0,52238
13:24:58,ETH,2283.310000,2283.360000,-0.2,52238
13:25:13,BTC,77095.300000,77100.200000,-0.6,52253
13:25:13,ETH,2283.110000,2282.950000,0.7,52253
13:25:28,BTC,77095.280000,77099.900000,-0.6,52268
13:25:28,ETH,2283.110000,2282.950000,0.7,52268
13:25:43,BTC,77095.290000,77100.000000,-0.6,52283
13:25:43,ETH,2283.090000,2282.970000,0.5,52283
13:25:58,BTC,77095.290000,77100.000000,-0.6,52298
13:25:58,ETH,2282.880000,2282.760000,0.5,52298
13:26:13,BTC,77095.290000,77099.800000,-0.6,52313
13:26:13,ETH,2283.120000,2283.200000,-0.4,52313
13:26:28,BTC,77106.690000,77106.000000,0.1,52328
13:26:28,ETH,2283.280000,2283.170000,0.5,52328
13:26:43,BTC,77105.270000,77106.000000,-0.1,52343
13:26:43,ETH,2282.800000,2282.760000,0.2,52343
13:26:58,BTC,77104.890000,77106.100000,-0.2,52358
13:26:58,ETH,2282.810000,2282.760000,0.2,52358
13:27:13,BTC,77104.900000,77106.000000,-0.1,52373
13:27:13,ETH,2282.810000,2282.780000,0.1,52373
13:27:28,BTC,77122.230000,77120.000000,0.3,52388
13:27:28,ETH,2283.060000,2283.120000,-0.3,52388
13:27:43,BTC,77122.240000,77119.900000,0.3,52403
13:27:43,ETH,2283.060000,2283.120000,-0.3,52403
13:27:58,BTC,77122.230000,77120.000000,0.3,52418
13:27:58,ETH,2282.990000,2282.800000,0.8,52418
13:28:13,BTC,77121.650000,77120.000000,0.2,52433
13:28:13,ETH,2282.970000,2282.940000,0.1,52433
13:28:28,ETH,2283.100000,2283.180000,-0.4,52448
13:28:53,BTC,77119.070000,77117.200000,0.2,52473
13:28:53,ETH,2283.100000,2283.180000,-0.4,52473
13:29:08,BTC,77099.660000,77102.500000,-0.4,52488
13:29:08,ETH,2282.300000,2282.270000,0.1,52488
13:29:23,BTC,77090.990000,77094.300000,-0.4,52503
13:29:23,ETH,2282.300000,2282.260000,0.2,52503
13:29:38,BTC,77089.380000,77094.400000,-0.7,52518
13:29:38,ETH,2282.300000,2282.130000,0.7,52518
13:29:53,BTC,77080.630000,77078.200000,0.3,52533
13:29:53,ETH,2282.100000,2282.020000,0.4,52533
13:30:08,BTC,77070.780000,77073.600000,-0.4,52548
13:30:08,ETH,2282.110000,2282.020000,0.4,52548
13:30:23,BTC,77070.760000,77073.700000,-0.4,52563
13:30:23,ETH,2282.100000,2282.010000,0.4,52563
13:30:38,BTC,77070.760000,77073.600000,-0.4,52578
13:30:38,ETH,2282.100000,2282.010000,0.4,52578
13:30:53,BTC,77070.770000,77073.600000,-0.4,52593
13:30:53,ETH,2282.100000,2282.020000,0.4,52593
13:31:08,BTC,77070.230000,77073.700000,-0.5,52608
13:31:08,ETH,2282.160000,2282.020000,0.6,52608
13:31:23,BTC,77070.230000,77078.100000,-1.0,52623
13:31:23,ETH,2282.240000,2282.200000,0.2,52623
13:31:38,BTC,77070.240000,77076.600000,-0.8,52638
13:31:38,ETH,2282.240000,2282.210000,0.1,52638
13:31:53,BTC,77070.230000,77076.600000,-0.8,52653
13:31:53,ETH,2282.240000,2282.210000,0.1,52653
13:32:08,BTC,77070.240000,77076.600000,-0.8,52668
13:32:08,ETH,2282.240000,2282.200000,0.2,52668
13:32:23,BTC,77079.030000,77078.200000,0.1,52683
13:32:23,ETH,2282.230000,2282.220000,0.0,52683
13:32:38,BTC,77079.030000,77078.200000,0.1,52698
13:32:38,ETH,2282.230000,2282.220000,0.0,52698
13:32:53,BTC,77079.040000,77078.100000,0.1,52713
13:32:53,ETH,2282.230000,2282.300000,-0.3,52713
13:33:08,BTC,77079.040000,77077.800000,0.2,52728
13:33:08,ETH,2282.240000,2282.300000,-0.3,52728
13:33:23,BTC,77079.030000,77078.000000,0.1,52743
13:33:23,ETH,2282.240000,2282.320000,-0.4,52743
13:33:38,BTC,77088.850000,77096.900000,-1.0,52758
13:33:38,ETH,2282.520000,2282.550000,-0.1,52758
13:33:53,BTC,77093.880000,77100.800000,-0.9,52773
13:33:53,ETH,2283.100000,2283.070000,0.1,52773
13:34:08,BTC,77097.740000,77100.700000,-0.4,52788
13:34:08,ETH,2283.100000,2283.290000,-0.8,52788
13:34:23,BTC,77097.740000,77100.400000,-0.3,52803
13:34:23,ETH,2283.100000,2283.290000,-0.8,52803
13:34:38,BTC,77097.730000,77097.800000,-0.0,52818
13:34:38,ETH,2283.100000,2283.280000,-0.8,52818
13:34:53,BTC,77097.740000,77097.700000,0.0,52833
13:34:53,ETH,2283.200000,2283.290000,-0.4,52833
13:35:08,BTC,77097.740000,77097.700000,0.0,52848
13:35:08,ETH,2283.210000,2283.280000,-0.3,52848
13:35:23,BTC,77097.740000,77100.000000,-0.3,52863
13:35:23,ETH,2283.180000,2283.280000,-0.4,52863
13:35:38,BTC,77097.730000,77094.400000,0.4,52878
13:35:38,ETH,2283.100000,2282.980000,0.5,52878
13:35:53,BTC,77097.730000,77094.400000,0.4,52893
13:35:53,ETH,2283.090000,2282.980000,0.5,52893
13:36:08,BTC,77090.540000,77092.200000,-0.2,52908
13:36:08,ETH,2282.400000,2282.390000,0.0,52908
13:36:24,BTC,77080.670000,77071.600000,1.2,52924
13:36:24,ETH,2282.120000,2282.110000,0.0,52924
13:36:39,BTC,77080.660000,77076.200000,0.6,52939
13:36:39,ETH,2282.230000,2282.440000,-0.9,52939
13:36:54,BTC,77080.670000,77076.200000,0.6,52954
13:36:54,ETH,2282.220000,2282.450000,-1.0,52954
13:37:09,BTC,77080.660000,77080.000000,0.1,52969
13:37:09,ETH,2282.470000,2282.590000,-0.5,52969
13:37:24,BTC,77080.660000,77080.000000,0.1,52984
13:37:24,ETH,2282.460000,2282.590000,-0.6,52984
13:37:39,BTC,77080.310000,77079.100000,0.2,52999
13:37:39,ETH,2283.030000,2282.270000,3.3,52999
13:37:54,BTC,77083.880000,77080.000000,0.5,53014
13:37:54,ETH,2283.020000,2283.050000,-0.1,53014
13:38:09,BTC,77083.880000,77080.000000,0.5,53029
13:38:09,ETH,2283.020000,2283.050000,-0.1,53029
13:38:24,BTC,77089.330000,77080.000000,1.2,53044
13:38:24,ETH,2283.020000,2283.050000,-0.1,53044
13:38:39,ETH,2282.110000,2282.010000,0.4,53059
13:39:08,BTC,77058.410000,77063.300000,-0.6,53088
13:39:08,ETH,2282.110000,2282.010000,0.4,53088
13:39:23,BTC,77058.420000,77063.400000,-0.6,53103
13:39:23,ETH,2282.070000,2282.310000,-1.1,53103
13:39:38,BTC,77087.400000,77079.900000,1.0,53118
13:39:38,ETH,2282.670000,2282.630000,0.2,53118
13:39:53,BTC,77106.220000,77112.700000,-0.8,53133
13:39:53,ETH,2282.960000,2282.990000,-0.1,53133
13:40:08,BTC,77101.270000,77102.100000,-0.1,53148
13:40:08,ETH,2283.040000,2282.990000,0.2,53148
13:40:23,BTC,77100.010000,77095.100000,0.6,53163
13:40:23,ETH,2282.930000,2282.830000,0.4,53163
13:40:38,ETH,2283.500000,2283.650000,-0.7,53178
13:41:08,BTC,77100.010000,77101.300000,-0.2,53208
13:41:08,ETH,2283.500000,2283.650000,-0.7,53208
13:41:23,BTC,77100.010000,77101.200000,-0.2,53223
13:41:23,ETH,2283.500000,2283.660000,-0.7,53223
13:41:38,BTC,77100.010000,77101.300000,-0.2,53238
13:41:38,ETH,2283.330000,2283.290000,0.2,53238
13:41:53,BTC,77100.000000,77098.700000,0.2,53253
13:41:53,ETH,2283.010000,2283.040000,-0.1,53253
13:42:08,BTC,77100.000000,77098.300000,0.2,53268
13:42:08,ETH,2283.390000,2283.560000,-0.7,53268
13:42:23,BTC,77100.010000,77098.600000,0.2,53283
13:42:23,ETH,2283.390000,2283.400000,-0.0,53283
13:42:38,BTC,77087.390000,77085.100000,0.3,53298
13:42:38,ETH,2283.040000,2283.040000,0.0,53298
13:42:53,ETH,2283.390000,2283.500000,-0.5,53313
13:43:23,BTC,77115.080000,77121.100000,-0.8,53343
13:43:23,ETH,2283.390000,2283.500000,-0.5,53343
13:43:38,BTC,77115.080000,77121.100000,-0.8,53358
13:43:38,ETH,2283.390000,2283.500000,-0.5,53358
13:43:53,BTC,77115.070000,77121.200000,-0.8,53373
13:43:53,ETH,2283.390000,2283.490000,-0.4,53373
13:44:08,BTC,77118.530000,77121.200000,-0.3,53388
13:44:08,ETH,2283.520000,2283.530000,-0.0,53388
13:44:23,BTC,77125.000000,77127.200000,-0.3,53403
13:44:23,ETH,2283.520000,2283.560000,-0.2,53403
13:44:38,BTC,77124.990000,77127.300000,-0.3,53418
13:44:38,ETH,2284.020000,2283.930000,0.4,53418
13:44:53,BTC,77125.000000,77127.200000,-0.3,53433
13:44:53,ETH,2284.010000,2283.930000,0.4,53433
13:45:08,BTC,77124.990000,77127.200000,-0.3,53448
13:45:08,ETH,2283.850000,2283.930000,-0.4,53448
13:45:23,BTC,77125.000000,77127.300000,-0.3,53463
13:45:23,ETH,2283.860000,2283.930000,-0.3,53463
13:45:38,BTC,77115.850000,77118.400000,-0.3,53478
13:45:38,ETH,2283.540000,2283.500000,0.2,53478
13:45:53,BTC,77115.860000,77118.300000,-0.3,53493
13:45:53,ETH,2283.440000,2283.500000,-0.3,53493
13:46:08,BTC,77115.860000,77118.800000,-0.4,53508
13:46:08,ETH,2283.440000,2283.540000,-0.4,53508
13:46:23,BTC,77119.700000,77125.900000,-0.8,53523
13:46:23,ETH,2283.590000,2283.550000,0.2,53523
13:46:38,BTC,77124.970000,77126.000000,-0.1,53538
13:46:38,ETH,2283.730000,2283.920000,-0.8,53538
13:46:53,ETH,2284.910000,2284.870000,0.2,53553
13:47:23,BTC,77149.990000,77150.000000,-0.0,53583
13:47:23,ETH,2284.910000,2284.920000,-0.0,53583
13:47:38,BTC,77176.660000,77167.900000,1.1,53598
13:47:38,ETH,2285.410000,2285.580000,-0.7,53598
13:47:53,BTC,77176.670000,77183.000000,-0.8,53613
13:47:53,ETH,2286.070000,2285.930000,0.6,53613
13:48:08,ETH,2285.830000,2285.820000,0.0,53628
13:48:39,BTC,77163.190000,77162.000000,0.2,53659
13:48:39,ETH,2285.830000,2285.820000,0.0,53659
13:48:54,BTC,77163.190000,77168.800000,-0.7,53674
13:48:54,ETH,2285.880000,2285.930000,-0.2,53674
13:49:09,BTC,77176.670000,77179.500000,-0.4,53689
13:49:09,ETH,2286.310000,2286.170000,0.6,53689
13:49:24,BTC,77163.200000,77167.900000,-0.6,53704
13:49:24,ETH,2285.610000,2285.440000,0.7,53704
13:49:39,BTC,77149.990000,77152.400000,-0.3,53719
13:49:39,ETH,2285.230000,2285.080000,0.7,53719
13:49:54,BTC,77149.990000,77159.500000,-1.2,53734
13:49:54,ETH,2285.210000,2285.370000,-0.7,53734
13:50:09,BTC,77149.990000,77159.500000,-1.2,53749
13:50:09,ETH,2285.190000,2285.380000,-0.8,53749
13:50:24,BTC,77150.000000,77159.400000,-1.2,53764
13:50:24,ETH,2285.180000,2285.380000,-0.9,53764
13:50:39,BTC,77151.100000,77159.500000,-1.1,53779
13:50:39,ETH,2285.190000,2285.340000,-0.7,53779
13:50:54,BTC,77157.080000,77159.400000,-0.3,53794
13:50:54,ETH,2285.400000,2285.640000,-1.1,53794
13:51:09,BTC,77143.180000,77144.800000,-0.2,53809
13:51:09,ETH,2285.190000,2285.100000,0.4,53809
13:51:24,BTC,77143.180000,77144.800000,-0.2,53824
13:51:24,ETH,2285.180000,2285.030000,0.7,53824
13:51:39,BTC,77143.170000,77144.800000,-0.2,53839
13:51:39,ETH,2285.180000,2285.040000,0.6,53839
13:51:54,BTC,77143.170000,77144.700000,-0.2,53854
13:51:54,ETH,2285.170000,2285.040000,0.6,53854
13:52:09,BTC,77143.170000,77144.700000,-0.2,53869
13:52:09,ETH,2285.230000,2285.040000,0.8,53869
13:52:24,BTC,77138.550000,77144.800000,-0.8,53884
13:52:24,ETH,2285.170000,2285.140000,0.1,53884
13:52:39,BTC,77138.550000,77144.700000,-0.8,53899
13:52:39,ETH,2285.150000,2285.140000,0.0,53899
13:52:54,BTC,77138.550000,77144.700000,-0.8,53914
13:52:54,ETH,2285.140000,2285.140000,0.0,53914
13:53:09,BTC,77155.750000,77152.300000,0.4,53929
13:53:09,ETH,2285.030000,2285.220000,-0.8,53929
13:53:24,BTC,77155.990000,77148.700000,0.9,53944
13:53:24,ETH,2284.760000,2284.790000,-0.1,53944
13:53:39,BTC,77154.080000,77155.300000,-0.2,53959
13:53:39,ETH,2284.770000,2284.800000,-0.1,53959
13:53:54,BTC,77149.770000,77150.600000,-0.1,53974
13:53:54,ETH,2284.770000,2284.800000,-0.1,53974
13:54:09,ETH,2284.770000,2284.800000,-0.1,53989
13:54:39,BTC,77149.770000,77150.600000,-0.1,54019
13:54:39,ETH,2284.730000,2284.800000,-0.3,54019
13:54:54,BTC,77146.340000,77147.800000,-0.2,54034
13:54:54,ETH,2284.730000,2284.670000,0.3,54034
13:55:09,BTC,77161.440000,77158.100000,0.4,54049
13:55:09,ETH,2284.860000,2284.890000,-0.1,54049
13:55:24,BTC,77167.050000,77165.500000,0.2,54064
13:55:24,ETH,2284.860000,2284.900000,-0.2,54064
13:55:39,BTC,77161.450000,77164.400000,-0.4,54079
13:55:39,ETH,2284.670000,2284.460000,0.9,54079
13:55:54,BTC,77157.070000,77164.300000,-0.9,54094
13:55:54,ETH,2284.490000,2284.460000,0.1,54094
13:56:09,BTC,77146.260000,77155.000000,-1.1,54109
13:56:09,ETH,2284.260000,2284.040000,1.0,54109
13:56:24,BTC,77146.670000,77155.100000,-1.1,54124
13:56:24,ETH,2284.180000,2284.250000,-0.3,54124
13:56:39,BTC,77146.670000,77155.100000,-1.1,54139
13:56:39,ETH,2284.190000,2284.260000,-0.3,54139
13:56:54,BTC,77146.660000,77155.000000,-1.1,54154
13:56:54,ETH,2284.170000,2284.240000,-0.3,54154
13:57:09,BTC,77146.660000,77155.100000,-1.1,54169
13:57:09,ETH,2284.140000,2284.060000,0.4,54169
13:57:24,BTC,77146.660000,77155.000000,-1.1,54184
13:57:24,ETH,2284.040000,2284.230000,-0.8,54184
13:57:39,BTC,77146.660000,77155.000000,-1.1,54199
13:57:39,ETH,2284.040000,2284.230000,-0.8,54199
13:57:54,BTC,77164.470000,77160.600000,0.5,54214
13:57:54,ETH,2284.320000,2284.620000,-1.3,54214
13:58:09,BTC,77164.460000,77165.400000,-0.1,54229
13:58:09,ETH,2284.370000,2284.620000,-1.1,54229
13:58:24,BTC,77167.810000,77169.200000,-0.2,54244
13:58:24,ETH,2284.410000,2284.620000,-0.9,54244
13:58:39,BTC,77169.820000,77176.800000,-0.9,54259
13:58:39,ETH,2284.440000,2284.710000,-1.2,54259
13:58:54,BTC,77155.050000,77163.800000,-1.1,54274
13:58:54,ETH,2283.560000,2283.570000,-0.0,54274
13:59:09,BTC,77146.260000,77155.000000,-1.1,54289
13:59:09,ETH,2282.960000,2282.900000,0.3,54289
13:59:24,BTC,77146.270000,77151.600000,-0.7,54304
13:59:24,ETH,2282.970000,2283.090000,-0.5,54304
13:59:39,BTC,77151.670000,77151.600000,0.0,54319
13:59:39,ETH,2282.970000,2283.190000,-1.0,54319
13:59:54,BTC,77165.990000,77163.800000,0.3,54334
13:59:54,ETH,2283.160000,2283.500000,-1.5,54334
14:00:09,BTC,77173.530000,77167.600000,0.8,54349
14:00:09,ETH,2283.570000,2283.550000,0.1,54349
14:00:24,BTC,77173.540000,77167.600000,0.8,54364
14:00:24,ETH,2283.390000,2283.550000,-0.7,54364
14:00:39,BTC,77164.010000,77167.600000,-0.5,54379
14:00:39,ETH,2283.240000,2283.220000,0.1,54379
14:00:54,BTC,77164.000000,77167.600000,-0.5,54394
14:00:54,ETH,2283.320000,2283.710000,-1.7,54394
14:01:09,BTC,77160.810000,77164.000000,-0.4,54409
14:01:09,ETH,2283.320000,2283.500000,-0.8,54409
14:01:24,BTC,77160.810000,77163.900000,-0.4,54424
14:01:24,ETH,2283.320000,2283.500000,-0.8,54424
14:01:39,BTC,77160.810000,77164.000000,-0.4,54439
14:01:39,ETH,2283.550000,2283.630000,-0.4,54439
14:01:54,BTC,77160.810000,77163.900000,-0.4,54454
14:01:54,ETH,2283.830000,2283.690000,0.6,54454
14:02:09,BTC,77167.220000,77172.300000,-0.7,54469
14:02:09,ETH,2284.060000,2284.300000,-1.1,54469
14:02:24,BTC,77173.530000,77176.700000,-0.4,54484
14:02:24,ETH,2284.570000,2284.850000,-1.2,54484
14:02:39,BTC,77156.370000,77157.100000,-0.1,54499
14:02:39,ETH,2284.310000,2284.380000,-0.3,54499
14:02:54,BTC,77160.960000,77163.700000,-0.4,54514
14:02:54,ETH,2284.570000,2284.820000,-1.1,54514
14:03:09,BTC,77160.960000,77163.800000,-0.4,54529
14:03:09,ETH,2284.870000,2284.890000,-0.1,54529
14:03:24,BTC,77146.010000,77147.200000,-0.2,54544
14:03:24,ETH,2284.660000,2284.670000,-0.0,54544
14:03:39,BTC,77146.000000,77147.100000,-0.1,54559
14:03:39,ETH,2284.590000,2284.550000,0.2,54559
14:03:54,BTC,77146.010000,77147.100000,-0.1,54574
14:03:54,ETH,2284.590000,2284.680000,-0.4,54574
14:04:09,BTC,77146.000000,77147.200000,-0.2,54589
14:04:09,ETH,2284.600000,2284.870000,-1.2,54589
14:04:24,BTC,77146.000000,77151.600000,-0.7,54604
14:04:24,ETH,2284.810000,2284.870000,-0.3,54604
14:04:39,BTC,77146.010000,77151.600000,-0.7,54619
14:04:39,ETH,2284.850000,2284.870000,-0.1,54619
14:04:54,BTC,77146.000000,77151.500000,-0.7,54634
14:04:54,ETH,2284.860000,2284.890000,-0.1,54634
14:05:09,BTC,77138.690000,77144.800000,-0.8,54649
14:05:09,ETH,2284.700000,2284.680000,0.1,54649
14:05:24,BTC,77142.540000,77151.400000,-1.1,54664
14:05:24,ETH,2284.960000,2284.880000,0.4,54664
14:05:39,BTC,77142.530000,77151.400000,-1.1,54679
14:05:39,ETH,2285.000000,2284.880000,0.5,54679
14:05:54,BTC,77149.710000,77151.500000,-0.2,54694
14:05:54,ETH,2285.160000,2285.360000,-0.9,54694
14:06:09,BTC,77149.720000,77151.500000,-0.2,54709
14:06:09,ETH,2285.160000,2285.290000,-0.6,54709
14:06:24,BTC,77148.530000,77151.500000,-0.4,54724
14:06:24,ETH,2285.500000,2285.340000,0.7,54724
14:06:39,BTC,77172.730000,77170.000000,0.4,54739
14:06:39,ETH,2286.190000,2286.450000,-1.1,54739
14:06:54,BTC,77176.660000,77179.600000,-0.4,54754
14:06:54,ETH,2286.400000,2286.510000,-0.5,54754
14:07:09,BTC,77176.660000,77179.700000,-0.4,54769
14:07:09,ETH,2286.390000,2286.460000,-0.3,54769
14:07:24,BTC,77160.180000,77160.900000,-0.1,54784
14:07:24,ETH,2284.550000,2284.730000,-0.8,54784
14:07:39,BTC,77160.180000,77166.400000,-0.8,54799
14:07:39,ETH,2284.410000,2284.570000,-0.7,54799
14:07:54,BTC,77160.190000,77166.400000,-0.8,54814
14:07:54,ETH,2284.410000,2284.720000,-1.4,54814
14:08:09,BTC,77144.750000,77149.600000,-0.6,54829
14:08:09,ETH,2284.000000,2283.860000,0.6,54829
14:08:24,BTC,77144.750000,77143.400000,0.2,54844
14:08:24,ETH,2284.000000,2284.320000,-1.4,54844
14:08:39,BTC,77153.300000,77160.200000,-0.9,54859
14:08:39,ETH,2284.350000,2284.710000,-1.6,54859
14:08:54,BTC,77153.310000,77160.200000,-0.9,54874
14:08:54,ETH,2284.360000,2284.680000,-1.4,54874
14:09:09,BTC,77153.300000,77160.100000,-0.9,54889
14:09:09,ETH,2284.350000,2284.560000,-0.9,54889
14:09:24,BTC,77153.300000,77160.200000,-0.9,54904
14:09:24,ETH,2284.350000,2284.560000,-0.9,54904
14:09:39,BTC,77137.150000,77134.000000,0.4,54919
14:09:39,ETH,2284.320000,2284.350000,-0.1,54919
14:09:54,BTC,77137.140000,77133.900000,0.4,54934
14:09:54,ETH,2284.330000,2284.340000,-0.0,54934
14:10:09,BTC,77123.960000,77130.100000,-0.8,54949
14:10:09,ETH,2284.020000,2284.060000,-0.2,54949
14:10:24,ETH,2283.150000,2282.900000,1.1,54964
14:10:55,BTC,77094.000000,77094.300000,-0.0,54994
14:10:55,ETH,2283.150000,2282.900000,1.1,54994
14:11:10,BTC,77087.570000,77097.900000,-1.3,55009
14:11:10,ETH,2282.960000,2282.900000,0.3,55009
14:11:25,BTC,77087.570000,77098.000000,-1.4,55024
14:11:25,ETH,2282.970000,2283.040000,-0.3,55024
14:11:40,BTC,77087.580000,77097.900000,-1.3,55039
14:11:40,ETH,2282.960000,2282.760000,0.9,55039
14:11:55,BTC,77114.000000,77120.800000,-0.9,55054
14:11:55,ETH,2283.510000,2283.610000,-0.4,55054
14:12:10,BTC,77129.440000,77135.300000,-0.8,55069
14:12:10,ETH,2284.000000,2284.240000,-1.1,55069
14:12:25,BTC,77129.430000,77135.400000,-0.8,55084
14:12:25,ETH,2284.030000,2284.250000,-1.0,55084
14:12:40,BTC,77129.430000,77135.400000,-0.8,55099
14:12:40,ETH,2284.080000,2284.250000,-0.7,55099
14:12:55,BTC,77146.520000,77151.800000,-0.7,55114
14:12:55,ETH,2284.750000,2284.860000,-0.5,55114
14:13:10,BTC,77146.520000,77151.800000,-0.7,55129
14:13:10,ETH,2284.770000,2284.870000,-0.4,55129
14:13:25,BTC,77146.520000,77151.900000,-0.7,55144
14:13:25,ETH,2284.830000,2284.880000,-0.2,55144
14:13:40,BTC,77136.050000,77142.000000,-0.8,55160
14:13:40,ETH,2284.570000,2284.730000,-0.7,55160
14:14:00,BTC,77136.040000,77142.100000,-0.8,55180
14:14:00,ETH,2284.560000,2284.730000,-0.7,55180
14:14:15,BTC,77146.510000,77151.800000,-0.7,55195
14:14:15,ETH,2284.940000,2285.080000,-0.6,55195
14:14:30,BTC,77146.510000,77154.300000,-1.0,55210
14:14:30,ETH,2285.030000,2285.330000,-1.3,55210
14:14:45,BTC,77145.500000,77146.700000,-0.2,55225
14:14:45,ETH,2284.840000,2284.880000,-0.2,55225
14:15:00,BTC,77145.490000,77146.700000,-0.2,55240
14:15:00,ETH,2284.840000,2284.930000,-0.4,55240
14:15:15,BTC,77145.490000,77149.300000,-0.5,55255
14:15:15,ETH,2285.190000,2285.170000,0.1,55255
14:15:30,BTC,77145.490000,77154.200000,-1.1,55270
14:15:30,ETH,2285.190000,2285.130000,0.3,55270
14:15:45,BTC,77167.200000,77168.200000,-0.1,55285
14:15:45,ETH,2285.490000,2285.250000,1.1,55285
14:16:00,BTC,77167.210000,77170.300000,-0.4,55300
14:16:00,ETH,2285.500000,2285.540000,-0.2,55300
14:16:15,BTC,77177.380000,77184.700000,-0.9,55315
14:16:15,ETH,2285.800000,2286.010000,-0.9,55315
14:16:30,BTC,77177.370000,77184.800000,-1.0,55330
14:16:30,ETH,2285.990000,2286.000000,-0.0,55330
14:16:45,BTC,77179.530000,77184.800000,-0.7,55345
14:16:45,ETH,2285.920000,2286.020000,-0.4,55345
14:17:00,BTC,77177.470000,77175.800000,0.2,55360
14:17:00,ETH,2285.760000,2285.690000,0.3,55360
14:17:15,BTC,77177.460000,77175.800000,0.2,55375
14:17:15,ETH,2285.880000,2285.970000,-0.4,55375
14:17:30,BTC,77176.820000,77175.800000,0.1,55390
14:17:30,ETH,2285.880000,2285.750000,0.6,55390
14:17:45,BTC,77168.630000,77167.200000,0.2,55405
14:17:45,ETH,2285.880000,2285.740000,0.6,55405
14:18:00,BTC,77168.630000,77167.300000,0.2,55420
14:18:00,ETH,2285.870000,2285.990000,-0.5,55420
14:18:15,BTC,77168.640000,77175.700000,-0.9,55435
14:18:15,ETH,2286.140000,2286.200000,-0.3,55435
14:18:30,BTC,77168.630000,77175.800000,-0.9,55450
14:18:30,ETH,2286.140000,2286.200000,-0.3,55450
14:18:45,BTC,77173.420000,77179.700000,-0.8,55465
14:18:45,ETH,2286.410000,2286.470000,-0.3,55465
14:19:00,BTC,77173.420000,77179.600000,-0.8,55480
14:19:00,ETH,2286.410000,2286.470000,-0.3,55480
14:19:15,BTC,77173.410000,77173.400000,0.0,55495
14:19:15,ETH,2286.400000,2286.430000,-0.1,55495
14:19:30,BTC,77158.040000,77159.500000,-0.2,55510
14:19:30,ETH,2285.880000,2285.960000,-0.3,55510
14:19:45,BTC,77155.020000,77148.900000,0.8,55525
14:19:45,ETH,2285.870000,2285.830000,0.2,55525
14:20:00,BTC,77137.930000,77143.700000,-0.7,55540
14:20:00,ETH,2285.750000,2285.720000,0.1,55540
14:20:15,BTC,77131.620000,77136.000000,-0.6,55555
14:20:15,ETH,2285.580000,2285.440000,0.6,55555
14:20:30,BTC,77131.620000,77136.000000,-0.6,55570
14:20:30,ETH,2285.520000,2285.430000,0.4,55570
14:20:45,BTC,77115.950000,77115.400000,0.1,55585
14:20:45,ETH,2284.880000,2285.010000,-0.6,55585
14:21:00,BTC,77115.950000,77115.400000,0.1,55600
14:21:00,ETH,2284.590000,2284.740000,-0.7,55600
14:21:15,BTC,77130.810000,77133.700000,-0.4,55615
14:21:15,ETH,2285.180000,2285.350000,-0.7,55615
14:21:30,BTC,77112.060000,77119.400000,-1.0,55630
14:21:30,ETH,2284.810000,2284.920000,-0.5,55630
14:21:45,BTC,77112.060000,77119.400000,-1.0,55645
14:21:45,ETH,2284.790000,2284.960000,-0.7,55645
14:22:00,BTC,77112.060000,77119.300000,-0.9,55660
14:22:00,ETH,2284.790000,2284.960000,-0.7,55660
14:22:15,BTC,77118.840000,77127.300000,-1.1,55675
14:22:15,ETH,2284.840000,2285.200000,-1.6,55675
14:22:30,BTC,77118.830000,77127.200000,-1.1,55690
14:22:30,ETH,2284.840000,2285.080000,-1.1,55690
14:22:45,BTC,77116.700000,77121.600000,-0.6,55705
14:22:45,ETH,2284.840000,2284.960000,-0.5,55705
14:23:00,BTC,77117.090000,77121.600000,-0.6,55720
14:23:00,ETH,2284.840000,2284.970000,-0.6,55720
14:23:15,BTC,77121.610000,77125.700000,-0.5,55735
14:23:15,ETH,2284.830000,2284.970000,-0.6,55735
14:23:30,BTC,77121.620000,77127.000000,-0.7,55750
14:23:30,ETH,2284.810000,2284.970000,-0.7,55750
14:23:45,BTC,77129.310000,77130.900000,-0.2,55765
14:23:45,ETH,2284.790000,2284.970000,-0.8,55765
14:24:00,BTC,77123.330000,77130.900000,-1.0,55780
14:24:00,ETH,2284.500000,2284.410000,0.4,55780
14:24:15,BTC,77123.330000,77123.300000,0.0,55795
14:24:15,ETH,2284.220000,2284.220000,0.0,55795
14:24:30,BTC,77123.340000,77123.300000,0.0,55810
14:24:30,ETH,2284.180000,2284.220000,-0.2,55810
14:24:45,BTC,77140.300000,77142.400000,-0.3,55825
14:24:45,ETH,2284.550000,2284.660000,-0.5,55825
14:25:00,BTC,77145.570000,77153.900000,-1.1,55840
14:25:00,ETH,2284.800000,2285.220000,-1.8,55840
14:25:15,BTC,77164.980000,77171.100000,-0.8,55855
14:25:15,ETH,2285.200000,2285.350000,-0.7,55855
14:25:30,BTC,77164.990000,77171.000000,-0.8,55870
14:25:30,ETH,2285.200000,2285.420000,-1.0,55870
14:25:45,BTC,77173.400000,77173.400000,0.0,55885
14:25:45,ETH,2285.210000,2285.550000,-1.5,55885
14:26:00,BTC,77169.580000,77177.700000,-1.1,55900
14:26:00,ETH,2285.250000,2285.560000,-1.4,55900
14:26:15,BTC,77169.580000,77177.700000,-1.1,55915
14:26:15,ETH,2285.240000,2285.530000,-1.3,55915
14:26:30,BTC,77151.270000,77149.900000,0.2,55930
14:26:30,ETH,2285.030000,2285.060000,-0.1,55930
14:26:45,BTC,77142.010000,77144.400000,-0.3,55945
14:26:45,ETH,2284.890000,2284.860000,0.1,55945
14:27:00,BTC,77142.000000,77149.700000,-1.0,55960
14:27:00,ETH,2284.890000,2284.820000,0.3,55960
14:27:15,BTC,77142.000000,77147.400000,-0.7,55975
14:27:15,ETH,2284.800000,2284.770000,0.1,55975
14:27:30,BTC,77142.010000,77147.400000,-0.7,55990
14:27:30,ETH,2284.810000,2284.820000,-0.0,55990
14:27:45,BTC,77152.530000,77148.700000,0.5,56005
14:27:45,ETH,2284.890000,2285.070000,-0.8,56005
14:28:00,BTC,77146.430000,77148.800000,-0.3,56020
14:28:00,ETH,2284.880000,2284.880000,0.0,56020
14:28:15,BTC,77147.140000,77155.300000,-1.1,56035
14:28:15,ETH,2284.880000,2285.070000,-0.8,56035
14:28:30,BTC,77147.140000,77155.200000,-1.0,56050
14:28:30,ETH,2284.890000,2285.070000,-0.8,56050
14:28:45,BTC,77156.900000,77159.900000,-0.4,56065
14:28:45,ETH,2284.880000,2285.150000,-1.2,56065
14:29:00,BTC,77156.900000,77159.800000,-0.4,56080
14:29:00,ETH,2284.890000,2285.200000,-1.4,56080
14:29:15,BTC,77150.030000,77156.400000,-0.8,56095
14:29:15,ETH,2284.660000,2284.770000,-0.5,56095
14:29:30,BTC,77150.040000,77148.800000,0.2,56110
14:29:30,ETH,2284.380000,2284.350000,0.1,56110
14:29:45,BTC,77150.040000,77148.700000,0.2,56125
14:29:45,ETH,2284.320000,2284.370000,-0.2,56125
14:30:00,BTC,77159.200000,77152.900000,0.8,56140
14:30:00,ETH,2284.520000,2284.620000,-0.4,56140
14:30:15,BTC,77159.530000,77164.500000,-0.6,56155
14:30:15,ETH,2284.490000,2284.490000,0.0,56155
14:30:30,BTC,77143.010000,77144.800000,-0.2,56170
14:30:30,ETH,2284.210000,2284.170000,0.2,56170
14:30:45,BTC,77143.010000,77146.600000,-0.5,56185
14:30:45,ETH,2284.210000,2284.320000,-0.5,56185
14:31:00,BTC,77143.010000,77146.600000,-0.5,56200
14:31:00,ETH,2284.060000,2284.080000,-0.1,56200
14:31:15,BTC,77143.000000,77146.500000,-0.5,56215
14:31:15,ETH,2284.050000,2284.090000,-0.2,56215
14:31:30,BTC,77149.590000,77152.200000,-0.3,56230
14:31:30,ETH,2284.050000,2284.160000,-0.5,56230
14:31:45,BTC,77146.230000,77150.000000,-0.5,56245
14:31:45,ETH,2284.050000,2284.150000,-0.4,56245
14:32:00,BTC,77146.230000,77152.100000,-0.8,56260
14:32:00,ETH,2284.060000,2284.160000,-0.4,56260
14:32:15,BTC,77146.240000,77152.100000,-0.8,56275
14:32:15,ETH,2283.930000,2284.100000,-0.7,56275
14:32:30,BTC,77140.010000,77140.300000,-0.0,56290
14:32:30,ETH,2283.710000,2283.720000,-0.0,56290
14:32:45,BTC,77132.700000,77135.000000,-0.3,56305
14:32:45,ETH,2283.590000,2283.670000,-0.4,56305
14:33:00,BTC,77132.700000,77135.000000,-0.3,56320
14:33:00,ETH,2283.580000,2283.680000,-0.4,56320
14:33:15,BTC,77127.270000,77134.900000,-1.0,56335
14:33:15,ETH,2283.560000,2283.520000,0.2,56335
14:33:30,BTC,77132.990000,77138.400000,-0.7,56350
14:33:30,ETH,2283.950000,2284.060000,-0.5,56350
14:33:45,BTC,77132.990000,77138.500000,-0.7,56365
14:33:45,ETH,2283.950000,2284.060000,-0.5,56365
14:34:00,BTC,77129.650000,77132.100000,-0.3,56380
14:34:00,ETH,2283.930000,2284.390000,-2.0,56380
14:34:15,BTC,77129.660000,77132.000000,-0.3,56395
14:34:15,ETH,2283.930000,2284.230000,-1.3,56395
14:34:30,BTC,77129.650000,77135.900000,-0.8,56410
14:34:30,ETH,2283.920000,2284.230000,-1.4,56410
14:34:45,BTC,77169.890000,77170.000000,-0.0,56425
14:34:45,ETH,2285.370000,2285.490000,-0.5,56425
14:35:05,BTC,77169.990000,77174.300000,-0.6,56445
14:35:05,ETH,2285.370000,2285.600000,-1.0,56445
14:35:20,BTC,77169.990000,77174.300000,-0.6,56460
14:35:20,ETH,2285.380000,2285.560000,-0.8,56460
14:35:35,BTC,77170.000000,77170.100000,-0.0,56475
14:35:35,ETH,2285.370000,2285.560000,-0.8,56475
14:35:50,BTC,77159.970000,77157.100000,0.4,56490
14:35:50,ETH,2285.030000,2285.060000,-0.1,56490
14:36:05,BTC,77159.960000,77159.700000,0.0,56505
14:36:05,ETH,2285.500000,2285.690000,-0.8,56505
14:36:20,BTC,77159.970000,77159.600000,0.0,56520
14:36:20,ETH,2285.400000,2285.680000,-1.2,56520
14:36:35,BTC,77159.960000,77159.700000,0.0,56535
14:36:35,ETH,2285.390000,2285.500000,-0.5,56535
14:36:50,BTC,77150.420000,77152.500000,-0.3,56550
14:36:50,ETH,2285.560000,2285.510000,0.2,56550
14:37:05,BTC,77145.270000,77144.700000,0.1,56565
14:37:05,ETH,2285.250000,2285.340000,-0.4,56565
14:37:20,BTC,77136.750000,77138.100000,-0.2,56580
14:37:20,ETH,2285.130000,2285.100000,0.1,56580
14:37:35,BTC,77134.650000,77134.000000,0.1,56595
14:37:35,ETH,2284.700000,2284.950000,-1.1,56595
14:37:50,BTC,77117.090000,77119.500000,-0.3,56610
14:37:50,ETH,2284.270000,2284.410000,-0.6,56610
14:38:10,BTC,77117.090000,77119.400000,-0.3,56630
14:38:10,ETH,2284.270000,2284.410000,-0.6,56630
14:38:25,BTC,77117.100000,77119.500000,-0.3,56645
14:38:25,ETH,2284.270000,2284.400000,-0.6,56645
14:38:40,BTC,77110.040000,77119.300000,-1.2,56660
14:38:40,ETH,2283.400000,2283.490000,-0.4,56660
14:38:55,ETH,2280.390000,2280.500000,-0.5,56675
14:39:26,BTC,77046.000000,77041.700000,0.6,56706
14:39:26,ETH,2280.390000,2280.500000,-0.5,56706
14:39:41,BTC,77046.010000,77041.700000,0.6,56721
14:39:41,ETH,2280.490000,2280.710000,-1.0,56721
14:39:56,BTC,77053.220000,77056.900000,-0.5,56736
14:39:56,ETH,2280.810000,2281.090000,-1.2,56736
14:40:11,BTC,77051.300000,77047.500000,0.5,56751
14:40:11,ETH,2280.290000,2280.630000,-1.5,56751
14:40:26,BTC,77046.000000,77041.300000,0.6,56766
14:40:26,ETH,2280.170000,2280.280000,-0.5,56766
14:40:41,BTC,77046.010000,77045.200000,0.1,56781
14:40:41,ETH,2280.640000,2280.750000,-0.5,56781
14:40:56,BTC,77046.000000,77045.200000,0.1,56796
14:40:56,ETH,2280.550000,2280.610000,-0.3,56796
14:41:11,BTC,77018.900000,77018.200000,0.1,56811
14:41:11,ETH,2279.760000,2280.070000,-1.4,56811
14:41:26,BTC,77018.890000,77018.200000,0.1,56826
14:41:26,ETH,2279.470000,2279.740000,-1.2,56826
14:41:41,BTC,77018.890000,77018.300000,0.1,56841
14:41:41,ETH,2279.470000,2279.710000,-1.1,56841
14:41:56,BTC,77018.900000,77018.300000,0.1,56856
14:41:56,ETH,2279.470000,2279.700000,-1.0,56856
14:42:11,BTC,76965.410000,76968.800000,-0.4,56871
14:42:11,ETH,2277.860000,2278.100000,-1.1,56871
14:42:26,BTC,76988.660000,76999.900000,-1.5,56886
14:42:26,ETH,2278.620000,2278.860000,-1.1,56886
14:42:41,BTC,77013.540000,77020.000000,-0.8,56901
14:42:41,ETH,2279.440000,2279.700000,-1.1,56901
14:42:56,BTC,77022.480000,77023.600000,-0.1,56916
14:42:56,ETH,2279.620000,2279.710000,-0.4,56916
14:43:11,BTC,76998.550000,76996.000000,0.3,56931
14:43:11,ETH,2278.920000,2278.950000,-0.1,56931
14:43:26,BTC,76980.640000,76984.100000,-0.4,56946
14:43:26,ETH,2278.410000,2278.360000,0.2,56946
14:43:41,BTC,76976.800000,76980.600000,-0.5,56961
14:43:41,ETH,2278.060000,2278.320000,-1.1,56961
14:43:56,BTC,76976.790000,76980.500000,-0.5,56976
14:43:56,ETH,2277.960000,2278.110000,-0.7,56976
14:44:11,BTC,76976.800000,76980.500000,-0.5,56991
14:44:11,ETH,2277.990000,2278.110000,-0.5,56991
14:44:26,BTC,76982.880000,76982.700000,0.0,57006
14:44:26,ETH,2278.270000,2278.340000,-0.3,57006
14:44:41,BTC,77039.460000,77035.900000,0.5,57021
14:44:41,ETH,2279.260000,2279.310000,-0.2,57021
14:44:56,BTC,77066.000000,77064.700000,0.2,57036
14:44:56,ETH,2280.030000,2280.140000,-0.5,57036
14:45:11,BTC,77066.010000,77071.900000,-0.8,57051
14:45:11,ETH,2280.410000,2280.620000,-0.9,57051
14:45:26,BTC,77073.720000,77076.900000,-0.4,57066
14:45:26,ETH,2280.510000,2280.800000,-1.3,57066
14:45:41,BTC,77073.720000,77070.800000,0.4,57081
14:45:41,ETH,2280.520000,2280.610000,-0.4,57081
14:45:56,ETH,2279.070000,2279.090000,-0.1,57096
14:46:27,BTC,77034.020000,77026.100000,1.0,57127
14:46:27,ETH,2279.070000,2279.090000,-0.1,57127
14:46:42,BTC,77022.270000,77026.200000,-0.5,57142
14:46:42,ETH,2278.830000,2278.910000,-0.4,57142
14:46:57,BTC,77017.430000,77022.100000,-0.6,57157
14:46:57,ETH,2278.570000,2278.520000,0.2,57157
14:47:12,BTC,77017.430000,77019.300000,-0.2,57172
14:47:12,ETH,2278.570000,2278.510000,0.3,57172
14:47:27,BTC,77006.260000,77009.900000,-0.5,57187
14:47:27,ETH,2277.810000,2278.020000,-0.9,57187
14:47:42,BTC,77006.250000,77009.800000,-0.5,57202
14:47:42,ETH,2277.810000,2278.090000,-1.2,57202
14:47:57,BTC,77006.260000,77009.900000,-0.5,57217
14:47:57,ETH,2277.890000,2278.090000,-0.9,57217
14:48:12,BTC,77006.250000,77001.600000,0.6,57232
14:48:12,ETH,2277.880000,2278.090000,-0.9,57232
14:48:27,BTC,76997.560000,77000.100000,-0.3,57247
14:48:27,ETH,2276.790000,2277.010000,-1.0,57247
14:48:42,BTC,76988.050000,76991.100000,-0.4,57262
14:48:42,ETH,2276.750000,2276.660000,0.4,57262
14:48:57,BTC,76994.740000,76993.500000,0.2,57277
14:48:57,ETH,2276.590000,2276.800000,-0.9,57277
14:49:12,BTC,76993.860000,76993.500000,0.0,57292
14:49:12,ETH,2276.800000,2277.020000,-1.0,57292
14:49:27,BTC,76989.990000,76993.400000,-0.4,57307
14:49:27,ETH,2276.770000,2277.010000,-1.1,57307
14:49:42,BTC,76994.000000,76993.300000,0.1,57322
14:49:42,ETH,2276.840000,2277.020000,-0.8,57322
14:49:57,BTC,76982.030000,76981.500000,0.1,57337
14:49:57,ETH,2276.310000,2276.280000,0.1,57337
14:50:12,BTC,76988.620000,76989.900000,-0.2,57352
14:50:12,ETH,2276.260000,2276.270000,-0.0,57352
14:50:27,BTC,76956.140000,76953.200000,0.4,57367
14:50:27,ETH,2274.620000,2275.100000,-2.1,57367
14:50:42,BTC,76904.140000,76909.900000,-0.7,57382
14:50:42,ETH,2272.780000,2272.750000,0.1,57382
14:50:57,BTC,76916.830000,76916.300000,0.1,57397
14:50:57,ETH,2272.980000,2273.170000,-0.8,57397
14:51:12,BTC,76914.520000,76909.700000,0.6,57412
14:51:12,ETH,2272.920000,2273.220000,-1.3,57412
14:51:27,BTC,76913.720000,76912.900000,0.1,57427
14:51:27,ETH,2272.990000,2273.050000,-0.3,57427
14:51:42,BTC,76909.120000,76914.500000,-0.7,57442
14:51:42,ETH,2273.000000,2273.540000,-2.4,57442
14:51:57,BTC,76919.550000,76924.500000,-0.6,57457
14:51:57,ETH,2274.010000,2274.240000,-1.0,57457
14:52:12,BTC,76936.800000,76941.200000,-0.6,57472
14:52:12,ETH,2274.000000,2274.230000,-1.0,57472
14:52:27,BTC,76936.700000,76926.400000,1.3,57487
14:52:27,ETH,2273.870000,2274.090000,-1.0,57487
14:52:42,BTC,76948.730000,76948.400000,0.0,57502
14:52:42,ETH,2274.300000,2274.490000,-0.8,57502
14:52:57,BTC,76955.650000,76959.900000,-0.6,57517
14:52:57,ETH,2275.000000,2275.270000,-1.2,57517
14:53:12,BTC,76990.610000,76990.500000,0.0,57532
14:53:12,ETH,2276.160000,2276.480000,-1.4,57532
14:53:27,BTC,76967.450000,76964.700000,0.4,57547
14:53:27,ETH,2275.540000,2275.470000,0.3,57547
14:53:42,BTC,76993.490000,76990.600000,0.4,57562
14:53:42,ETH,2276.120000,2276.390000,-1.2,57562
14:53:57,BTC,76988.000000,76981.500000,0.8,57577
14:53:57,ETH,2276.270000,2276.240000,0.1,57577
14:54:12,BTC,76980.080000,76979.500000,0.1,57592
14:54:12,ETH,2275.870000,2275.710000,0.7,57592
14:54:27,BTC,76975.920000,76979.500000,-0.5,57607
14:54:27,ETH,2275.870000,2275.920000,-0.2,57607
14:54:42,BTC,76987.650000,76990.000000,-0.3,57622
14:54:42,ETH,2275.880000,2276.060000,-0.8,57622
14:54:57,BTC,76988.010000,76990.000000,-0.3,57637
14:54:57,ETH,2276.170000,2276.070000,0.4,57637
14:55:12,BTC,77020.710000,77016.300000,0.6,57652
14:55:12,ETH,2276.760000,2276.860000,-0.4,57652
14:55:27,BTC,77040.000000,77033.800000,0.8,57667
14:55:27,ETH,2277.260000,2277.280000,-0.1,57667
14:55:42,BTC,77065.380000,77058.700000,0.9,57682
14:55:42,ETH,2277.990000,2278.260000,-1.2,57682
14:55:57,ETH,2279.530000,2279.740000,-0.9,57697
14:56:27,BTC,77094.000000,77092.200000,0.2,57727
14:56:27,ETH,2279.530000,2279.720000,-0.8,57727
14:56:42,BTC,77087.580000,77087.300000,0.0,57742
14:56:42,ETH,2279.590000,2279.740000,-0.7,57742
14:56:57,BTC,77109.870000,77104.900000,0.6,57757
14:56:57,ETH,2280.290000,2280.370000,-0.4,57757
14:57:12,BTC,77100.480000,77098.200000,0.3,57772
14:57:12,ETH,2280.010000,2280.310000,-1.3,57772
14:57:27,BTC,77100.480000,77098.200000,0.3,57787
14:57:27,ETH,2279.720000,2279.770000,-0.2,57787
14:57:42,BTC,77100.480000,77101.400000,-0.1,57802
14:57:42,ETH,2279.730000,2279.570000,0.7,57802
14:57:57,BTC,77100.490000,77101.500000,-0.1,57817
14:57:57,ETH,2279.860000,2279.760000,0.4,57817
14:58:12,BTC,77076.260000,77075.100000,0.2,57832
14:58:12,ETH,2279.420000,2279.190000,1.0,57832
14:58:27,BTC,77076.250000,77075.000000,0.2,57847
14:58:27,ETH,2279.350000,2279.190000,0.7,57847
14:58:42,BTC,77063.270000,77075.100000,-1.5,57862
14:58:42,ETH,2279.040000,2279.010000,0.1,57862
14:58:57,BTC,77055.570000,77054.700000,0.1,57877
14:58:57,ETH,2278.850000,2278.830000,0.1,57877
14:59:12,BTC,77050.000000,77043.700000,0.8,57892
14:59:12,ETH,2278.350000,2278.400000,-0.2,57892
14:59:27,BTC,77044.000000,77043.800000,0.0,57907
14:59:27,ETH,2278.620000,2278.640000,-0.1,57907
14:59:42,BTC,77050.330000,77046.400000,0.5,57922
14:59:42,ETH,2278.620000,2278.690000,-0.3,57922
14:59:57,BTC,77011.760000,77014.300000,-0.3,57937
14:59:57,ETH,2277.870000,2277.720000,0.7,57937
15:00:12,BTC,77014.730000,77018.200000,-0.5,57952
15:00:12,ETH,2277.770000,2277.620000,0.7,57952
15:00:27,BTC,77021.490000,77018.300000,0.4,57967
15:00:27,ETH,2278.290000,2278.400000,-0.5,57967
15:00:42,BTC,77021.490000,77018.200000,0.4,57982
15:00:42,ETH,2278.290000,2278.260000,0.1,57982
15:00:57,BTC,77029.170000,77022.300000,0.9,57997
15:00:57,ETH,2278.290000,2278.370000,-0.4,57997
15:01:12,BTC,77015.080000,77012.600000,0.3,58012
15:01:12,ETH,2277.630000,2277.570000,0.3,58012
15:01:27,BTC,76998.400000,76984.700000,1.8,58027
15:01:27,ETH,2276.950000,2277.050000,-0.4,58027
15:01:42,BTC,76988.010000,76984.800000,0.4,58042
15:01:42,ETH,2276.350000,2276.560000,-0.9,58042
15:01:57,BTC,77001.550000,77006.100000,-0.6,58057
15:01:57,ETH,2276.880000,2277.030000,-0.7,58057
15:02:12,BTC,77006.140000,77010.700000,-0.6,58072
15:02:12,ETH,2276.870000,2277.040000,-0.7,58072
15:02:27,BTC,77010.820000,77010.700000,0.0,58087
15:02:27,ETH,2276.990000,2277.090000,-0.4,58087
15:02:42,BTC,77004.260000,77006.000000,-0.2,58102
15:02:42,ETH,2276.900000,2276.940000,-0.2,58102
15:02:57,BTC,77004.270000,77003.500000,0.1,58117
15:02:57,ETH,2276.890000,2276.750000,0.6,58117
15:03:12,BTC,77004.270000,77003.500000,0.1,58132
15:03:12,ETH,2276.900000,2277.090000,-0.8,58132
15:03:27,BTC,77004.260000,77001.700000,0.3,58147
15:03:27,ETH,2276.900000,2277.090000,-0.8,58147
15:03:42,BTC,76971.390000,76958.000000,1.7,58162
15:03:42,ETH,2276.210000,2276.160000,0.2,58162
15:03:57,BTC,76971.380000,76972.100000,-0.1,58177
15:03:57,ETH,2276.050000,2275.430000,2.7,58177
15:04:12,BTC,76971.380000,76972.000000,-0.1,58192
15:04:12,ETH,2276.050000,2276.160000,-0.5,58192
15:04:27,BTC,76987.050000,76989.800000,-0.4,58207
15:04:27,ETH,2276.350000,2276.390000,-0.2,58207
15:04:42,BTC,76982.610000,76975.300000,0.9,58222
15:04:42,ETH,2276.060000,2275.940000,0.5,58222
15:04:57,BTC,76982.620000,76983.300000,-0.1,58237
15:04:57,ETH,2276.060000,2276.130000,-0.3,58237
15:05:12,BTC,76982.620000,76987.000000,-0.6,58252
15:05:12,ETH,2276.140000,2276.220000,-0.4,58252
15:05:28,BTC,76989.200000,76987.100000,0.3,58268
15:05:28,ETH,2276.230000,2276.100000,0.6,58268
15:05:43,BTC,76993.990000,76992.200000,0.2,58283
15:05:43,ETH,2276.190000,2276.220000,-0.1,58283
15:05:58,BTC,77000.000000,77004.100000,-0.5,58298
15:05:58,ETH,2276.490000,2276.360000,0.6,58298
15:06:13,BTC,77000.000000,76993.900000,0.8,58313
15:06:13,ETH,2276.090000,2276.100000,-0.0,58313
15:06:28,BTC,76988.000000,76984.200000,0.5,58328
15:06:28,ETH,2275.610000,2275.620000,-0.0,58328
15:06:43,BTC,76994.090000,76992.200000,0.2,58343
15:06:43,ETH,2275.920000,2275.830000,0.4,58343
15:06:58,BTC,76994.090000,76995.200000,-0.1,58358
15:06:58,ETH,2276.350000,2276.270000,0.4,58358
15:07:13,BTC,76999.990000,77004.000000,-0.5,58373
15:07:13,ETH,2276.380000,2276.360000,0.1,58373
15:07:28,BTC,77028.990000,77021.400000,1.0,58388
15:07:28,ETH,2276.770000,2276.610000,0.7,58388
15:07:43,BTC,77028.990000,77028.800000,0.0,58403
15:07:43,ETH,2277.670000,2277.490000,0.8,58403
15:07:58,BTC,77034.170000,77032.600000,0.2,58418
15:07:58,ETH,2278.040000,2277.960000,0.4,58418
15:08:13,BTC,77034.160000,77034.300000,-0.0,58433
15:08:13,ETH,2277.970000,2277.830000,0.6,58433
15:08:28,BTC,77034.160000,77034.400000,-0.0,58448
15:08:28,ETH,2277.960000,2277.960000,0.0,58448
15:08:43,BTC,77034.160000,77034.400000,-0.0,58463
15:08:43,ETH,2277.960000,2277.960000,0.0,58463
15:08:58,BTC,77015.000000,77020.500000,-0.7,58478
15:08:58,ETH,2277.620000,2277.480000,0.6,58478
15:09:13,BTC,77016.440000,77012.300000,0.5,58493
15:09:13,ETH,2277.920000,2277.960000,-0.2,58493
15:09:28,BTC,77067.720000,77072.500000,-0.6,58508
15:09:28,ETH,2279.120000,2278.990000,0.6,58508
15:09:43,BTC,77074.300000,77076.400000,-0.3,58523
15:09:43,ETH,2279.130000,2279.130000,0.0,58523
15:09:58,BTC,77088.850000,77095.000000,-0.8,58538
15:09:58,ETH,2279.540000,2279.570000,-0.1,58538
15:10:13,BTC,77079.060000,77074.900000,0.5,58553
15:10:13,ETH,2279.290000,2279.170000,0.5,58553
15:10:28,BTC,77070.530000,77068.000000,0.3,58568
15:10:28,ETH,2279.220000,2279.020000,0.9,58568
15:10:43,BTC,77070.520000,77068.000000,0.3,58583
15:10:43,ETH,2279.170000,2279.010000,0.7,58583
15:10:58,BTC,77070.520000,77068.000000,0.3,58598
15:10:58,ETH,2279.180000,2279.010000,0.7,58598
15:11:13,BTC,77068.840000,77058.500000,1.3,58613
15:11:13,ETH,2279.000000,2278.840000,0.7,58613
15:11:28,BTC,77068.850000,77059.700000,1.2,58628
15:11:28,ETH,2279.010000,2278.990000,0.1,58628
15:11:43,BTC,77076.840000,77069.000000,1.0,58643
15:11:43,ETH,2279.220000,2279.050000,0.7,58643
15:11:58,BTC,77079.200000,77074.700000,0.6,58658
15:11:58,ETH,2279.330000,2279.130000,0.9,58658
15:12:13,BTC,77072.990000,77077.400000,-0.6,58673
15:12:13,ETH,2279.320000,2279.150000,0.7,58673
15:12:28,BTC,77066.720000,77062.000000,0.6,58688
15:12:28,ETH,2278.950000,2278.860000,0.4,58688
15:12:43,BTC,77066.720000,77065.200000,0.2,58703
15:12:43,ETH,2278.960000,2279.050000,-0.4,58703
15:12:58,BTC,77066.720000,77061.700000,0.7,58718
15:12:58,ETH,2278.970000,2278.940000,0.1,58718
15:13:13,BTC,77066.720000,77061.700000,0.7,58733
15:13:13,ETH,2278.970000,2278.810000,0.7,58733
15:13:28,BTC,77066.730000,77058.300000,1.1,58748
15:13:28,ETH,2278.860000,2278.630000,1.0,58748
15:13:43,BTC,77053.740000,77052.400000,0.2,58763
15:13:43,ETH,2278.450000,2278.390000,0.3,58763
15:13:58,BTC,77046.190000,77045.100000,0.1,58778
15:13:58,ETH,2278.060000,2277.830000,1.0,58778
15:14:13,BTC,77038.900000,77038.600000,0.0,58793
15:14:13,ETH,2277.840000,2277.790000,0.2,58793
15:14:28,BTC,77038.900000,77036.800000,0.3,58808
15:14:28,ETH,2277.810000,2277.790000,0.1,58808
15:14:43,BTC,77038.890000,77043.900000,-0.7,58823
15:14:43,ETH,2277.710000,2277.790000,-0.4,58823
15:14:58,BTC,77038.890000,77044.000000,-0.7,58838
15:14:58,ETH,2277.600000,2277.560000,0.2,58838
15:15:13,BTC,77044.490000,77044.400000,0.0,58853
15:15:13,ETH,2277.470000,2277.370000,0.4,58853
15:15:33,BTC,77044.490000,77044.400000,0.0,58873
15:15:33,ETH,2277.470000,2277.370000,0.4,58873
15:15:48,BTC,77015.000000,77006.600000,1.1,58888
15:15:48,ETH,2276.080000,2276.180000,-0.4,58888
15:16:03,BTC,77011.480000,77013.200000,-0.2,58903
15:16:03,ETH,2276.080000,2276.190000,-0.5,58903
15:16:18,BTC,77028.770000,77027.100000,0.2,58918
15:16:18,ETH,2276.590000,2276.590000,0.0,58918
15:16:33,BTC,77028.770000,77027.200000,0.2,58933
15:16:33,ETH,2276.630000,2276.590000,0.2,58933
15:16:48,BTC,77024.500000,77024.900000,-0.1,58948
15:16:48,ETH,2276.620000,2276.440000,0.8,58948
15:17:03,BTC,77038.910000,77041.400000,-0.3,58963
15:17:03,ETH,2276.980000,2276.790000,0.8,58963
15:17:18,BTC,77044.220000,77048.500000,-0.6,58978
15:17:18,ETH,2277.540000,2277.680000,-0.6,58978
15:17:33,BTC,77048.590000,77052.000000,-0.4,58993
15:17:33,ETH,2277.650000,2277.600000,0.2,58993
15:17:48,BTC,77059.500000,77065.100000,-0.7,59008
15:17:48,ETH,2277.930000,2277.770000,0.7,59008
15:18:03,BTC,77060.840000,77055.800000,0.7,59023
15:18:03,ETH,2278.060000,2277.780000,1.2,59023
15:18:18,BTC,77060.840000,77059.300000,0.2,59038
15:18:18,ETH,2278.060000,2277.770000,1.3,59038
15:18:33,BTC,77062.530000,77065.300000,-0.4,59053
15:18:33,ETH,2278.050000,2277.770000,1.2,59053
15:18:48,BTC,77066.720000,77066.800000,-0.0,59068
15:18:48,ETH,2278.210000,2277.970000,1.1,59068
15:19:03,BTC,77066.720000,77066.800000,-0.0,59083
15:19:03,ETH,2278.290000,2278.080000,0.9,59083
15:19:18,BTC,77066.730000,77072.600000,-0.8,59098
15:19:18,ETH,2278.290000,2278.080000,0.9,59098
15:19:33,BTC,77077.770000,77083.500000,-0.7,59113
15:19:33,ETH,2278.660000,2278.560000,0.4,59113
15:19:48,BTC,77062.130000,77060.000000,0.3,59128
15:19:48,ETH,2278.320000,2278.180000,0.6,59128
15:20:03,BTC,77059.760000,77061.400000,-0.2,59143
15:20:03,ETH,2277.480000,2277.510000,-0.1,59143
15:20:18,BTC,77069.830000,77077.800000,-1.0,59158
15:20:18,ETH,2277.860000,2278.040000,-0.8,59158
15:20:33,BTC,77077.360000,77084.400000,-0.9,59173
15:20:33,ETH,2277.900000,2278.040000,-0.6,59173
15:20:48,BTC,77089.990000,77100.000000,-1.3,59188
15:20:48,ETH,2278.530000,2278.560000,-0.1,59188
15:21:03,BTC,77094.010000,77104.500000,-1.4,59203
15:21:03,ETH,2278.710000,2278.560000,0.7,59203
15:21:18,BTC,77106.460000,77106.700000,-0.0,59218
15:21:18,ETH,2278.720000,2278.560000,0.7,59218
15:21:33,BTC,77096.870000,77093.900000,0.4,59233
15:21:33,ETH,2278.610000,2278.280000,1.4,59233
15:21:48,BTC,77096.860000,77096.900000,-0.0,59248
15:21:48,ETH,2278.620000,2278.390000,1.0,59248
15:22:03,BTC,77096.870000,77097.700000,-0.1,59263
15:22:03,ETH,2278.620000,2278.390000,1.0,59263
15:22:18,BTC,77096.870000,77097.600000,-0.1,59278
15:22:18,ETH,2278.610000,2278.390000,1.0,59278
15:22:33,BTC,77072.090000,77067.500000,0.6,59293
15:22:33,ETH,2277.560000,2277.510000,0.2,59293
15:22:48,BTC,77058.950000,77054.300000,0.6,59308
15:22:48,ETH,2277.180000,2277.070000,0.5,59308
15:23:03,BTC,77042.910000,77038.200000,0.6,59323
15:23:03,ETH,2276.500000,2276.410000,0.4,59323
15:23:18,BTC,77046.700000,77043.800000,0.4,59338
15:23:18,ETH,2276.610000,2276.700000,-0.4,59338
15:23:33,BTC,77054.920000,77053.000000,0.2,59353
15:23:33,ETH,2276.700000,2276.500000,0.9,59353
15:23:48,BTC,77062.740000,77070.700000,-1.0,59368
15:23:48,ETH,2276.720000,2276.730000,-0.0,59368
15:24:03,BTC,77062.740000,77062.800000,-0.0,59383
15:24:03,ETH,2276.720000,2276.730000,-0.0,59383
15:24:18,ETH,2276.600000,2276.660000,-0.3,59398
15:24:43,BTC,77061.640000,77067.000000,-0.7,59423
15:24:43,ETH,2276.600000,2276.660000,-0.3,59423
15:24:58,BTC,77061.640000,77067.000000,-0.7,59438
15:24:58,ETH,2276.600000,2276.660000,-0.3,59438
15:25:13,BTC,77036.090000,77034.300000,0.2,59453
15:25:13,ETH,2275.660000,2275.590000,0.3,59453
15:25:28,BTC,77022.510000,77020.400000,0.3,59468
15:25:28,ETH,2275.000000,2274.800000,0.9,59468
15:25:43,BTC,77016.460000,77012.300000,0.5,59483
15:25:43,ETH,2274.790000,2274.860000,-0.3,59483
15:25:58,BTC,77016.450000,77012.000000,0.6,59498
15:25:58,ETH,2274.730000,2274.460000,1.2,59498
15:26:13,BTC,77016.450000,77012.100000,0.6,59513
15:26:13,ETH,2275.000000,2274.940000,0.3,59513
15:26:28,BTC,77016.460000,77012.000000,0.6,59528
15:26:28,ETH,2274.990000,2274.890000,0.4,59528
15:26:43,BTC,77016.450000,77012.000000,0.6,59543
15:26:43,ETH,2275.000000,2274.780000,1.0,59543
15:26:58,BTC,77016.450000,77010.400000,0.8,59558
15:26:58,ETH,2274.960000,2274.800000,0.7,59558
15:27:13,BTC,76994.130000,76990.200000,0.5,59573
15:27:13,ETH,2274.170000,2274.080000,0.4,59573
15:27:28,BTC,77005.430000,76998.400000,0.9,59588
15:27:28,ETH,2274.760000,2274.620000,0.6,59588
15:27:43,BTC,77001.430000,76996.200000,0.7,59603
15:27:43,ETH,2273.860000,2273.940000,-0.4,59603
15:27:58,BTC,77001.420000,76996.100000,0.7,59618
15:27:58,ETH,2274.010000,2273.940000,0.3,59618
15:28:13,BTC,77013.420000,77007.400000,0.8,59633
15:28:13,ETH,2274.770000,2274.650000,0.5,59633
15:28:28,BTC,77013.410000,77012.000000,0.2,59648
15:28:28,ETH,2275.080000,2274.910000,0.7,59648
15:28:43,BTC,77013.810000,77015.000000,-0.2,59663
15:28:43,ETH,2275.090000,2274.910000,0.8,59663
15:28:58,BTC,77007.550000,77003.400000,0.5,59678
15:28:58,ETH,2274.830000,2274.830000,0.0,59678
15:29:13,BTC,77007.550000,77003.500000,0.5,59693
15:29:13,ETH,2274.500000,2274.830000,-1.5,59693
15:29:28,BTC,77007.540000,77003.500000,0.5,59708
15:29:28,ETH,2274.500000,2274.720000,-1.0,59708
15:29:43,BTC,77004.140000,77002.700000,0.2,59723
15:29:43,ETH,2274.140000,2274.080000,0.3,59723
15:29:58,BTC,77004.140000,77002.600000,0.2,59738
15:29:58,ETH,2274.140000,2274.080000,0.3,59738
15:30:13,BTC,77004.140000,77002.700000,0.2,59753
15:30:13,ETH,2274.340000,2274.520000,-0.8,59753
15:30:28,BTC,77004.130000,77005.800000,-0.2,59768
15:30:28,ETH,2274.370000,2274.320000,0.2,59768
15:30:43,BTC,77005.670000,77011.900000,-0.8,59783
15:30:43,ETH,2274.320000,2274.330000,-0.0,59783
15:30:58,BTC,77005.670000,77008.300000,-0.3,59798
15:30:58,ETH,2274.280000,2274.290000,-0.0,59798
15:31:13,BTC,77003.470000,77002.400000,0.1,59813
15:31:13,ETH,2274.280000,2274.290000,-0.0,59813
15:31:28,BTC,76974.220000,76966.800000,1.0,59828
15:31:28,ETH,2273.650000,2273.690000,-0.2,59828
15:31:43,BTC,76963.740000,76966.900000,-0.4,59843
15:31:43,ETH,2273.370000,2273.330000,0.2,59843
15:31:58,BTC,76975.000000,76969.800000,0.7,59858
15:31:58,ETH,2274.280000,2274.410000,-0.6,59858
15:32:13,BTC,76986.400000,76995.500000,-1.2,59873
15:32:13,ETH,2274.540000,2274.490000,0.2,59873
15:32:28,BTC,77011.720000,77012.300000,-0.1,59888
15:32:28,ETH,2275.010000,2274.900000,0.5,59888
15:32:43,BTC,77013.250000,77008.000000,0.7,59903
15:32:43,ETH,2275.740000,2275.660000,0.4,59903
15:32:58,BTC,77013.240000,77011.700000,0.2,59918
15:32:58,ETH,2275.900000,2275.670000,1.0,59918
15:33:13,BTC,77020.300000,77017.300000,0.4,59933
15:33:13,ETH,2275.900000,2275.810000,0.4,59933
15:33:28,BTC,77019.850000,77017.200000,0.3,59948
15:33:28,ETH,2275.900000,2275.740000,0.7,59948
15:33:43,BTC,77013.240000,77014.200000,-0.1,59963
15:33:43,ETH,2275.840000,2275.740000,0.4,59963
15:33:58,BTC,77013.150000,77013.900000,-0.1,59978
15:33:58,ETH,2275.720000,2275.620000,0.4,59978
15:34:13,BTC,77013.140000,77013.600000,-0.1,59993
15:34:13,ETH,2275.970000,2275.740000,1.0,59993
15:34:28,BTC,77010.300000,77011.200000,-0.1,60008
15:34:28,ETH,2275.990000,2275.820000,0.7,60008
15:34:43,BTC,77008.460000,77011.200000,-0.4,60023
15:34:43,ETH,2275.680000,2275.810000,-0.6,60023
15:34:58,BTC,77008.460000,77011.200000,-0.4,60038
15:34:58,ETH,2275.680000,2275.750000,-0.3,60038
15:35:13,BTC,77008.470000,77011.300000,-0.4,60053
15:35:13,ETH,2275.680000,2275.740000,-0.3,60053
15:35:28,BTC,77008.470000,77011.200000,-0.4,60068
15:35:28,ETH,2275.680000,2275.750000,-0.3,60068
15:35:43,BTC,77031.060000,77033.700000,-0.3,60083
15:35:43,ETH,2276.310000,2276.030000,1.2,60083
15:35:58,BTC,77009.950000,77011.900000,-0.3,60098
15:35:58,ETH,2275.600000,2275.550000,0.2,60098
15:36:13,BTC,77004.340000,77009.000000,-0.6,60113
15:36:13,ETH,2275.610000,2275.620000,-0.0,60113
15:36:28,BTC,77026.840000,77031.000000,-0.5,60128
15:36:28,ETH,2276.580000,2276.670000,-0.4,60128
15:36:43,BTC,77023.000000,77022.600000,0.1,60143
15:36:43,ETH,2276.610000,2276.580000,0.1,60143
15:36:58,BTC,77021.360000,77022.700000,-0.2,60158
15:36:58,ETH,2276.610000,2276.590000,0.1,60158
15:37:13,BTC,77019.520000,77017.100000,0.3,60173
15:37:13,ETH,2276.330000,2276.330000,0.0,60173
15:37:28,BTC,77011.040000,77013.900000,-0.4,60188
15:37:28,ETH,2275.830000,2275.800000,0.1,60188
15:37:43,BTC,77009.140000,77014.000000,-0.6,60203
15:37:43,ETH,2275.810000,2275.920000,-0.5,60203
15:37:58,BTC,77005.350000,77009.200000,-0.5,60218
15:37:58,ETH,2275.670000,2275.610000,0.3,60218
15:38:13,BTC,77003.040000,77009.300000,-0.8,60233
15:38:13,ETH,2275.670000,2275.610000,0.3,60233
15:38:28,ETH,2275.720000,2275.870000,-0.7,60248
15:38:57,BTC,77010.600000,77016.900000,-0.8,60277
15:38:57,ETH,2275.710000,2275.870000,-0.7,60277
15:39:12,BTC,77010.600000,77016.900000,-0.8,60292
15:39:12,ETH,2275.700000,2275.870000,-0.7,60292
15:39:27,BTC,77010.600000,77015.800000,-0.7,60307
15:39:27,ETH,2275.610000,2275.340000,1.2,60307
15:39:42,BTC,77010.590000,77015.900000,-0.7,60322
15:39:42,ETH,2275.620000,2275.350000,1.2,60322
15:39:57,BTC,77010.600000,77015.900000,-0.7,60337
15:39:57,ETH,2275.500000,2275.340000,0.7,60337
15:40:12,BTC,77010.600000,77015.800000,-0.7,60352
15:40:12,ETH,2275.320000,2275.340000,-0.1,60352
15:40:27,BTC,77010.590000,77015.800000,-0.7,60367
15:40:27,ETH,2275.320000,2275.350000,-0.1,60367
15:40:42,BTC,77007.620000,77015.900000,-1.1,60382
15:40:42,ETH,2275.310000,2275.340000,-0.1,60382
15:40:57,BTC,77007.620000,77015.800000,-1.1,60397
15:40:57,ETH,2275.320000,2275.350000,-0.1,60397
15:41:12,BTC,77007.630000,77014.500000,-0.9,60412
15:41:12,ETH,2275.310000,2275.350000,-0.2,60412
15:41:27,ETH,2276.370000,2276.510000,-0.6,60427
15:41:57,BTC,77029.340000,77030.200000,-0.1,60457
15:41:57,ETH,2276.370000,2276.510000,-0.6,60457
15:42:12,BTC,77036.420000,77033.800000,0.3,60472
15:42:12,ETH,2276.460000,2276.570000,-0.5,60472
15:42:27,BTC,77049.810000,77055.500000,-0.7,60487
15:42:27,ETH,2276.760000,2276.760000,0.0,60487
15:42:42,ETH,2277.140000,2277.000000,0.6,60502
15:43:11,BTC,77038.100000,77035.100000,0.4,60531
15:43:11,ETH,2277.140000,2277.000000,0.6,60531
15:43:26,BTC,77038.090000,77035.100000,0.4,60546
15:43:26,ETH,2277.140000,2277.000000,0.6,60546
15:43:41,BTC,77033.560000,77035.100000,-0.2,60561
15:43:41,ETH,2276.820000,2276.840000,-0.1,60561
15:43:56,BTC,77033.560000,77035.000000,-0.2,60576
15:43:56,ETH,2276.820000,2276.840000,-0.1,60576
15:44:11,BTC,77031.450000,77035.100000,-0.5,60591
15:44:11,ETH,2276.820000,2276.840000,-0.1,60591
15:44:26,BTC,77027.700000,77034.600000,-0.9,60606
15:44:26,ETH,2276.690000,2276.840000,-0.7,60606
15:44:41,BTC,77008.550000,77002.700000,0.8,60621
15:44:41,ETH,2275.650000,2275.600000,0.2,60621
15:44:56,BTC,76996.880000,76998.500000,-0.2,60636
15:44:56,ETH,2275.570000,2275.590000,-0.1,60636
15:45:11,BTC,77009.200000,77012.600000,-0.4,60651
15:45:11,ETH,2275.960000,2276.140000,-0.8,60651
15:45:26,BTC,77021.250000,77024.800000,-0.5,60666
15:45:26,ETH,2276.350000,2276.370000,-0.1,60666
15:45:41,BTC,77003.130000,77001.700000,0.2,60681
15:45:41,ETH,2276.100000,2275.930000,0.7,60681
15:45:56,BTC,77003.120000,77003.900000,-0.1,60696
15:45:56,ETH,2276.160000,2276.190000,-0.1,60696
15:46:11,BTC,77003.510000,77011.800000,-1.1,60711
15:46:11,ETH,2276.150000,2276.350000,-0.9,60711
15:46:26,BTC,77021.920000,77031.500000,-1.2,60726
15:46:26,ETH,2276.700000,2276.950000,-1.1,60726
15:46:41,BTC,77023.460000,77024.700000,-0.2,60741
15:46:41,ETH,2276.760000,2276.940000,-0.8,60741
15:46:56,BTC,77030.210000,77030.800000,-0.1,60756
15:46:56,ETH,2276.980000,2277.110000,-0.6,60756
15:47:11,BTC,77034.110000,77039.800000,-0.7,60771
15:47:11,ETH,2277.130000,2277.250000,-0.5,60771
15:47:26,BTC,77040.460000,77043.500000,-0.4,60786
15:47:26,ETH,2277.280000,2277.360000,-0.4,60786
15:47:41,BTC,77040.460000,77043.600000,-0.4,60801
15:47:41,ETH,2277.280000,2277.390000,-0.5,60801
15:47:56,BTC,77040.460000,77043.500000,-0.4,60816
15:47:56,ETH,2277.280000,2277.390000,-0.5,60816
15:48:11,BTC,77034.230000,77029.700000,0.6,60831
15:48:11,ETH,2277.060000,2276.960000,0.4,60831
15:48:26,BTC,77034.230000,77031.600000,0.3,60846
15:48:26,ETH,2277.050000,2276.970000,0.4,60846
15:48:41,BTC,77034.230000,77031.600000,0.3,60861
15:48:41,ETH,2277.140000,2277.210000,-0.3,60861
15:48:56,BTC,77055.380000,77056.100000,-0.1,60876
15:48:56,ETH,2278.260000,2278.360000,-0.4,60876
15:49:11,BTC,77055.380000,77056.000000,-0.1,60891
15:49:11,ETH,2278.420000,2278.390000,0.1,60891
15:49:26,BTC,77058.730000,77058.100000,0.1,60906
15:49:26,ETH,2278.590000,2278.400000,0.8,60906
15:49:41,BTC,77060.860000,77061.800000,-0.1,60921
15:49:41,ETH,2278.590000,2278.390000,0.9,60921
15:49:56,BTC,77093.990000,77096.400000,-0.3,60936
15:49:56,ETH,2280.190000,2280.060000,0.6,60936
15:50:11,BTC,77095.480000,77096.400000,-0.1,60951
15:50:11,ETH,2280.070000,2280.050000,0.1,60951
15:50:26,BTC,77095.480000,77096.400000,-0.1,60966
15:50:26,ETH,2279.770000,2279.920000,-0.7,60966
15:50:41,ETH,2280.390000,2280.680000,-1.3,60981
15:51:11,BTC,77126.010000,77119.300000,0.9,61011
15:51:11,ETH,2280.520000,2280.680000,-0.7,61011
15:51:26,BTC,77126.000000,77125.700000,0.0,61026
15:51:26,ETH,2280.670000,2280.880000,-0.9,61026
15:51:41,BTC,77132.190000,77133.400000,-0.2,61041
15:51:41,ETH,2280.560000,2280.620000,-0.3,61041
15:51:56,BTC,77118.520000,77109.300000,1.2,61056
15:51:56,ETH,2280.320000,2279.760000,2.5,61056
15:52:11,BTC,77113.260000,77108.500000,0.6,61071
15:52:11,ETH,2280.010000,2280.180000,-0.7,61071
15:52:26,BTC,77117.740000,77114.400000,0.4,61086
15:52:26,ETH,2280.260000,2280.300000,-0.2,61086
15:52:41,BTC,77116.650000,77118.200000,-0.2,61101
15:52:41,ETH,2280.380000,2280.420000,-0.2,61101
15:52:56,BTC,77116.650000,77118.200000,-0.2,61116
15:52:56,ETH,2280.270000,2280.320000,-0.2,61116
15:53:11,BTC,77116.660000,77116.500000,0.0,61131
15:53:11,ETH,2280.170000,2280.320000,-0.7,61131
15:53:26,BTC,77129.780000,77128.000000,0.2,61146
15:53:26,ETH,2280.170000,2280.330000,-0.7,61146
15:53:41,BTC,77134.230000,77135.800000,-0.2,61161
15:53:41,ETH,2280.170000,2280.320000,-0.7,61161
15:53:56,BTC,77140.350000,77139.200000,0.1,61176
15:53:56,ETH,2280.830000,2281.030000,-0.9,61176
15:54:11,BTC,77133.430000,77131.800000,0.2,61191
15:54:11,ETH,2280.460000,2280.620000,-0.7,61191
15:54:26,BTC,77133.430000,77128.900000,0.6,61206
15:54:26,ETH,2280.470000,2280.630000,-0.7,61206
15:54:41,BTC,77133.430000,77132.200000,0.2,61221
15:54:41,ETH,2280.690000,2280.720000,-0.1,61221
15:54:56,BTC,77133.430000,77132.100000,0.2,61236
15:54:56,ETH,2280.690000,2280.720000,-0.1,61236
15:55:11,BTC,77132.660000,77131.700000,0.1,61251
15:55:11,ETH,2280.560000,2280.460000,0.4,61251
15:55:26,BTC,77128.800000,77123.700000,0.7,61266
15:55:26,ETH,2280.310000,2280.370000,-0.3,61266
15:55:41,BTC,77128.800000,77123.800000,0.6,61281
15:55:41,ETH,2279.800000,2279.870000,-0.3,61281
15:55:56,BTC,77128.030000,77126.000000,0.3,61296
15:55:56,ETH,2279.760000,2279.800000,-0.2,61296
15:56:11,BTC,77127.260000,77123.800000,0.4,61311
15:56:11,ETH,2279.600000,2279.650000,-0.2,61311
15:56:26,BTC,77126.490000,77123.700000,0.4,61326
15:56:26,ETH,2279.440000,2279.490000,-0.2,61326
15:56:41,BTC,77126.490000,77123.800000,0.3,61341
15:56:41,ETH,2279.440000,2279.430000,0.0,61341
15:56:56,BTC,77120.660000,77123.700000,-0.4,61356
15:56:56,ETH,2278.900000,2278.890000,0.0,61356
15:57:11,BTC,77114.950000,77115.500000,-0.1,61371
15:57:11,ETH,2278.700000,2278.590000,0.5,61371
15:57:26,BTC,77129.670000,77129.600000,0.0,61386
15:57:26,ETH,2279.280000,2279.310000,-0.1,61386
15:57:41,BTC,77130.560000,77129.600000,0.1,61401
15:57:41,ETH,2279.200000,2279.310000,-0.5,61401
15:57:56,BTC,77130.560000,77129.600000,0.1,61416
15:57:56,ETH,2279.200000,2279.320000,-0.5,61416
15:58:11,BTC,77130.560000,77129.500000,0.1,61431
15:58:11,ETH,2279.200000,2279.320000,-0.5,61431
15:58:26,BTC,77130.560000,77129.500000,0.1,61446
15:58:26,ETH,2279.200000,2279.320000,-0.5,61446
15:58:41,BTC,77121.630000,77115.000000,0.9,61461
15:58:41,ETH,2278.870000,2278.970000,-0.4,61461
15:58:56,BTC,77121.630000,77118.700000,0.4,61476
15:58:56,ETH,2279.110000,2279.280000,-0.7,61476
15:59:11,BTC,77115.720000,77118.800000,-0.4,61491
15:59:11,ETH,2279.110000,2279.270000,-0.7,61491
15:59:26,BTC,77127.390000,77127.500000,-0.0,61506
15:59:26,ETH,2279.430000,2279.630000,-0.9,61506
15:59:41,BTC,77127.400000,77127.400000,0.0,61521
15:59:41,ETH,2279.460000,2279.620000,-0.7,61521
15:59:56,BTC,77130.540000,77127.400000,0.4,61536
15:59:56,ETH,2279.490000,2279.630000,-0.6,61536
16:00:11,BTC,77110.370000,77105.700000,0.6,61551
16:00:11,ETH,2279.250000,2279.220000,0.1,61551
16:00:26,BTC,77115.130000,77113.300000,0.2,61566
16:00:26,ETH,2279.520000,2279.480000,0.2,61566
16:00:41,BTC,77103.560000,77099.900000,0.5,61581
16:00:41,ETH,2278.830000,2278.970000,-0.6,61581
16:00:56,BTC,77103.560000,77100.500000,0.4,61596
16:00:56,ETH,2278.940000,2278.970000,-0.1,61596
16:01:11,BTC,77107.560000,77108.900000,-0.2,61611
16:01:11,ETH,2279.570000,2279.780000,-0.9,61611
16:01:26,BTC,77112.920000,77113.000000,-0.0,61626
16:01:26,ETH,2279.870000,2279.810000,0.3,61626
16:01:41,BTC,77112.910000,77113.000000,-0.0,61641
16:01:41,ETH,2279.870000,2279.820000,0.2,61641
16:01:56,BTC,77112.920000,77113.000000,-0.0,61656
16:01:56,ETH,2280.010000,2280.020000,-0.0,61656
16:02:11,BTC,77094.930000,77097.900000,-0.4,61671
16:02:11,ETH,2279.460000,2279.600000,-0.6,61671
16:02:26,BTC,77094.940000,77097.800000,-0.4,61686
16:02:26,ETH,2279.460000,2279.470000,-0.0,61686
16:02:41,BTC,77091.980000,77091.500000,0.1,61701
16:02:41,ETH,2279.410000,2279.300000,0.5,61701
16:02:56,BTC,77080.420000,77078.500000,0.2,61716
16:02:56,ETH,2278.830000,2278.970000,-0.6,61716
16:03:11,BTC,77075.610000,77078.300000,-0.3,61731
16:03:11,ETH,2278.710000,2278.880000,-0.7,61731
16:03:26,BTC,77071.750000,77068.600000,0.4,61746
16:03:26,ETH,2278.600000,2278.520000,0.4,61746
16:03:41,BTC,77052.230000,77051.300000,0.1,61761
16:03:41,ETH,2277.850000,2277.710000,0.6,61761
16:03:56,BTC,77048.010000,77047.100000,0.1,61776
16:03:56,ETH,2277.440000,2277.360000,0.4,61776
16:04:11,BTC,77053.660000,77050.400000,0.4,61791
16:04:11,ETH,2277.710000,2277.630000,0.4,61791
16:04:26,BTC,77068.800000,77066.800000,0.3,61806
16:04:26,ETH,2278.270000,2278.310000,-0.2,61806
16:04:41,BTC,77068.800000,77067.300000,0.2,61821
16:04:41,ETH,2278.270000,2278.110000,0.7,61821
16:04:56,BTC,77071.460000,77068.000000,0.4,61836
16:04:56,ETH,2278.580000,2278.780000,-0.9,61836
16:05:11,BTC,77089.790000,77081.200000,1.1,61851
16:05:11,ETH,2279.040000,2279.290000,-1.1,61851
16:05:26,BTC,77089.790000,77089.800000,-0.0,61866
16:05:26,ETH,2279.270000,2279.300000,-0.1,61866
16:05:41,BTC,77089.790000,77089.800000,-0.0,61881
16:05:41,ETH,2279.230000,2279.030000,0.9,61881
16:05:56,BTC,77099.870000,77099.000000,0.1,61896
16:05:56,ETH,2279.860000,2279.880000,-0.1,61896
16:06:11,BTC,77109.860000,77113.000000,-0.4,61911
16:06:11,ETH,2280.120000,2280.130000,-0.0,61911
16:06:26,BTC,77109.850000,77112.600000,-0.4,61926
16:06:26,ETH,2280.120000,2279.970000,0.7,61926
16:06:41,BTC,77103.830000,77099.000000,0.6,61941
16:06:41,ETH,2279.460000,2279.300000,0.7,61941
16:06:56,BTC,77103.830000,77102.800000,0.1,61956
16:06:56,ETH,2279.840000,2279.870000,-0.1,61956
16:07:11,BTC,77105.770000,77104.900000,0.1,61971
16:07:11,ETH,2279.830000,2279.690000,0.6,61971
16:07:26,BTC,77105.770000,77104.800000,0.1,61986
16:07:26,ETH,2279.830000,2279.690000,0.6,61986
16:07:41,BTC,77103.820000,77096.400000,1.0,62001
16:07:41,ETH,2279.600000,2279.180000,1.8,62001
16:07:56,BTC,77102.980000,77096.200000,0.9,62016
16:07:56,ETH,2279.240000,2279.070000,0.7,62016
16:08:11,BTC,77127.570000,77128.300000,-0.1,62031
16:08:11,ETH,2280.460000,2280.450000,0.0,62031
16:08:26,BTC,77127.580000,77128.400000,-0.1,62046
16:08:26,ETH,2280.520000,2280.310000,0.9,62046
16:08:41,BTC,77137.130000,77139.800000,-0.3,62061
16:08:41,ETH,2280.690000,2280.560000,0.6,62061
16:08:56,BTC,77147.890000,77144.700000,0.4,62076
16:08:56,ETH,2280.680000,2280.560000,0.5,62076
16:09:11,BTC,77144.910000,77139.700000,0.7,62091
16:09:11,ETH,2280.780000,2280.560000,1.0,62091
16:09:26,BTC,77137.130000,77137.400000,-0.0,62106
16:09:26,ETH,2280.450000,2280.440000,0.0,62106
16:09:41,BTC,77137.000000,77134.700000,0.3,62121
16:09:41,ETH,2280.460000,2280.280000,0.8,62121
16:09:56,BTC,77137.000000,77134.800000,0.3,62136
16:09:56,ETH,2280.460000,2280.450000,0.0,62136
16:10:11,BTC,77137.000000,77134.700000,0.3,62151
16:10:11,ETH,2280.650000,2280.560000,0.4,62151
16:10:26,BTC,77137.000000,77134.800000,0.3,62166
16:10:26,ETH,2281.120000,2280.980000,0.6,62166
16:10:41,BTC,77144.990000,77144.700000,0.0,62181
16:10:41,ETH,2281.540000,2281.550000,-0.0,62181
16:10:56,BTC,77149.990000,77148.100000,0.2,62196
16:10:56,ETH,2281.400000,2281.380000,0.1,62196
16:11:11,BTC,77150.000000,77148.100000,0.2,62211
16:11:11,ETH,2281.550000,2281.590000,-0.2,62211
16:11:26,BTC,77165.310000,77164.600000,0.1,62226
16:11:26,ETH,2282.000000,2282.160000,-0.7,62226
16:11:41,BTC,77168.770000,77168.500000,0.0,62241
16:11:41,ETH,2282.050000,2282.110000,-0.3,62241
16:11:56,BTC,77183.180000,77177.800000,0.7,62256
16:11:56,ETH,2282.600000,2282.490000,0.5,62256
16:12:11,BTC,77183.180000,77182.300000,0.1,62271
16:12:11,ETH,2282.820000,2282.630000,0.8,62271
16:12:26,BTC,77187.490000,77187.300000,0.0,62286
16:12:26,ETH,2282.550000,2282.420000,0.6,62286
16:12:41,BTC,77177.060000,77183.500000,-0.8,62301
16:12:41,ETH,2282.280000,2282.100000,0.8,62301
16:12:56,BTC,77177.070000,77170.500000,0.9,62316
16:12:56,ETH,2282.140000,2281.870000,1.2,62316
16:13:11,BTC,77177.070000,77170.600000,0.8,62331
16:13:11,ETH,2282.010000,2281.870000,0.6,62331
16:13:26,BTC,77173.220000,77168.000000,0.7,62346
16:13:26,ETH,2281.690000,2281.670000,0.1,62346
16:13:42,BTC,77173.230000,77168.000000,0.7,62361
16:13:42,ETH,2281.680000,2281.580000,0.4,62361
16:13:57,BTC,77173.230000,77170.300000,0.4,62376
16:13:57,ETH,2281.840000,2281.690000,0.7,62376
16:14:12,BTC,77186.740000,77187.800000,-0.1,62391
16:14:12,ETH,2282.260000,2282.320000,-0.3,62391
16:14:27,BTC,77180.550000,77177.400000,0.4,62406
16:14:27,ETH,2282.000000,2281.850000,0.7,62406
16:14:42,BTC,77249.860000,77247.700000,0.3,62421
16:14:42,ETH,2283.520000,2283.420000,0.4,62421
16:14:57,BTC,77245.770000,77247.700000,-0.2,62436
16:14:57,ETH,2283.900000,2283.910000,-0.0,62436
16:15:12,BTC,77247.090000,77240.400000,0.9,62451
16:15:12,ETH,2283.560000,2283.470000,0.4,62451
16:15:27,BTC,77231.620000,77227.200000,0.6,62466
16:15:27,ETH,2283.160000,2283.100000,0.3,62466
16:15:42,BTC,77227.750000,77227.300000,0.1,62481
16:15:42,ETH,2283.280000,2283.160000,0.5,62481
16:15:57,BTC,77355.640000,77353.300000,0.3,62496
16:15:57,ETH,2285.960000,2285.940000,0.1,62496
16:16:12,BTC,77389.680000,77376.700000,1.7,62511
16:16:12,ETH,2287.150000,2287.170000,-0.1,62511
16:16:27,BTC,77373.040000,77376.300000,-0.4,62526
16:16:27,ETH,2286.610000,2286.490000,0.5,62526
16:16:42,BTC,77375.570000,77376.300000,-0.1,62541
16:16:42,ETH,2285.760000,2285.680000,0.4,62541
16:16:57,BTC,77357.390000,77356.600000,0.1,62556
16:16:57,ETH,2285.360000,2285.480000,-0.5,62556
16:17:12,BTC,77357.400000,77351.400000,0.8,62571
16:17:12,ETH,2285.360000,2285.350000,0.0,62571
16:17:27,BTC,77349.510000,77344.700000,0.6,62586
16:17:27,ETH,2284.810000,2284.460000,1.5,62586
16:17:42,BTC,77360.840000,77361.200000,-0.0,62601
16:17:42,ETH,2285.290000,2285.300000,-0.0,62601
16:17:57,BTC,77358.650000,77357.300000,0.2,62616
16:17:57,ETH,2285.230000,2285.180000,0.2,62616
16:18:12,BTC,77354.810000,77354.900000,-0.0,62631
16:18:12,ETH,2285.040000,2285.210000,-0.7,62631
16:18:27,BTC,77354.800000,77355.000000,-0.0,62646
16:18:27,ETH,2285.040000,2284.850000,0.8,62646
16:18:42,BTC,77354.800000,77355.300000,-0.1,62661
16:18:42,ETH,2284.600000,2284.820000,-1.0,62661
16:18:57,BTC,77354.800000,77356.100000,-0.2,62676
16:18:57,ETH,2285.160000,2285.040000,0.5,62676
16:19:12,BTC,77347.770000,77347.800000,-0.0,62691
16:19:12,ETH,2284.740000,2284.800000,-0.3,62691
16:19:27,BTC,77345.380000,77350.500000,-0.7,62706
16:19:27,ETH,2284.610000,2284.470000,0.6,62706
16:19:42,BTC,77345.380000,77350.600000,-0.7,62721
16:19:42,ETH,2284.600000,2284.470000,0.6,62721
16:19:57,BTC,77353.100000,77350.600000,0.3,62736
16:19:57,ETH,2284.430000,2284.400000,0.1,62736
16:20:12,BTC,77353.100000,77350.600000,0.3,62751
16:20:12,ETH,2284.420000,2284.310000,0.5,62751
16:20:27,BTC,77417.620000,77417.800000,-0.0,62766
16:20:27,ETH,2287.110000,2287.430000,-1.4,62766
16:20:42,BTC,77404.010000,77406.300000,-0.3,62781
16:20:42,ETH,2286.050000,2286.190000,-0.6,62781
16:20:57,BTC,77392.350000,77389.200000,0.4,62796
16:20:57,ETH,2285.870000,2286.000000,-0.6,62796
16:21:12,BTC,77373.020000,77362.700000,1.3,62811
16:21:12,ETH,2285.590000,2285.510000,0.4,62811
16:21:27,BTC,77360.010000,77352.700000,0.9,62826
16:21:27,ETH,2284.830000,2284.480000,1.5,62826
16:21:42,BTC,77371.160000,77375.400000,-0.5,62841
16:21:42,ETH,2285.420000,2285.430000,-0.0,62841
16:21:57,BTC,77393.240000,77390.000000,0.4,62856
16:21:57,ETH,2285.920000,2285.850000,0.3,62856
16:22:12,BTC,77394.370000,77395.400000,-0.1,62871
16:22:12,ETH,2286.330000,2286.300000,0.1,62871
16:22:27,BTC,77381.970000,77374.900000,0.9,62886
16:22:27,ETH,2285.640000,2285.580000,0.3,62886
16:22:42,BTC,77397.020000,77406.300000,-1.2,62901
16:22:42,ETH,2286.170000,2286.070000,0.4,62901
16:22:57,BTC,77416.720000,77419.400000,-0.3,62916
16:22:57,ETH,2286.440000,2286.370000,0.3,62916
16:23:12,BTC,77424.250000,77419.900000,0.6,62931
16:23:12,ETH,2286.530000,2286.700000,-0.7,62931
16:23:27,BTC,77403.540000,77396.300000,0.9,62946
16:23:27,ETH,2285.800000,2285.580000,1.0,62946
16:23:42,BTC,77402.600000,77396.400000,0.8,62961
16:23:42,ETH,2286.190000,2285.490000,3.1,62961
16:23:57,BTC,77415.890000,77416.700000,-0.1,62976
16:23:57,ETH,2286.530000,2286.550000,-0.1,62976
16:24:12,BTC,77420.460000,77419.900000,0.1,62991
16:24:12,ETH,2287.010000,2287.020000,-0.0,62991
16:24:27,BTC,77420.450000,77415.000000,0.7,63006
16:24:27,ETH,2286.750000,2286.630000,0.5,63006
16:24:42,BTC,77499.800000,77499.900000,-0.0,63021
16:24:42,ETH,2288.430000,2288.430000,0.0,63021
16:24:57,BTC,77495.260000,77499.900000,-0.6,63036
16:24:57,ETH,2288.290000,2288.300000,-0.0,63036
16:25:12,BTC,77456.070000,77453.100000,0.4,63051
16:25:12,ETH,2286.660000,2286.600000,0.3,63051
16:25:27,BTC,77452.190000,77442.400000,1.3,63066
16:25:27,ETH,2286.900000,2287.040000,-0.6,63066
16:25:42,BTC,77462.980000,77455.800000,0.9,63081
16:25:42,ETH,2288.100000,2288.020000,0.3,63081
16:25:57,BTC,77459.610000,77455.600000,0.5,63096
16:25:57,ETH,2287.860000,2287.660000,0.9,63096
16:26:12,BTC,77443.120000,77435.700000,1.0,63111
16:26:12,ETH,2287.460000,2287.170000,1.3,63111
16:26:27,BTC,77449.050000,77445.500000,0.5,63126
16:26:27,ETH,2287.780000,2287.590000,0.8,63126
16:26:42,BTC,77454.000000,77449.400000,0.6,63141
16:26:42,ETH,2287.580000,2287.590000,-0.0,63141
16:26:57,BTC,77467.630000,77461.500000,0.8,63156
16:26:57,ETH,2287.440000,2287.450000,-0.0,63156
16:27:12,BTC,77466.000000,77459.200000,0.9,63171
16:27:12,ETH,2287.590000,2287.600000,-0.0,63171
16:27:27,BTC,77465.990000,77457.100000,1.1,63186
16:27:27,ETH,2287.940000,2288.050000,-0.5,63186
16:27:42,BTC,77465.590000,77450.000000,2.0,63201
16:27:42,ETH,2287.780000,2287.690000,0.4,63201
16:27:57,BTC,77449.730000,77436.500000,1.7,63216
16:27:57,ETH,2287.170000,2287.010000,0.7,63216
16:28:12,BTC,77447.650000,77442.200000,0.7,63231
16:28:12,ETH,2287.180000,2287.050000,0.6,63231
16:28:27,BTC,77470.430000,77463.800000,0.9,63246
16:28:27,ETH,2287.530000,2287.540000,-0.0,63246
16:28:42,BTC,77470.700000,77467.900000,0.4,63261
16:28:42,ETH,2287.620000,2287.490000,0.6,63261
16:28:57,BTC,77470.690000,77463.800000,0.9,63276
16:28:57,ETH,2287.450000,2287.440000,0.0,63276
16:29:12,BTC,77470.700000,77457.400000,1.7,63291
16:29:12,ETH,2287.440000,2287.420000,0.1,63291
16:29:27,BTC,77455.000000,77444.700000,1.3,63306
16:29:27,ETH,2287.370000,2287.150000,1.0,63306
16:29:42,BTC,77440.740000,77432.700000,1.0,63321
16:29:42,ETH,2286.400000,2286.460000,-0.3,63321
16:29:57,BTC,77440.730000,77431.900000,1.1,63337
16:29:57,ETH,2286.410000,2286.350000,0.3,63337
16:30:12,BTC,77440.740000,77439.700000,0.1,63352
16:30:12,ETH,2286.340000,2286.350000,-0.0,63352
16:30:27,BTC,77457.980000,77459.900000,-0.2,63367
16:30:27,ETH,2286.910000,2286.760000,0.7,63367
16:30:42,BTC,77450.680000,77449.000000,0.2,63382
16:30:42,ETH,2286.460000,2286.400000,0.3,63382
16:30:57,BTC,77440.730000,77431.200000,1.2,63397
16:30:57,ETH,2286.000000,2285.770000,1.0,63397
16:31:12,BTC,77434.490000,77424.700000,1.3,63412
16:31:12,ETH,2285.460000,2285.500000,-0.2,63412
16:31:27,BTC,77428.950000,77424.600000,0.6,63427
16:31:27,ETH,2285.440000,2285.520000,-0.4,63427
16:31:42,BTC,77428.950000,77424.600000,0.6,63442
16:31:42,ETH,2285.370000,2285.300000,0.3,63442
16:31:57,BTC,77434.480000,77435.000000,-0.1,63457
16:31:57,ETH,2285.720000,2285.890000,-0.7,63457
16:32:12,BTC,77442.030000,77445.700000,-0.5,63472
16:32:12,ETH,2286.100000,2286.310000,-0.9,63472
16:32:27,BTC,77442.030000,77438.900000,0.4,63487
16:32:27,ETH,2285.820000,2285.680000,0.6,63487
16:32:42,BTC,77450.840000,77453.700000,-0.4,63502
16:32:42,ETH,2286.100000,2286.340000,-1.0,63502
16:32:57,BTC,77447.230000,77445.700000,0.2,63517
16:32:57,ETH,2286.090000,2286.070000,0.1,63517
16:33:12,BTC,77447.240000,77442.000000,0.7,63532
16:33:12,ETH,2286.100000,2285.810000,1.3,63532
16:33:27,BTC,77447.240000,77442.000000,0.7,63547
16:33:27,ETH,2286.090000,2285.800000,1.3,63547
16:33:42,BTC,77443.200000,77429.600000,1.8,63562
16:33:42,ETH,2285.860000,2285.900000,-0.2,63562
16:33:57,BTC,77437.670000,77441.200000,-0.5,63577
16:33:57,ETH,2286.300000,2286.380000,-0.3,63577
16:34:12,BTC,77437.680000,77441.300000,-0.5,63592
16:34:12,ETH,2286.290000,2286.400000,-0.5,63592
16:34:27,BTC,77428.960000,77425.700000,0.4,63607
16:34:27,ETH,2286.090000,2286.150000,-0.3,63607
16:34:42,BTC,77428.960000,77424.000000,0.6,63622
16:34:42,ETH,2286.090000,2286.140000,-0.2,63622
16:34:57,BTC,77423.340000,77421.900000,0.2,63637
16:34:57,ETH,2285.980000,2285.860000,0.5,63637
16:35:12,BTC,77400.360000,77402.200000,-0.2,63652
16:35:12,ETH,2285.440000,2285.350000,0.4,63652
16:35:27,BTC,77417.510000,77417.300000,0.0,63667
16:35:27,ETH,2285.700000,2285.730000,-0.1,63667
16:35:42,BTC,77408.460000,77404.400000,0.5,63682
16:35:42,ETH,2285.430000,2285.230000,0.9,63682
16:35:57,BTC,77408.460000,77404.500000,0.5,63697
16:35:57,ETH,2285.430000,2285.360000,0.3,63697
16:36:12,BTC,77388.180000,77383.400000,0.6,63712
16:36:12,ETH,2284.420000,2284.380000,0.2,63712
16:36:27,BTC,77378.340000,77375.900000,0.3,63727
16:36:27,ETH,2284.420000,2284.470000,-0.2,63727
16:36:42,BTC,77380.520000,77376.000000,0.6,63742
16:36:42,ETH,2284.540000,2284.600000,-0.3,63742
16:36:57,BTC,77379.560000,77376.000000,0.5,63757
16:36:57,ETH,2284.540000,2284.600000,-0.3,63757
16:37:12,BTC,77389.940000,77385.900000,0.5,63772
16:37:12,ETH,2285.290000,2285.190000,0.4,63772
16:37:27,BTC,77389.930000,77385.900000,0.5,63787
16:37:27,ETH,2285.300000,2285.180000,0.5,63787
16:37:42,BTC,77389.650000,77384.000000,0.7,63802
16:37:42,ETH,2285.420000,2285.180000,1.1,63802
16:37:57,BTC,77421.460000,77415.500000,0.8,63817
16:37:57,ETH,2286.020000,2286.120000,-0.4,63817
16:38:12,BTC,77421.470000,77422.200000,-0.1,63832
16:38:12,ETH,2286.990000,2286.930000,0.3,63832
16:38:27,BTC,77417.750000,77416.500000,0.2,63847
16:38:27,ETH,2286.510000,2286.230000,1.2,63847
16:38:42,BTC,77411.950000,77406.500000,0.7,63862
16:38:42,ETH,2286.020000,2285.670000,1.5,63862
16:38:57,BTC,77406.000000,77407.300000,-0.2,63877
16:38:57,ETH,2286.150000,2285.980000,0.7,63877
16:39:12,BTC,77408.480000,77406.400000,0.3,63892
16:39:12,ETH,2286.350000,2286.330000,0.1,63892
16:39:27,BTC,77408.480000,77406.500000,0.3,63907
16:39:27,ETH,2286.150000,2286.100000,0.2,63907
16:39:42,BTC,77410.630000,77414.100000,-0.4,63922
16:39:42,ETH,2286.140000,2286.180000,-0.2,63922
16:39:57,BTC,77410.630000,77414.100000,-0.4,63937
16:39:57,ETH,2286.150000,2286.310000,-0.7,63937
16:40:12,BTC,77404.760000,77400.200000,0.6,63952
16:40:12,ETH,2285.750000,2285.680000,0.3,63952
16:40:27,BTC,77404.770000,77405.000000,-0.0,63967
16:40:27,ETH,2285.900000,2286.060000,-0.7,63967
16:40:42,BTC,77418.270000,77415.500000,0.4,63982
16:40:42,ETH,2286.140000,2286.310000,-0.7,63982
16:40:57,BTC,77419.670000,77422.000000,-0.3,63997
16:40:57,ETH,2286.150000,2286.150000,0.0,63997
16:41:12,BTC,77419.670000,77415.400000,0.6,64012
16:41:12,ETH,2285.990000,2285.780000,0.9,64012
16:41:27,BTC,77419.660000,77420.800000,-0.1,64027
16:41:27,ETH,2285.990000,2286.000000,-0.0,64027
16:41:42,BTC,77414.720000,77411.100000,0.5,64042
16:41:42,ETH,2285.770000,2285.680000,0.4,64042
16:41:57,BTC,77414.730000,77418.800000,-0.5,64057
16:41:57,ETH,2286.240000,2286.260000,-0.1,64057
16:42:12,BTC,77414.730000,77417.200000,-0.3,64072
16:42:12,ETH,2286.250000,2286.150000,0.4,64072
16:42:27,BTC,77409.140000,77401.800000,0.9,64087
16:42:27,ETH,2286.050000,2285.830000,1.0,64087
16:42:42,BTC,77389.860000,77384.800000,0.7,64102
16:42:42,ETH,2285.580000,2285.560000,0.1,64102
16:42:57,BTC,77384.390000,77385.800000,-0.2,64117
16:42:57,ETH,2285.530000,2285.550000,-0.1,64117
16:43:12,BTC,77378.150000,77371.100000,0.9,64132
16:43:12,ETH,2285.410000,2285.240000,0.7,64132
16:43:27,BTC,77374.280000,77365.100000,1.2,64147
16:43:27,ETH,2285.070000,2285.050000,0.1,64147
16:43:42,BTC,77368.200000,77362.300000,0.8,64162
16:43:42,ETH,2285.070000,2285.040000,0.1,64162
16:43:57,BTC,77368.190000,77366.300000,0.2,64177
16:43:57,ETH,2285.070000,2285.050000,0.1,64177
16:44:12,BTC,77361.830000,77359.800000,0.3,64192
16:44:12,ETH,2285.000000,2284.710000,1.3,64192
16:44:27,BTC,77361.830000,77365.500000,-0.5,64207
16:44:27,ETH,2285.010000,2285.040000,-0.1,64207
16:44:42,BTC,77361.830000,77359.400000,0.3,64222
16:44:42,ETH,2284.990000,2284.780000,0.9,64222
16:44:57,BTC,77361.820000,77359.300000,0.3,64237
16:44:57,ETH,2284.840000,2284.710000,0.6,64237
16:45:12,BTC,77370.670000,77375.500000,-0.6,64252
16:45:12,ETH,2284.950000,2284.770000,0.8,64252
16:45:27,BTC,77370.670000,77370.600000,0.0,64267
16:45:27,ETH,2284.890000,2284.760000,0.6,64267
16:45:42,BTC,77365.000000,77359.200000,0.7,64282
16:45:42,ETH,2284.680000,2284.510000,0.7,64282
16:45:57,BTC,77361.830000,77356.500000,0.7,64297
16:45:57,ETH,2284.440000,2284.310000,0.6,64297
16:46:12,BTC,77361.830000,77352.800000,1.2,64312
16:46:12,ETH,2284.440000,2284.310000,0.6,64312
16:46:27,BTC,77361.820000,77352.900000,1.2,64327
16:46:27,ETH,2283.890000,2283.770000,0.5,64327
16:46:42,BTC,77361.830000,77348.900000,1.7,64342
16:46:42,ETH,2283.560000,2283.700000,-0.6,64342
16:46:57,ETH,2284.340000,2284.330000,0.0,64357
16:47:26,BTC,77365.990000,77360.100000,0.8,64386
16:47:26,ETH,2284.340000,2284.330000,0.0,64386
16:47:41,BTC,77365.010000,77358.300000,0.9,64401
16:47:41,ETH,2284.590000,2284.690000,-0.4,64401
16:47:56,BTC,77365.010000,77358.200000,0.9,64416
16:47:56,ETH,2284.870000,2284.840000,0.1,64416
16:48:11,ETH,2284.620000,2284.530000,0.4,64431
16:48:39,BTC,77361.830000,77362.500000,-0.1,64459
16:48:39,ETH,2284.620000,2284.390000,1.0,64459
16:48:54,BTC,77361.830000,77358.700000,0.4,64474
16:48:54,ETH,2284.430000,2284.240000,0.8,64474
16:49:09,BTC,77361.830000,77358.700000,0.4,64489
16:49:09,ETH,2284.620000,2284.660000,-0.2,64489
16:49:24,BTC,77361.830000,77358.700000,0.4,64504
16:49:24,ETH,2284.620000,2284.660000,-0.2,64504
16:49:39,BTC,77361.820000,77358.800000,0.4,64519
16:49:39,ETH,2284.870000,2284.700000,0.7,64519
16:49:54,BTC,77361.820000,77358.800000,0.4,64534
16:49:54,ETH,2284.870000,2284.690000,0.8,64534
16:50:09,BTC,77361.830000,77358.700000,0.4,64549
16:50:09,ETH,2285.210000,2284.700000,2.2,64549
16:50:24,BTC,77380.770000,77379.100000,0.2,64564
16:50:24,ETH,2285.990000,2285.990000,0.0,64564
16:50:39,BTC,77366.980000,77360.700000,0.8,64579
16:50:39,ETH,2285.720000,2285.470000,1.1,64579
16:50:54,BTC,77366.970000,77360.600000,0.8,64594
16:50:54,ETH,2285.710000,2285.470000,1.1,64594
16:51:09,BTC,77366.980000,77360.700000,0.8,64609
16:51:09,ETH,2285.330000,2285.120000,0.9,64609
16:51:24,BTC,77366.980000,77360.800000,0.8,64624
16:51:24,ETH,2285.330000,2285.330000,0.0,64624
16:51:39,BTC,77366.970000,77360.700000,0.8,64639
16:51:39,ETH,2285.330000,2285.210000,0.5,64639
16:51:54,BTC,77366.980000,77363.000000,0.5,64654
16:51:54,ETH,2285.460000,2285.340000,0.5,64654
16:52:09,BTC,77366.970000,77366.100000,0.1,64669
16:52:09,ETH,2285.450000,2285.460000,-0.0,64669
16:52:24,BTC,77365.410000,77363.000000,0.3,64684
16:52:24,ETH,2285.460000,2285.250000,0.9,64684
16:52:39,BTC,77365.400000,77362.500000,0.4,64699
16:52:39,ETH,2285.270000,2284.940000,1.4,64699
16:52:54,BTC,77365.400000,77350.000000,2.0,64714
16:52:54,ETH,2285.260000,2284.930000,1.4,64714
16:53:09,BTC,77365.400000,77356.600000,1.1,64729
16:53:09,ETH,2285.320000,2285.240000,0.4,64729
16:53:24,BTC,77365.410000,77356.700000,1.1,64744
16:53:24,ETH,2285.250000,2284.950000,1.3,64744
16:53:39,BTC,77362.010000,77356.600000,0.7,64759
16:53:39,ETH,2285.250000,2284.950000,1.3,64759
16:53:54,BTC,77362.000000,77356.700000,0.7,64774
16:53:54,ETH,2285.260000,2285.000000,1.1,64774
16:54:09,BTC,77362.000000,77356.700000,0.7,64789
16:54:09,ETH,2285.260000,2285.240000,0.1,64789
16:54:24,BTC,77362.010000,77356.700000,0.7,64804
16:54:24,ETH,2285.260000,2285.240000,0.1,64804
16:54:39,BTC,77362.010000,77356.700000,0.7,64819
16:54:39,ETH,2285.250000,2285.230000,0.1,64819
16:54:54,BTC,77358.160000,77356.600000,0.2,64834
16:54:54,ETH,2285.120000,2284.940000,0.8,64834
16:55:09,BTC,77358.160000,77352.300000,0.8,64849
16:55:09,ETH,2284.910000,2284.730000,0.8,64849
16:55:24,BTC,77358.150000,77356.500000,0.2,64864
16:55:24,ETH,2284.940000,2285.000000,-0.3,64864
16:55:39,BTC,77358.160000,77358.300000,-0.0,64879
16:55:39,ETH,2285.050000,2285.070000,-0.1,64879
16:55:54,BTC,77358.160000,77358.400000,-0.0,64894
16:55:54,ETH,2285.040000,2284.890000,0.7,64894
16:56:09,BTC,77358.160000,77358.300000,-0.0,64909
16:56:09,ETH,2285.040000,2284.890000,0.7,64909
16:56:24,BTC,77358.160000,77358.300000,-0.0,64924
16:56:24,ETH,2285.050000,2284.890000,0.7,64924
16:56:39,BTC,77358.150000,77362.800000,-0.6,64939
16:56:39,ETH,2285.260000,2285.130000,0.6,64939
16:56:54,BTC,77358.160000,77362.800000,-0.6,64954
16:56:54,ETH,2285.440000,2285.220000,1.0,64954
16:57:09,BTC,77358.160000,77355.400000,0.4,64969
16:57:09,ETH,2285.450000,2285.440000,0.0,64969
16:57:24,BTC,77358.160000,77355.500000,0.3,64984
16:57:24,ETH,2285.680000,2285.550000,0.6,64984
16:57:39,BTC,77358.160000,77356.900000,0.2,64999
16:57:39,ETH,2285.680000,2285.540000,0.6,64999
16:57:54,BTC,77358.160000,77360.200000,-0.3,65014
16:57:54,ETH,2286.350000,2285.950000,1.7,65014
16:58:09,BTC,77358.160000,77360.100000,-0.3,65029
16:58:09,ETH,2286.500000,2286.170000,1.4,65029
16:58:24,BTC,77377.480000,77362.800000,1.9,65044
16:58:24,ETH,2286.510000,2286.490000,0.1,65044
16:58:39,BTC,77377.470000,77384.400000,-0.9,65059
16:58:39,ETH,2286.560000,2286.490000,0.3,65059
16:58:54,BTC,77377.480000,77370.100000,1.0,65074
16:58:54,ETH,2286.600000,2286.480000,0.5,65074
16:59:09,BTC,77377.470000,77377.400000,0.0,65089
16:59:09,ETH,2287.110000,2287.000000,0.5,65089
16:59:24,BTC,77377.480000,77377.300000,0.0,65104
16:59:24,ETH,2286.920000,2286.650000,1.2,65104
16:59:39,BTC,77377.480000,77373.900000,0.5,65119
16:59:39,ETH,2286.930000,2286.810000,0.5,65119
16:59:54,BTC,77377.480000,77373.200000,0.6,65134
16:59:54,ETH,2286.920000,2286.740000,0.8,65134
17:00:09,BTC,77377.470000,77375.400000,0.3,65149
17:00:09,ETH,2286.990000,2286.710000,1.2,65149
17:00:24,BTC,77385.000000,77383.200000,0.2,65164
17:00:24,ETH,2287.020000,2286.930000,0.4,65164
17:00:39,BTC,77385.000000,77383.200000,0.2,65179
17:00:39,ETH,2287.030000,2286.790000,1.0,65179
17:00:54,BTC,77384.990000,77383.200000,0.2,65194
17:00:54,ETH,2286.910000,2286.680000,1.0,65194
17:01:09,BTC,77384.990000,77379.800000,0.7,65209
17:01:09,ETH,2286.040000,2286.110000,-0.3,65209
17:01:24,BTC,77385.000000,77379.800000,0.7,65224
17:01:24,ETH,2286.030000,2285.890000,0.6,65224
17:01:39,BTC,77384.990000,77379.700000,0.7,65239
17:01:39,ETH,2285.720000,2285.590000,0.6,65239
17:01:54,BTC,77366.000000,77362.700000,0.4,65254
17:01:54,ETH,2285.360000,2285.360000,0.0,65254
17:02:09,BTC,77361.540000,77356.900000,0.6,65269
17:02:09,ETH,2285.110000,2285.010000,0.4,65269
17:02:24,BTC,77361.540000,77357.000000,0.6,65284
17:02:24,ETH,2284.710000,2284.640000,0.3,65284
17:02:39,BTC,77358.150000,77357.000000,0.1,65299
17:02:39,ETH,2284.470000,2284.310000,0.7,65299
17:02:54,BTC,77354.800000,77356.900000,-0.3,65314
17:02:54,ETH,2284.430000,2284.050000,1.7,65314
17:03:09,BTC,77335.420000,77331.900000,0.5,65329
17:03:09,ETH,2283.810000,2283.520000,1.3,65329
17:03:24,BTC,77318.850000,77315.000000,0.5,65344
17:03:24,ETH,2283.950000,2283.830000,0.5,65344
17:03:39,BTC,77311.340000,77307.800000,0.5,65359
17:03:39,ETH,2284.130000,2284.010000,0.5,65359
17:03:54,BTC,77295.870000,77294.700000,0.2,65374
17:03:54,ETH,2283.960000,2283.850000,0.5,65374
17:04:09,BTC,77293.030000,77291.600000,0.2,65389
17:04:09,ETH,2283.370000,2283.270000,0.4,65389
17:04:24,BTC,77293.040000,77291.600000,0.2,65404
17:04:24,ETH,2283.370000,2283.280000,0.4,65404
17:04:39,BTC,77305.160000,77309.100000,-0.5,65419
17:04:39,ETH,2284.130000,2284.130000,0.0,65419
17:04:54,BTC,77320.960000,77325.700000,-0.6,65434
17:04:54,ETH,2284.520000,2284.360000,0.7,65434
17:05:09,ETH,2284.550000,2284.560000,-0.0,65449
17:05:39,BTC,77320.970000,77324.200000,-0.4,65479
17:05:39,ETH,2284.560000,2284.560000,0.0,65479
17:05:54,BTC,77335.860000,77343.100000,-0.9,65494
17:05:54,ETH,2285.290000,2285.220000,0.3,65494
17:06:09,BTC,77339.180000,77336.800000,0.3,65509
17:06:09,ETH,2285.290000,2285.010000,1.2,65509
17:06:24,BTC,77339.180000,77336.800000,0.3,65524
17:06:24,ETH,2285.250000,2284.990000,1.1,65524
17:06:39,BTC,77339.190000,77336.700000,0.3,65539
17:06:39,ETH,2285.160000,2285.150000,0.0,65539
17:06:54,BTC,77339.180000,77336.800000,0.3,65554
17:06:54,ETH,2285.160000,2285.050000,0.5,65554
17:07:09,BTC,77339.190000,77340.500000,-0.2,65569
17:07:09,ETH,2285.260000,2285.040000,1.0,65569
17:07:24,BTC,77339.180000,77336.800000,0.3,65584
17:07:24,ETH,2285.070000,2284.630000,1.9,65584
17:07:39,BTC,77331.770000,77324.900000,0.9,65599
17:07:39,ETH,2284.410000,2284.140000,1.2,65599
17:07:54,BTC,77330.720000,77321.100000,1.2,65614
17:07:54,ETH,2284.520000,2284.340000,0.8,65614
17:08:09,BTC,77323.440000,77316.000000,1.0,65629
17:08:09,ETH,2284.520000,2284.460000,0.3,65629
17:08:24,BTC,77332.500000,77324.800000,1.0,65644
17:08:24,ETH,2284.770000,2284.810000,-0.2,65644
17:08:39,BTC,77326.420000,77321.000000,0.7,65659
17:08:39,ETH,2284.770000,2284.470000,1.3,65659
17:08:54,BTC,77323.680000,77323.100000,0.1,65674
17:08:54,ETH,2284.770000,2284.510000,1.1,65674
17:09:09,BTC,77320.010000,77319.300000,0.1,65689
17:09:09,ETH,2284.780000,2284.600000,0.8,65689
17:09:24,BTC,77320.010000,77320.900000,-0.1,65704
17:09:24,ETH,2284.900000,2284.850000,0.2,65704
17:09:39,BTC,77348.270000,77355.300000,-0.9,65719
17:09:39,ETH,2285.290000,2285.000000,1.3,65719
17:09:54,BTC,77347.910000,77344.100000,0.5,65734
17:09:54,ETH,2285.390000,2285.060000,1.4,65734
17:10:09,BTC,77347.920000,77346.600000,0.2,65749
17:10:09,ETH,2285.250000,2285.200000,0.2,65749
17:10:24,BTC,77347.910000,77348.200000,-0.0,65764
17:10:24,ETH,2285.250000,2285.000000,1.1,65764
17:10:39,BTC,77344.460000,77337.200000,0.9,65779
17:10:39,ETH,2285.260000,2284.800000,2.0,65779
17:10:54,BTC,77344.460000,77345.100000,-0.1,65794
17:10:54,ETH,2285.260000,2285.180000,0.4,65794
17:11:09,BTC,77344.460000,77349.800000,-0.7,65809
17:11:09,ETH,2285.250000,2285.180000,0.3,65809
17:11:24,BTC,77344.450000,77348.300000,-0.5,65824
17:11:24,ETH,2285.290000,2285.180000,0.5,65824
17:11:39,BTC,77347.910000,77350.200000,-0.3,65839
17:11:39,ETH,2285.280000,2285.180000,0.4,65839
17:11:54,BTC,77347.910000,77350.100000,-0.3,65854
17:11:54,ETH,2285.280000,2285.190000,0.4,65854
17:12:09,BTC,77347.910000,77350.100000,-0.3,65869
17:12:09,ETH,2285.530000,2285.500000,0.1,65869
17:12:24,BTC,77347.920000,77342.100000,0.8,65884
17:12:24,ETH,2285.320000,2285.200000,0.5,65884
17:12:39,BTC,77347.920000,77342.000000,0.8,65899
17:12:39,ETH,2285.540000,2285.510000,0.1,65899
17:12:54,BTC,77347.920000,77342.100000,0.8,65914
17:12:54,ETH,2285.480000,2285.510000,-0.1,65914
17:13:09,BTC,77338.810000,77340.000000,-0.2,65929
17:13:09,ETH,2285.340000,2285.010000,1.4,65929
17:13:24,BTC,77329.470000,77323.300000,0.8,65944
17:13:24,ETH,2285.180000,2285.150000,0.1,65944
17:13:39,BTC,77329.480000,77323.400000,0.8,65959
17:13:39,ETH,2285.190000,2285.070000,0.5,65959
17:13:54,BTC,77329.480000,77329.700000,-0.0,65974
17:13:54,ETH,2285.600000,2285.680000,-0.4,65974
17:14:09,BTC,77329.470000,77329.800000,-0.0,65989
17:14:09,ETH,2285.600000,2285.670000,-0.3,65989
17:14:24,BTC,77329.470000,77329.700000,-0.0,66004
17:14:24,ETH,2285.610000,2285.600000,0.0,66004
17:14:39,BTC,77329.480000,77332.700000,-0.4,66019
17:14:39,ETH,2285.610000,2285.600000,0.0,66019
17:14:54,BTC,77338.740000,77334.300000,0.6,66034
17:14:54,ETH,2285.600000,2285.610000,-0.0,66034
17:15:09,BTC,77338.730000,77334.300000,0.6,66049
17:15:09,ETH,2285.600000,2285.520000,0.4,66049
17:15:24,BTC,77338.740000,77334.200000,0.6,66064
17:15:24,ETH,2285.600000,2285.310000,1.3,66064
17:15:39,BTC,77338.740000,77340.800000,-0.3,66079
17:15:39,ETH,2285.610000,2285.610000,0.0,66079
17:15:54,BTC,77338.740000,77340.700000,-0.3,66094
17:15:54,ETH,2285.610000,2285.610000,0.0,66094
17:16:09,BTC,77344.330000,77347.200000,-0.4,66109
17:16:09,ETH,2285.610000,2285.600000,0.0,66109
17:16:24,ETH,2284.470000,2284.300000,0.7,66124
17:16:52,BTC,77324.010000,77315.500000,1.1,66152
17:16:52,ETH,2284.020000,2283.800000,1.0,66152
17:17:07,BTC,77316.060000,77310.200000,0.8,66167
17:17:07,ETH,2283.820000,2283.660000,0.7,66167
17:17:22,BTC,77308.660000,77299.300000,1.2,66182
17:17:22,ETH,2283.410000,2283.370000,0.2,66182
17:17:37,BTC,77306.230000,77299.300000,0.9,66197
17:17:37,ETH,2283.420000,2283.230000,0.8,66197
17:17:52,BTC,77306.230000,77299.400000,0.9,66212
17:17:52,ETH,2283.810000,2283.710000,0.4,66212
17:18:07,BTC,77311.180000,77303.500000,1.0,66227
17:18:07,ETH,2284.150000,2284.110000,0.2,66227
17:18:22,BTC,77324.630000,77315.400000,1.2,66242
17:18:22,ETH,2284.620000,2284.580000,0.2,66242
17:18:37,BTC,77330.770000,77323.400000,1.0,66257
17:18:37,ETH,2284.540000,2284.440000,0.4,66257
17:18:52,BTC,77330.770000,77329.800000,0.1,66272
17:18:52,ETH,2284.530000,2284.440000,0.4,66272
17:19:07,BTC,77330.770000,77329.700000,0.1,66287
17:19:07,ETH,2284.160000,2284.440000,-1.2,66287
17:19:22,BTC,77319.390000,77311.900000,1.0,66302
17:19:22,ETH,2284.030000,2283.890000,0.6,66302
17:19:37,BTC,77324.660000,77321.400000,0.4,66317
17:19:37,ETH,2284.460000,2284.510000,-0.2,66317
17:19:52,BTC,77325.500000,77329.400000,-0.5,66332
17:19:52,ETH,2284.700000,2284.740000,-0.2,66332
17:20:07,BTC,77329.720000,77329.500000,0.0,66347
17:20:07,ETH,2284.860000,2284.750000,0.5,66347
17:20:22,BTC,77334.630000,77329.500000,0.7,66362
17:20:22,ETH,2285.100000,2285.170000,-0.3,66362
17:20:37,BTC,77340.300000,77340.300000,0.0,66377
17:20:37,ETH,2285.100000,2285.150000,-0.2,66377
17:20:52,BTC,77340.300000,77340.300000,0.0,66392
17:20:52,ETH,2285.110000,2285.140000,-0.1,66392
17:21:07,BTC,77340.290000,77336.000000,0.6,66407
17:21:07,ETH,2285.110000,2285.110000,0.0,66407
17:21:22,BTC,77340.290000,77331.700000,1.1,66422
17:21:22,ETH,2285.090000,2284.870000,1.0,66422
17:21:37,BTC,77340.300000,77335.500000,0.6,66437
17:21:37,ETH,2285.000000,2284.870000,0.6,66437
17:21:52,BTC,77316.990000,77309.900000,0.9,66452
17:21:52,ETH,2283.410000,2283.410000,0.0,66452
17:22:07,BTC,77312.010000,77309.000000,0.4,66467
17:22:07,ETH,2283.270000,2283.080000,0.8,66467
17:22:22,BTC,77329.880000,77328.700000,0.2,66482
17:22:22,ETH,2283.760000,2283.790000,-0.1,66482
17:22:37,BTC,77329.880000,77328.700000,0.2,66497
17:22:37,ETH,2283.880000,2283.780000,0.4,66497
17:22:52,BTC,77329.880000,77328.700000,0.2,66512
17:22:52,ETH,2283.880000,2283.650000,1.0,66512
17:23:07,BTC,77340.300000,77341.300000,-0.1,66527
17:23:07,ETH,2284.070000,2284.070000,0.0,66527
17:23:22,BTC,77340.290000,77336.700000,0.5,66542
17:23:22,ETH,2284.070000,2283.930000,0.6,66542
17:23:37,BTC,77336.030000,77326.200000,1.3,66557
17:23:37,ETH,2283.760000,2283.590000,0.7,66557
17:23:52,BTC,77336.040000,77327.800000,1.1,66572
17:23:52,ETH,2283.610000,2283.210000,1.8,66572
17:24:07,BTC,77329.880000,77325.100000,0.6,66587
17:24:07,ETH,2283.180000,2283.090000,0.4,66587
17:24:22,BTC,77346.720000,77343.600000,0.4,66602
17:24:22,ETH,2283.740000,2283.890000,-0.7,66602
17:24:37,BTC,77358.130000,77360.500000,-0.3,66617
17:24:37,ETH,2284.060000,2283.990000,0.3,66617
17:24:52,BTC,77377.910000,77383.300000,-0.7,66632
17:24:52,ETH,2284.580000,2284.520000,0.3,66632
17:25:07,BTC,77377.910000,77375.300000,0.3,66647
17:25:07,ETH,2284.340000,2284.360000,-0.1,66647
17:25:22,BTC,77359.310000,77353.500000,0.8,66662
17:25:22,ETH,2284.240000,2284.030000,0.9,66662
17:25:37,BTC,77354.150000,77344.800000,1.2,66677
17:25:37,ETH,2284.240000,2284.040000,0.9,66677
17:25:52,BTC,77347.910000,77344.800000,0.4,66692
17:25:52,ETH,2284.230000,2284.040000,0.8,66692
17:26:07,BTC,77339.740000,77343.100000,-0.4,66707
17:26:07,ETH,2284.230000,2284.030000,0.9,66707
17:26:22,BTC,77353.560000,77351.200000,0.3,66722
17:26:22,ETH,2284.260000,2284.330000,-0.3,66722
17:26:37,BTC,77353.570000,77351.100000,0.3,66737
17:26:37,ETH,2284.250000,2284.330000,-0.4,66737
17:26:52,BTC,77358.820000,77354.300000,0.6,66752
17:26:52,ETH,2284.630000,2284.580000,0.2,66752
17:27:07,BTC,77353.570000,77345.000000,1.1,66767
17:27:07,ETH,2284.400000,2284.310000,0.4,66767
17:27:22,BTC,77353.580000,77354.200000,-0.1,66782
17:27:22,ETH,2284.430000,2284.300000,0.6,66782
17:27:37,ETH,2284.590000,2284.580000,0.0,66797
17:28:05,BTC,77353.570000,77351.400000,0.3,66825
17:28:05,ETH,2284.590000,2284.580000,0.0,66825
17:28:20,BTC,77353.570000,77351.400000,0.3,66840
17:28:20,ETH,2284.590000,2284.580000,0.0,66840
17:28:35,BTC,77353.580000,77351.400000,0.3,66855
17:28:35,ETH,2284.590000,2284.590000,0.0,66855
17:28:50,BTC,77353.570000,77351.500000,0.3,66870
17:28:50,ETH,2284.590000,2284.590000,0.0,66870
17:29:05,BTC,77353.580000,77346.400000,0.9,66885
17:29:05,ETH,2284.590000,2284.580000,0.0,66885
17:29:20,BTC,77352.640000,77346.300000,0.8,66900
17:29:20,ETH,2284.590000,2284.590000,0.0,66900
17:29:35,BTC,77346.800000,77346.400000,0.1,66915
17:29:35,ETH,2284.590000,2284.540000,0.2,66915
17:29:50,BTC,77346.800000,77346.300000,0.1,66930
17:29:50,ETH,2284.580000,2284.540000,0.2,66930
17:30:05,BTC,77328.650000,77325.300000,0.4,66945
17:30:05,ETH,2284.260000,2284.180000,0.4,66945
17:30:20,BTC,77328.660000,77325.400000,0.4,66960
17:30:20,ETH,2283.830000,2283.880000,-0.2,66960
17:30:35,ETH,2284.280000,2283.990000,1.3,66975
17:31:05,BTC,77320.920000,77323.200000,-0.3,67005
17:31:05,ETH,2284.270000,2283.990000,1.2,67005
17:31:20,BTC,77320.910000,77328.700000,-1.0,67020
17:31:20,ETH,2284.180000,2284.190000,-0.0,67020
17:31:35,BTC,77320.910000,77318.400000,0.3,67035
17:31:35,ETH,2284.040000,2284.060000,-0.1,67035
17:31:50,BTC,77319.400000,77314.700000,0.6,67050
17:31:50,ETH,2284.340000,2284.320000,0.1,67050
17:32:05,BTC,77315.280000,77314.700000,0.1,67065
17:32:05,ETH,2284.340000,2284.200000,0.6,67065
17:32:20,BTC,77315.280000,77314.700000,0.1,67080
17:32:20,ETH,2284.330000,2284.190000,0.6,67080
17:32:35,BTC,77311.610000,77309.900000,0.2,67095
17:32:35,ETH,2284.040000,2283.950000,0.4,67095
17:32:50,BTC,77311.600000,77309.900000,0.2,67110
17:32:50,ETH,2283.850000,2283.630000,1.0,67110
17:33:05,BTC,77311.610000,77309.900000,0.2,67125
17:33:05,ETH,2283.860000,2283.620000,1.1,67125
17:33:20,BTC,77315.460000,77323.600000,-1.1,67140
17:33:20,ETH,2284.060000,2284.180000,-0.5,67140
17:33:35,BTC,77315.460000,77314.500000,0.1,67155
17:33:35,ETH,2284.060000,2283.830000,1.0,67155
17:33:50,BTC,77315.470000,77314.600000,0.1,67170
17:33:50,ETH,2283.890000,2283.830000,0.3,67170
17:34:05,BTC,77315.460000,77321.900000,-0.8,67185
17:34:05,ETH,2283.880000,2283.820000,0.3,67185
17:34:20,BTC,77315.470000,77317.500000,-0.3,67200
17:34:20,ETH,2283.890000,2283.830000,0.3,67200
17:34:35,BTC,77315.460000,77312.400000,0.4,67215
17:34:35,ETH,2283.880000,2283.830000,0.2,67215
17:34:50,BTC,77315.460000,77312.700000,0.4,67230
17:34:50,ETH,2283.880000,2283.680000,0.9,67230
17:35:05,BTC,77315.470000,77313.800000,0.2,67245
17:35:05,ETH,2283.880000,2283.680000,0.9,67245
17:35:20,BTC,77315.460000,77313.800000,0.2,67260
17:35:20,ETH,2283.810000,2283.670000,0.6,67260
17:35:35,BTC,77315.460000,77313.800000,0.2,67275
17:35:35,ETH,2283.810000,2283.680000,0.6,67275
17:35:50,ETH,2282.850000,2282.760000,0.4,67290
17:36:21,BTC,77298.430000,77300.300000,-0.2,67321
17:36:21,ETH,2282.850000,2282.760000,0.4,67321
17:36:36,BTC,77298.430000,77300.200000,-0.2,67336
17:36:36,ETH,2282.860000,2282.810000,0.2,67336
17:36:51,BTC,77302.170000,77303.200000,-0.1,67351
17:36:51,ETH,2282.870000,2283.030000,-0.7,67351
17:37:06,ETH,2283.650000,2283.660000,-0.0,67366
17:37:34,BTC,77322.500000,77315.300000,0.9,67394
17:37:34,ETH,2283.650000,2283.660000,-0.0,67394
17:37:49,BTC,77325.810000,77315.300000,1.4,67409
17:37:49,ETH,2283.650000,2283.660000,-0.0,67409
17:38:04,BTC,77325.820000,77315.400000,1.3,67424
17:38:04,ETH,2283.640000,2283.490000,0.7,67424
17:38:19,ETH,2283.650000,2283.570000,0.4,67439
17:38:47,BTC,77304.620000,77300.000000,0.6,67467
17:38:47,ETH,2283.610000,2283.390000,1.0,67467
17:39:02,BTC,77292.020000,77286.200000,0.8,67482
17:39:02,ETH,2283.470000,2283.250000,1.0,67482
17:39:17,BTC,77292.010000,77290.000000,0.3,67497
17:39:17,ETH,2283.470000,2283.450000,0.1,67497
17:39:32,BTC,77292.010000,77279.900000,1.6,67512
17:39:32,ETH,2283.340000,2283.240000,0.4,67512
17:39:47,BTC,77285.550000,77268.000000,2.3,67527
17:39:47,ETH,2283.110000,2283.000000,0.5,67527
17:40:02,BTC,77275.230000,77278.700000,-0.4,67542
17:40:02,ETH,2282.900000,2283.010000,-0.5,67542
17:40:17,BTC,77275.230000,77275.200000,0.0,67557
17:40:17,ETH,2282.890000,2282.850000,0.2,67557
17:40:32,BTC,77275.240000,77275.100000,0.0,67572
17:40:32,ETH,2282.890000,2283.000000,-0.5,67572
17:40:47,BTC,77275.230000,77275.000000,0.0,67587
17:40:47,ETH,2282.890000,2283.000000,-0.5,67587
17:41:02,BTC,77275.240000,77259.900000,2.0,67602
17:41:02,ETH,2282.830000,2282.840000,-0.0,67602
17:41:17,BTC,77275.230000,77271.500000,0.5,67617
17:41:17,ETH,2282.840000,2282.890000,-0.2,67617
17:41:32,BTC,77275.240000,77278.500000,-0.4,67632
17:41:32,ETH,2282.870000,2282.940000,-0.3,67632
17:41:47,BTC,77275.230000,77278.400000,-0.4,67647
17:41:47,ETH,2282.990000,2283.000000,-0.0,67647
17:42:02,BTC,77275.240000,77278.400000,-0.4,67662
17:42:02,ETH,2282.990000,2283.000000,-0.0,67662
17:42:17,BTC,77275.240000,77278.400000,-0.4,67677
17:42:17,ETH,2282.990000,2282.990000,0.0,67677
17:42:32,BTC,77275.240000,77267.700000,1.0,67692
17:42:32,ETH,2282.720000,2282.760000,-0.2,67692
17:42:47,BTC,77279.930000,77284.400000,-0.6,67707
17:42:47,ETH,2283.670000,2283.690000,-0.1,67707
17:43:02,BTC,77279.940000,77284.300000,-0.6,67722
17:43:02,ETH,2283.670000,2283.720000,-0.2,67722
17:43:17,BTC,77279.930000,77284.400000,-0.6,67737
17:43:17,ETH,2283.680000,2283.720000,-0.2,67737
17:43:32,BTC,77279.940000,77278.300000,0.2,67752
17:43:32,ETH,2283.790000,2283.730000,0.3,67752
17:43:47,BTC,77279.940000,77278.200000,0.2,67767
17:43:47,ETH,2283.790000,2283.730000,0.3,67767
17:44:02,BTC,77279.930000,77277.400000,0.3,67782
17:44:02,ETH,2283.780000,2283.730000,0.2,67782
17:44:17,BTC,77279.940000,77272.800000,0.9,67797
17:44:17,ETH,2283.790000,2283.730000,0.3,67797
17:44:32,BTC,77279.930000,77274.900000,0.7,67812
17:44:32,ETH,2283.790000,2283.720000,0.3,67812
17:44:47,BTC,77279.930000,77275.000000,0.6,67827
17:44:47,ETH,2283.790000,2283.730000,0.3,67827
17:45:02,BTC,77279.930000,77268.800000,1.4,67842
17:45:02,ETH,2283.790000,2283.730000,0.3,67842
17:45:17,BTC,77279.930000,77267.800000,1.6,67857
17:45:17,ETH,2283.780000,2283.430000,1.5,67857
17:45:32,BTC,77263.360000,77258.000000,0.7,67872
17:45:32,ETH,2283.230000,2283.080000,0.7,67872
17:45:47,BTC,77250.010000,77245.300000,0.6,67887
17:45:47,ETH,2282.280000,2282.200000,0.4,67887
17:46:02,BTC,77244.850000,77237.900000,0.9,67902
17:46:02,ETH,2282.290000,2282.110000,0.8,67902
17:46:17,BTC,77244.850000,77237.900000,0.9,67917
17:46:17,ETH,2282.280000,2282.110000,0.7,67917
17:46:32,BTC,77222.770000,77215.100000,1.0,67932
17:46:32,ETH,2281.300000,2281.340000,-0.2,67932
17:46:47,BTC,77218.650000,77207.500000,1.4,67947
17:46:47,ETH,2280.860000,2280.780000,0.4,67947
17:47:02,BTC,77207.620000,77209.100000,-0.2,67962
17:47:02,ETH,2280.660000,2280.300000,1.6,67962
17:47:17,BTC,77207.630000,77205.300000,0.3,67977
17:47:17,ETH,2280.250000,2280.290000,-0.2,67977
17:47:32,BTC,77205.600000,77200.000000,0.7,67992
17:47:32,ETH,2280.250000,2280.060000,0.8,67992
17:47:47,BTC,77203.680000,77199.800000,0.5,68007
17:47:47,ETH,2280.020000,2280.110000,-0.4,68007
17:48:02,BTC,77218.660000,77218.100000,0.1,68022
17:48:02,ETH,2280.500000,2280.790000,-1.3,68022
17:48:17,ETH,2280.990000,2281.090000,-0.4,68037
17:48:45,BTC,77218.650000,77218.800000,-0.0,68065
17:48:45,ETH,2280.990000,2281.090000,-0.4,68065
17:49:00,BTC,77218.650000,77206.600000,1.6,68080
17:49:00,ETH,2280.390000,2280.290000,0.4,68080
17:49:15,BTC,77213.340000,77200.300000,1.7,68095
17:49:15,ETH,2280.240000,2280.240000,0.0,68095
17:49:30,BTC,77207.400000,77204.400000,0.4,68110
17:49:30,ETH,2280.170000,2280.200000,-0.1,68110
17:49:45,BTC,77207.390000,77202.800000,0.6,68125
17:49:45,ETH,2280.160000,2280.200000,-0.2,68125
17:50:00,BTC,77205.660000,77195.100000,1.4,68140
17:50:00,ETH,2280.010000,2280.010000,0.0,68140
17:50:15,BTC,77200.150000,77200.000000,0.0,68155
17:50:15,ETH,2280.040000,2280.070000,-0.1,68155
17:50:30,BTC,77206.550000,77214.600000,-1.0,68170
17:50:30,ETH,2280.780000,2280.790000,-0.0,68170
17:50:45,BTC,77206.540000,77214.600000,-1.0,68185
17:50:45,ETH,2280.790000,2280.720000,0.3,68185
17:51:00,BTC,77206.540000,77214.700000,-1.1,68200
17:51:00,ETH,2280.780000,2280.730000,0.2,68200
17:51:15,BTC,77222.060000,77225.100000,-0.4,68215
17:51:15,ETH,2280.780000,2280.730000,0.2,68215
17:51:30,BTC,77222.050000,77224.900000,-0.4,68230
17:51:30,ETH,2280.760000,2280.510000,1.1,68230
17:51:45,BTC,77222.060000,77229.900000,-1.0,68245
17:51:45,ETH,2280.760000,2280.860000,-0.4,68245
17:52:00,BTC,77228.200000,77235.300000,-0.9,68260
17:52:00,ETH,2280.980000,2281.080000,-0.4,68260
17:52:15,BTC,77216.280000,77221.000000,-0.6,68275
17:52:15,ETH,2280.670000,2280.820000,-0.7,68275
17:52:30,BTC,77216.280000,77211.800000,0.6,68290
17:52:30,ETH,2280.580000,2280.510000,0.3,68290
17:52:45,BTC,77216.270000,77211.800000,0.6,68305
17:52:45,ETH,2280.540000,2280.510000,0.1,68305
17:53:00,BTC,77216.270000,77219.400000,-0.4,68320
17:53:00,ETH,2280.550000,2280.510000,0.2,68320
17:53:15,BTC,77216.280000,77219.400000,-0.4,68335
17:53:15,ETH,2280.550000,2280.710000,-0.7,68335
17:53:30,ETH,2281.040000,2281.040000,0.0,68350
17:53:58,BTC,77221.610000,77224.700000,-0.4,68378
17:53:58,ETH,2281.040000,2281.040000,0.0,68378
17:54:13,BTC,77221.610000,77224.800000,-0.4,68393
17:54:13,ETH,2280.940000,2280.850000,0.4,68393
17:54:28,BTC,77221.620000,77219.600000,0.3,68408
17:54:28,ETH,2280.770000,2280.640000,0.6,68408
17:54:43,BTC,77221.620000,77219.500000,0.3,68423
17:54:43,ETH,2280.780000,2280.640000,0.6,68423
17:54:58,BTC,77221.620000,77219.600000,0.3,68438
17:54:58,ETH,2280.670000,2280.640000,0.1,68438
17:55:13,BTC,77221.620000,77219.500000,0.3,68453
17:55:13,ETH,2280.680000,2280.690000,-0.0,68453
17:55:28,BTC,77232.760000,77235.200000,-0.3,68468
17:55:28,ETH,2281.030000,2281.100000,-0.3,68468
17:55:43,BTC,77232.750000,77235.300000,-0.3,68483
17:55:43,ETH,2281.030000,2281.150000,-0.5,68483
17:55:58,BTC,77232.750000,77230.200000,0.3,68498
17:55:58,ETH,2280.990000,2281.140000,-0.7,68498
17:56:13,BTC,77232.760000,77235.100000,-0.3,68513
17:56:13,ETH,2281.120000,2281.150000,-0.1,68513
17:56:28,ETH,2281.110000,2281.180000,-0.3,68528
17:56:58,BTC,77241.090000,77236.800000,0.6,68558
17:56:58,ETH,2281.110000,2281.180000,-0.3,68558
17:57:13,BTC,77241.090000,77240.200000,0.1,68573
17:57:13,ETH,2281.100000,2281.210000,-0.5,68573
