time,binance,okx,spread_bps,elapsed_s,signal
21:51:23,76704.04,76708.3,-0.6,0.27,
21:51:26,76710.68,76708.4,0.3,0.17,
21:51:29,76717.69,76721.8,-0.5,0.15,
21:51:32,76710.67,76708.8,0.2,0.27,
21:51:54,76793.2,76798.3,-0.7,0.16,
21:51:57,76786.63,76791.6,-0.6,0.18,
21:52:00,76775.97,76779.6,-0.5,0.15,
21:52:03,76773.89,76776.2,-0.3,0.28,
21:52:06,76773.89,76776.1,-0.3,0.21,
22:20:39,76658.98,76666.2,-0.9,0.18,
22:20:44,76658.98,76665.5,-0.9,0.85,
22:20:49,76648.83,76648.7,0.0,0.41,
22:20:54,76635.3,76635.0,0.0,0.33,
22:20:59,76622.74,76622.0,0.1,0.15,
22:21:04,76608.31,76615.5,-0.9,0.27,
22:21:09,76596.55,76601.0,-0.6,0.18,
22:21:14,76582.48,76580.9,0.2,0.15,
22:21:19,76565.47,76563.4,0.3,0.18,
22:21:24,76573.9,76579.3,-0.7,0.14,
22:21:29,76604.26,76609.9,-0.7,0.26,
22:21:34,76614.74,76613.8,0.1,0.2,
22:21:39,76590.7,76613.7,-3.0,0.15,SIGNAL
22:21:44,76598.37,76605.7,-1.0,0.15,
22:21:49,76598.36,76605.6,-0.9,0.17,
22:21:54,76595.99,76598.4,-0.3,0.17,
22:22:00,76598.37,76598.4,-0.0,1.7,
22:22:04,76598.36,76604.7,-0.8,0.18,
22:22:09,76611.83,76611.6,0.0,0.3,
22:22:14,76606.41,76607.4,-0.1,0.14,
22:22:19,76606.42,76609.6,-0.4,0.19,
22:22:24,76614.74,76620.8,-0.8,0.18,
22:22:29,76614.74,76616.2,-0.2,0.16,
22:22:34,76614.75,76613.8,0.1,0.31,
22:23:59,76633.33,76631.0,0.3,0.19,
22:24:30,76616.87,76617.7,-0.1,0.71,
22:25:00,76673.19,76678.6,-0.7,0.86,
22:25:30,76700.24,76695.2,0.7,0.7,
22:25:59,76686.21,76688.5,-0.3,0.16,
22:26:29,76740.58,76737.2,0.4,0.18,
06:43:30,75930.22,75935.4,-0.7,0.14,
06:44:00,75940.15,75945.1,-0.7,0.13,
06:44:43,75952.7,75955.1,-0.3,0.18,
06:45:00,75962.86,75965.2,-0.3,0.14,
06:45:30,75942.52,75945.6,-0.4,0.14,
06:46:00,75942.52,75945.4,-0.4,0.12,
06:46:30,75963.33,75964.3,-0.1,0.13,
06:47:00,75970.64,75966.8,0.5,0.13,
06:47:30,75960.7,75957.0,0.5,0.12,
06:48:00,75951.82,75952.5,-0.1,0.13,
06:48:30,75942.97,75938.6,0.6,0.13,
06:49:00,75939.45,75938.6,0.1,0.13,
06:49:30,75927.34,75937.9,-1.4,0.14,
06:50:00,75915.28,75913.4,0.2,0.13,
06:50:53,75891.29,75895.9,-0.6,0.23,
06:51:00,75891.29,75896.0,-0.6,0.12,
06:52:30,75928.35,75935.5,-0.9,0.17,
06:53:00,75943.89,75947.0,-0.4,0.12,
06:53:30,75929.86,75936.3,-0.8,0.13,
06:54:00,75940.57,75950.5,-1.3,0.12,
06:54:30,75948.97,75950.5,-0.2,0.12,
06:55:00,75947.77,75948.8,-0.1,0.46,
06:55:30,75950.77,75958.9,-1.1,0.18,
06:56:00,75957.19,75965.4,-1.1,0.22,
06:56:30,75949.3,75952.5,-0.4,0.13,
06:57:00,75965.72,75966.9,-0.2,0.13,
06:57:30,75963.62,75972.6,-1.2,0.13,
06:58:00,75951.3,75947.9,0.4,0.13,
06:58:30,75936.7,75937.1,-0.1,0.12,
06:59:00,75936.69,75938.0,-0.2,0.23,
06:59:30,75931.1,75936.1,-0.7,0.14,
07:00:00,75927.38,75925.0,0.3,0.14,
07:00:30,75936.7,75946.7,-1.3,0.12,
07:01:00,75932.79,75938.7,-0.8,0.12,
07:01:30,75929.78,75926.2,0.5,0.13,
07:02:13,75936.7,75942.7,-0.8,0.13,
07:02:30,75947.28,75949.9,-0.3,0.12,
07:03:00,75937.6,75933.5,0.5,0.13,
07:03:30,75911.72,75915.1,-0.4,0.14,
07:04:23,75905.27,75903.0,0.3,0.23,
07:04:30,75896.63,75888.3,1.1,0.13,
07:05:00,75871.17,75871.1,0.0,0.13,
07:05:30,75877.48,75881.2,-0.5,0.22,
07:06:24,75883.59,75884.2,-0.1,0.23,
07:06:30,75883.59,75888.7,-0.7,0.13,
07:07:00,75881.44,75890.9,-1.2,0.13,
07:07:30,75889.76,75887.9,0.2,0.12,
07:08:00,75898.0,75892.9,0.7,0.13,
07:08:30,75908.36,75914.4,-0.8,0.12,
07:09:00,75908.36,75909.1,-0.1,0.13,
07:09:30,75950.83,75953.6,-0.4,0.12,
07:10:00,75965.59,75964.0,0.2,0.14,
07:10:30,75936.15,75936.8,-0.1,0.19,
07:11:00,75946.0,75950.7,-0.6,0.13,
07:11:30,75959.31,75954.8,0.6,0.13,
07:12:00,75959.31,75960.7,-0.2,0.12,
07:12:30,75965.73,75965.8,-0.0,0.12,
07:13:00,75965.73,75964.4,0.2,0.13,
07:13:30,75977.51,75973.4,0.5,0.13,
07:14:01,75986.39,75991.1,-0.6,0.6,
07:14:30,75980.52,75976.7,0.5,0.12,
07:15:00,75987.62,75988.5,-0.1,0.13,
07:15:30,75983.69,75981.2,0.3,0.31,
07:16:00,75967.71,75967.7,0.0,0.13,
07:16:30,75967.7,75968.0,-0.0,0.13,
07:17:00,75962.53,75960.9,0.2,0.22,
07:49:16,75837.37,75843.4,-0.8,0.24,
07:49:16,75837.37,75843.3,-0.8,0.13,
07:49:46,75823.43,75821.4,0.3,0.13,
07:50:16,75800.56,75801.5,-0.1,0.13,
07:50:46,75816.31,75819.7,-0.4,0.14,
07:51:16,75821.92,75818.2,0.5,0.13,
07:51:46,75811.74,75802.2,1.3,0.13,
07:52:16,75832.32,75832.1,0.0,0.13,
07:52:46,75832.33,75832.2,0.0,0.14,
07:53:16,75825.57,75822.1,0.5,0.22,
07:53:46,75842.4,75844.8,-0.3,0.13,
07:54:16,75837.37,75828.3,1.2,0.12,
07:54:46,75831.48,75826.9,0.6,0.12,
07:55:16,75816.66,75815.2,0.2,0.13,
07:55:46,75812.47,75806.2,0.8,0.13,
07:56:16,75814.1,75816.7,-0.3,0.14,
07:56:46,75816.66,75819.7,-0.4,0.14,
07:57:16,75808.01,75806.5,0.2,0.12,
07:57:46,75801.33,75795.6,0.8,0.13,
07:58:16,75806.01,75809.4,-0.4,0.13,
07:58:46,75808.45,75810.1,-0.2,0.13,
07:59:43,75780.0,75779.2,0.1,4.47,
07:59:46,75780.0,75780.0,0.0,0.16,
08:00:16,75834.23,75833.4,0.1,0.13,
08:00:46,75844.23,75844.0,0.0,0.13,
08:01:16,75819.58,75815.8,0.5,0.12,
08:01:46,75811.83,75811.6,0.0,0.14,
08:02:16,75804.74,75805.5,-0.1,0.16,
08:02:46,75839.83,75839.8,0.0,0.14,
08:03:16,75854.92,75857.4,-0.3,0.13,
08:03:46,75826.14,75821.6,0.6,0.12,
08:05:16,75806.38,75808.0,-0.2,0.19,
08:05:46,75795.49,75797.9,-0.3,0.13,
08:06:16,75786.84,75792.4,-0.7,0.13,
08:06:46,75760.39,75759.7,0.1,0.13,
08:07:16,75772.96,75777.2,-0.6,0.35,
08:07:46,75812.0,75810.0,0.3,0.13,
08:08:16,75843.31,75837.7,0.7,0.13,
08:08:46,75825.55,75827.8,-0.3,0.12,
08:09:17,75809.69,75805.2,0.6,0.16,
08:09:47,75794.0,75795.3,-0.2,0.13,
08:10:17,75757.21,75754.9,0.3,0.14,
08:10:47,75767.0,75766.7,0.0,0.13,
08:11:17,75728.78,75730.0,-0.2,0.13,
08:11:47,75742.2,75740.7,0.2,0.12,
08:12:17,75760.88,75763.7,-0.4,0.14,
08:12:47,75767.16,75770.3,-0.4,0.12,
08:13:17,75754.85,75756.9,-0.3,0.13,
08:13:47,75750.66,75746.8,0.5,0.12,
08:14:17,75725.08,75730.0,-0.6,0.13,
08:15:00,75719.9,75718.9,0.1,0.19,
08:15:17,75707.35,75704.7,0.4,0.14,
08:15:47,75701.53,75703.2,-0.2,0.14,
08:16:17,75728.77,75729.0,-0.0,0.13,
08:16:47,75748.54,75746.6,0.3,0.13,
08:17:17,75702.55,75698.9,0.5,0.13,
08:17:47,75687.26,75690.5,-0.4,0.15,
08:18:17,75709.69,75722.5,-1.7,0.13,
08:18:47,75696.84,75695.5,0.2,0.14,
08:19:17,75700.96,75700.0,0.1,0.14,
08:19:47,75731.35,75731.9,-0.1,0.13,
08:20:17,75746.75,75741.1,0.7,0.14,
08:20:47,75703.89,75703.8,0.0,0.56,
08:21:17,75703.88,75703.3,0.1,0.13,
08:21:33,75693.37,75688.5,0.6,0.14,
08:21:47,75693.36,75692.1,0.2,0.14,
08:22:03,75682.99,75684.1,-0.1,0.14,
08:22:17,75668.52,75673.7,-0.7,0.14,
08:22:33,75664.01,75667.5,-0.5,0.14,
08:22:47,75690.88,75691.7,-0.1,0.14,
08:23:03,75687.01,75692.1,-0.7,0.14,
08:23:17,75689.1,75689.0,0.0,0.14,
08:23:33,75688.36,75691.7,-0.4,0.14,
08:23:47,75685.48,75691.9,-0.8,0.14,
08:24:03,75690.87,75699.9,-1.2,0.14,
08:24:17,75723.0,75725.6,-0.3,0.15,
08:24:33,75739.66,75745.6,-0.8,0.14,
08:24:47,75739.65,75735.6,0.5,0.14,
08:25:03,75753.65,75760.0,-0.8,0.13,
08:25:17,75753.86,75747.6,0.8,0.13,
08:25:33,75778.66,75776.0,0.4,0.14,
08:25:47,75779.95,75781.4,-0.2,0.13,
08:26:03,75779.95,75784.8,-0.6,0.15,
08:26:17,75779.95,75780.0,-0.0,0.14,
08:26:33,75783.6,75784.1,-0.1,0.13,
08:26:47,75794.79,75794.6,0.0,0.13,
08:27:03,75792.91,75787.2,0.8,0.13,
08:27:17,75789.7,75795.3,-0.7,0.14,
08:27:33,75797.43,75796.6,0.1,0.23,
08:27:47,75794.77,75794.6,0.0,0.13,
08:28:03,75806.0,75799.9,0.8,0.14,
08:28:17,75806.0,75802.1,0.5,0.11,
08:28:33,75779.96,75779.9,0.0,0.13,
08:28:47,75782.2,75783.3,-0.1,0.14,
08:29:03,75778.39,75779.5,-0.1,0.13,
08:29:17,75781.44,75786.9,-0.7,0.14,
08:29:33,75784.05,75787.0,-0.4,0.13,
08:29:47,75792.32,75796.6,-0.6,0.16,
08:30:03,75830.57,75837.3,-0.9,0.13,
08:30:17,75845.3,75851.6,-0.8,0.13,
08:30:33,75862.05,75863.7,-0.2,0.14,
08:30:47,75868.51,75870.1,-0.2,0.19,
08:31:03,75870.86,75875.0,-0.5,0.13,
08:31:17,75877.36,75873.8,0.5,0.13,
08:31:33,75904.21,75909.6,-0.7,0.14,
08:31:47,75910.01,75909.7,0.0,0.14,
08:32:03,75966.2,75961.5,0.6,0.13,
08:32:17,75994.26,75993.8,0.1,0.13,
08:32:33,75984.13,75986.4,-0.3,0.13,
08:32:47,75922.41,75924.4,-0.3,0.13,
08:33:03,75919.27,75916.9,0.3,0.14,
08:33:17,75922.86,75922.9,-0.0,0.13,
08:33:33,75922.86,75930.2,-1.0,0.13,
08:33:47,75932.71,75935.4,-0.4,0.16,
08:34:03,75952.27,75953.5,-0.2,0.14,
08:34:17,75951.39,75951.3,0.0,0.14,
08:34:33,75963.3,75968.8,-0.7,0.13,
08:34:47,75951.54,75960.9,-1.2,0.13,
08:35:03,75954.54,75961.7,-0.9,0.14,
08:35:17,75967.83,75973.3,-0.7,0.12,
08:35:33,76032.55,76023.0,1.3,0.14,
08:35:47,76051.13,76048.0,0.4,0.14,
08:36:03,76068.96,76081.3,-1.6,0.13,
08:36:17,76032.55,76034.5,-0.3,0.13,
08:36:33,76014.5,76014.6,-0.0,0.13,
08:36:47,76008.61,76016.2,-1.0,0.14,
08:37:03,76010.25,76020.8,-1.4,0.13,
08:37:17,76073.88,76049.6,3.2,0.13,
08:37:33,76069.64,76070.7,-0.1,0.14,
08:37:47,76087.62,76093.5,-0.8,0.13,
08:38:03,76099.99,76095.0,0.7,0.13,
08:38:17,76100.65,76102.1,-0.2,0.14,
08:38:33,76106.73,76110.8,-0.5,0.24,
08:38:47,76099.15,76108.7,-1.3,0.13,
08:39:03,76143.8,76146.9,-0.4,0.14,
08:39:17,76128.87,76139.5,-1.4,0.14,
08:39:33,76141.91,76144.6,-0.4,0.13,
08:39:47,76155.45,76160.0,-0.6,0.14,
08:40:03,76152.55,76157.0,-0.6,0.13,
08:40:17,76125.0,76128.8,-0.5,0.14,
08:40:33,76129.75,76135.8,-0.8,0.13,
08:40:47,76140.0,76146.7,-0.9,0.16,
08:41:03,76147.06,76155.0,-1.0,0.13,
08:41:17,76152.4,76155.0,-0.3,0.13,
08:42:00,76144.82,76160.9,-2.1,0.19,
08:42:00,76140.0,76150.0,-1.3,0.14,
08:42:03,76131.25,76140.0,-1.1,0.14,
08:42:17,76121.21,76121.3,-0.0,0.23,
08:42:33,76079.7,76088.2,-1.1,0.16,
08:42:47,76067.16,76069.5,-0.3,0.14,
08:43:03,76059.21,76059.9,-0.1,0.14,
08:43:17,76038.82,76036.9,0.3,0.14,
08:43:33,76061.48,76068.5,-0.9,0.15,
08:43:47,76070.66,76075.0,-0.6,0.23,
08:44:03,76081.72,76090.8,-1.2,0.13,
08:44:17,76078.19,76079.8,-0.2,0.14,
08:44:33,76078.18,76079.8,-0.2,0.12,
08:44:47,76082.51,76092.3,-1.3,0.24,
08:45:03,76106.92,76110.9,-0.5,0.13,
08:45:17,76109.24,76111.2,-0.3,0.13,
08:45:33,76121.42,76121.3,0.0,0.15,
08:45:47,76146.26,76150.0,-0.5,0.14,
08:46:03,76163.06,76160.1,0.4,0.13,
08:46:17,76169.91,76169.3,0.1,0.14,
08:46:33,76170.11,76170.8,-0.1,0.12,
08:46:47,76175.51,76178.6,-0.4,0.13,
08:47:03,76175.51,76178.6,-0.4,0.14,
08:47:17,76194.98,76196.7,-0.2,0.14,
08:47:33,76185.4,76192.6,-0.9,0.13,
08:47:47,76208.56,76211.0,-0.3,0.14,
08:48:03,76244.99,76250.0,-0.7,0.14,
08:48:17,76255.0,76245.6,1.2,0.13,
08:48:34,76240.79,76233.1,1.0,0.13,
08:48:47,76322.23,76316.4,0.8,0.14,
08:49:04,76240.79,76237.3,0.5,0.3,
08:49:17,76234.02,76237.5,-0.5,0.13,
08:49:34,76210.02,76208.6,0.2,0.13,
08:49:47,76220.0,76224.2,-0.6,0.15,
08:50:04,76228.14,76230.7,-0.3,0.14,
08:50:17,76234.49,76235.0,-0.1,0.14,
08:50:34,76241.27,76241.2,0.0,0.14,
08:50:47,76252.71,76244.9,1.0,0.16,
08:51:04,76240.0,76240.0,0.0,0.13,
08:51:17,76240.01,76243.8,-0.5,0.14,
08:51:34,76251.99,76255.2,-0.4,0.14,
08:51:47,76262.0,76274.8,-1.7,0.13,
08:52:04,76272.44,76274.8,-0.3,0.14,
08:52:17,76276.92,76278.5,-0.2,0.13,
08:52:34,76260.29,76262.7,-0.3,0.14,
08:52:47,76258.88,76270.7,-1.5,0.14,
08:53:04,76304.54,76305.7,-0.2,0.13,
08:53:17,76322.23,76330.6,-1.1,0.14,
08:53:34,76331.3,76333.2,-0.2,0.14,
08:53:47,76322.24,76322.3,-0.0,0.14,
08:54:04,76328.83,76338.1,-1.2,0.14,
08:54:17,76310.6,76306.3,0.6,0.13,
08:54:34,76282.73,76282.5,0.0,0.15,
08:54:47,76296.81,76300.0,-0.4,0.12,
08:55:04,76314.49,76319.3,-0.6,0.14,
08:55:17,76314.66,76321.8,-0.9,0.14,
08:55:34,76307.61,76307.8,-0.0,0.15,
08:55:47,76306.17,76304.9,0.2,0.14,
08:56:04,76300.01,76296.2,0.5,0.14,
08:56:17,76282.72,76275.8,0.9,0.14,
08:56:34,76270.34,76269.7,0.1,0.14,
08:56:47,76311.06,76311.4,-0.0,0.13,
08:57:04,76312.75,76311.0,0.2,0.13,
08:57:17,76310.76,76311.1,-0.0,0.15,
08:57:34,76304.97,76296.5,1.1,0.13,
08:57:48,76275.14,76280.9,-0.8,0.49,
08:58:04,76264.98,76265.3,-0.0,0.12,
08:58:18,76266.32,76271.3,-0.7,0.49,
08:58:34,76266.32,76271.3,-0.7,0.14,
08:58:47,76284.99,76283.5,0.2,0.14,
08:59:04,76292.2,76293.5,-0.2,0.12,
08:59:17,76284.99,76286.8,-0.2,0.33,
08:59:34,76281.58,76278.6,0.4,0.13,
08:59:47,76281.55,76278.6,0.4,0.15,
09:00:04,76239.1,76245.4,-0.8,0.13,
09:00:17,76247.58,76248.9,-0.2,0.13,
09:00:34,76247.59,76247.6,-0.0,0.13,
09:00:47,76262.54,76269.4,-0.9,0.13,
09:01:04,76278.82,76280.0,-0.2,0.24,
09:01:17,76283.23,76288.5,-0.7,0.14,
09:01:34,76311.56,76315.1,-0.5,0.15,
09:01:47,76332.0,76329.0,0.4,0.12,
09:02:04,76360.56,76364.7,-0.5,0.15,
09:02:17,76336.23,76334.4,0.2,0.14,
09:02:34,76312.94,76310.9,0.3,0.14,
09:02:47,76253.37,76250.3,0.4,0.13,
09:03:04,76240.13,76245.0,-0.6,0.12,
09:03:17,76240.0,76237.2,0.4,0.14,
09:03:34,76249.09,76250.0,-0.1,0.14,
09:03:47,76249.09,76253.8,-0.6,0.13,
09:04:04,76244.43,76249.1,-0.6,0.19,
09:04:17,76261.35,76264.5,-0.4,0.13,
09:04:34,76278.45,76281.1,-0.3,0.14,
09:04:47,76245.01,76261.1,-2.1,0.12,
09:05:04,76252.08,76258.4,-0.8,0.13,
09:05:17,76208.54,76205.2,0.4,0.14,
09:06:07,76201.2,76202.8,-0.2,0.25,
09:06:17,76200.0,76201.6,-0.2,0.12,
09:06:34,76206.37,76206.2,0.0,0.13,
09:06:47,76219.99,76221.7,-0.2,0.23,
09:07:04,76216.77,76207.6,1.2,0.14,
09:07:17,76200.0,76189.8,1.3,0.12,
09:07:34,76197.2,76200.5,-0.4,0.14,
09:07:47,76186.11,76190.0,-0.5,0.14,
09:08:04,76198.67,76204.0,-0.7,0.13,
09:08:17,76213.23,76219.3,-0.8,0.13,
09:08:34,76229.72,76229.1,0.1,0.15,
09:08:47,76229.73,76229.1,0.1,0.13,
09:09:04,76232.74,76233.2,-0.1,0.13,
09:09:17,76232.74,76230.9,0.2,0.13,
09:09:34,76229.74,76224.4,0.7,0.13,
09:09:47,76232.74,76228.3,0.6,0.13,
09:10:04,76286.29,76288.8,-0.3,0.13,
09:10:17,76262.77,76259.2,0.5,0.12,
09:10:34,76250.0,76251.4,-0.2,0.11,
09:10:47,76254.8,76259.1,-0.6,0.14,
09:11:04,76250.26,76250.1,0.0,0.13,
09:11:17,76240.03,76244.6,-0.6,0.13,
09:11:34,76220.08,76221.5,-0.2,0.14,
09:11:47,76230.35,76233.3,-0.4,0.14,
09:12:04,76217.15,76215.1,0.3,0.13,
09:12:17,76254.81,76261.1,-0.8,0.23,
09:12:34,76292.61,76293.4,-0.1,0.13,
09:12:47,76284.68,76293.4,-1.1,0.13,
09:13:04,76285.51,76285.0,0.1,0.13,
09:13:18,76252.71,76261.1,-1.1,0.58,
09:13:34,76252.71,76253.7,-0.1,0.13,
09:13:47,76243.41,76250.0,-0.9,0.17,
09:14:04,76219.26,76218.2,0.1,0.13,
09:14:17,76229.21,76231.5,-0.3,0.16,
09:14:34,76243.19,76246.1,-0.4,0.12,
09:14:47,76230.02,76232.5,-0.3,0.14,
09:15:04,76182.29,76200.0,-2.3,0.13,
09:15:17,76178.73,76188.4,-1.3,0.14,
09:15:34,76201.88,76197.6,0.6,0.13,
09:15:48,76202.08,76203.3,-0.2,0.21,
09:16:04,76202.09,76203.0,-0.1,0.14,
09:16:18,76202.08,76202.9,-0.1,0.13,
09:16:34,76217.27,76216.2,0.1,0.13,
09:16:48,76218.66,76212.7,0.8,0.14,
09:17:04,76210.47,76208.8,0.2,0.12,
09:17:18,76214.99,76212.6,0.3,0.13,
09:17:34,76208.91,76207.8,0.1,0.13,
09:17:48,76224.96,76225.0,-0.0,0.12,
09:18:04,76234.19,76237.1,-0.4,0.24,
09:18:18,76220.75,76224.2,-0.5,0.13,
09:18:34,76220.75,76223.5,-0.4,0.12,
09:18:48,76223.78,76229.9,-0.8,0.14,
09:19:04,76216.64,76220.8,-0.5,0.14,
09:19:18,76229.8,76236.5,-0.9,0.14,
09:19:34,76235.12,76235.4,-0.0,0.12,
09:19:48,76235.11,76241.7,-0.9,0.14,
09:20:05,76254.2,76260.2,-0.8,0.13,
09:20:18,76254.99,76263.3,-1.1,0.14,
09:20:35,76254.99,76262.3,-1.0,0.13,
09:20:48,76269.01,76281.5,-1.6,0.13,
09:21:05,76270.0,76273.5,-0.5,0.13,
09:21:18,76246.32,76255.4,-1.2,0.13,
09:21:35,76244.5,76246.1,-0.2,0.14,
09:21:48,76260.99,76266.5,-0.7,0.12,
09:22:05,76244.5,76242.7,0.2,0.13,
09:22:18,76222.65,76222.9,-0.0,0.14,
09:22:35,76205.01,76203.9,0.1,0.13,
09:22:48,76221.5,76223.2,-0.2,0.13,
09:23:05,76208.74,76207.8,0.1,0.14,
09:23:18,76194.44,76200.1,-0.7,0.16,
09:23:35,76207.07,76210.7,-0.5,0.13,
09:23:48,76196.11,76207.8,-1.5,0.13,
09:24:05,76220.64,76225.6,-0.7,0.13,
09:24:18,76220.65,76226.2,-0.7,0.13,
09:24:35,76225.3,76231.2,-0.8,0.15,
09:24:48,76251.78,76250.0,0.2,0.15,
09:25:05,76275.8,76273.5,0.3,0.13,
09:25:18,76275.82,76285.0,-1.2,0.15,
09:25:35,76289.99,76286.7,0.4,0.23,
09:25:48,76289.99,76288.7,0.2,0.52,
09:26:05,76289.99,76288.8,0.2,0.16,
09:26:18,76290.0,76288.7,0.2,0.15,
09:26:35,76295.6,76305.1,-1.2,0.14,
09:26:48,76305.91,76312.8,-0.9,0.14,
09:27:05,76305.9,76314.0,-1.1,0.15,
09:27:18,76311.93,76313.9,-0.3,0.13,
09:27:35,76311.93,76305.9,0.8,0.13,
09:27:48,76333.0,76340.8,-1.0,0.13,
09:28:05,76377.63,76387.9,-1.3,0.16,
09:28:18,76394.2,76392.8,0.2,0.13,
09:28:35,76384.04,76379.7,0.6,0.13,
09:28:48,76360.18,76357.5,0.4,0.11,
09:29:05,76358.52,76357.5,0.1,0.12,
09:29:18,76373.44,76375.0,-0.2,0.13,
09:29:35,76353.48,76353.8,-0.0,0.13,
09:30:18,76370.97,76375.8,-0.6,0.2,
09:30:35,76364.99,76372.5,-1.0,0.26,
09:30:45,76397.66,76400.0,-0.3,0.13,
09:31:28,76384.0,76386.6,-0.3,0.24,
09:31:28,76384.03,76390.0,-0.8,0.18,
09:31:35,76399.77,76399.3,0.1,0.15,
09:31:45,76400.0,76400.0,0.0,0.13,
09:32:05,76403.65,76404.9,-0.2,0.14,
09:32:15,76412.41,76418.5,-0.8,0.12,
09:32:35,76388.07,76393.4,-0.7,0.12,
09:32:45,76381.0,76383.2,-0.3,0.14,
09:33:05,76366.84,76369.4,-0.3,0.14,
09:33:15,76354.24,76355.9,-0.2,0.13,
09:33:35,76354.11,76355.8,-0.2,0.13,
09:33:45,76350.05,76350.2,-0.0,0.18,
09:34:05,76332.56,76334.9,-0.3,0.14,
09:34:15,76349.65,76344.3,0.7,0.13,
09:34:35,76370.13,76372.7,-0.3,0.15,
09:34:45,76362.82,76369.6,-0.9,0.13,
09:35:05,76350.0,76358.9,-1.2,0.14,
09:35:15,76338.22,76339.5,-0.2,0.14,
09:35:35,76288.22,76289.6,-0.2,0.13,
09:35:45,76279.05,76286.0,-0.9,0.15,
09:36:05,76274.52,76278.5,-0.5,0.14,
09:36:15,76279.41,76279.3,0.0,0.13,
09:36:35,76274.52,76276.0,-0.2,0.15,
09:36:45,76241.35,76242.8,-0.2,0.14,
09:37:05,76239.76,76242.2,-0.3,0.14,
09:37:15,76258.96,76268.9,-1.3,0.16,
09:37:35,76269.54,76270.0,-0.1,0.16,
09:37:45,76276.12,76278.7,-0.3,0.14,
09:38:05,76314.02,76319.3,-0.7,0.17,
09:38:15,76319.59,76320.0,-0.1,0.13,
09:38:35,76312.18,76312.7,-0.1,0.13,
09:38:45,76312.57,76313.6,-0.1,0.14,
09:39:05,76312.58,76318.9,-0.8,0.28,
09:39:15,76305.07,76305.3,-0.0,0.14,
09:39:35,76285.53,76280.4,0.7,0.13,
09:39:45,76281.29,76282.1,-0.1,0.13,
09:40:05,76286.8,76282.0,0.6,0.14,
09:40:15,76290.34,76290.9,-0.1,0.13,
09:40:35,76292.07,76290.8,0.2,0.13,
09:40:45,76284.07,76282.1,0.3,0.13,
09:41:05,76282.56,76282.6,-0.0,0.15,
09:41:15,76282.55,76284.5,-0.3,0.24,
09:41:35,76289.04,76290.2,-0.2,0.14,
09:41:45,76298.0,76299.9,-0.2,0.14,
09:42:05,76306.89,76310.4,-0.5,0.14,
09:42:15,76308.41,76310.4,-0.3,0.13,
09:42:35,76295.62,76297.9,-0.3,0.13,
09:42:45,76312.58,76316.6,-0.5,0.13,
09:43:05,76304.72,76310.8,-0.8,0.15,
09:43:15,76312.57,76312.3,0.0,0.14,
09:43:35,76350.0,76350.7,-0.1,0.14,
09:43:45,76341.59,76350.7,-1.2,0.12,
09:44:05,76350.79,76355.5,-0.6,0.14,
09:44:15,76370.0,76375.0,-0.7,0.13,
09:44:35,76351.06,76355.0,-0.5,0.14,
09:44:45,76351.05,76349.6,0.2,0.13,
09:45:05,76346.01,76348.8,-0.4,0.14,
09:45:15,76346.01,76344.3,0.2,0.14,
09:45:35,76351.06,76349.0,0.3,0.14,
09:45:45,76364.99,76367.8,-0.4,0.14,
09:46:05,76357.67,76360.0,-0.3,0.13,
09:46:15,76362.02,76359.9,0.3,0.13,
09:46:35,76357.16,76359.9,-0.4,0.12,
09:46:45,76369.99,76369.9,0.0,0.13,
09:47:05,76351.01,76350.0,0.1,0.23,
09:47:15,76351.01,76349.0,0.3,0.23,
09:47:35,76350.92,76349.0,0.3,0.13,
09:47:45,76347.4,76348.9,-0.2,0.13,
09:48:05,76360.0,76358.5,0.2,0.23,
09:48:15,76370.0,76365.7,0.6,0.12,
09:48:35,76375.28,76375.0,0.0,0.16,
09:48:45,76375.27,76374.9,0.0,0.14,
09:49:05,76353.3,76350.8,0.3,0.24,
09:49:15,76351.07,76349.0,0.3,0.14,
09:49:35,76380.0,76383.7,-0.5,0.14,
09:49:45,76387.08,76384.8,0.3,0.15,
09:50:05,76387.08,76384.9,0.3,0.14,
09:50:15,76387.08,76384.8,0.3,0.12,
09:50:35,76375.81,76384.8,-1.2,0.14,
09:50:45,76388.42,76385.0,0.4,0.14,
09:51:05,76372.6,76370.0,0.3,0.13,
09:51:15,76352.24,76349.0,0.4,0.14,
09:51:35,76347.52,76348.5,-0.1,0.13,
09:51:45,76347.52,76348.9,-0.2,0.14,
09:52:05,76336.83,76343.2,-0.8,0.13,
09:52:15,76344.93,76346.7,-0.2,0.13,
09:52:35,76348.45,76349.9,-0.2,0.14,
09:52:45,76366.56,76361.3,0.7,0.14,
09:53:05,76373.1,76375.3,-0.3,0.14,
09:53:15,76373.99,76377.1,-0.4,0.12,
09:53:35,76379.99,76379.3,0.1,0.13,
09:53:45,76389.24,76388.9,0.0,0.13,
09:54:05,76428.57,76428.4,0.0,0.13,
09:54:15,76453.58,76452.5,0.1,0.14,
09:54:35,76378.14,76376.9,0.2,0.13,
09:54:45,76354.23,76354.1,0.0,0.13,
09:55:05,76388.83,76384.2,0.6,0.14,
09:55:15,76396.63,76398.6,-0.3,0.13,
09:55:35,76362.88,76360.2,0.4,0.12,
09:55:45,76359.06,76355.9,0.4,0.14,
09:56:05,76355.76,76352.9,0.4,0.14,
09:56:15,76359.99,76358.3,0.2,0.13,
09:56:35,76312.44,76313.9,-0.2,0.12,
09:56:45,76312.45,76310.0,0.3,0.13,
09:57:05,76277.08,76274.9,0.3,0.12,
09:57:15,76266.04,76270.6,-0.6,0.14,
09:57:35,76274.2,76275.1,-0.1,0.13,
09:57:45,76266.05,76271.4,-0.7,0.14,
09:58:05,76266.03,76267.1,-0.1,0.15,
09:58:15,76266.03,76264.9,0.1,0.14,
09:58:35,76270.69,76271.0,-0.0,0.14,
09:58:45,76270.7,76269.6,0.1,0.14,
09:59:05,76232.5,76234.9,-0.3,0.14,
09:59:16,76219.52,76222.3,-0.4,0.6,
09:59:35,76232.32,76229.9,0.3,0.13,
09:59:45,76232.8,76230.0,0.4,0.14,
10:00:05,76240.18,76242.1,-0.3,0.13,
10:00:15,76263.55,76263.2,0.0,0.32,
10:00:35,76246.92,76255.0,-1.1,0.14,
10:00:45,76263.56,76264.0,-0.1,0.14,
10:01:05,76265.15,76263.5,0.2,0.16,
10:01:15,76278.64,76278.9,-0.0,0.24,
10:01:35,76278.65,76278.7,-0.0,0.13,
10:01:45,76279.0,76278.9,0.0,0.14,
10:02:05,76309.99,76315.1,-0.7,0.14,
10:02:15,76304.55,76301.6,0.4,0.13,
10:02:35,76313.02,76310.0,0.4,0.24,
10:02:45,76318.96,76317.3,0.2,0.14,
10:03:05,76328.39,76334.0,-0.7,0.13,
10:03:15,76328.39,76328.4,-0.0,0.13,
10:03:35,76322.02,76316.1,0.8,0.13,
10:03:45,76311.01,76305.6,0.7,0.13,
10:04:05,76289.56,76285.0,0.6,0.53,
10:04:15,76280.17,76279.1,0.1,0.12,
10:04:35,76292.93,76294.6,-0.2,0.24,
10:04:45,76268.63,76271.9,-0.4,0.13,
10:05:05,76268.62,76268.6,0.0,0.13,
10:05:15,76259.8,76266.4,-0.9,0.23,
10:05:35,76248.21,76254.7,-0.9,0.14,
10:05:45,76267.12,76266.3,0.1,0.13,
10:06:06,76272.29,76279.0,-0.9,0.52,
10:06:15,76272.57,76276.7,-0.5,0.23,
10:06:35,76282.05,76283.3,-0.2,0.12,
10:06:45,76284.17,76286.0,-0.2,0.14,
10:07:05,76296.3,76294.9,0.2,0.12,
10:07:15,76265.51,76262.5,0.4,0.13,
10:07:35,76258.32,76260.5,-0.3,0.14,
10:07:45,76288.24,76290.6,-0.3,0.13,
10:08:05,76289.71,76294.5,-0.6,0.14,
10:08:15,76302.21,76294.5,1.0,0.24,
10:08:35,76290.01,76287.6,0.3,0.13,
10:08:45,76289.5,76284.5,0.7,0.15,
10:09:39,76299.99,76300.0,-0.0,0.29,
10:09:45,76300.0,76299.9,0.0,0.14,
10:10:05,76296.15,76295.5,0.1,0.25,
10:10:15,76296.15,76294.0,0.3,0.23,
10:10:35,76304.76,76308.6,-0.5,0.13,
10:10:45,76328.13,76325.9,0.3,0.17,
10:11:06,76341.29,76347.7,-0.8,0.28,
10:11:15,76347.05,76347.6,-0.1,0.25,
10:11:35,76347.04,76347.7,-0.1,0.14,
10:11:46,76341.5,76335.5,0.8,0.37,
10:12:05,76334.42,76337.3,-0.4,0.21,
10:12:16,76334.42,76333.1,0.2,0.42,
10:12:36,76318.9,76319.9,-0.1,0.5,
10:12:45,76329.18,76330.9,-0.2,0.26,
10:13:05,76322.57,76329.1,-0.9,0.14,
10:13:16,76322.57,76322.2,0.0,0.32,
10:13:35,76288.76,76293.5,-0.6,0.17,
10:13:45,76289.54,76293.4,-0.5,0.15,
10:14:05,76289.55,76293.5,-0.5,0.14,
10:14:15,76303.91,76304.5,-0.1,0.14,
10:14:35,76311.94,76313.0,-0.1,0.14,
10:14:45,76311.95,76313.1,-0.2,0.14,
10:15:39,76290.73,76290.1,0.1,0.25,
10:15:45,76286.21,76285.2,0.1,0.14,
10:16:05,76291.91,76292.2,-0.0,0.14,
10:16:15,76300.0,76301.0,-0.1,0.14,
10:16:35,76320.45,76316.2,0.6,0.14,
10:16:45,76333.47,76329.0,0.6,0.14,
10:17:05,76339.98,76340.4,-0.1,0.14,
10:17:15,76329.1,76326.0,0.4,0.14,
10:17:36,76314.62,76313.8,0.1,0.58,
10:17:45,76300.18,76300.1,0.0,0.14,
10:18:05,76273.45,76262.9,1.4,0.13,
10:18:15,76273.45,76279.0,-0.7,0.14,
10:18:35,76269.33,76263.3,0.8,0.14,
10:18:45,76269.32,76263.2,0.8,0.14,
10:19:05,76262.64,76257.0,0.7,0.14,
10:19:15,76260.61,76259.9,0.1,0.13,
10:19:35,76260.61,76261.2,-0.1,0.15,
10:19:45,76260.61,76261.1,-0.1,0.13,
10:20:05,76253.18,76251.2,0.3,0.14,
10:20:16,76253.17,76251.8,0.2,0.18,
10:20:36,76203.44,76200.0,0.5,0.14,
10:20:45,76180.05,76183.1,-0.4,0.13,
10:21:06,76159.49,76158.0,0.2,0.14,
10:21:16,76160.01,76165.0,-0.7,0.2,
10:21:36,76160.96,76162.8,-0.2,0.14,
10:21:46,76178.09,76174.4,0.5,0.15,
10:22:06,76175.03,76174.7,0.0,0.14,
10:22:16,76175.04,76178.8,-0.5,0.23,
10:22:36,76180.04,76181.5,-0.2,0.13,
10:22:45,76175.59,76169.8,0.8,0.14,
10:23:06,76186.0,76186.4,-0.1,0.14,
10:23:16,76192.25,76187.6,0.6,0.24,
10:23:36,76192.75,76191.9,0.1,0.14,
10:23:46,76199.99,76203.1,-0.4,0.6,
10:24:06,76194.86,76196.4,-0.2,0.14,
10:24:15,76206.11,76206.1,0.0,0.13,
10:24:36,76228.75,76228.3,0.1,0.13,
10:24:46,76266.18,76262.2,0.5,0.14,
10:25:06,76236.61,76239.3,-0.4,0.14,
10:25:15,76236.6,76239.4,-0.4,0.15,
10:25:36,76224.03,76225.6,-0.2,0.13,
10:25:45,76217.57,76218.2,-0.1,0.14,
10:26:06,76220.64,76219.7,0.1,0.17,
10:26:15,76202.33,76203.0,-0.1,0.14,
10:26:36,76202.32,76203.2,-0.1,0.13,
10:26:45,76202.33,76205.7,-0.4,0.13,
10:27:06,76206.22,76203.8,0.3,0.13,
10:27:15,76148.32,76149.9,-0.2,0.11,
10:27:36,76153.97,76154.0,-0.0,0.14,
10:27:45,76155.46,76158.6,-0.4,0.14,
10:28:06,76157.8,76158.8,-0.1,0.13,
10:28:15,76160.21,76167.4,-0.9,0.14,
10:28:36,76174.16,76169.5,0.6,0.14,
10:28:46,76174.15,76172.0,0.3,0.23,
10:29:06,76169.78,76172.4,-0.3,0.14,
10:29:15,76170.52,76173.0,-0.3,0.13,
10:29:36,76163.89,76175.9,-1.6,0.13,
10:29:45,76159.66,76160.0,-0.0,0.13,
10:30:06,76118.6,76116.1,0.3,0.14,
10:30:16,76103.54,76104.9,-0.2,0.14,
10:30:36,75951.77,75952.6,-0.1,0.13,
10:30:45,75937.02,75938.8,-0.2,0.13,
10:31:06,75826.13,75821.1,0.7,0.16,
10:31:15,75867.04,75866.0,0.1,0.12,
10:31:36,75713.83,75717.5,-0.5,0.16,
10:31:46,75715.44,75723.1,-1.0,0.13,
10:32:06,75774.91,75781.2,-0.8,0.14,
10:32:16,75797.21,75795.2,0.3,0.13,
10:32:36,75819.15,75829.8,-1.4,0.13,
10:32:46,75765.53,75769.8,-0.6,0.14,
10:33:06,75793.79,75794.5,-0.1,0.14,
10:33:16,75818.97,75819.3,-0.0,0.14,
10:33:36,75784.68,75781.2,0.5,0.14,
10:33:46,75736.29,75739.3,-0.4,0.13,
10:34:06,75712.54,75718.6,-0.8,0.13,
10:34:49,75766.58,75757.4,1.2,0.2,
10:35:06,75760.01,75763.9,-0.5,0.17,
10:35:16,75771.06,75778.6,-1.0,0.23,
10:35:36,75796.06,75800.4,-0.6,0.13,
10:35:46,75776.72,75784.1,-1.0,0.14,
10:36:06,75756.37,75760.4,-0.5,0.14,
10:36:16,75747.68,75747.2,0.1,0.13,
10:36:36,75761.91,75763.8,-0.2,0.14,
10:36:46,75738.16,75740.0,-0.2,0.21,
10:37:06,75731.96,75731.3,0.1,0.13,
10:37:16,75760.88,75763.0,-0.3,0.14,
10:37:36,75743.72,75743.2,0.1,0.14,
10:37:46,75743.43,75740.4,0.4,0.23,
10:38:06,75692.74,75695.1,-0.3,0.13,
10:38:16,75620.71,75630.7,-1.3,0.14,
10:38:36,75525.17,75526.2,-0.1,0.14,
10:38:46,75543.18,75555.1,-1.6,0.14,
10:39:06,75587.63,75589.9,-0.3,0.14,
10:39:16,75568.78,75566.5,0.3,0.13,
10:39:36,75589.04,75596.0,-0.9,0.24,
10:39:46,75595.73,75595.6,0.0,0.16,
10:40:06,75571.64,75572.7,-0.1,0.14,
10:40:16,75600.0,75596.9,0.4,0.14,
10:40:36,75583.56,75585.3,-0.2,0.14,
10:40:46,75546.86,75571.2,-3.2,0.17,
10:41:06,75593.27,75604.9,-1.5,0.13,
10:41:16,75611.58,75604.6,0.9,0.13,
10:41:36,75596.2,75601.4,-0.7,0.15,
10:41:46,75616.88,75616.8,0.0,0.14,
10:42:06,75624.63,75624.7,-0.0,0.14,
10:42:16,75623.84,75626.2,-0.3,0.13,
10:42:36,75616.55,75614.2,0.3,0.13,
10:42:46,75683.76,75680.0,0.5,0.13,
10:43:06,75658.02,75661.4,-0.4,0.17,
10:43:16,75672.56,75678.4,-0.8,0.15,
10:43:36,75669.64,75671.5,-0.2,0.14,
10:43:46,75640.74,75643.6,-0.4,0.14,
10:44:07,75626.51,75630.8,-0.6,0.6,
10:44:16,75611.95,75616.4,-0.6,0.13,
10:44:36,75627.98,75627.8,0.0,0.12,
10:44:46,75620.75,75627.8,-0.9,0.14,
10:45:06,75658.01,75656.9,0.1,0.13,
10:45:16,75610.01,75607.5,0.3,0.13,
10:45:36,75570.99,75571.9,-0.1,0.13,
10:45:46,75592.0,75593.9,-0.3,0.13,
10:46:06,75584.28,75598.7,-1.9,0.13,
10:46:16,75608.43,75610.0,-0.2,0.13,
10:46:36,75582.59,75580.1,0.3,0.14,
10:46:46,75600.45,75596.7,0.5,0.13,
10:47:06,75658.01,75657.0,0.1,0.14,
10:47:16,75669.15,75667.8,0.2,0.13,
10:47:36,75651.49,75658.3,-0.9,0.13,
10:47:46,75641.34,75641.9,-0.1,0.13,
10:48:06,75595.8,75595.0,0.1,0.14,
10:48:16,75610.44,75617.0,-0.9,0.14,
10:48:59,75628.91,75626.9,0.3,0.19,
10:48:59,75628.92,75626.9,0.3,0.2,
10:49:06,75616.01,75627.0,-1.5,0.14,
10:49:16,75640.23,75633.8,0.9,0.16,
10:49:36,75600.0,75600.0,0.0,0.16,
10:49:46,75568.51,75571.4,-0.4,0.13,
10:50:06,75608.07,75607.5,0.1,0.13,
10:50:16,75631.07,75631.3,-0.0,0.13,
10:50:36,75630.99,75635.4,-0.6,0.13,
10:50:46,75642.25,75650.8,-1.1,0.13,
10:51:06,75670.01,75667.5,0.3,0.14,
10:51:16,75660.78,75667.6,-0.9,0.13,
10:51:36,75663.12,75667.4,-0.6,0.13,
10:51:46,75665.73,75670.6,-0.6,0.21,
10:52:06,75692.71,75695.6,-0.4,0.13,
10:52:16,75702.0,75709.9,-1.0,0.14,
10:52:36,75701.61,75710.0,-1.1,0.14,
10:52:46,75703.91,75707.6,-0.5,0.13,
10:53:06,75697.64,75707.4,-1.3,0.15,
10:53:16,75704.41,75710.1,-0.8,0.14,
10:53:36,75718.85,75726.8,-1.0,0.14,
10:53:46,75735.24,75739.0,-0.5,0.24,
10:54:06,75711.99,75716.4,-0.6,0.15,
10:54:16,75744.1,75747.6,-0.5,0.13,
10:54:36,75725.15,75726.6,-0.2,0.13,
10:54:46,75715.44,75720.8,-0.7,0.13,
10:55:06,75742.32,75750.0,-1.0,0.14,
10:55:16,75742.31,75746.1,-0.5,0.14,
10:55:36,75729.66,75734.0,-0.6,0.14,
10:55:46,75721.52,75734.0,-1.6,0.15,
10:56:06,75744.52,75742.1,0.3,0.14,
10:56:16,75742.86,75745.2,-0.3,0.14,
10:56:36,75735.49,75742.9,-1.0,0.14,
10:56:46,75719.68,75720.7,-0.1,0.13,
10:57:06,75700.0,75702.1,-0.3,0.14,
10:57:16,75702.5,75715.3,-1.7,0.13,
10:57:36,75719.19,75722.5,-0.4,0.13,
10:57:46,75718.86,75728.8,-1.3,0.14,
10:58:06,75729.6,75734.3,-0.6,0.18,
10:58:16,75729.6,75734.4,-0.6,0.15,
10:58:36,75720.65,75728.8,-1.1,0.13,
10:58:46,75700.46,75707.4,-0.9,0.14,
10:59:06,75732.69,75736.8,-0.5,0.14,
10:59:16,75738.0,75750.0,-1.6,0.14,
10:59:36,75741.7,75741.6,0.0,0.14,
10:59:46,75741.7,75752.4,-1.4,0.14,
11:00:06,75659.86,75672.6,-1.7,0.19,
11:00:16,75714.84,75722.0,-0.9,0.13,
11:00:36,75688.53,75695.9,-1.0,0.14,
11:00:46,75701.33,75708.3,-0.9,0.14,
11:01:06,75729.75,75729.2,0.1,0.13,
11:01:16,75729.75,75737.2,-1.0,0.13,
11:01:36,75755.16,75762.8,-1.0,0.14,
11:01:46,75758.95,75765.0,-0.8,0.14,
11:02:06,75742.25,75752.2,-1.3,0.14,
11:02:16,75740.59,75744.4,-0.5,0.13,
11:02:59,75744.67,75753.2,-1.1,0.2,
11:02:59,75744.67,75753.2,-1.1,0.26,
11:03:06,75756.87,75758.8,-0.3,0.13,
11:03:16,75766.2,75766.6,-0.1,0.23,
11:03:36,75780.0,75776.4,0.5,0.24,
11:03:46,75767.08,75763.1,0.5,0.19,
11:04:06,75761.15,75763.1,-0.3,0.14,
11:04:16,75760.86,75763.1,-0.3,0.14,
11:04:36,75758.94,75763.2,-0.6,0.15,
11:04:46,75767.22,75762.7,0.6,0.15,
11:05:06,75768.99,75772.1,-0.4,0.24,
11:05:16,75776.47,75778.2,-0.2,0.13,
11:05:36,75780.15,75781.1,-0.1,0.23,
11:05:46,75779.41,75778.4,0.1,0.15,
11:06:06,75780.54,75785.9,-0.7,0.15,
11:06:16,75788.08,75785.8,0.3,0.12,
11:06:36,75793.73,75799.9,-0.8,0.14,
11:06:46,75804.91,75803.8,0.1,0.14,
11:07:06,75767.56,75769.1,-0.2,0.14,
11:07:16,75760.89,75769.8,-1.2,0.13,
11:07:36,75775.67,75775.5,0.0,0.14,
11:07:46,75760.99,75762.8,-0.2,0.14,
11:08:06,75775.67,75782.8,-0.9,0.14,
11:08:16,75775.66,75781.3,-0.7,0.13,
11:08:36,75782.66,75790.0,-1.0,0.14,
11:08:46,75787.09,75794.6,-1.0,0.15,
11:09:06,75801.13,75803.0,-0.2,0.14,
11:09:16,75804.91,75803.7,0.2,0.14,
11:09:36,75795.05,75793.5,0.2,0.13,
11:09:46,75795.06,75795.9,-0.1,0.14,
11:10:06,75804.9,75813.4,-1.1,0.14,
11:10:16,75816.85,75817.5,-0.1,0.14,
11:10:36,75839.1,75840.7,-0.2,0.23,
11:10:46,75839.09,75840.8,-0.2,0.13,
11:11:06,75849.99,75851.7,-0.2,0.15,
11:11:16,75865.12,75862.1,0.4,0.14,
11:11:36,75850.0,75850.7,-0.1,0.14,
11:11:46,75839.1,75839.2,-0.0,0.14,
11:12:06,75844.57,75850.9,-0.8,0.2,
11:12:16,75844.58,75844.5,0.0,0.13,
11:12:36,75829.13,75829.5,-0.0,0.23,
11:12:46,75818.54,75823.5,-0.7,0.14,
11:13:06,75810.43,75809.5,0.1,0.13,
11:13:16,75811.51,75809.2,0.3,0.13,
11:13:36,75808.39,75809.9,-0.2,0.14,
11:13:46,75808.38,75815.5,-0.9,0.13,
11:14:06,75795.06,75800.0,-0.7,0.14,
11:14:16,75804.48,75812.2,-1.0,0.14,
11:14:36,75821.01,75827.0,-0.8,0.13,
11:14:46,75828.64,75830.7,-0.3,0.13,
11:15:06,75818.55,75820.4,-0.2,0.14,
11:15:16,75796.46,75800.0,-0.5,0.14,
11:15:36,75777.0,75773.2,0.5,0.14,
11:15:46,75786.89,75789.7,-0.4,0.14,
11:16:06,75792.97,75799.0,-0.8,0.15,
11:16:16,75792.98,75795.7,-0.4,0.13,
11:16:36,75805.59,75806.0,-0.1,0.14,
11:16:46,75795.05,75799.0,-0.5,0.14,
11:17:06,75795.03,75795.7,-0.1,0.14,
11:17:16,75800.0,75807.1,-0.9,0.15,
11:17:36,75807.41,75810.1,-0.4,0.13,
11:17:46,75815.76,75820.0,-0.6,0.15,
11:18:06,75832.78,75831.5,0.2,0.16,
11:18:16,75832.79,75831.4,0.2,0.13,
11:18:36,75848.83,75852.2,-0.4,0.14,
11:18:46,75862.76,75866.3,-0.5,0.14,
11:19:06,75859.62,75865.7,-0.8,0.14,
11:19:17,75859.62,75865.6,-0.8,0.53,
11:19:36,75855.43,75855.0,0.1,0.14,
11:19:47,75843.0,75847.8,-0.6,0.29,
11:20:06,75796.19,75801.0,-0.6,0.14,
11:20:16,75780.5,75784.0,-0.5,0.14,
11:20:36,75780.5,75785.7,-0.7,0.13,
11:20:46,75778.75,75788.6,-1.3,0.16,
11:21:06,75772.35,75775.2,-0.4,0.14,
11:21:16,75793.72,75787.7,0.8,0.15,
11:21:36,75799.21,75810.1,-1.4,0.16,
11:21:47,75808.16,75822.7,-1.9,0.14,
11:22:06,75817.65,75824.3,-0.9,0.23,
11:22:17,75808.47,75812.5,-0.5,0.14,
11:22:36,75786.34,75788.5,-0.3,0.15,
11:22:47,75785.41,75797.3,-1.6,0.13,
11:23:06,75785.41,75795.3,-1.3,0.14,
11:23:17,75797.26,75809.3,-1.6,0.17,
11:23:36,75803.88,75809.4,-0.7,0.14,
11:23:47,75803.87,75815.0,-1.5,0.15,
11:24:06,75803.88,75812.2,-1.1,0.14,
11:24:17,75795.54,75809.4,-1.8,0.13,
11:24:36,75820.56,75822.3,-0.2,0.14,
11:24:47,75820.56,75826.5,-0.8,0.14,
11:25:06,75816.62,75820.7,-0.5,0.14,
11:25:17,75816.62,75820.6,-0.5,0.16,
11:25:36,75815.32,75818.7,-0.4,0.13,
11:25:47,75799.92,75809.4,-1.3,0.13,
11:26:06,75815.3,75818.2,-0.4,0.14,
11:26:17,75815.31,75823.0,-1.0,0.13,
11:26:37,75815.3,75823.1,-1.0,0.5,
11:26:47,75815.31,75823.1,-1.0,0.13,
11:27:07,75805.96,75815.3,-1.2,0.53,
11:27:17,75805.96,75809.9,-0.5,0.14,
11:27:36,75810.23,75819.3,-1.2,0.15,
11:27:47,75810.23,75819.3,-1.2,0.14,
11:28:06,75810.24,75819.1,-1.2,0.18,
11:28:17,75810.24,75819.2,-1.2,0.13,
11:28:36,75843.36,75847.7,-0.6,0.14,
11:28:47,75870.85,75871.2,-0.0,0.14,
11:29:06,75869.7,75871.2,-0.2,0.14,
11:29:17,75858.0,75861.0,-0.4,0.13,
11:29:36,75858.0,75861.0,-0.4,0.14,
11:29:47,75870.7,75874.9,-0.6,0.14,
11:30:06,75897.35,75900.0,-0.3,0.35,
11:30:17,75890.03,75890.6,-0.1,0.2,
11:30:36,75867.06,75865.7,0.2,0.13,
11:30:47,75877.76,75884.9,-0.9,0.24,
11:31:06,75884.41,75885.1,-0.1,0.13,
11:31:17,75884.4,75886.2,-0.2,0.15,
11:31:36,75846.13,75844.8,0.2,0.14,
11:31:47,75846.83,75854.5,-1.0,0.14,
11:32:06,75845.7,75849.0,-0.4,0.14,
11:32:17,75873.39,75877.7,-0.6,0.12,
11:32:36,75884.4,75890.5,-0.8,0.14,
11:32:47,75884.41,75890.9,-0.9,0.15,
11:33:06,75870.6,75886.2,-2.1,0.14,
11:33:17,75870.59,75873.6,-0.4,0.15,
11:33:37,75870.59,75881.4,-1.4,0.44,
11:33:47,75881.06,75882.9,-0.2,0.14,
11:34:06,75885.63,75889.3,-0.5,0.14,
11:34:17,75885.63,75890.4,-0.6,0.13,
11:34:36,75862.56,75860.9,0.2,0.14,
11:34:47,75862.56,75860.8,0.2,0.2,
11:35:06,75881.13,75885.1,-0.5,0.13,
11:35:17,75881.14,75886.9,-0.8,0.14,
11:35:36,75897.39,75904.7,-1.0,0.13,
11:35:47,75897.38,75902.4,-0.7,0.15,
11:36:06,75897.38,75904.6,-1.0,0.14,
11:36:17,75897.39,75904.7,-1.0,0.16,
11:36:36,75900.0,75907.2,-0.9,0.2,
11:36:47,75900.0,75907.8,-1.0,0.14,
11:37:06,75916.16,75919.9,-0.5,0.15,
11:37:17,75920.31,75931.0,-1.4,0.15,
11:37:37,75915.66,75915.9,-0.0,0.29,
11:37:47,75918.92,75916.9,0.3,0.2,
11:38:06,75918.92,75924.5,-0.7,0.17,
11:38:17,75925.05,75929.9,-0.6,0.14,
11:38:36,75929.7,75933.2,-0.5,0.14,
11:38:47,75949.93,75949.9,0.0,0.15,
11:39:06,75949.94,75947.3,0.3,0.15,
11:39:17,75961.99,75966.4,-0.6,0.14,
11:39:36,75987.37,75990.1,-0.4,0.15,
11:39:47,75972.63,75974.2,-0.2,0.15,
11:40:06,75933.96,75934.1,-0.0,0.24,
11:40:17,75917.72,75924.5,-0.9,0.42,
11:40:37,75900.85,75905.0,-0.5,0.54,
11:40:49,75907.68,75922.0,-1.9,2.49,
11:41:06,75914.46,75921.9,-1.0,0.15,
11:41:17,75918.55,75922.0,-0.5,0.14,
11:41:36,75929.57,75936.5,-0.9,0.16,
11:41:47,75929.58,75932.6,-0.4,0.15,
11:42:06,75939.29,75942.4,-0.4,0.15,
11:42:17,75935.29,75933.0,0.3,0.43,
11:42:36,75933.34,75939.3,-0.8,0.15,
11:42:47,75935.76,75934.3,0.2,0.14,
11:43:06,75921.47,75933.0,-1.5,0.21,
11:43:17,75933.36,75935.5,-0.3,0.59,
11:43:37,75933.36,75938.9,-0.7,0.56,
11:43:47,75933.36,75939.2,-0.8,0.2,
11:44:07,75933.38,75938.8,-0.7,0.46,
11:44:17,75933.39,75938.8,-0.7,0.15,
11:44:36,75935.76,75944.4,-1.1,0.13,
11:44:47,75940.42,75955.0,-1.9,0.15,
11:45:07,75949.04,75955.6,-0.9,0.35,
11:45:17,75944.47,75947.6,-0.4,0.14,
11:45:36,75939.53,75945.8,-0.8,0.15,
11:46:19,75936.51,75943.4,-0.9,0.21,
11:46:36,75935.03,75938.9,-0.5,0.16,
11:46:47,75935.04,75939.0,-0.5,0.13,
11:47:06,75907.26,75918.2,-1.4,0.14,
11:47:17,75907.25,75912.9,-0.7,0.12,
11:47:36,75907.25,75912.9,-0.7,0.13,
11:47:47,75907.26,75913.0,-0.8,0.15,
11:48:06,75907.26,75915.9,-1.1,0.2,
11:48:17,75907.26,75915.9,-1.1,0.13,
11:48:36,75907.25,75916.0,-1.2,0.15,
11:48:47,75907.26,75915.9,-1.1,0.13,
11:49:06,75900.83,75910.9,-1.3,0.14,
11:49:17,75905.82,75913.6,-1.0,0.14,
11:49:36,75905.84,75914.0,-1.1,0.13,
11:49:47,75918.0,75924.6,-0.9,0.14,
11:50:06,75909.67,75917.9,-1.1,0.14,
11:50:17,75909.67,75918.0,-1.1,0.12,
11:50:36,75909.66,75918.0,-1.1,0.13,
11:50:47,75918.73,75924.7,-0.8,0.12,
11:51:06,75918.73,75924.6,-0.8,0.14,
11:51:17,75918.06,75923.5,-0.7,0.18,
11:51:36,75916.56,75920.6,-0.5,0.13,
11:51:47,75913.63,75914.9,-0.2,0.13,
11:52:06,75936.51,75947.0,-1.4,0.14,
11:52:17,75942.95,75955.1,-1.6,0.14,
11:52:36,75950.0,75955.2,-0.7,0.12,
11:52:47,75939.17,75941.3,-0.3,0.14,
11:53:06,75944.65,75948.9,-0.6,0.14,
11:53:17,75944.65,75950.2,-0.7,0.12,
11:53:36,75951.6,75955.0,-0.4,0.12,
11:53:47,75954.41,75960.0,-0.7,0.13,
11:54:06,75971.02,75976.7,-0.7,0.13,
11:54:17,75979.62,75987.5,-1.0,0.15,
11:54:36,75983.93,75990.0,-0.8,0.13,
11:54:47,75975.95,75987.5,-1.5,0.13,
11:55:07,75972.99,75975.3,-0.3,0.14,
11:55:17,75958.74,75962.0,-0.4,0.12,
11:55:37,75928.69,75933.1,-0.6,0.56,
11:55:47,75929.12,75933.2,-0.5,0.22,
11:56:07,75927.68,75933.2,-0.7,0.14,
11:56:17,75927.68,75933.2,-0.7,0.13,
11:56:37,75940.61,75944.4,-0.5,0.14,
11:56:47,75940.6,75947.5,-0.9,0.14,
11:57:07,75963.54,75967.0,-0.5,0.69,
11:57:17,75965.74,75971.9,-0.8,0.14,
11:57:37,75956.0,75951.6,0.6,0.28,
11:57:47,75959.92,75951.7,1.1,0.39,
11:58:07,75958.07,75958.1,-0.0,0.13,
11:58:17,75958.07,75958.1,-0.0,0.13,
11:58:37,75956.71,75962.7,-0.8,0.12,
11:58:47,75956.72,75962.7,-0.8,0.14,
11:59:07,75946.01,75946.9,-0.1,0.23,
11:59:17,75946.0,75947.0,-0.1,0.18,
11:59:37,75932.46,75937.1,-0.6,0.13,
11:59:47,75932.46,75933.3,-0.1,0.13,
12:00:07,75939.83,75947.0,-0.9,0.12,
12:00:17,75941.03,75946.9,-0.8,0.13,
12:00:37,75930.56,75933.2,-0.3,0.19,
12:00:47,75916.0,75914.1,0.3,0.13,
12:01:07,75921.6,75932.8,-1.5,0.13,
12:01:17,75940.47,75935.9,0.6,0.14,
12:01:37,75959.5,75969.9,-1.4,0.23,
12:01:47,75958.6,75960.6,-0.3,0.14,
12:02:07,75916.55,75913.8,0.4,0.51,
12:02:17,75925.98,75934.9,-1.2,0.13,
12:02:37,75912.66,75914.8,-0.3,0.23,
12:02:47,75912.66,75915.0,-0.3,0.14,
12:03:07,75927.23,75927.5,-0.0,0.17,
12:03:17,75925.23,75927.3,-0.3,0.15,
12:03:37,75890.35,75897.7,-1.0,0.13,
12:03:47,75885.38,75885.9,-0.1,0.14,
12:04:07,75874.54,75873.4,0.2,0.14,
12:04:17,75874.54,75882.3,-1.0,0.13,
12:04:37,75885.36,75889.6,-0.6,0.13,
12:04:47,75889.16,75893.7,-0.6,0.34,
12:05:07,75847.35,75859.9,-1.7,0.45,
12:05:17,75843.43,75844.8,-0.2,0.74,
12:05:37,75806.01,75810.0,-0.5,0.13,
12:05:47,75783.67,75789.9,-0.8,0.5,
12:06:07,75768.67,75768.1,0.1,0.13,
12:06:17,75733.24,75744.8,-1.5,0.24,
12:06:37,75707.55,75714.0,-0.9,0.14,
12:06:47,75729.4,75739.3,-1.3,0.22,
12:07:07,75769.36,75777.9,-1.1,0.18,
12:07:17,75754.02,75763.9,-1.3,0.18,
12:07:37,75762.76,75774.4,-1.5,0.13,
12:07:47,75762.76,75769.9,-0.9,0.13,
12:08:07,75752.25,75756.7,-0.6,0.13,
12:08:17,75752.25,75768.3,-2.1,0.13,
12:08:37,75756.63,75768.4,-1.6,0.14,
12:08:47,75762.08,75773.4,-1.5,0.56,
12:09:07,75787.0,75798.5,-1.5,0.23,
12:09:18,75786.99,75794.5,-1.0,0.86,
12:09:37,75761.59,75765.2,-0.5,0.14,
12:09:47,75786.99,75799.7,-1.7,0.13,
12:10:07,75794.59,75801.2,-0.9,0.18,
12:10:17,75794.59,75801.8,-1.0,0.14,
12:10:37,75794.59,75809.9,-2.0,0.14,
12:11:20,75829.6,75835.1,-0.7,0.18,
12:11:37,75829.6,75834.4,-0.6,0.13,
12:11:47,75812.91,75814.7,-0.2,0.14,
12:12:07,75761.1,75767.7,-0.9,0.17,
12:12:17,75766.82,75772.9,-0.8,0.15,
12:12:37,75772.13,75781.3,-1.2,0.13,
12:12:47,75780.77,75781.4,-0.1,0.13,
12:13:07,75788.86,75788.8,0.0,0.18,
12:13:17,75793.28,75797.6,-0.6,0.13,
12:13:37,75779.61,75780.1,-0.1,0.13,
12:13:47,75786.34,75793.4,-0.9,0.13,
12:14:07,75811.89,75814.9,-0.4,0.14,
12:14:17,75810.23,75814.9,-0.6,0.13,
12:14:37,75803.14,75807.1,-0.5,0.13,
12:14:47,75806.42,75814.9,-1.1,0.26,
12:15:07,75798.15,75800.1,-0.3,0.14,
12:15:17,75797.8,75800.1,-0.3,0.13,
12:15:37,75770.36,75774.5,-0.5,0.14,
12:15:47,75779.61,75787.1,-1.0,0.13,
12:16:07,75790.17,75790.7,-0.1,0.12,
12:16:17,75781.93,75789.1,-0.9,0.21,
12:16:37,75773.0,75774.0,-0.1,0.13,
12:16:47,75773.7,75782.2,-1.1,0.13,
12:17:07,75754.86,75764.0,-1.2,0.13,
12:17:17,75753.42,75754.8,-0.2,0.14,
12:17:37,75742.33,75748.3,-0.8,0.15,
12:17:47,75742.33,75742.3,0.0,0.12,
12:18:07,75732.72,75731.7,0.1,0.13,
12:18:17,75732.72,75742.0,-1.2,0.13,
12:18:37,75712.0,75718.5,-0.9,0.13,
12:18:47,75716.36,75720.3,-0.5,0.14,
12:19:07,75704.4,75705.8,-0.2,0.13,
12:19:17,75692.53,75699.1,-0.9,0.12,
12:19:37,75692.76,75702.9,-1.3,0.13,
12:19:47,75721.6,75718.0,0.5,0.13,
12:20:07,75728.77,75725.8,0.4,0.13,
12:20:17,75715.33,75714.5,0.1,0.24,
12:20:37,75685.53,75686.0,-0.1,0.13,
12:20:47,75696.12,75699.8,-0.5,0.13,
12:21:08,75687.63,75694.9,-1.0,0.38,
12:21:17,75682.99,75683.3,-0.0,0.13,
12:21:37,75679.66,75680.9,-0.2,0.13,
12:21:47,75711.4,75716.5,-0.7,0.11,
12:22:07,75703.81,75714.8,-1.5,0.13,
12:22:17,75710.96,75713.9,-0.4,0.24,
12:22:37,75719.16,75715.8,0.4,0.14,
12:22:47,75720.94,75725.4,-0.6,0.13,
12:23:30,75703.82,75721.0,-2.3,0.17,
12:23:31,75703.82,75711.7,-1.0,0.17,
12:23:37,75701.31,75700.8,0.1,0.13,
12:23:47,75694.64,75700.8,-0.8,0.14,
12:24:07,75680.15,75679.8,0.0,0.13,
12:24:17,75710.09,75714.5,-0.6,0.14,
12:24:37,75710.08,75703.2,0.9,0.13,
12:24:47,75670.46,75667.5,0.4,0.13,
12:25:07,75684.18,75690.1,-0.8,0.13,
12:25:17,75710.0,75709.6,0.1,0.13,
12:25:37,75710.0,75708.6,0.2,0.14,
12:25:47,75709.99,75710.0,-0.0,0.15,
12:26:07,75695.19,75696.7,-0.2,0.29,
12:26:17,75695.19,75696.8,-0.2,0.14,
12:26:37,75703.59,75705.7,-0.3,0.2,
12:26:47,75703.6,75702.4,0.2,0.13,
12:27:07,75695.89,75694.2,0.2,0.12,
12:27:17,75701.49,75696.2,0.7,0.14,
12:27:37,75696.1,75696.1,0.0,0.14,
12:27:47,75696.1,75691.2,0.6,0.15,
12:28:07,75696.09,75695.6,0.1,0.14,
12:28:17,75696.1,75695.5,0.1,0.13,
12:28:37,75694.94,75694.2,0.1,0.13,
12:28:47,75702.64,75703.2,-0.1,0.13,
12:29:07,75726.28,75722.8,0.5,0.13,
12:29:17,75712.87,75712.4,0.1,0.14,
12:29:37,75710.41,75710.2,0.0,0.13,
12:29:47,75699.49,75700.2,-0.1,0.13,
12:30:07,75683.72,75686.1,-0.3,0.25,
12:30:17,75687.2,75686.9,0.0,0.14,
12:30:37,75660.11,75656.6,0.5,0.12,
12:30:47,75636.81,75644.1,-1.0,0.14,
12:31:07,75596.89,75597.4,-0.1,0.17,
12:31:17,75597.45,75588.5,1.2,0.13,
12:31:37,75571.15,75572.0,-0.1,0.15,
12:31:47,75573.88,75566.6,1.0,0.14,
12:32:07,75582.29,75576.7,0.7,0.13,
12:32:17,75566.03,75563.5,0.3,0.13,
12:32:37,75556.47,75560.4,-0.5,0.13,
12:32:47,75553.77,75561.5,-1.0,0.13,
12:33:07,75557.35,75555.5,0.2,0.14,
12:33:17,75554.21,75553.6,0.1,0.13,
12:33:37,75556.38,75560.2,-0.5,0.14,
12:33:47,75533.93,75531.7,0.3,0.13,
12:34:08,75528.43,75531.7,-0.4,0.57,
12:34:17,75534.08,75537.8,-0.5,0.14,
12:34:38,75541.32,75543.6,-0.3,0.61,
12:34:47,75530.01,75532.5,-0.3,0.16,
12:35:07,75523.53,75521.0,0.3,0.13,
12:35:51,75521.55,75520.0,0.2,0.21,
12:36:07,75530.5,75533.7,-0.4,0.14,
12:36:18,75555.94,75548.0,1.1,0.14,
12:36:37,75556.57,75554.6,0.3,0.15,
12:36:48,75518.49,75515.4,0.4,0.6,
12:37:07,75479.44,75495.1,-2.1,0.16,
12:37:18,75463.62,75467.1,-0.5,0.14,
12:37:37,75434.03,75435.3,-0.2,0.14,
12:37:48,75452.51,75456.2,-0.5,0.13,
12:38:07,75462.42,75467.8,-0.7,0.24,
12:38:18,75462.43,75464.8,-0.3,0.13,
12:38:37,75487.1,75491.5,-0.6,0.14,
12:38:48,75467.73,75471.7,-0.5,0.15,
12:39:07,75463.5,75468.1,-0.6,0.14,
12:39:18,75476.8,75478.0,-0.2,0.14,
12:39:37,75465.86,75464.1,0.2,0.16,
12:39:48,75470.01,75476.4,-0.8,0.14,
12:40:07,75442.11,75444.4,-0.3,0.13,
12:40:18,75447.82,75455.3,-1.0,0.13,
12:40:37,75456.86,75460.1,-0.4,0.14,
12:40:48,75462.41,75462.4,0.0,0.14,
12:41:07,75475.78,75473.7,0.3,0.25,
12:41:18,75465.72,75469.1,-0.4,0.25,
12:41:37,75464.97,75469.1,-0.5,0.13,
12:41:48,75464.97,75469.1,-0.5,0.14,
12:42:07,75458.51,75464.0,-0.7,0.15,
12:42:18,75458.5,75464.0,-0.7,0.25,
12:42:37,75414.58,75424.2,-1.3,0.15,
12:42:48,75435.98,75440.1,-0.5,0.16,
12:43:07,75444.75,75450.9,-0.8,0.15,
12:43:18,75448.11,75453.3,-0.7,0.15,
12:43:37,75457.86,75461.9,-0.5,0.13,
12:43:48,75465.51,75470.5,-0.7,0.17,
12:44:07,75465.51,75471.0,-0.7,0.14,
12:44:18,75468.65,75475.3,-0.9,0.49,
12:44:37,75478.9,75479.5,-0.1,0.15,
12:44:48,75484.0,75488.9,-0.6,0.14,
12:45:07,75450.93,75455.6,-0.6,0.14,
12:45:18,75491.35,75494.0,-0.4,0.14,
12:45:37,75490.92,75492.0,-0.1,0.14,
12:45:48,75523.32,75520.2,0.4,0.13,
12:46:07,75520.01,75520.3,-0.0,0.15,
12:46:18,75504.01,75520.2,-2.1,0.14,
12:46:37,75493.23,75495.0,-0.2,0.16,
12:46:48,75490.33,75485.9,0.6,0.14,
12:47:07,75466.04,75474.0,-1.1,0.17,
12:47:18,75466.04,75474.1,-1.1,0.14,
12:47:37,75470.56,75474.0,-0.5,0.15,
12:47:48,75476.24,75483.3,-0.9,0.12,
12:48:07,75486.0,75493.1,-0.9,0.2,
12:48:18,75482.75,75479.5,0.4,0.13,
12:48:37,75490.0,75500.1,-1.3,0.13,
12:48:48,75488.31,75492.5,-0.6,0.13,
12:49:07,75491.41,75502.2,-1.4,0.14,
12:49:18,75487.41,75489.9,-0.3,0.13,
12:49:37,75478.93,75480.8,-0.2,0.13,
12:49:48,75490.5,75498.4,-1.0,0.23,
12:50:07,75499.99,75507.0,-0.9,0.14,
12:50:18,75500.0,75506.5,-0.9,0.13,
12:50:37,75500.0,75509.4,-1.2,0.13,
12:50:48,75511.23,75520.0,-1.2,0.13,
12:51:07,75504.01,75507.8,-0.5,0.15,
12:51:18,75497.23,75501.0,-0.5,0.25,
12:51:37,75488.61,75490.4,-0.2,0.21,
12:51:48,75493.1,75497.3,-0.6,0.14,
12:52:07,75503.99,75509.7,-0.8,0.14,
12:52:18,75503.99,75509.3,-0.7,0.15,
12:52:37,75497.11,75504.7,-1.0,0.14,
12:52:48,75501.74,75504.7,-0.4,0.13,
12:53:08,75526.27,75531.9,-0.7,0.15,
12:53:18,75526.26,75535.0,-1.2,0.15,
12:53:38,75534.64,75540.0,-0.7,0.15,
12:53:48,75534.64,75540.0,-0.7,0.14,
12:54:08,75506.24,75505.8,0.1,0.15,
12:54:18,75506.25,75504.7,0.2,0.13,
12:54:38,75506.24,75508.7,-0.3,0.14,
12:54:48,75515.03,75517.1,-0.3,0.13,
12:55:31,75500.59,75501.3,-0.1,0.2,
12:55:32,75500.59,75501.4,-0.1,0.19,
12:55:38,75500.59,75502.5,-0.3,0.15,
12:55:48,75496.05,75501.3,-0.7,0.15,
12:56:08,75496.56,75501.3,-0.6,0.14,
12:56:18,75499.55,75505.0,-0.7,0.2,
12:56:38,75483.11,75484.5,-0.2,0.14,
12:56:48,75483.12,75486.3,-0.4,0.18,
12:57:08,75485.91,75487.6,-0.2,0.15,
12:57:18,75485.9,75487.6,-0.2,0.13,
12:57:38,75502.84,75505.1,-0.3,0.15,
12:57:48,75502.85,75505.8,-0.4,0.17,
12:58:08,75507.81,75513.2,-0.7,0.24,
12:58:18,75523.3,75520.3,0.4,0.17,
12:58:38,75514.51,75511.6,0.4,0.18,
12:58:48,75514.51,75511.6,0.4,0.16,
12:59:08,75497.01,75501.7,-0.6,0.13,
12:59:18,75498.69,75496.8,0.3,0.14,
12:59:38,75497.0,75496.8,0.0,0.16,
12:59:48,75503.43,75504.3,-0.1,0.15,
13:00:08,75497.01,75495.1,0.3,0.17,
13:00:18,75487.76,75487.9,-0.0,0.18,
13:00:38,75493.58,75495.0,-0.2,0.14,
13:00:48,75511.22,75511.1,0.0,0.13,
13:01:08,75526.48,75529.2,-0.4,0.13,
13:01:18,75529.18,75529.2,-0.0,0.15,
13:01:38,75549.99,75548.9,0.1,0.13,
13:01:48,75559.67,75560.6,-0.1,0.14,
13:02:08,75545.81,75549.4,-0.5,0.13,
13:02:18,75553.9,75558.8,-0.6,0.23,
13:02:38,75558.62,75562.9,-0.6,0.14,
13:02:48,75573.22,75572.3,0.1,0.14,
13:03:08,75569.55,75562.1,1.0,0.15,
13:03:18,75553.35,75558.4,-0.7,0.14,
13:03:38,75568.84,75571.7,-0.4,0.13,
13:03:48,75577.12,75583.2,-0.8,0.14,
13:04:08,75585.93,75580.8,0.7,0.7,
13:04:18,75573.26,75576.9,-0.5,0.18,
13:04:38,75543.25,75540.0,0.4,0.18,
13:04:49,75543.25,75540.0,0.4,0.15,
13:05:08,75534.4,75540.0,-0.7,0.26,
13:05:19,75554.77,75555.0,-0.0,0.14,
13:05:38,75576.33,75574.4,0.3,0.14,
13:05:49,75576.34,75573.8,0.3,0.17,
13:06:08,75576.33,75569.9,0.9,0.14,
13:06:19,75576.34,75569.9,0.9,0.14,
13:06:38,75580.82,75581.4,-0.1,0.13,
13:06:49,75589.19,75590.5,-0.2,0.14,
13:07:08,75595.49,75588.8,0.9,0.15,
13:07:19,75599.99,75599.1,0.1,0.13,
13:07:38,75594.03,75593.3,0.1,0.28,
13:07:49,75593.18,75586.2,0.9,0.13,
13:08:08,75615.58,75619.7,-0.5,0.15,
13:08:19,75612.13,75608.0,0.5,0.15,
13:08:38,75616.65,75613.7,0.4,0.15,
13:08:49,75616.65,75612.8,0.5,0.14,
13:09:08,75616.65,75617.0,-0.0,0.15,
13:09:19,75616.64,75612.8,0.5,0.14,
13:09:38,75612.13,75605.0,0.9,0.14,
13:09:49,75612.12,75604.9,1.0,0.14,
13:10:08,75588.62,75583.2,0.7,0.16,
13:10:19,75588.61,75588.5,0.0,0.13,
13:10:38,75588.61,75586.2,0.3,0.18,
13:10:49,75588.61,75584.1,0.6,0.13,
13:11:41,75606.37,75598.3,1.1,0.24,
13:11:49,75622.96,75621.3,0.2,0.13,
13:12:08,75618.27,75616.3,0.3,0.14,
13:12:19,75618.28,75616.2,0.3,0.14,
13:12:38,75622.96,75619.3,0.5,0.13,
13:12:49,75622.96,75624.9,-0.3,0.14,
13:13:08,75602.57,75602.8,-0.0,0.13,
13:13:19,75615.88,75613.2,0.4,0.54,
13:13:38,75615.88,75609.6,0.8,0.14,
13:13:49,75620.89,75622.9,-0.3,0.14,
13:14:08,75627.33,75623.0,0.6,0.15,
13:14:19,75627.33,75623.0,0.6,0.14,
13:14:38,75611.78,75606.0,0.8,0.13,
13:14:49,75611.77,75610.4,0.2,0.13,
13:15:08,75611.78,75610.3,0.2,0.12,
13:15:19,75626.08,75626.5,-0.1,0.13,
13:15:38,75602.3,75595.4,0.9,0.13,
13:15:49,75601.22,75586.7,1.9,0.13,
13:16:08,75579.26,75569.7,1.3,0.21,
13:16:51,75559.28,75555.4,0.5,0.18,
13:17:08,75551.4,75547.1,0.6,0.13,
13:17:19,75552.65,75552.6,0.0,0.25,
13:18:02,75542.0,75541.0,0.1,0.18,
13:18:02,75541.99,75541.0,0.1,0.18,
13:18:08,75557.91,75559.4,-0.2,0.15,
13:18:19,75557.92,75559.8,-0.2,0.13,
13:18:38,75557.92,75557.9,0.0,0.13,
13:18:49,75549.26,75548.9,0.0,0.14,
13:19:08,75557.9,75548.4,1.3,0.13,
13:19:19,75557.9,75555.8,0.3,0.14,
13:19:38,75557.92,75559.9,-0.3,0.13,
13:19:49,75557.91,75559.2,-0.2,0.13,
13:20:08,75555.47,75548.2,1.0,0.13,
13:20:19,75532.16,75521.4,1.4,0.13,
13:20:38,75535.94,75525.6,1.4,0.13,
13:20:49,75532.15,75519.6,1.7,0.13,
13:21:08,75536.2,75534.4,0.2,0.14,
13:21:19,75536.2,75534.4,0.2,0.23,
13:22:44,75578.14,75565.3,1.7,0.12,
13:22:48,75578.13,75573.9,0.6,0.13,
13:23:14,75572.11,75561.2,1.4,0.14,
13:23:18,75572.11,75561.2,1.4,0.13,
13:23:44,75571.28,75568.2,0.4,0.13,
13:23:48,75564.87,75560.1,0.6,0.15,
13:24:14,75532.16,75524.5,1.0,0.14,
13:24:18,75532.16,75529.4,0.4,0.13,
13:24:45,75535.64,75536.0,-0.0,0.7,
13:24:48,75535.63,75536.0,-0.0,0.16,
13:25:14,75535.64,75524.5,1.5,0.13,
13:25:18,75535.65,75524.5,1.5,0.15,
13:25:44,75478.13,75479.2,-0.1,0.12,
13:25:48,75469.22,75469.2,0.0,0.12,
13:26:14,75434.43,75425.3,1.2,0.14,
13:26:18,75428.82,75425.4,0.5,0.13,
13:26:44,75434.0,75437.1,-0.4,0.19,
13:26:48,75434.42,75437.1,-0.4,0.14,
13:27:14,75391.58,75386.7,0.6,0.13,
13:27:18,75389.68,75386.3,0.4,0.13,
13:28:10,75413.41,75407.1,0.8,0.25,
13:28:11,75413.4,75412.5,0.1,0.2,
13:28:14,75413.41,75412.9,0.1,0.13,
13:28:18,75413.41,75412.9,0.1,0.13,
13:28:44,75417.1,75418.3,-0.2,0.13,
13:28:48,75418.77,75419.5,-0.1,0.13,
13:29:14,75434.42,75434.6,-0.0,0.13,
13:29:18,75434.42,75434.6,-0.0,0.14,
13:29:44,75424.53,75429.7,-0.7,0.13,
13:29:48,75434.39,75431.1,0.4,0.14,
13:30:15,75434.32,75429.9,0.6,0.5,
13:30:18,75434.43,75438.3,-0.5,0.13,
13:30:44,75515.46,75512.4,0.4,0.13,
13:30:48,75508.99,75512.4,-0.5,0.17,
13:31:14,75520.3,75532.5,-1.6,0.14,
13:31:18,75520.31,75532.4,-1.6,0.13,
13:31:44,75527.59,75532.5,-0.7,0.13,
13:31:48,75523.1,75532.4,-1.2,0.14,
13:32:14,75548.59,75552.6,-0.5,0.13,
13:32:18,75548.59,75552.7,-0.5,0.14,
13:32:44,75563.5,75558.8,0.6,0.11,
13:32:48,75558.19,75558.8,-0.1,0.13,
13:33:14,75554.83,75558.8,-0.5,0.14,
13:33:18,75554.83,75558.8,-0.5,0.16,
13:34:14,75567.28,75567.5,-0.0,0.25,
13:34:18,75567.29,75567.5,-0.0,0.13,
13:34:44,75611.21,75609.1,0.3,0.14,
13:34:48,75623.83,75609.2,1.9,0.14,
13:35:14,75656.34,75655.5,0.1,0.14,
13:35:18,75656.33,75655.5,0.1,0.15,
13:35:44,75697.89,75700.3,-0.3,0.16,
13:35:48,75697.9,75702.6,-0.6,0.14,
13:36:14,75702.65,75698.2,0.6,0.14,
13:36:18,75694.88,75698.2,-0.4,0.14,
13:36:44,75657.03,75655.2,0.2,0.14,
13:36:48,75661.58,75660.6,0.1,0.13,
13:37:14,75687.54,75689.4,-0.2,0.13,
13:37:19,75687.54,75689.3,-0.2,0.44,
13:37:44,75681.37,75684.4,-0.4,0.14,
13:37:48,75681.36,75684.3,-0.4,0.14,
13:39:52,75699.13,75695.5,0.5,2.61,
13:39:54,75699.14,75695.5,0.5,0.95,
13:40:39,75693.51,75687.7,0.8,0.25,
13:40:43,75693.52,75687.8,0.8,0.16,
13:41:09,75714.18,75715.9,-0.2,0.15,
13:41:13,75726.7,75725.9,0.1,0.14,
13:41:56,75747.01,75748.9,-0.2,0.19,
13:41:56,75747.01,75748.9,-0.2,0.18,
13:42:09,75736.75,75731.7,0.7,0.2,
13:42:10,75730.52,75721.5,1.2,0.14,
13:42:13,75725.14,75721.5,0.5,0.14,
13:42:39,75721.63,75721.6,0.0,0.13,
13:42:40,75721.64,75721.5,0.0,0.16,
13:42:43,75721.64,75721.5,0.0,0.13,
13:43:09,75687.99,75686.9,0.1,0.14,
13:43:10,75687.99,75686.9,0.1,0.15,
13:43:13,75680.99,75687.0,-0.8,0.12,
13:44:05,75712.88,75718.1,-0.7,0.54,
13:44:06,75712.87,75718.1,-0.7,0.21,
13:44:06,75712.88,75718.1,-0.7,0.2,
13:44:09,75707.4,75706.0,0.2,0.17,
13:44:10,75707.4,75706.0,0.2,0.15,
13:44:13,75707.41,75709.3,-0.2,0.31,
13:44:39,75707.4,75709.3,-0.3,0.15,
13:44:40,75707.41,75709.3,-0.2,0.14,
13:44:43,75707.41,75709.3,-0.2,0.19,
13:45:09,75707.4,75709.3,-0.3,0.15,
13:45:10,75707.4,75709.3,-0.3,0.15,
13:45:13,75707.4,75709.3,-0.3,0.15,
13:45:39,75717.73,75725.6,-1.0,0.16,
13:45:40,75717.73,75727.1,-1.2,0.33,
13:45:43,75717.79,75724.7,-0.9,0.19,
13:46:09,75695.27,75695.2,0.0,0.14,
13:46:10,75695.26,75695.2,0.0,0.13,
13:46:13,75695.27,75690.4,0.6,0.14,
13:46:39,75679.3,75684.0,-0.6,0.13,
13:46:40,75679.3,75684.0,-0.6,0.13,
13:46:43,75679.31,75684.0,-0.6,0.15,
13:47:09,75692.86,75685.7,0.9,0.14,
13:47:10,75692.86,75685.8,0.9,0.14,
13:47:13,75692.86,75685.8,0.9,0.14,
13:47:39,75681.62,75683.1,-0.2,0.13,
13:47:40,75681.62,75683.1,-0.2,0.12,
13:47:43,75681.61,75682.0,-0.1,0.14,
13:48:09,75681.74,75678.8,0.4,0.14,
13:48:10,75681.75,75678.8,0.4,0.14,
13:48:13,75681.74,75678.9,0.4,0.14,
13:48:39,75670.03,75666.8,0.4,0.13,
13:48:40,75670.03,75666.8,0.4,0.24,
13:48:43,75670.02,75666.8,0.4,0.13,
13:49:09,75698.49,75696.0,0.3,0.13,
13:49:10,75699.47,75696.0,0.5,0.14,
13:49:13,75699.56,75697.4,0.3,0.14,
13:49:29,75690.36,75694.6,-0.6,0.22,
13:49:39,75687.11,75685.7,0.2,0.13,
13:49:40,75687.11,75685.7,0.2,0.24,
13:49:43,75687.1,75685.7,0.2,0.14,
13:49:44,75687.11,75685.7,0.2,0.14,
13:49:59,75673.11,75670.4,0.4,0.14,
13:50:09,75663.06,75665.9,-0.4,0.13,
13:50:10,75663.06,75665.9,-0.4,0.16,
13:50:13,75663.05,75665.4,-0.3,0.14,
13:50:14,75663.05,75665.3,-0.3,0.15,
13:50:29,75678.78,75682.6,-0.5,0.14,
13:50:39,75694.68,75697.6,-0.4,0.15,
13:50:40,75694.68,75697.6,-0.4,0.14,
13:50:43,75694.67,75694.7,-0.0,0.15,
13:50:44,75694.67,75694.6,0.0,0.15,
13:50:59,75694.65,75689.1,0.7,0.25,
13:51:03,75682.41,75681.9,0.1,0.14,
13:51:09,75682.41,75681.7,0.1,0.14,
13:51:10,75682.41,75679.9,0.3,0.15,
13:51:13,75682.41,75678.6,0.5,0.15,
13:51:14,75682.41,75678.6,0.5,0.14,
13:51:18,75682.41,75678.7,0.5,0.16,
13:51:29,75682.41,75679.9,0.3,0.14,
13:51:33,75694.68,75692.7,0.3,0.19,
13:51:39,75694.67,75692.8,0.2,0.14,
13:51:40,75694.68,75692.8,0.2,0.25,
13:51:43,75694.67,75692.8,0.2,0.14,
13:51:44,75694.68,75692.8,0.2,0.13,
13:51:48,75699.44,75694.5,0.7,0.16,
13:51:59,75714.37,75711.5,0.4,0.14,
13:52:03,75714.36,75711.4,0.4,0.17,
13:52:09,75740.11,75731.9,1.1,0.21,
13:52:10,75740.1,75731.9,1.1,0.13,
13:52:13,75723.73,75731.9,-1.1,0.13,
13:52:14,75723.72,75726.8,-0.4,0.14,
13:52:18,75723.73,75726.8,-0.4,0.13,
13:52:29,75728.2,75726.7,0.2,0.13,
13:52:33,75728.21,75731.8,-0.5,0.14,
13:53:09,75715.44,75713.0,0.3,0.23,
13:53:10,75715.44,75712.9,0.3,0.18,
13:53:10,75715.44,75713.0,0.3,0.13,
13:53:12,75715.44,75713.0,0.3,0.18,
13:53:12,75715.44,75712.9,0.3,0.12,
13:53:13,75715.44,75712.9,0.3,0.13,
13:53:25,75703.61,75706.1,-0.3,0.13,
13:53:27,75703.62,75706.0,-0.3,0.13,
13:53:39,75694.05,75696.4,-0.3,0.12,
13:53:39,75694.05,75696.4,-0.3,0.12,
13:53:40,75694.04,75696.4,-0.3,0.22,
13:53:42,75694.05,75696.4,-0.3,0.13,
13:53:43,75694.04,75696.3,-0.3,0.14,
13:53:55,75694.04,75696.4,-0.3,0.12,
13:53:57,75694.05,75696.4,-0.3,0.13,
13:54:09,75693.21,75696.4,-0.4,0.13,
13:54:09,75693.21,75696.4,-0.4,0.13,
13:54:10,75693.21,75696.4,-0.4,0.26,
13:54:12,75693.21,75696.3,-0.4,0.2,
13:54:13,75693.22,75696.3,-0.4,0.15,
13:54:25,75701.85,75700.3,0.2,0.13,
13:54:27,75701.85,75700.3,0.2,0.13,
13:54:39,75696.62,75693.1,0.5,0.13,
13:54:39,75696.62,75700.2,-0.5,0.13,
13:54:40,75695.29,75692.8,0.3,0.23,
13:54:42,75691.49,75692.9,-0.2,0.13,
13:54:43,75691.18,75690.5,0.1,0.13,
13:54:55,75685.01,75686.8,-0.2,0.12,
13:54:57,75684.41,75686.8,-0.3,0.13,
13:55:09,75660.52,75668.5,-1.1,0.14,
13:55:09,75660.52,75668.5,-1.1,0.14,
13:55:10,75660.52,75668.5,-1.1,0.14,
13:55:12,75660.51,75668.5,-1.1,0.13,
13:55:13,75664.0,75668.5,-0.6,0.13,
13:55:25,75660.66,75660.6,0.0,0.13,
13:55:27,75660.66,75660.0,0.1,0.13,
13:55:39,75652.02,75652.6,-0.1,0.13,
13:55:39,75652.02,75652.6,-0.1,0.21,
13:55:40,75652.02,75652.5,-0.1,0.22,
13:55:42,75652.03,75652.6,-0.1,0.24,
13:55:43,75652.03,75652.6,-0.1,0.14,
13:55:55,75642.84,75642.3,0.1,0.13,
13:55:57,75642.84,75642.2,0.1,0.14,
13:56:09,75642.84,75642.3,0.1,0.14,
13:56:09,75642.84,75642.3,0.1,0.14,
13:56:10,75642.84,75642.2,0.1,0.13,
13:56:12,75642.84,75642.2,0.1,0.13,
13:56:13,75642.85,75642.3,0.1,0.13,
13:56:25,75635.5,75633.1,0.3,0.14,
13:56:27,75635.5,75633.2,0.3,0.13,
13:56:39,75635.5,75633.2,0.3,0.14,
13:56:39,75635.5,75633.2,0.3,0.14,
13:56:40,75635.5,75633.2,0.3,0.14,
13:56:42,75641.16,75633.2,1.1,0.23,
13:56:43,75641.16,75641.6,-0.1,0.13,
13:56:55,75660.67,75667.1,-0.8,0.15,
13:56:57,75660.66,75662.2,-0.2,0.13,
13:57:09,75650.7,75653.2,-0.3,0.15,
13:57:09,75650.7,75653.2,-0.3,0.15,
13:57:10,75650.69,75653.2,-0.3,0.13,
13:57:12,75650.01,75649.0,0.1,0.14,
13:57:13,75650.0,75644.3,0.8,0.16,
13:57:25,75642.85,75637.6,0.7,0.15,
13:57:27,75642.85,75637.6,0.7,0.15,
13:57:39,75636.0,75635.8,0.0,0.13,
13:57:39,75636.0,75635.9,0.0,0.14,
13:57:40,75630.77,75635.8,-0.7,0.17,
13:57:42,75630.76,75635.6,-0.6,0.14,
13:57:43,75630.77,75626.2,0.6,0.16,
13:57:55,75613.01,75617.5,-0.6,0.17,
13:57:57,75613.01,75617.4,-0.6,0.15,
13:58:09,75613.01,75608.2,0.6,0.12,
13:58:09,75613.01,75608.3,0.6,0.13,
13:58:10,75613.01,75608.3,0.6,0.14,
13:58:12,75613.01,75608.2,0.6,0.13,
13:58:13,75613.0,75608.2,0.6,0.14,
13:58:25,75612.0,75608.3,0.5,0.13,
13:58:27,75612.0,75608.3,0.5,0.13,
13:58:39,75612.0,75608.3,0.5,0.22,
13:58:40,75612.01,75608.2,0.5,0.13,
13:58:42,75612.0,75608.3,0.5,0.12,
13:58:43,75612.01,75608.2,0.5,0.14,
13:58:55,75603.91,75608.3,-0.6,0.13,
13:58:57,75612.52,75613.4,-0.1,0.13,
13:59:09,75608.79,75608.3,0.1,0.13,
13:59:09,75608.79,75608.3,0.1,0.13,
13:59:10,75608.78,75608.2,0.1,0.13,
13:59:12,75608.79,75608.3,0.1,0.13,
13:59:13,75607.41,75608.3,-0.1,0.13,
13:59:25,75612.47,75608.3,0.6,0.23,
13:59:27,75612.47,75614.1,-0.2,0.19,
13:59:39,75608.78,75614.0,-0.7,0.14,
13:59:39,75608.78,75614.0,-0.7,0.13,
13:59:40,75608.77,75614.0,-0.7,0.14,
13:59:42,75608.77,75614.0,-0.7,0.24,
13:59:43,75608.77,75614.1,-0.7,0.2,
13:59:55,75600.01,75600.0,0.0,0.12,
13:59:57,75600.09,75600.0,0.0,0.16,
14:00:09,75610.83,75607.7,0.4,0.15,
14:00:11,75610.84,75607.7,0.4,0.13,
14:00:12,75610.84,75607.7,0.4,0.13,
14:00:13,75610.83,75607.7,0.4,0.13,
14:00:26,75600.01,75604.0,-0.5,0.14,
14:00:27,75600.0,75604.0,-0.5,0.15,
14:00:39,75600.88,75605.9,-0.7,0.13,
14:00:39,75600.88,75605.9,-0.7,0.13,
14:00:41,75600.89,75605.9,-0.7,0.14,
14:00:42,75600.89,75605.9,-0.7,0.23,
14:00:43,75600.88,75605.9,-0.7,0.24,
14:00:56,75583.19,75584.6,-0.2,0.12,
14:00:57,75583.2,75584.6,-0.2,0.13,
14:01:09,75583.2,75584.6,-0.2,0.12,
14:01:11,75583.2,75584.5,-0.2,0.12,
14:01:12,75583.2,75584.5,-0.2,0.14,
14:01:13,75583.2,75585.4,-0.3,0.15,
14:01:26,75579.27,75584.5,-0.7,0.12,
14:01:27,75579.27,75584.5,-0.7,0.13,
14:01:39,75580.08,75585.4,-0.7,0.13,
14:01:39,75580.08,75585.4,-0.7,0.13,
14:01:41,75583.43,75585.4,-0.3,0.14,
14:01:42,75597.05,75596.5,0.1,0.13,
14:01:43,75597.05,75596.5,0.1,0.13,
14:01:56,75605.41,75608.0,-0.3,0.13,
14:01:57,75605.42,75608.1,-0.4,0.17,
14:02:09,75605.41,75613.8,-1.1,0.14,
14:02:09,75605.41,75613.8,-1.1,0.15,
14:02:11,75605.42,75613.7,-1.1,0.14,
14:02:12,75605.42,75610.6,-0.7,0.14,
14:02:13,75605.42,75613.7,-1.1,0.38,
14:02:26,75610.98,75613.7,-0.4,0.12,
14:02:27,75610.98,75613.8,-0.4,0.17,
14:02:39,75603.98,75609.3,-0.7,0.16,
14:02:39,75603.98,75609.3,-0.7,0.17,
14:02:41,75610.15,75612.7,-0.3,0.14,
14:02:42,75610.15,75608.2,0.3,0.13,
14:02:43,75609.35,75608.2,0.2,0.17,
14:02:56,75604.24,75599.0,0.7,0.12,
14:02:57,75604.24,75599.0,0.7,0.13,
14:03:09,75596.39,75596.2,0.0,0.16,
14:03:09,75596.39,75596.2,0.0,0.16,
14:03:11,75596.4,75597.1,-0.1,0.13,
14:03:12,75596.39,75597.1,-0.1,0.13,
14:03:13,75596.39,75597.1,-0.1,0.14,
14:03:26,75596.4,75593.5,0.4,0.12,
14:03:27,75596.39,75593.5,0.4,0.14,
14:03:39,75580.0,75584.7,-0.6,0.14,
14:03:39,75580.0,75584.7,-0.6,0.14,
14:03:41,75580.0,75584.7,-0.6,0.14,
14:03:42,75579.99,75584.6,-0.6,0.14,
14:03:43,75580.0,75584.6,-0.6,0.24,
14:03:56,75587.69,75592.9,-0.7,0.13,
14:03:57,75587.69,75592.9,-0.7,0.15,
14:04:09,75598.0,75601.1,-0.4,0.13,
14:04:09,75598.0,75601.1,-0.4,0.13,
14:04:11,75598.0,75601.2,-0.4,0.13,
14:04:12,75598.0,75601.1,-0.4,0.14,
14:04:13,75598.0,75601.1,-0.4,0.13,
14:04:26,75594.27,75599.6,-0.7,0.14,
14:04:27,75594.27,75599.6,-0.7,0.24,
14:04:39,75598.0,75610.2,-1.6,0.15,
14:04:39,75598.0,75610.2,-1.6,0.14,
14:04:41,75598.0,75610.2,-1.6,0.14,
14:04:42,75598.0,75610.2,-1.6,0.15,
14:04:43,75598.0,75610.2,-1.6,0.14,
14:04:56,75615.61,75620.3,-0.6,0.14,
14:04:57,75615.61,75620.2,-0.6,0.15,
14:05:09,75617.32,75620.9,-0.5,0.16,
14:05:09,75617.32,75620.9,-0.5,0.25,
14:05:11,75617.33,75620.9,-0.5,0.14,
14:05:12,75617.33,75620.9,-0.5,0.13,
14:05:13,75617.33,75620.9,-0.5,0.13,
14:05:26,75629.99,75632.9,-0.4,0.17,
14:05:27,75629.99,75632.9,-0.4,0.13,
14:05:39,75630.77,75639.3,-1.1,0.14,
14:05:39,75630.77,75639.3,-1.1,0.14,
14:05:41,75647.3,75646.0,0.2,0.11,
14:05:42,75643.12,75644.6,-0.2,0.12,
14:05:43,75636.71,75644.6,-1.0,0.13,
14:05:56,75634.9,75638.9,-0.5,0.13,
14:05:57,75634.9,75638.9,-0.5,0.13,
14:06:09,75634.89,75638.9,-0.5,0.12,
14:06:09,75634.89,75638.9,-0.5,0.13,
14:06:11,75634.9,75638.9,-0.5,0.13,
14:06:12,75634.9,75638.9,-0.5,0.12,
14:06:13,75634.89,75638.9,-0.5,0.14,
14:06:26,75634.9,75644.4,-1.3,0.13,
14:06:27,75634.9,75644.4,-1.3,0.12,
14:06:39,75667.48,75669.3,-0.2,0.14,
14:06:39,75667.48,75658.2,1.2,0.14,
14:06:41,75670.0,75669.3,0.1,0.15,
14:06:42,75670.0,75669.3,0.1,0.14,
14:06:43,75669.99,75669.3,0.1,0.14,
14:06:56,75682.19,75686.0,-0.5,0.13,
14:06:57,75682.19,75686.0,-0.5,0.14,
14:07:09,75662.57,75660.6,0.3,0.13,
14:07:09,75662.57,75660.6,0.3,0.14,
14:07:11,75662.57,75662.5,0.0,0.13,
14:07:12,75662.57,75662.5,0.0,0.13,
14:07:13,75662.57,75662.5,0.0,0.13,
14:07:26,75662.56,75668.9,-0.8,0.13,
14:07:27,75662.56,75668.9,-0.8,0.12,
14:07:39,75652.35,75652.0,0.0,0.13,
14:07:39,75652.35,75652.0,0.0,0.15,
14:07:41,75652.28,75652.0,0.0,0.14,
14:07:42,75649.29,75652.1,-0.4,0.14,
14:07:43,75666.83,75662.5,0.6,0.13,
14:07:56,75655.04,75660.3,-0.7,0.12,
14:07:57,75654.89,75660.2,-0.7,0.12,
14:08:09,75655.78,75656.2,-0.1,0.13,
14:08:09,75655.78,75656.2,-0.1,0.14,
14:08:11,75644.55,75653.1,-1.1,0.14,
14:08:12,75644.54,75653.1,-1.1,0.25,
14:08:13,75644.55,75653.1,-1.1,0.15,
14:08:26,75644.55,75649.5,-0.7,0.14,
14:08:27,75633.85,75645.8,-1.6,0.13,
14:08:39,75639.1,75641.8,-0.4,0.13,
14:08:39,75639.1,75641.8,-0.4,0.13,
14:08:41,75639.11,75641.8,-0.4,0.12,
14:08:42,75639.1,75641.8,-0.4,0.12,
14:08:43,75639.11,75641.8,-0.4,0.14,
14:08:56,75641.93,75641.8,0.0,0.13,
14:08:57,75641.93,75641.7,0.0,0.12,
14:09:09,75637.16,75637.7,-0.1,0.13,
14:09:09,75637.16,75637.7,-0.1,0.14,
14:09:11,75637.16,75637.7,-0.1,0.15,
14:09:12,75637.15,75637.6,-0.1,0.13,
14:09:13,75637.15,75639.3,-0.3,0.13,
14:09:26,75642.99,75643.3,-0.0,0.12,
14:09:27,75643.0,75646.5,-0.5,0.15,
14:09:39,75643.0,75647.5,-0.6,0.13,
14:09:39,75643.0,75647.5,-0.6,0.13,
14:09:41,75643.0,75647.6,-0.6,0.13,
14:09:42,75643.0,75647.6,-0.6,0.12,
14:09:43,75643.0,75647.5,-0.6,0.13,
14:09:56,75642.99,75646.2,-0.4,0.13,
14:09:57,75643.0,75646.2,-0.4,0.13,
14:10:09,75611.88,75619.0,-0.9,0.12,
14:10:09,75611.88,75619.0,-0.9,0.22,
14:10:11,75611.88,75619.0,-0.9,0.13,
14:10:12,75611.88,75622.8,-1.4,0.13,
14:10:13,75611.88,75622.8,-1.4,0.11,
14:10:26,75621.06,75622.7,-0.2,0.13,
14:10:27,75621.06,75622.8,-0.2,0.19,
14:10:39,75615.84,75621.1,-0.7,0.13,
14:10:39,75615.84,75621.1,-0.7,0.13,
14:10:41,75615.83,75614.6,0.2,0.23,
14:10:42,75615.83,75614.5,0.2,0.14,
14:10:43,75615.84,75614.6,0.2,0.13,
14:10:56,75615.83,75620.1,-0.6,0.14,
14:10:57,75621.06,75620.0,0.1,0.14,
14:11:09,75637.14,75635.8,0.2,0.13,
14:11:09,75637.14,75635.9,0.2,0.23,
14:11:11,75630.42,75632.2,-0.2,0.13,
14:11:12,75627.57,75632.1,-0.6,0.13,
14:11:13,75627.57,75632.2,-0.6,0.14,
14:11:26,75610.53,75616.8,-0.8,0.14,
14:11:27,75603.39,75616.7,-1.8,0.35,
14:11:39,75582.01,75585.0,-0.4,0.21,
14:11:39,75582.01,75584.9,-0.4,0.21,
14:11:41,75582.01,75584.9,-0.4,0.13,
14:11:42,75582.01,75585.0,-0.4,0.13,
14:11:43,75582.0,75584.9,-0.4,0.13,
14:11:56,75580.72,75584.9,-0.6,0.15,
14:11:57,75587.17,75584.9,0.3,0.13,
14:12:09,75605.58,75612.2,-0.9,0.13,
14:12:09,75605.58,75612.1,-0.9,0.12,
14:12:11,75606.8,75612.4,-0.7,0.13,
14:12:12,75606.8,75612.2,-0.7,0.12,
14:12:13,75606.8,75612.3,-0.7,0.15,
14:12:26,75599.86,75593.9,0.8,0.12,
14:12:27,75589.26,75591.0,-0.2,0.12,
14:12:39,75599.85,75606.7,-0.9,0.54,
14:12:39,75599.85,75606.8,-0.9,0.55,
14:12:41,75599.84,75606.7,-0.9,0.14,
14:12:42,75599.85,75606.7,-0.9,0.13,
14:12:43,75599.85,75606.7,-0.9,0.12,
14:12:56,75599.85,75602.8,-0.4,0.12,
14:12:57,75599.84,75601.6,-0.2,0.12,
14:13:09,75599.84,75596.6,0.4,0.14,
14:13:09,75599.84,75596.6,0.4,0.15,
14:13:11,75599.85,75596.6,0.4,0.12,
14:13:12,75599.85,75596.6,0.4,0.13,
14:13:13,75593.4,75596.6,-0.4,0.13,
14:13:26,75587.89,75594.6,-0.9,0.13,
14:13:27,75587.89,75590.8,-0.4,0.13,
14:13:39,75600.0,75606.4,-0.8,0.13,
14:13:39,75600.0,75606.4,-0.8,0.13,
14:13:41,75600.0,75606.5,-0.9,0.12,
14:13:42,75600.0,75606.5,-0.9,0.13,
14:13:43,75600.0,75606.5,-0.9,0.12,
14:13:56,75599.99,75606.5,-0.9,0.13,
14:13:58,75599.99,75606.5,-0.9,0.34,
14:14:09,75587.9,75596.2,-1.1,0.13,
14:14:09,75587.9,75596.2,-1.1,0.13,
14:14:11,75587.9,75596.2,-1.1,0.13,
14:14:12,75587.89,75596.2,-1.1,0.21,
14:14:13,75587.89,75596.2,-1.1,0.13,
14:14:26,75587.9,75594.4,-0.9,0.15,
14:14:27,75587.9,75594.5,-0.9,0.2,
14:14:39,75587.9,75592.9,-0.7,0.12,
14:14:39,75587.9,75592.9,-0.7,0.13,
14:14:41,75600.0,75600.0,0.0,0.14,
14:14:42,75599.99,75599.9,0.0,0.14,
14:14:43,75599.99,75599.9,0.0,0.13,
14:14:56,75599.99,75600.0,-0.0,0.13,
14:14:57,75600.0,75599.9,0.0,0.13,
14:15:09,75594.89,75599.9,-0.7,0.28,
14:15:09,75594.89,75599.9,-0.7,0.28,
14:15:11,75594.9,75599.9,-0.7,0.13,
14:15:12,75594.89,75600.0,-0.7,0.12,
14:15:13,75594.89,75599.9,-0.7,0.13,
14:15:26,75618.87,75617.7,0.2,0.13,
14:15:27,75618.87,75617.6,0.2,0.13,
14:15:39,75627.67,75624.5,0.4,0.12,
14:15:39,75627.67,75624.5,0.4,0.14,
14:15:41,75627.68,75627.2,0.1,0.13,
14:15:43,75622.98,75627.3,-0.6,0.31,
14:15:43,75622.98,75627.3,-0.6,0.13,
14:15:56,75616.44,75619.7,-0.4,0.16,
14:15:57,75616.44,75619.7,-0.4,0.13,
14:16:09,75616.44,75619.8,-0.4,0.13,
14:16:09,75616.44,75619.8,-0.4,0.23,
14:16:11,75622.62,75624.0,-0.2,0.13,
14:16:12,75622.61,75625.6,-0.4,0.13,
14:16:13,75622.97,75625.6,-0.3,0.13,
14:16:26,75616.68,75619.8,-0.4,0.13,
14:16:27,75616.68,75619.8,-0.4,0.14,
14:16:39,75603.0,75610.5,-1.0,0.12,
14:16:39,75603.0,75610.5,-1.0,0.13,
14:16:41,75617.51,75618.9,-0.2,0.14,
14:16:42,75617.51,75619.0,-0.2,0.13,
14:16:43,75617.51,75618.9,-0.2,0.13,
14:16:56,75631.99,75627.9,0.5,0.19,
14:16:57,75632.0,75627.9,0.5,0.13,
14:17:09,75614.02,75620.2,-0.8,0.12,
14:17:09,75614.02,75620.2,-0.8,0.12,
14:17:11,75614.02,75620.2,-0.8,0.13,
14:17:12,75614.02,75618.3,-0.6,0.21,
14:17:13,75614.02,75618.3,-0.6,0.13,
14:17:26,75614.02,75622.0,-1.1,0.12,
14:17:27,75614.01,75622.0,-1.1,0.12,
14:17:39,75629.03,75627.9,0.1,0.12,
14:17:39,75629.03,75627.9,0.1,0.13,
14:17:41,75629.03,75627.8,0.2,0.13,
14:17:42,75620.5,75619.0,0.2,0.13,
14:17:43,75620.5,75619.0,0.2,0.13,
14:17:56,75619.24,75623.0,-0.5,0.13,
14:17:57,75619.24,75623.0,-0.5,0.26,
14:18:09,75616.19,75621.2,-0.7,0.14,
14:18:11,75616.19,75617.6,-0.2,0.14,
14:18:12,75616.18,75617.6,-0.2,0.13,
14:18:13,75616.19,75617.6,-0.2,0.14,
14:18:26,75634.51,75635.7,-0.2,0.12,
14:18:27,75634.5,75635.7,-0.2,0.12,
14:18:39,75648.61,75649.7,-0.1,0.52,
14:18:39,75648.61,75649.7,-0.1,0.53,
14:18:41,75648.62,75649.6,-0.1,0.14,
14:18:42,75656.91,75654.2,0.4,0.13,
14:18:43,75663.62,75658.1,0.7,0.13,
14:18:56,75636.93,75635.0,0.3,0.13,
14:18:57,75636.94,75635.1,0.2,0.15,
14:19:09,75630.9,75631.7,-0.1,0.13,
14:19:09,75630.9,75631.7,-0.1,0.13,
14:19:11,75630.9,75630.2,0.1,0.13,
14:19:12,75630.89,75630.3,0.1,0.13,
14:19:13,75630.89,75630.3,0.1,0.14,
14:19:26,75649.15,75653.4,-0.6,0.12,
14:19:27,75649.14,75653.4,-0.6,0.12,
14:19:39,75661.35,75658.1,0.4,0.12,
14:19:39,75661.35,75658.1,0.4,0.12,
14:19:41,75661.35,75658.1,0.4,0.12,
14:19:42,75661.36,75658.1,0.4,0.12,
14:19:43,75661.35,75658.1,0.4,0.12,
14:19:56,75661.35,75663.7,-0.3,0.12,
14:19:57,75661.35,75663.8,-0.3,0.13,
14:20:09,75654.17,75658.2,-0.5,0.12,
14:20:09,75654.17,75658.2,-0.5,0.13,
14:20:11,75654.18,75658.2,-0.5,0.13,
14:20:12,75654.18,75658.2,-0.5,0.12,
14:20:13,75654.18,75658.1,-0.5,0.12,
14:20:26,75647.59,75647.1,0.1,0.13,
14:20:27,75647.6,75654.1,-0.9,0.14,
14:20:39,75660.3,75661.8,-0.2,0.13,
14:20:39,75660.3,75661.8,-0.2,0.14,
14:20:41,75660.3,75661.7,-0.2,0.13,
14:20:42,75660.29,75661.7,-0.2,0.14,
14:20:43,75660.3,75661.8,-0.2,0.12,
14:20:56,75671.02,75669.4,0.2,0.13,
14:20:57,75676.74,75677.1,-0.0,0.13,
14:21:09,75645.01,75645.1,-0.0,0.12,
14:21:09,75645.01,75645.1,-0.0,0.14,
14:21:11,75645.01,75652.4,-1.0,0.12,
14:21:12,75645.01,75652.4,-1.0,0.13,
14:21:13,75645.01,75652.4,-1.0,0.13,
14:21:26,75646.04,75644.0,0.3,0.13,
14:21:27,75646.04,75646.3,-0.0,0.12,
14:21:39,75633.84,75629.8,0.5,0.13,
14:21:39,75633.84,75629.8,0.5,0.14,
14:21:41,75633.48,75629.8,0.5,0.12,
14:24:25,75631.05,75637.1,-0.8,2.56,
14:24:27,75631.05,75637.0,-0.8,0.95,
14:24:27,75631.05,75637.0,-0.8,0.96,
14:24:27,75631.05,75637.0,-0.8,0.13,
14:24:28,75631.05,75637.1,-0.8,0.14,
14:24:32,75631.05,75637.1,-0.8,0.13,
14:24:40,75628.01,75633.0,-0.7,0.13,
14:24:42,75622.52,75625.5,-0.4,0.14,
14:24:46,75630.0,75632.5,-0.3,0.15,
14:24:46,75631.06,75635.6,-0.6,0.14,
14:24:55,75641.99,75642.3,-0.0,0.13,
14:24:57,75642.0,75642.3,-0.0,0.14,
14:25:02,75642.0,75642.2,-0.0,0.34,
14:25:10,75641.99,75643.0,-0.1,0.12,
14:25:12,75651.29,75650.0,0.2,0.14,
14:25:16,75654.42,75650.1,0.6,0.13,
14:25:16,75654.42,75650.1,0.6,0.11,
14:25:25,75654.41,75652.6,0.2,0.13,
14:25:27,75654.42,75652.6,0.2,0.13,
14:25:32,75654.42,75652.7,0.2,0.13,
14:25:40,75648.33,75651.6,-0.4,0.14,
14:25:42,75648.33,75650.1,-0.2,0.13,
14:26:19,75683.47,75688.8,-0.7,0.25,
14:26:19,75683.47,75688.8,-0.7,0.25,
14:26:19,75683.47,75688.9,-0.7,0.25,
14:26:19,75683.47,75688.9,-0.7,0.15,
14:26:19,75683.47,75688.9,-0.7,0.15,
14:26:32,75687.77,75684.3,0.5,0.13,
14:26:34,75687.76,75684.4,0.4,0.13,
14:26:34,75687.76,75686.3,0.2,0.13,
14:26:46,75686.82,75686.2,0.1,0.13,
14:26:46,75686.82,75686.2,0.1,0.14,
14:26:49,75686.82,75685.9,0.1,0.13,
14:26:49,75686.82,75685.9,0.1,0.14,
14:27:02,75672.62,75672.9,-0.0,0.14,
14:27:04,75672.62,75672.9,-0.0,0.14,
14:27:04,75672.62,75672.9,-0.0,0.15,
14:27:16,75672.61,75672.9,-0.0,0.13,
14:27:16,75672.61,75672.9,-0.0,0.14,
14:27:19,75672.62,75673.0,-0.1,0.14,
14:27:19,75672.62,75673.0,-0.1,0.14,
14:27:32,75666.93,75665.6,0.2,0.14,
14:27:34,75666.92,75665.7,0.2,0.13,
14:27:34,75666.92,75665.7,0.2,0.13,
14:27:46,75669.6,75668.9,0.1,0.14,
14:27:46,75669.6,75668.9,0.1,0.14,
14:27:49,75669.6,75668.9,0.1,0.13,
14:27:49,75669.6,75668.9,0.1,0.15,
14:28:02,75639.36,75636.7,0.4,0.14,
14:28:04,75639.37,75642.0,-0.3,0.14,
14:28:04,75639.37,75642.0,-0.3,0.15,
14:28:16,75639.37,75642.0,-0.3,0.16,
14:28:16,75639.37,75642.0,-0.3,0.14,
14:28:19,75639.37,75642.0,-0.3,0.14,
14:28:19,75639.37,75642.1,-0.4,0.14,
14:28:32,75645.76,75643.3,0.3,0.15,
14:28:34,75645.76,75643.2,0.3,0.12,
14:28:34,75645.76,75643.2,0.3,0.13,
14:28:46,75652.02,75658.9,-0.9,0.14,
14:28:46,75652.02,75658.9,-0.9,0.14,
14:28:49,75654.78,75658.9,-0.5,0.13,
14:28:49,75654.78,75658.9,-0.5,0.13,
14:29:02,75676.45,75674.6,0.2,0.14,
14:29:04,75676.45,75674.5,0.3,0.13,
14:29:04,75676.45,75674.5,0.3,0.14,
14:29:16,75673.76,75676.9,-0.4,0.15,
14:29:16,75673.76,75676.9,-0.4,0.15,
14:29:19,75673.77,75677.0,-0.4,0.14,
14:29:19,75673.77,75676.9,-0.4,0.14,
14:29:32,75673.76,75676.9,-0.4,0.14,
14:29:34,75673.76,75677.0,-0.4,0.14,
14:29:34,75673.76,75677.0,-0.4,0.13,
14:29:46,75676.0,75676.9,-0.1,0.14,
14:29:46,75676.0,75676.9,-0.1,0.14,
14:29:49,75676.0,75677.9,-0.3,0.13,
14:29:49,75676.0,75677.9,-0.3,0.13,
14:30:02,75687.68,75691.5,-0.5,0.14,
14:30:04,75687.67,75691.4,-0.5,0.14,
14:30:04,75687.67,75691.4,-0.5,0.13,
14:30:16,75693.71,75696.0,-0.3,0.14,
14:30:16,75693.71,75696.0,-0.3,0.14,
14:30:19,75693.72,75693.8,-0.0,0.14,
14:30:32,75693.72,75694.0,-0.0,0.14,
14:30:34,75688.25,75687.5,0.1,0.13,
14:30:34,75688.25,75687.5,0.1,0.15,
14:30:46,75688.25,75693.7,-0.7,0.15,
14:30:46,75688.25,75693.7,-0.7,0.15,
14:30:49,75688.24,75693.8,-0.7,0.15,
14:30:49,75688.24,75693.8,-0.7,0.14,
14:31:02,75694.99,75696.9,-0.3,0.14,
14:31:04,75694.98,75693.1,0.2,0.13,
14:31:04,75694.98,75696.9,-0.3,0.13,
14:31:16,75694.98,75696.9,-0.3,0.14,
14:31:16,75694.98,75696.9,-0.3,0.14,
14:31:19,75694.99,75696.9,-0.3,0.13,
14:31:19,75694.99,75696.9,-0.3,0.14,
14:31:32,75696.32,75699.9,-0.5,0.12,
14:31:34,75703.7,75708.0,-0.6,0.13,
14:31:34,75703.7,75708.0,-0.6,0.13,
14:31:46,75721.72,75725.2,-0.5,0.15,
14:31:46,75721.72,75725.2,-0.5,0.15,
14:31:49,75721.72,75725.2,-0.5,0.14,
14:31:49,75721.72,75725.2,-0.5,0.17,
14:32:02,75730.79,75730.9,-0.0,0.23,
14:32:04,75730.8,75732.1,-0.2,0.13,
14:32:04,75730.8,75732.1,-0.2,0.18,
14:32:16,75753.54,75759.8,-0.8,0.13,
14:32:16,75753.54,75759.8,-0.8,0.14,
14:32:19,75753.53,75759.8,-0.8,0.13,
14:32:19,75753.53,75759.8,-0.8,0.14,
14:32:32,75783.62,75785.1,-0.2,0.19,
14:32:34,75782.89,75785.0,-0.3,0.19,
14:32:34,75782.89,75785.0,-0.3,0.19,
14:32:46,75778.6,75783.1,-0.6,0.14,
14:32:46,75778.6,75783.1,-0.6,0.13,
14:32:49,75774.22,75778.6,-0.6,0.13,
14:32:49,75774.22,75778.6,-0.6,0.14,
14:33:02,75777.98,75784.1,-0.8,0.14,
14:33:04,75783.03,75784.0,-0.1,0.13,
14:33:04,75783.03,75784.0,-0.1,0.13,
14:33:16,75783.04,75776.9,0.8,0.15,
14:33:16,75783.04,75776.9,0.8,0.15,
14:33:19,75779.98,75776.9,0.4,0.14,
14:33:19,75779.98,75776.9,0.4,0.15,
14:33:32,75761.01,75763.7,-0.4,0.16,
14:33:34,75761.02,75763.8,-0.4,0.13,
14:33:34,75761.02,75763.8,-0.4,0.13,
14:33:46,75760.0,75763.7,-0.5,0.15,
14:33:46,75760.0,75763.7,-0.5,0.15,
14:33:49,75760.01,75763.7,-0.5,0.14,
14:33:49,75760.01,75763.7,-0.5,0.14,
14:34:02,75779.92,75781.7,-0.2,0.15,
14:34:04,75779.92,75785.2,-0.7,0.17,
14:34:16,75795.32,75799.5,-0.6,0.14,
14:34:16,75795.32,75799.5,-0.6,0.15,
14:34:19,75788.76,75798.0,-1.2,0.13,
14:34:19,75788.76,75798.0,-1.2,0.13,
14:34:32,75804.87,75806.5,-0.2,0.13,
14:34:34,75804.88,75806.6,-0.2,0.14,
14:34:34,75804.88,75806.6,-0.2,0.14,
14:34:46,75823.88,75827.5,-0.5,0.13,
14:34:46,75823.88,75827.5,-0.5,0.13,
14:34:49,75823.88,75827.5,-0.5,0.12,
14:34:49,75823.88,75827.5,-0.5,0.16,
14:35:02,75853.06,75850.0,0.4,0.13,
14:35:04,75858.65,75855.2,0.5,0.14,
14:35:04,75858.65,75855.2,0.5,0.21,
14:35:16,75859.85,75852.3,1.0,0.12,
14:35:16,75859.85,75865.7,-0.8,0.13,
14:35:19,75854.42,75852.3,0.3,0.14,
14:35:19,75854.42,75852.3,0.3,0.14,
14:35:32,75837.07,75847.3,-1.3,0.14,
14:35:34,75828.01,75826.1,0.3,0.14,
14:35:34,75828.01,75826.1,0.3,0.14,
14:35:46,75820.16,75823.4,-0.4,0.14,
14:35:49,75820.16,75823.4,-0.4,0.13,
14:35:49,75820.16,75823.4,-0.4,0.13,
14:36:02,75829.47,75828.6,0.1,0.14,
14:36:04,75829.47,75830.4,-0.1,0.14,
14:36:04,75829.47,75830.4,-0.1,0.14,
14:36:16,75836.55,75839.9,-0.4,0.14,
14:36:16,75836.55,75839.9,-0.4,0.14,
14:36:19,75836.55,75839.8,-0.4,0.14,
14:36:19,75836.55,75839.8,-0.4,0.22,
14:36:32,75836.56,75839.9,-0.4,0.13,
14:36:34,75836.55,75839.9,-0.4,0.14,
14:36:34,75836.55,75839.9,-0.4,0.14,
14:36:46,75822.9,75820.5,0.3,0.53,
14:36:46,75822.9,75820.5,0.3,0.55,
14:36:49,75822.9,75819.1,0.5,0.13,
14:36:49,75822.9,75821.4,0.2,0.13,
14:37:02,75851.33,75845.6,0.8,0.13,
14:37:04,75851.34,75851.3,0.0,0.13,
14:37:04,75851.34,75851.3,0.0,0.13,
14:37:16,75840.36,75843.8,-0.5,0.14,
14:37:16,75840.36,75843.8,-0.5,0.15,
14:37:19,75839.74,75842.3,-0.3,0.12,
14:37:19,75839.74,75842.3,-0.3,0.13,
14:37:32,75816.84,75818.4,-0.2,0.13,
14:37:34,75816.84,75817.2,-0.0,0.13,
14:37:34,75816.84,75817.2,-0.0,0.14,
14:37:46,75814.11,75814.8,-0.1,0.13,
14:37:46,75814.11,75814.8,-0.1,0.16,
14:37:49,75814.11,75814.7,-0.1,0.14,
14:37:49,75814.11,75814.7,-0.1,0.14,
14:38:02,75811.02,75811.1,-0.0,0.13,
14:38:04,75811.02,75811.0,0.0,0.14,
14:38:04,75811.02,75811.0,0.0,0.13,
14:38:16,75814.1,75814.8,-0.1,0.13,
14:38:16,75814.1,75814.7,-0.1,0.13,
14:38:19,75814.1,75814.7,-0.1,0.14,
14:38:19,75814.1,75814.7,-0.1,0.15,
14:38:32,75814.1,75814.8,-0.1,0.23,
14:38:34,75814.09,75814.8,-0.1,0.13,
14:38:34,75814.09,75814.8,-0.1,0.13,
14:38:46,75814.11,75826.7,-1.7,0.14,
14:38:46,75814.11,75817.7,-0.5,0.14,
14:38:49,75814.1,75823.6,-1.3,0.14,
14:38:49,75814.1,75823.6,-1.3,0.14,
14:39:02,75819.61,75822.1,-0.3,0.14,
14:39:04,75815.45,75819.6,-0.5,0.13,
14:39:04,75815.45,75819.7,-0.6,0.13,
14:39:16,75820.01,75831.9,-1.6,0.13,
14:39:19,75820.01,75832.0,-1.6,0.13,
14:39:19,75820.01,75831.9,-1.6,0.13,
14:39:32,75831.27,75839.6,-1.1,0.13,
14:39:34,75831.28,75840.1,-1.2,0.13,
14:39:34,75831.28,75840.0,-1.1,0.13,
14:39:46,75831.27,75840.3,-1.2,0.14,
14:39:49,75831.27,75840.4,-1.2,0.13,
14:39:49,75831.27,75840.0,-1.2,0.13,
14:40:02,75815.89,75823.4,-1.0,0.14,
14:40:04,75815.89,75817.7,-0.2,0.14,
14:40:16,75793.25,75798.5,-0.7,0.14,
14:40:16,75793.25,75798.5,-0.7,0.14,
14:40:19,75786.75,75787.9,-0.2,0.13,
14:40:19,75786.75,75787.9,-0.2,0.13,
14:40:32,75786.75,75787.7,-0.1,0.14,
14:40:34,75786.75,75787.8,-0.1,0.14,
14:40:34,75786.75,75787.8,-0.1,0.16,
14:40:46,75777.78,75781.2,-0.5,0.15,
14:40:49,75777.78,75781.1,-0.4,0.15,
14:40:49,75777.78,75781.1,-0.4,0.15,
14:41:02,75795.12,75793.3,0.2,0.15,
14:41:04,75801.55,75800.8,0.1,0.14,
14:41:04,75801.55,75800.8,0.1,0.14,
14:41:16,75801.56,75807.1,-0.7,0.14,
14:41:16,75801.56,75807.1,-0.7,0.14,
14:41:19,75801.56,75807.0,-0.7,0.13,
14:41:19,75801.56,75807.0,-0.7,0.14,
14:41:32,75801.56,75809.7,-1.1,0.21,
14:41:34,75801.55,75809.8,-1.1,0.14,
14:41:34,75801.55,75809.8,-1.1,0.15,
14:41:46,75801.55,75807.1,-0.7,0.15,
14:41:46,75801.55,75807.1,-0.7,0.16,
14:41:49,75785.9,75790.0,-0.5,0.14,
14:41:49,75785.9,75790.0,-0.5,0.14,
14:42:02,75785.9,75786.2,-0.0,0.13,
14:42:04,75785.9,75786.0,-0.0,0.15,
14:42:04,75783.4,75786.0,-0.3,0.24,
14:42:16,75806.36,75808.9,-0.3,0.14,
14:42:16,75806.36,75809.0,-0.3,0.14,
14:42:19,75806.35,75817.7,-1.5,0.14,
14:42:19,75806.35,75817.7,-1.5,0.14,
14:42:32,75808.31,75817.7,-1.2,0.14,
14:42:34,75808.31,75817.7,-1.2,0.13,
14:42:34,75808.31,75817.7,-1.2,0.14,
14:42:46,75801.74,75805.3,-0.5,0.14,
14:42:46,75801.74,75805.3,-0.5,0.14,
14:42:49,75801.73,75802.9,-0.2,0.13,
14:42:49,75801.73,75805.3,-0.5,0.13,
14:43:02,75798.18,75796.2,0.3,0.14,
14:43:04,75794.03,75795.7,-0.2,0.15,
14:43:16,75783.64,75788.0,-0.6,0.14,
14:43:16,75783.64,75788.0,-0.6,0.14,
14:43:19,75783.63,75784.6,-0.1,0.14,
14:43:19,75783.63,75784.6,-0.1,0.13,
14:43:32,75782.99,75781.4,0.2,0.14,
14:43:34,75782.99,75781.4,0.2,0.13,
14:43:34,75782.99,75781.4,0.2,0.13,
14:43:46,75755.87,75761.2,-0.7,0.13,
14:43:46,75755.87,75761.1,-0.7,0.13,
14:43:49,75765.73,75765.8,-0.0,0.13,
14:43:49,75765.73,75765.8,-0.0,0.14,
14:44:02,75763.21,75765.8,-0.3,0.14,
14:44:04,75753.97,75761.8,-1.0,0.14,
14:44:04,75753.97,75761.8,-1.0,0.14,
14:44:16,75753.98,75761.3,-1.0,0.14,
14:44:16,75753.98,75761.3,-1.0,0.14,
14:44:19,75759.14,75761.3,-0.3,0.14,
14:44:32,75759.14,75765.5,-0.8,0.14,
14:44:34,75750.57,75756.2,-0.7,0.14,
14:44:34,75750.57,75756.2,-0.7,0.14,
14:44:46,75736.87,75742.4,-0.7,0.13,
14:44:49,75736.87,75745.0,-1.1,0.13,
14:44:49,75736.87,75745.0,-1.1,0.15,
14:45:02,75744.04,75751.1,-0.9,0.13,
14:45:04,75744.04,75751.1,-0.9,0.14,
14:45:04,75744.04,75751.1,-0.9,0.13,
14:45:16,75744.04,75743.6,0.1,0.24,
14:45:16,75744.04,75743.6,0.1,0.24,
14:45:19,75744.03,75741.0,0.4,0.14,
14:45:19,75744.03,75741.0,0.4,0.13,
14:45:32,75745.13,75744.9,0.0,0.15,
14:45:34,75745.12,75744.9,0.0,0.14,
14:45:46,75743.78,75742.7,0.1,0.14,
14:45:46,75743.78,75742.7,0.1,0.14,
14:45:49,75743.78,75742.7,0.1,0.14,
14:45:49,75743.78,75742.6,0.2,0.14,
14:46:02,75760.38,75765.2,-0.6,0.18,
14:46:04,75760.37,75765.3,-0.7,0.14,
14:46:04,75760.37,75765.3,-0.7,0.14,
14:46:16,75760.36,75762.0,-0.2,0.13,
14:46:16,75760.36,75762.0,-0.2,0.13,
14:46:19,75760.37,75762.0,-0.2,0.14,
14:46:19,75760.37,75762.0,-0.2,0.14,
14:46:32,75760.28,75758.3,0.3,0.13,
14:46:34,75760.28,75758.2,0.3,0.13,
14:46:34,75760.28,75758.3,0.3,0.13,
14:46:46,75760.27,75761.9,-0.2,0.13,
14:46:46,75760.27,75761.9,-0.2,0.13,
14:46:49,75760.21,75761.8,-0.2,0.13,
14:46:49,75760.21,75761.8,-0.2,0.14,
14:47:02,75753.53,75750.7,0.4,0.22,
14:47:04,75747.99,75739.5,1.1,0.13,
14:47:04,75747.99,75739.6,1.1,0.14,
14:47:16,75728.0,75733.6,-0.7,0.14,
14:47:16,75728.0,75733.6,-0.7,0.14,
14:47:19,75722.94,75729.3,-0.8,0.15,
14:47:19,75722.94,75729.3,-0.8,0.13,
14:47:32,75722.93,75728.9,-0.8,0.14,
14:47:34,75722.94,75728.9,-0.8,0.14,
14:47:34,75722.94,75728.9,-0.8,0.14,
14:47:46,75722.94,75725.0,-0.3,0.15,
14:47:46,75722.94,75725.0,-0.3,0.16,
14:47:49,75722.93,75725.0,-0.3,0.12,
14:47:49,75722.93,75725.0,-0.3,0.14,
14:48:02,75710.01,75710.8,-0.1,0.16,
14:48:04,75710.0,75710.0,0.0,0.13,
14:48:04,75710.0,75710.0,0.0,0.16,
14:48:16,75709.99,75710.0,-0.0,0.13,
14:48:16,75709.99,75710.0,-0.0,0.14,
14:48:19,75710.0,75709.9,0.0,0.13,
14:48:19,75710.0,75709.9,0.0,0.13,
14:48:32,75718.21,75722.1,-0.5,0.14,
14:48:34,75718.21,75716.0,0.3,0.13,
14:48:34,75718.21,75716.0,0.3,0.13,
14:48:46,75714.79,75711.7,0.4,0.13,
14:48:46,75714.79,75711.7,0.4,0.13,
14:48:49,75714.79,75715.9,-0.1,0.14,
14:48:49,75714.79,75715.9,-0.1,0.14,
14:49:02,75720.0,75728.9,-1.2,0.15,
14:49:04,75720.0,75728.9,-1.2,0.13,
14:49:04,75720.0,75728.9,-1.2,0.13,
14:49:16,75719.99,75713.3,0.9,0.14,
14:49:16,75719.99,75713.3,0.9,0.16,
14:49:19,75716.57,75718.3,-0.2,0.14,
14:49:19,75716.57,75718.2,-0.2,0.14,
14:49:32,75716.58,75722.1,-0.7,0.14,
14:49:34,75719.99,75732.9,-1.7,0.13,
14:49:34,75719.99,75732.9,-1.7,0.13,
14:49:46,75720.0,75725.6,-0.7,0.17,
14:49:46,75720.0,75725.6,-0.7,0.18,
14:49:49,75720.0,75725.7,-0.8,0.14,
14:49:49,75720.0,75725.7,-0.8,0.14,
14:50:02,75747.44,75749.0,-0.2,0.14,
14:50:04,75743.27,75740.8,0.3,0.14,
14:50:04,75743.27,75740.7,0.3,0.14,
14:50:16,75753.85,75756.8,-0.4,0.13,
14:50:16,75753.85,75756.8,-0.4,0.13,
14:50:19,75753.86,75761.7,-1.0,0.14,
14:50:32,75786.34,75783.2,0.4,0.14,
14:50:34,75786.34,75786.5,-0.0,0.14,
14:50:34,75786.34,75786.5,-0.0,0.14,
14:50:46,75785.4,75787.1,-0.2,0.14,
14:50:46,75785.4,75787.0,-0.2,0.14,
14:50:49,75781.98,75781.3,0.1,0.14,
14:50:49,75781.98,75781.3,0.1,0.14,
14:51:02,75774.63,75779.0,-0.6,0.13,
14:51:04,75774.62,75772.3,0.3,0.14,
14:51:04,75774.62,75772.2,0.3,0.14,
14:51:16,75774.63,75772.0,0.3,0.14,
14:51:16,75774.63,75772.0,0.3,0.15,
14:51:19,75774.62,75772.0,0.3,0.12,
14:51:19,75774.62,75772.0,0.3,0.13,
14:51:32,75774.62,75781.3,-0.9,0.13,
14:51:34,75781.09,75781.4,-0.0,0.13,
14:51:34,75781.09,75781.4,-0.0,0.15,
14:51:46,75781.09,75785.4,-0.6,0.14,
14:51:46,75781.09,75785.4,-0.6,0.14,
14:51:49,75781.09,75781.0,0.0,0.14,
14:51:49,75781.09,75781.0,0.0,0.14,
14:52:02,75770.57,75771.4,-0.1,0.14,
14:52:04,75770.56,75768.4,0.3,0.12,
14:52:04,75770.56,75768.4,0.3,0.12,
14:52:16,75777.06,75780.0,-0.4,0.13,
14:52:16,75777.06,75780.0,-0.4,0.14,
14:52:19,75777.05,75780.7,-0.5,0.13,
14:52:19,75777.05,75780.7,-0.5,0.12,
14:52:32,75781.98,75781.4,0.1,0.13,
14:52:34,75781.97,75782.8,-0.1,0.14,
14:52:34,75781.97,75782.8,-0.1,0.16,
14:52:46,75781.97,75784.5,-0.3,0.14,
14:52:46,75781.97,75784.5,-0.3,0.14,
14:52:49,75770.2,75778.6,-1.1,0.14,
14:53:02,75773.84,75777.9,-0.5,0.27,
14:53:04,75773.83,75778.0,-0.6,0.13,
14:53:05,75773.83,75778.0,-0.6,0.22,
14:53:16,75773.84,75777.9,-0.5,0.14,
14:53:16,75773.84,75777.9,-0.5,0.24,
14:53:19,75773.83,75778.0,-0.6,0.13,
14:53:19,75773.83,75778.0,-0.6,0.13,
14:53:32,75773.83,75778.0,-0.6,0.13,
14:53:34,75773.83,75778.0,-0.6,0.12,
14:53:34,75773.83,75778.0,-0.6,0.14,
14:53:46,75773.84,75778.0,-0.5,0.14,
14:53:49,75773.84,75776.1,-0.3,0.13,
14:53:49,75773.84,75775.4,-0.2,0.13,
14:54:02,75766.26,75767.5,-0.2,0.24,
14:54:04,75766.26,75763.6,0.4,0.13,
14:54:04,75766.26,75763.6,0.4,0.13,
14:54:16,75766.26,75763.7,0.3,0.14,
14:54:16,75766.26,75763.7,0.3,0.14,
14:54:19,75766.26,75763.6,0.4,0.14,
14:54:19,75766.26,75763.6,0.4,0.14,
14:54:32,75766.26,75767.3,-0.1,0.15,
14:54:34,75766.26,75767.2,-0.1,0.13,
14:54:34,75766.26,75767.2,-0.1,0.13,
14:54:46,75766.26,75767.2,-0.1,0.13,
14:54:46,75766.26,75767.2,-0.1,0.13,
14:54:49,75766.26,75767.2,-0.1,0.14,
14:54:49,75766.26,75767.2,-0.1,0.14,
14:55:02,75753.54,75751.9,0.2,0.13,
14:55:04,75753.53,75756.8,-0.4,0.14,
14:55:04,75753.53,75756.8,-0.4,0.14,
14:55:16,75770.0,75777.9,-1.0,0.13,
14:55:16,75770.0,75777.9,-1.0,0.13,
14:55:19,75770.0,75777.9,-1.0,0.14,
14:55:19,75770.0,75777.9,-1.0,0.14,
14:55:32,75775.88,75777.9,-0.3,0.14,
14:55:34,75775.88,75777.9,-0.3,0.14,
14:55:35,75775.88,75778.0,-0.3,0.29,
14:55:46,75774.69,75775.6,-0.1,0.13,
14:55:49,75774.68,75775.6,-0.1,0.15,
14:55:49,75774.68,75775.6,-0.1,0.15,
14:56:02,75758.98,75758.5,0.1,0.13,
14:56:04,75753.54,75756.9,-0.4,0.13,
14:56:04,75753.54,75756.9,-0.4,0.13,
14:56:16,75753.54,75756.8,-0.4,0.14,
14:56:16,75753.54,75756.8,-0.4,0.16,
14:56:19,75753.54,75756.8,-0.4,0.14,
14:56:19,75753.54,75756.9,-0.4,0.15,
14:56:32,75751.07,75755.3,-0.6,0.14,
14:56:34,75742.6,75748.9,-0.8,0.14,
14:56:34,75742.6,75749.0,-0.8,0.14,
14:56:46,75747.81,75756.7,-1.2,0.18,
14:56:49,75747.8,75756.7,-1.2,0.14,
14:56:49,75747.8,75756.7,-1.2,0.14,
14:57:02,75747.81,75756.8,-1.2,0.13,
14:57:04,75747.8,75756.8,-1.2,0.14,
14:57:04,75747.8,75756.8,-1.2,0.13,
14:57:16,75747.81,75752.2,-0.6,0.13,
14:57:16,75747.81,75752.2,-0.6,0.13,
14:57:19,75747.8,75752.2,-0.6,0.14,
14:57:19,75747.8,75752.2,-0.6,0.2,
14:57:32,75759.66,75756.9,0.4,0.13,
14:57:34,75759.66,75756.8,0.4,0.13,
14:57:34,75759.66,75756.8,0.4,0.15,
14:57:46,75753.54,75751.5,0.3,0.14,
14:57:46,75753.54,75751.5,0.3,0.14,
14:57:49,75753.53,75751.5,0.3,0.13,
14:57:49,75753.53,75751.5,0.3,0.13,
14:58:02,75753.53,75751.4,0.3,0.13,
14:58:04,75753.54,75751.5,0.3,0.13,
14:58:05,75753.54,75751.5,0.3,0.23,
14:58:16,75753.54,75753.3,0.0,0.12,
14:58:16,75753.54,75753.3,0.0,0.13,
14:58:19,75753.54,75753.3,0.0,0.14,
14:58:19,75753.54,75753.3,0.0,0.14,
14:58:32,75748.05,75748.7,-0.1,0.14,
14:58:34,75748.05,75748.2,-0.0,0.14,
14:58:34,75748.05,75748.1,-0.0,0.14,
14:58:46,75748.05,75747.3,0.1,0.13,
14:58:46,75748.05,75747.4,0.1,0.13,
14:58:49,75748.05,75747.4,0.1,0.13,
14:58:49,75748.05,75747.4,0.1,0.14,
14:59:02,75748.04,75747.3,0.1,0.15,
14:59:04,75748.04,75747.3,0.1,0.14,
14:59:05,75748.04,75747.3,0.1,0.25,
14:59:16,75748.05,75756.9,-1.2,0.15,
14:59:16,75748.05,75756.9,-1.2,0.14,
14:59:19,75748.04,75756.8,-1.2,0.13,
14:59:19,75748.04,75756.9,-1.2,0.16,
14:59:32,75759.67,75769.9,-1.4,0.13,
14:59:34,75759.67,75769.8,-1.3,0.13,
14:59:34,75759.67,75769.9,-1.4,0.13,
14:59:46,75759.67,75764.1,-0.6,0.15,
14:59:46,75759.67,75764.1,-0.6,0.15,
14:59:49,75759.66,75760.6,-0.1,0.15,
14:59:49,75759.66,75760.7,-0.1,0.15,
15:00:02,75753.53,75761.4,-1.0,0.13,
15:00:04,75753.54,75761.4,-1.0,0.14,
15:00:04,75753.54,75761.4,-1.0,0.16,
15:00:16,75753.54,75758.8,-0.7,0.14,
15:00:16,75753.54,75758.8,-0.7,0.14,
15:00:19,75753.53,75758.8,-0.7,0.15,
15:00:19,75753.53,75760.5,-0.9,0.2,
15:00:32,75785.51,75783.9,0.2,0.12,
15:00:34,75781.99,75784.0,-0.3,0.14,
15:00:34,75781.99,75784.0,-0.3,0.14,
15:00:46,75791.97,75790.5,0.2,0.13,
15:00:46,75791.97,75790.5,0.2,0.13,
15:00:49,75792.97,75790.9,0.3,0.14,
15:00:49,75792.97,75790.9,0.3,0.14,
15:01:02,75777.4,75771.9,0.7,0.14,
15:01:04,75777.4,75775.7,0.2,0.15,
15:01:04,75777.4,75775.7,0.2,0.15,
15:01:16,75789.09,75784.1,0.7,0.14,
15:01:16,75789.09,75784.1,0.7,0.18,
15:01:19,75795.17,75791.5,0.5,0.13,
15:01:19,75795.17,75791.5,0.5,0.14,
15:01:32,75777.08,75779.5,-0.3,0.13,
15:01:34,75777.08,75779.4,-0.3,0.14,
15:01:34,75777.08,75779.4,-0.3,0.14,
15:01:46,75788.45,75785.5,0.4,0.14,
15:01:46,75788.45,75785.5,0.4,0.14,
15:01:49,75788.45,75791.6,-0.4,0.14,
15:01:49,75788.45,75791.5,-0.4,0.14,
15:02:02,75777.08,75782.0,-0.6,0.15,
15:02:04,75763.41,75765.3,-0.2,0.15,
15:02:04,75763.41,75765.3,-0.2,0.14,
15:02:16,75739.08,75740.2,-0.1,0.13,
15:02:16,75739.08,75740.2,-0.1,0.14,
15:02:19,75739.09,75740.3,-0.2,0.14,
15:02:19,75739.09,75740.3,-0.2,0.16,
15:02:32,75739.03,75741.6,-0.3,0.14,
15:02:34,75734.16,75733.7,0.1,0.13,
15:02:34,75734.16,75737.9,-0.5,0.14,
15:02:46,75734.16,75738.3,-0.5,0.13,
15:02:46,75734.16,75738.3,-0.5,0.22,
15:02:49,75734.15,75738.4,-0.6,0.17,
15:02:49,75734.15,75738.3,-0.5,0.17,
15:03:02,75738.59,75748.1,-1.3,0.14,
15:03:04,75738.59,75748.0,-1.2,0.13,
15:03:04,75738.59,75748.1,-1.3,0.13,
15:03:16,75758.0,75760.3,-0.3,0.14,
15:03:16,75758.0,75760.3,-0.3,0.14,
15:03:19,75771.2,75773.7,-0.3,0.13,
15:03:19,75771.2,75770.7,0.1,0.14,
15:03:32,75753.54,75755.2,-0.2,0.13,
15:03:34,75753.54,75755.2,-0.2,0.14,
15:03:34,75753.54,75752.8,0.1,0.14,
15:03:46,75745.24,75746.4,-0.2,0.13,
15:03:46,75745.24,75744.4,0.1,0.13,
15:03:49,75745.24,75747.7,-0.3,0.14,
15:03:49,75745.24,75747.7,-0.3,0.14,
15:04:02,75745.23,75747.8,-0.3,0.15,
15:04:04,75745.23,75747.8,-0.3,0.15,
15:04:04,75745.23,75747.8,-0.3,0.15,
15:04:16,75745.24,75749.2,-0.5,0.14,
15:04:16,75745.24,75749.2,-0.5,0.14,
15:04:19,75745.24,75749.3,-0.5,0.12,
15:04:19,75745.24,75749.3,-0.5,0.13,
15:04:32,75761.64,75770.6,-1.2,0.14,
15:04:34,75761.64,75770.7,-1.2,0.14,
15:04:34,75761.64,75770.6,-1.2,0.14,
15:04:46,75763.99,75770.6,-0.9,0.13,
15:04:46,75763.99,75770.6,-0.9,0.13,
15:04:49,75763.99,75770.7,-0.9,0.14,
15:04:49,75763.99,75770.6,-0.9,0.19,
15:05:03,75772.19,75770.7,0.2,0.37,
15:05:04,75772.19,75773.3,-0.1,0.13,
15:05:05,75772.19,75773.3,-0.1,0.25,
15:05:16,75727.33,75734.4,-0.9,0.13,
15:05:16,75727.33,75734.4,-0.9,0.13,
15:05:19,75727.32,75736.2,-1.2,0.13,
15:05:19,75727.32,75736.2,-1.2,0.13,
15:05:32,75745.93,75749.3,-0.4,0.2,
15:05:34,75742.09,75736.0,0.8,0.14,
15:05:34,75742.09,75736.0,0.8,0.14,
15:05:46,75727.43,75726.3,0.1,0.14,
15:05:46,75727.43,75726.3,0.1,0.13,
15:05:49,75727.44,75727.4,0.0,0.14,
15:05:49,75727.44,75727.3,0.0,0.14,
15:06:02,75734.0,75734.8,-0.1,0.17,
15:06:04,75733.99,75734.8,-0.1,0.13,
15:06:04,75733.99,75734.8,-0.1,0.13,
15:06:16,75742.27,75749.8,-1.0,0.14,
15:06:16,75742.27,75745.3,-0.4,0.23,
15:06:19,75742.19,75745.3,-0.4,0.13,
15:06:19,75742.19,75745.3,-0.4,0.13,
15:06:32,75742.19,75741.1,0.1,0.24,
15:06:34,75742.19,75741.0,0.2,0.14,
15:06:34,75742.19,75741.0,0.2,0.14,
15:06:46,75752.82,75758.3,-0.7,0.14,
15:06:46,75752.82,75758.3,-0.7,0.15,
15:06:49,75764.04,75758.4,0.7,0.14,
15:06:49,75764.04,75758.4,0.7,0.16,
15:07:02,75764.03,75761.3,0.4,0.14,
15:07:04,75764.03,75767.5,-0.5,0.14,
15:07:04,75764.03,75767.5,-0.5,0.14,
15:07:16,75764.04,75772.5,-1.1,0.15,
15:07:16,75764.04,75772.5,-1.1,0.15,
15:07:19,75768.39,75772.6,-0.6,0.13,
15:07:19,75768.39,75772.6,-0.6,0.13,
15:07:32,75768.39,75772.6,-0.6,0.15,
15:07:35,75768.39,75772.5,-0.5,0.17,
15:07:35,75768.39,75768.4,-0.0,0.18,
15:07:46,75776.29,75776.6,-0.0,0.14,
15:07:46,75776.29,75776.6,-0.0,0.14,
15:07:49,75784.0,75782.5,0.2,0.13,
15:07:49,75784.0,75782.5,0.2,0.13,
15:08:02,75793.24,75796.8,-0.5,0.14,
15:08:04,75793.24,75796.8,-0.5,0.15,
15:08:04,75793.23,75796.8,-0.5,0.14,
15:08:16,75822.93,75826.2,-0.4,0.15,
15:08:19,75822.44,75823.0,-0.1,0.14,
15:08:19,75822.44,75815.1,1.0,0.14,
15:08:32,75806.36,75807.8,-0.2,0.13,
15:08:34,75806.36,75807.8,-0.2,0.13,
15:08:34,75806.36,75807.8,-0.2,0.14,
15:08:46,75812.01,75813.9,-0.2,0.12,
15:08:46,75812.01,75813.8,-0.2,0.13,
15:08:49,75814.84,75818.9,-0.5,0.13,
15:08:49,75814.84,75818.9,-0.5,0.13,
15:09:02,75817.34,75819.9,-0.3,0.15,
15:09:04,75817.34,75819.9,-0.3,0.14,
15:09:04,75817.34,75820.0,-0.4,0.14,
15:09:16,75828.74,75825.5,0.4,0.14,
15:09:16,75828.74,75825.5,0.4,0.15,
15:09:19,75835.03,75833.1,0.3,0.13,
15:09:19,75835.03,75831.8,0.4,0.13,
15:09:33,75831.27,75828.8,0.3,0.32,
15:09:34,75831.27,75828.8,0.3,0.15,
15:09:34,75831.27,75828.9,0.3,0.15,
15:09:46,75830.19,75823.7,0.9,0.14,
15:09:46,75830.19,75823.7,0.9,0.14,
15:09:49,75822.36,75821.4,0.1,0.16,
15:09:49,75822.36,75821.4,0.1,0.15,
15:10:02,75822.36,75821.4,0.1,0.15,
15:10:04,75827.53,75832.7,-0.7,0.13,
15:10:05,75827.53,75831.8,-0.6,0.3,
15:10:16,75838.26,75842.8,-0.6,0.14,
15:10:16,75838.26,75842.8,-0.6,0.15,
15:10:19,75838.26,75842.7,-0.6,0.13,
15:10:19,75838.26,75842.7,-0.6,0.13,
15:10:32,75834.94,75836.0,-0.1,0.15,
15:10:34,75834.15,75831.4,0.4,0.16,
15:10:34,75834.15,75831.4,0.4,0.17,
15:10:46,75827.94,75825.7,0.3,0.13,
15:10:46,75827.94,75825.7,0.3,0.13,
15:10:49,75827.95,75825.7,0.3,0.13,
15:11:02,75822.32,75820.0,0.3,0.14,
15:11:04,75822.33,75820.0,0.3,0.14,
15:11:04,75822.33,75820.0,0.3,0.15,
15:11:16,75822.32,75820.0,0.3,0.13,
15:11:16,75822.32,75820.0,0.3,0.23,
15:11:19,75822.32,75819.9,0.3,0.14,
15:11:19,75822.32,75819.9,0.3,0.13,
15:11:32,75825.17,75828.4,-0.4,0.14,
15:11:34,75825.16,75828.4,-0.4,0.16,
15:11:34,75825.16,75828.4,-0.4,0.16,
15:11:46,75849.69,75850.4,-0.1,0.15,
15:11:46,75849.69,75850.4,-0.1,0.2,
15:11:49,75849.68,75850.5,-0.1,0.14,
15:11:49,75849.68,75850.5,-0.1,0.14,
15:12:02,75835.62,75839.2,-0.5,0.14,
15:12:04,75835.61,75839.1,-0.5,0.14,
15:12:04,75835.61,75839.1,-0.5,0.14,
15:12:16,75830.9,75831.5,-0.1,0.12,
15:12:16,75830.9,75831.5,-0.1,0.14,
15:12:19,75834.18,75839.2,-0.7,0.14,
15:12:19,75834.18,75839.2,-0.7,0.15,
15:12:32,75834.17,75832.8,0.2,0.13,
15:12:34,75834.17,75832.7,0.2,0.13,
15:12:34,75834.17,75832.7,0.2,0.13,
15:12:46,75834.18,75832.7,0.2,0.14,
15:12:46,75834.18,75832.8,0.2,0.16,
15:12:49,75834.18,75832.7,0.2,0.15,
15:12:49,75834.18,75832.8,0.2,0.15,
15:13:02,75834.18,75835.6,-0.2,0.14,
15:13:04,75834.17,75835.6,-0.2,0.13,
15:13:04,75834.17,75835.7,-0.2,0.15,
15:13:16,75834.17,75834.7,-0.1,0.14,
15:13:16,75834.17,75834.7,-0.1,0.14,
15:13:19,75834.18,75834.7,-0.1,0.15,
15:13:20,75834.18,75834.7,-0.1,0.25,
15:13:32,75825.17,75827.0,-0.2,0.14,
15:13:34,75821.62,75823.8,-0.3,0.14,
15:13:46,75817.15,75816.9,0.0,0.15,
15:13:49,75817.15,75816.8,0.0,0.13,
15:13:49,75817.15,75816.9,0.0,0.14,
15:14:02,75790.06,75791.4,-0.2,0.13,
15:14:04,75790.06,75791.1,-0.1,0.13,
15:14:04,75790.06,75791.1,-0.1,0.14,
15:14:16,75799.34,75805.8,-0.9,0.13,
15:14:16,75799.34,75805.8,-0.9,0.27,
15:14:19,75799.33,75805.9,-0.9,0.14,
15:14:19,75799.33,75805.9,-0.9,0.14,
15:14:32,75799.34,75805.8,-0.9,0.16,
15:14:35,75799.34,75805.8,-0.9,0.15,
15:14:35,75799.34,75805.8,-0.9,0.18,
15:14:46,75804.77,75805.8,-0.1,0.15,
15:14:46,75804.77,75805.8,-0.1,0.2,
15:14:49,75806.01,75805.9,0.0,0.15,
15:14:49,75806.01,75805.9,0.0,0.15,
15:15:02,75806.01,75815.0,-1.2,0.15,
15:15:05,75806.02,75815.4,-1.2,0.18,
15:15:05,75806.02,75815.4,-1.2,0.15,
15:15:16,75806.02,75815.4,-1.2,0.14,
15:15:16,75806.02,75815.4,-1.2,0.17,
15:15:19,75809.61,75815.3,-0.8,0.14,
15:15:20,75809.61,75815.3,-0.8,0.14,
15:15:32,75809.62,75815.1,-0.7,0.13,
15:15:34,75809.62,75815.1,-0.7,0.14,
15:15:34,75809.62,75815.1,-0.7,0.13,
15:15:46,75808.33,75804.7,0.5,0.14,
15:15:46,75808.33,75804.7,0.5,0.13,
15:15:49,75808.33,75812.3,-0.5,0.15,
15:15:49,75808.33,75812.2,-0.5,0.16,
15:16:02,75836.0,75835.5,0.1,0.14,
15:16:04,75842.72,75840.0,0.4,0.14,
15:16:04,75842.72,75840.0,0.4,0.14,
15:16:16,75839.2,75840.7,-0.2,0.61,
15:16:16,75839.2,75840.7,-0.2,0.61,
15:16:19,75839.2,75840.7,-0.2,0.14,
15:16:19,75839.2,75840.6,-0.2,0.14,
15:16:32,75833.43,75840.6,-0.9,0.14,
15:16:34,75833.43,75840.7,-1.0,0.13,
15:16:34,75833.43,75840.7,-1.0,0.14,
15:16:46,75841.01,75840.6,0.1,0.12,
15:16:46,75841.01,75840.6,0.1,0.14,
15:16:49,75841.01,75840.6,0.1,0.13,
15:16:49,75841.01,75840.7,0.0,0.13,
15:17:02,75841.01,75840.7,0.0,0.19,
15:17:04,75833.23,75840.6,-1.0,0.13,
15:17:04,75833.23,75834.7,-0.2,0.13,
15:17:16,75833.22,75833.5,-0.0,0.14,
15:17:16,75833.22,75833.5,-0.0,0.14,
15:17:19,75823.38,75820.7,0.4,0.12,
15:17:19,75823.38,75820.7,0.4,0.13,
15:17:32,75814.01,75815.3,-0.2,0.13,
15:17:34,75814.0,75815.3,-0.2,0.14,
15:17:46,75821.6,75823.0,-0.2,0.23,
15:17:46,75821.6,75823.0,-0.2,0.23,
15:17:49,75821.59,75822.9,-0.2,0.13,
15:17:49,75821.59,75822.9,-0.2,0.15,
15:18:02,75823.38,75826.1,-0.4,0.13,
15:18:05,75829.86,75826.1,0.5,0.19,
15:18:05,75829.86,75826.1,0.5,0.18,
15:18:16,75829.86,75835.5,-0.7,0.13,
15:18:16,75829.86,75835.5,-0.7,0.15,
15:18:19,75829.87,75835.4,-0.7,0.13,
15:18:19,75829.87,75835.5,-0.7,0.14,
15:18:32,75829.86,75831.4,-0.2,0.14,
15:18:34,75829.86,75831.5,-0.2,0.13,
15:18:34,75829.86,75831.5,-0.2,0.13,
15:18:46,75822.55,75829.1,-0.9,0.13,
15:18:46,75822.55,75829.1,-0.9,0.14,
15:18:49,75822.55,75826.4,-0.5,0.13,
15:18:49,75822.55,75826.4,-0.5,0.13,
15:19:02,75826.6,75830.0,-0.4,0.14,
15:19:04,75834.19,75834.5,-0.0,0.15,
15:19:04,75834.19,75834.5,-0.0,0.16,
15:19:16,75834.19,75836.2,-0.3,0.19,
15:19:19,75834.19,75836.3,-0.3,0.13,
15:19:19,75834.19,75836.3,-0.3,0.14,
15:19:32,75819.38,75836.2,-2.2,0.13,
15:19:34,75818.89,75823.7,-0.6,0.14,
15:19:35,75818.89,75823.7,-0.6,0.33,
15:19:46,75818.9,75820.7,-0.2,0.13,
15:19:46,75818.9,75820.7,-0.2,0.13,
15:19:49,75818.89,75819.3,-0.1,0.14,
15:19:49,75818.89,75819.2,-0.0,0.14,
15:20:02,75796.0,75795.8,0.0,0.14,
15:20:04,75796.0,75795.8,0.0,0.14,
15:20:04,75796.0,75795.8,0.0,0.14,
15:20:16,75793.28,75790.3,0.4,0.14,
15:20:16,75793.28,75790.3,0.4,0.17,
15:20:19,75793.28,75790.4,0.4,0.14,
15:20:20,75793.28,75790.3,0.4,0.17,
15:20:32,75791.88,75802.3,-1.4,0.13,
15:20:34,75797.99,75803.7,-0.8,0.13,
15:20:34,75797.99,75803.7,-0.8,0.13,
15:20:46,75804.81,75810.9,-0.8,0.13,
15:20:46,75804.81,75810.9,-0.8,0.14,
15:20:49,75804.81,75811.0,-0.8,0.13,
15:20:49,75804.81,75811.0,-0.8,0.12,
15:21:02,75813.49,75816.1,-0.3,0.14,
15:21:05,75813.49,75816.2,-0.4,0.15,
15:21:05,75813.49,75816.2,-0.4,0.15,
15:21:16,75813.49,75818.7,-0.7,0.14,
15:21:16,75813.49,75818.7,-0.7,0.14,
15:21:19,75813.5,75818.6,-0.7,0.14,
15:21:20,75813.5,75818.7,-0.7,0.15,
15:21:32,75813.49,75818.6,-0.7,0.24,
15:21:34,75813.5,75818.7,-0.7,0.13,
15:21:34,75813.5,75818.6,-0.7,0.13,
15:21:46,75826.0,75822.9,0.4,0.15,
15:21:46,75826.0,75822.9,0.4,0.16,
15:21:49,75825.99,75822.9,0.4,0.13,
15:21:49,75825.99,75822.9,0.4,0.14,
15:22:02,75825.15,75823.0,0.3,0.15,
15:22:04,75825.16,75822.9,0.3,0.14,
15:22:04,75825.16,75823.0,0.3,0.14,
15:22:16,75825.16,75825.2,-0.0,0.13,
15:22:16,75825.16,75825.2,-0.0,0.15,
15:22:19,75825.15,75825.3,-0.0,0.15,
15:22:19,75825.15,75825.6,-0.1,0.15,
15:22:32,75810.95,75806.0,0.7,0.16,
15:22:35,75805.31,75806.1,-0.1,0.15,
15:22:35,75805.31,75806.1,-0.1,0.15,
15:22:46,75805.32,75810.3,-0.7,0.13,
15:22:46,75805.32,75810.3,-0.7,0.14,
15:22:49,75805.31,75810.3,-0.7,0.13,
15:22:49,75805.31,75810.3,-0.7,0.13,
15:23:02,75805.23,75806.7,-0.2,0.14,
15:23:05,75805.24,75806.6,-0.2,0.14,
15:23:05,75805.24,75806.6,-0.2,0.17,
15:23:16,75805.23,75806.7,-0.2,0.14,
15:23:16,75805.23,75806.7,-0.2,0.14,
15:23:19,75805.23,75813.9,-1.1,0.14,
15:23:32,75805.24,75814.0,-1.2,0.13,
15:23:34,75812.19,75821.6,-1.2,0.13,
15:23:34,75812.19,75821.6,-1.2,0.13,
15:23:46,75822.92,75821.6,0.2,0.13,
15:23:46,75822.92,75821.6,0.2,0.13,
15:23:50,75832.49,75829.0,0.5,0.28,
15:24:02,75832.48,75835.9,-0.5,0.14,
15:24:05,75832.48,75835.9,-0.5,0.14,
15:24:05,75832.48,75835.9,-0.5,0.15,
15:24:16,75832.48,75835.8,-0.4,0.13,
15:24:16,75832.48,75835.8,-0.4,0.14,
15:24:19,75832.49,75835.8,-0.4,0.13,
15:24:19,75832.49,75835.8,-0.4,0.14,
15:24:32,75832.48,75835.8,-0.4,0.14,
15:24:34,75832.48,75835.8,-0.4,0.14,
15:24:35,75832.48,75835.8,-0.4,0.14,
15:24:46,75830.96,75836.2,-0.7,0.14,
15:24:46,75830.96,75836.2,-0.7,0.14,
15:24:49,75830.96,75836.1,-0.7,0.13,
15:24:49,75830.96,75836.1,-0.7,0.13,
15:25:02,75830.96,75836.3,-0.7,0.14,
15:25:05,75830.96,75836.3,-0.7,0.15,
15:25:05,75830.96,75836.3,-0.7,0.25,
15:25:16,75849.68,75859.1,-1.2,0.15,
15:25:20,75857.97,75864.1,-0.8,0.13,
15:25:20,75857.97,75864.1,-0.8,0.15,
15:25:32,75858.32,75864.2,-0.8,0.14,
15:25:34,75856.8,75855.2,0.2,0.13,
15:25:34,75856.8,75855.2,0.2,0.13,
15:25:46,75843.95,75848.9,-0.7,0.14,
15:25:46,75843.95,75848.9,-0.7,0.14,
15:25:50,75843.96,75849.0,-0.7,0.14,
15:25:50,75843.96,75849.0,-0.7,0.14,
15:26:02,75843.95,75854.9,-1.4,0.13,
15:26:04,75843.95,75854.2,-1.4,0.12,
15:26:04,75843.95,75854.2,-1.4,0.13,
15:26:16,75843.96,75854.2,-1.3,0.14,
15:26:16,75843.96,75854.2,-1.3,0.16,
15:26:20,75843.96,75853.0,-1.2,0.14,
15:26:20,75843.96,75853.0,-1.2,0.14,
15:26:32,75856.36,75857.5,-0.2,0.14,
15:26:34,75863.52,75859.5,0.5,0.13,
15:26:35,75863.52,75859.5,0.5,0.14,
15:26:46,75863.51,75862.1,0.2,0.14,
15:26:46,75863.51,75862.1,0.2,0.14,
15:26:50,75876.49,75872.3,0.6,0.14,
15:26:50,75876.49,75872.3,0.6,0.14,
15:27:02,75876.5,75880.0,-0.5,0.13,
15:27:05,75876.5,75880.0,-0.5,0.14,
15:27:05,75876.5,75880.0,-0.5,0.15,
15:27:16,75881.4,75886.5,-0.7,0.14,
15:27:16,75881.4,75886.5,-0.7,0.13,
15:27:20,75886.77,75887.6,-0.1,0.14,
15:27:20,75886.77,75887.9,-0.1,0.13,
15:27:32,75886.78,75888.2,-0.2,0.14,
15:27:35,75886.77,75888.2,-0.2,0.14,
15:27:35,75886.77,75888.2,-0.2,0.15,
15:27:46,75886.77,75892.3,-0.7,0.14,
15:27:46,75886.77,75892.3,-0.7,0.14,
15:27:50,75886.77,75891.0,-0.6,0.13,
15:27:50,75886.77,75891.0,-0.6,0.14,
15:28:02,75886.78,75891.0,-0.6,0.15,
15:28:04,75886.78,75891.0,-0.6,0.14,
15:28:05,75886.78,75891.0,-0.6,0.13,
15:28:16,75886.77,75890.9,-0.5,0.13,
15:28:16,75886.77,75890.9,-0.5,0.14,
15:28:20,75872.97,75880.0,-0.9,0.14,
15:28:20,75872.97,75880.0,-0.9,0.15,
15:28:32,75871.45,75869.5,0.3,0.23,
15:28:35,75871.45,75869.5,0.3,0.14,
15:28:35,75871.45,75869.5,0.3,0.14,
15:28:46,75871.45,75871.4,0.0,0.13,
15:28:46,75871.45,75871.4,0.0,0.15,
15:28:49,75871.46,75871.4,0.0,0.13,
15:28:50,75871.46,75871.3,0.0,0.12,
15:29:02,75871.46,75874.2,-0.4,0.13,
15:29:05,75871.46,75881.4,-1.3,0.13,
15:29:05,75871.46,75881.4,-1.3,0.15,
15:29:16,75871.46,75881.5,-1.3,0.14,
15:29:16,75871.46,75881.4,-1.3,0.15,
15:29:20,75871.46,75881.4,-1.3,0.2,
15:29:32,75874.87,75886.5,-1.5,0.15,
15:29:35,75877.3,75890.8,-1.8,0.14,
15:29:35,75877.3,75890.8,-1.8,0.13,
15:29:46,75881.4,75893.2,-1.6,0.14,
15:29:46,75881.4,75893.2,-1.6,0.14,
15:29:50,75881.4,75893.2,-1.6,0.15,
15:29:50,75881.4,75893.2,-1.6,0.15,
15:30:02,75884.54,75893.2,-1.1,0.13,
15:30:05,75884.54,75893.2,-1.1,0.14,
15:30:05,75884.54,75893.2,-1.1,0.17,
15:30:16,75899.99,75905.8,-0.8,0.14,
15:30:16,75899.99,75905.8,-0.8,0.13,
15:30:20,75900.0,75905.8,-0.8,0.13,
15:30:20,75900.0,75905.7,-0.8,0.13,
15:30:32,75900.0,75905.8,-0.8,0.13,
15:30:35,75900.0,75905.8,-0.8,0.12,
15:30:35,75900.0,75905.8,-0.8,0.14,
15:30:46,75936.31,75938.8,-0.3,0.13,
15:30:46,75936.31,75937.1,-0.1,0.13,
15:30:50,75944.3,75946.9,-0.3,0.24,
15:30:50,75944.3,75946.9,-0.3,0.24,
15:31:02,75947.4,75949.9,-0.3,0.24,
15:31:05,75950.0,75950.0,0.0,0.14,
15:31:05,75950.0,75949.9,0.0,0.16,
15:31:16,75938.76,75947.1,-1.1,0.15,
15:31:16,75938.76,75947.1,-1.1,0.16,
15:31:20,75934.7,75935.5,-0.1,0.13,
15:31:20,75934.7,75935.5,-0.1,0.52,
15:31:32,75937.53,75946.4,-1.2,0.13,
15:31:35,75937.54,75943.2,-0.7,0.14,
15:31:35,75937.54,75943.2,-0.7,0.14,
15:31:46,75921.9,75920.4,0.2,0.13,
15:31:46,75921.9,75920.4,0.2,0.12,
15:31:50,75921.91,75923.4,-0.2,0.15,
15:31:50,75921.91,75923.4,-0.2,0.14,
15:32:02,75913.61,75920.4,-0.9,0.14,
15:32:05,75912.08,75920.4,-1.1,0.13,
15:32:05,75912.08,75920.4,-1.1,0.13,
15:32:16,75909.94,75920.1,-1.3,0.14,
15:32:16,75909.94,75920.2,-1.4,0.13,
15:32:20,75909.94,75920.2,-1.4,0.13,
15:32:20,75909.94,75920.1,-1.3,0.13,
15:32:32,75925.45,75923.3,0.3,0.13,
15:32:35,75925.46,75923.3,0.3,0.18,
15:32:46,75925.46,75927.7,-0.3,0.13,
15:32:46,75925.46,75927.7,-0.3,0.14,
15:32:50,75925.46,75931.4,-0.8,0.13,
15:32:50,75925.46,75931.5,-0.8,0.14,
15:33:02,75925.45,75932.5,-0.9,0.14,
15:33:05,75925.46,75932.6,-0.9,0.14,
15:33:05,75925.46,75932.6,-0.9,0.14,
15:33:16,75941.77,75947.3,-0.7,0.13,
15:33:16,75941.77,75947.3,-0.7,0.13,
15:33:20,75943.25,75947.5,-0.6,0.14,
15:33:20,75943.25,75947.5,-0.6,0.23,
15:33:32,75957.65,75959.5,-0.2,0.13,
15:33:35,75958.85,75959.9,-0.1,0.13,
15:33:35,75958.85,75959.9,-0.1,0.13,
15:33:46,75974.93,75983.7,-1.2,0.13,
15:33:46,75974.93,75983.6,-1.1,0.14,
15:33:50,75974.93,75983.7,-1.2,0.13,
15:33:50,75974.93,75983.7,-1.2,0.13,
15:34:02,75970.0,75972.4,-0.3,0.24,
15:34:05,75970.01,75972.4,-0.3,0.14,
15:34:05,75970.01,75972.4,-0.3,0.14,
15:34:16,76000.0,76005.2,-0.7,0.14,
15:34:16,76000.0,76005.2,-0.7,0.14,
15:34:20,76000.0,76007.7,-1.0,0.14,
15:34:20,76000.0,76007.8,-1.0,0.14,
15:34:32,75999.99,76007.9,-1.0,0.13,
15:34:35,76006.07,76010.7,-0.6,0.13,
15:34:35,76006.07,76010.7,-0.6,0.14,
15:34:46,76006.08,76011.2,-0.7,0.18,
15:34:50,76006.08,76011.2,-0.7,0.16,
15:34:50,76006.08,76011.2,-0.7,0.25,
15:35:02,75985.51,75988.4,-0.4,0.14,
15:35:05,75985.5,75992.3,-0.9,0.13,
15:35:05,75985.5,75992.3,-0.9,0.14,
15:35:16,75990.89,75998.5,-1.0,0.13,
15:35:16,75990.89,75998.5,-1.0,0.14,
15:35:20,75990.89,75994.6,-0.5,0.13,
15:35:20,75990.89,75994.6,-0.5,0.13,
15:35:32,75974.93,75980.3,-0.7,0.14,
15:35:35,75974.93,75980.2,-0.7,0.13,
15:35:35,75974.93,75980.2,-0.7,0.13,
15:35:46,75958.44,75970.7,-1.6,0.13,
15:35:46,75958.44,75970.7,-1.6,0.14,
15:35:50,75958.44,75960.2,-0.2,0.12,
15:35:50,75958.44,75966.9,-1.1,0.14,
15:36:02,75944.8,75948.6,-0.5,0.13,
15:36:05,75944.8,75949.2,-0.6,0.13,
15:36:05,75944.8,75949.2,-0.6,0.13,
15:36:16,75956.12,75963.8,-1.0,0.13,
15:36:16,75956.12,75963.8,-1.0,0.13,
15:36:20,75963.07,75964.2,-0.1,0.14,
15:36:20,75963.07,75964.2,-0.1,0.14,
15:36:32,75966.05,75971.9,-0.8,0.13,
15:36:35,75985.41,75981.1,0.6,0.15,
15:36:35,75985.41,75981.1,0.6,0.14,
15:36:46,75985.4,75994.7,-1.2,0.14,
15:36:46,75985.4,75994.7,-1.2,0.15,
15:36:50,75985.4,75994.6,-1.2,0.15,
15:36:50,75985.4,75994.6,-1.2,0.14,
15:37:02,76004.56,76005.6,-0.1,0.14,
15:37:05,76003.05,76005.6,-0.3,0.17,
15:37:05,76003.05,76005.6,-0.3,0.19,
15:37:16,75993.62,76001.4,-1.0,0.14,
15:37:16,75991.89,75994.2,-0.3,0.14,
15:37:20,75984.72,75986.6,-0.2,0.15,
15:37:20,75984.72,75986.7,-0.3,0.14,
15:37:32,75991.59,75994.8,-0.4,0.17,
15:37:35,75993.34,76001.0,-1.0,0.14,
15:37:35,75993.34,76001.0,-1.0,0.14,
15:37:46,75994.19,76002.4,-1.1,0.18,
15:37:46,75994.19,76002.4,-1.1,0.2,
15:37:50,75994.21,76002.3,-1.1,0.14,
15:37:50,75994.21,76002.4,-1.1,0.14,
15:38:02,76013.75,76019.9,-0.8,0.16,
15:38:05,76013.75,76019.9,-0.8,0.17,
15:38:05,76013.74,76019.9,-0.8,0.47,
15:38:16,76034.39,76032.2,0.3,0.24,
15:38:16,76034.39,76032.2,0.3,0.26,
15:38:20,76029.57,76035.1,-0.7,0.14,
15:38:20,76029.57,76034.9,-0.7,0.18,
15:38:32,75989.58,75996.9,-1.0,0.14,
15:38:35,75989.57,76002.1,-1.6,0.14,
15:38:35,75989.57,76002.1,-1.6,0.16,
15:38:46,75998.04,76009.4,-1.5,0.15,
15:38:46,75998.04,76009.4,-1.5,0.15,
15:38:50,76002.61,76009.3,-0.9,0.16,
15:38:50,76002.61,76009.3,-0.9,0.15,
15:39:02,76028.03,76029.6,-0.2,0.27,
15:39:05,76031.04,76031.1,-0.0,0.13,
15:39:05,76031.04,76031.1,-0.0,0.18,
15:39:16,76069.7,76076.0,-0.8,0.15,
15:39:16,76069.7,76076.0,-0.8,0.16,
15:39:20,76079.99,76085.6,-0.7,0.14,
15:39:20,76079.99,76085.6,-0.7,0.19,
15:39:32,76082.97,76085.6,-0.3,0.14,
15:39:35,76078.68,76085.4,-0.9,0.13,
15:39:35,76078.68,76085.4,-0.9,0.15,
15:39:46,76077.16,76075.4,0.2,0.13,
15:39:46,76077.16,76075.4,0.2,0.14,
15:39:50,76064.01,76060.9,0.4,0.13,
15:39:50,76064.01,76061.0,0.4,0.14,
15:40:02,76064.73,76075.8,-1.5,0.13,
15:40:05,76064.72,76068.8,-0.5,0.15,
15:40:05,76064.72,76068.7,-0.5,0.14,
15:40:16,76056.01,76058.5,-0.3,0.18,
15:40:16,76056.01,76058.5,-0.3,0.2,
15:40:20,76056.0,76058.6,-0.3,0.15,
15:40:20,76056.0,76058.5,-0.3,0.14,
15:40:32,76046.12,76063.1,-2.2,0.14,
15:40:35,76034.62,76039.3,-0.6,0.14,
15:40:35,76034.62,76039.3,-0.6,0.13,
15:40:46,76041.42,76049.1,-1.0,0.13,
15:40:46,76041.42,76049.1,-1.0,0.13,
15:40:50,76051.63,76053.0,-0.2,0.15,
15:40:50,76051.63,76049.1,0.3,0.14,
15:41:31,76053.25,76064.9,-1.5,0.24,
15:41:31,76053.25,76064.9,-1.5,0.25,
15:41:31,76053.25,76064.9,-1.5,0.13,
15:41:31,76053.25,76058.5,-0.7,0.14,
15:41:33,76051.73,76052.8,-0.1,0.18,
15:41:33,76051.73,76052.8,-0.1,0.18,
15:41:46,76048.69,76052.8,-0.5,0.13,
15:41:46,76048.69,76052.8,-0.5,0.14,
15:41:46,76048.69,76052.8,-0.5,0.13,
15:41:46,76048.69,76052.8,-0.5,0.15,
15:42:00,76047.16,76052.8,-0.7,0.13,
15:42:01,76042.6,76047.5,-0.6,0.12,
15:42:01,76042.6,76041.5,0.1,0.13,
15:42:16,76047.21,76057.1,-1.3,0.12,
15:42:16,76047.21,76057.1,-1.3,0.13,
15:42:16,76047.21,76057.1,-1.3,0.14,
15:42:16,76047.21,76057.1,-1.3,0.13,
15:42:30,76044.24,76054.9,-1.4,0.23,
15:42:31,76045.0,76054.9,-1.3,0.12,
15:42:31,76045.0,76054.9,-1.3,0.13,
15:42:46,76058.36,76062.6,-0.6,0.13,
15:42:46,76058.36,76062.6,-0.6,0.14,
15:42:46,76058.36,76062.6,-0.6,0.13,
15:42:46,76058.36,76062.6,-0.6,0.13,
15:43:00,76052.27,76054.9,-0.3,0.14,
15:43:01,76047.2,76050.2,-0.4,0.13,
15:43:01,76047.2,76050.2,-0.4,0.16,
15:43:16,76036.89,76046.2,-1.2,0.13,
15:43:16,76036.89,76046.2,-1.2,0.14,
15:43:16,76036.89,76046.2,-1.2,0.14,
15:43:16,76036.89,76046.2,-1.2,0.14,
15:43:30,76042.44,76057.2,-1.9,0.12,
15:43:31,76043.93,76057.2,-1.7,0.13,
15:43:31,76043.93,76057.2,-1.7,0.13,
15:43:46,76049.95,76057.2,-1.0,0.12,
15:43:46,76049.95,76057.2,-1.0,0.13,
15:43:46,76049.94,76057.2,-1.0,0.13,
15:43:46,76049.94,76057.2,-1.0,0.13,
15:44:00,76059.43,76067.9,-1.1,0.14,
15:44:01,76063.97,76076.0,-1.6,0.13,
15:44:01,76063.98,76074.6,-1.4,0.14,
15:44:16,76063.98,76072.1,-1.1,0.13,
15:44:16,76063.98,76070.8,-0.9,0.13,
15:44:16,76063.98,76072.1,-1.1,0.14,
15:44:30,76059.41,76062.0,-0.3,0.13,
15:44:31,76050.48,76062.0,-1.5,0.13,
15:44:31,76050.48,76062.0,-1.5,0.13,
15:44:46,76048.67,76052.9,-0.6,0.13,
15:44:46,76048.67,76054.6,-0.8,0.13,
15:44:46,76048.67,76052.9,-0.6,0.13,
15:45:00,76075.29,76085.6,-1.4,0.13,
15:45:01,76081.52,76085.7,-0.5,0.14,
15:45:02,76081.53,76087.9,-0.8,0.78,
15:45:16,76099.98,76104.9,-0.6,0.14,
15:45:16,76099.98,76104.9,-0.6,0.14,
15:45:16,76099.98,76104.9,-0.6,0.13,
15:45:16,76099.98,76104.9,-0.6,0.13,
15:45:30,76086.76,76089.6,-0.4,0.13,
15:45:31,76083.73,76077.8,0.8,0.12,
15:45:31,76083.73,76086.9,-0.4,0.13,
15:45:46,76085.62,76082.0,0.5,0.12,
15:45:46,76085.62,76082.0,0.5,0.13,
15:45:46,76085.62,76082.0,0.5,0.12,
15:46:00,76085.62,76079.8,0.8,0.14,
15:46:01,76074.56,76074.4,0.0,0.18,
15:46:01,76074.56,76075.0,-0.1,0.18,
15:46:16,76083.32,76084.9,-0.2,0.13,
15:46:16,76083.32,76084.9,-0.2,0.14,
15:46:16,76081.8,76084.9,-0.4,0.13,
15:46:16,76081.8,76084.9,-0.4,0.14,
15:46:30,76070.16,76074.0,-0.5,0.14,
15:46:31,76070.16,76077.9,-1.0,0.36,
15:46:32,76070.16,76077.9,-1.0,0.39,
15:46:46,76070.17,76078.0,-1.0,0.14,
15:46:46,76070.17,76078.0,-1.0,0.14,
15:46:46,76070.17,76078.0,-1.0,0.13,
15:46:46,76070.17,76078.0,-1.0,0.16,
15:47:00,76076.23,76084.8,-1.1,0.14,
15:47:01,76077.14,76084.8,-1.0,0.14,
15:47:01,76077.14,76084.8,-1.0,0.13,
15:47:16,76099.99,76111.1,-1.5,0.14,
15:47:16,76099.99,76111.1,-1.5,0.13,
15:47:16,76100.0,76111.1,-1.5,0.14,
15:47:16,76100.0,76111.1,-1.5,0.14,
15:47:30,76109.18,76111.0,-0.2,0.14,
15:47:31,76109.18,76111.0,-0.2,0.12,
15:47:31,76109.18,76111.0,-0.2,0.12,
15:47:46,76121.26,76124.9,-0.5,0.13,
15:47:46,76121.26,76125.0,-0.5,0.13,
15:47:46,76121.25,76124.9,-0.5,0.19,
15:48:00,76111.77,76111.5,0.0,0.16,
15:48:01,76111.76,76111.5,0.0,0.13,
15:48:01,76111.76,76111.5,0.0,0.13,
15:48:16,76117.25,76127.1,-1.3,0.14,
15:48:16,76117.25,76112.3,0.7,0.15,
15:48:16,76117.25,76119.6,-0.3,0.13,
15:48:16,76117.25,76112.3,0.7,0.14,
15:48:30,76115.72,76112.3,0.4,0.14,
15:48:31,76115.72,76116.7,-0.1,0.14,
15:48:31,76115.72,76116.7,-0.1,0.14,
15:48:46,76124.01,76130.9,-0.9,0.13,
15:48:46,76124.01,76131.2,-0.9,0.14,
15:48:46,76124.01,76130.9,-0.9,0.13,
15:48:46,76124.01,76130.9,-0.9,0.13,
15:49:00,76119.45,76125.5,-0.8,0.15,
15:49:01,76119.44,76125.5,-0.8,0.14,
15:49:01,76119.44,76125.5,-0.8,0.14,
15:49:16,76115.02,76121.7,-0.9,0.14,
15:49:16,76115.02,76121.7,-0.9,0.13,
15:49:16,76115.03,76121.7,-0.9,0.12,
15:49:16,76115.03,76121.7,-0.9,0.13,
15:49:30,76115.04,76118.5,-0.5,0.14,
15:49:31,76115.03,76118.5,-0.5,0.13,
15:49:31,76115.03,76118.5,-0.5,0.14,
15:49:46,76136.22,76141.4,-0.7,0.14,
15:49:46,76136.22,76141.4,-0.7,0.14,
15:49:46,76136.22,76146.3,-1.3,0.13,
15:49:46,76136.22,76145.6,-1.2,0.14,
15:50:00,76163.77,76180.5,-2.2,0.16,
15:50:01,76163.76,76181.6,-2.3,0.16,
15:50:01,76163.76,76181.6,-2.3,0.23,
15:50:16,76175.0,76180.7,-0.7,0.2,
15:50:16,76175.0,76180.7,-0.7,0.25,
15:50:16,76175.0,76180.8,-0.8,0.19,
15:50:16,76175.0,76180.8,-0.8,0.19,
15:50:30,76173.65,76180.0,-0.8,0.14,
15:50:31,76173.64,76179.9,-0.8,0.13,
15:50:31,76173.64,76179.9,-0.8,0.13,
15:50:46,76170.0,76175.7,-0.7,0.14,
15:50:46,76170.0,76175.7,-0.7,0.13,
15:50:46,76170.0,76175.7,-0.7,0.13,
15:50:46,76170.0,76175.7,-0.7,0.14,
15:51:00,76144.59,76162.4,-2.3,0.13,
15:51:01,76144.59,76162.4,-2.3,0.14,
15:51:01,76144.59,76162.4,-2.3,0.15,
15:51:16,76144.6,76152.8,-1.1,0.13,
15:51:16,76144.6,76152.8,-1.1,0.14,
15:51:16,76144.6,76147.4,-0.4,0.14,
15:51:16,76144.6,76147.4,-0.4,0.14,
15:51:30,76135.08,76153.3,-2.4,0.13,
15:51:31,76135.08,76150.0,-2.0,0.13,
15:51:31,76135.08,76153.3,-2.4,0.14,
15:51:46,76115.04,76132.9,-2.3,0.13,
15:51:46,76115.04,76133.0,-2.4,0.13,
15:51:46,76115.05,76132.9,-2.3,0.14,
15:51:46,76115.05,76133.0,-2.4,0.14,
15:52:00,76110.69,76122.8,-1.6,0.18,
15:52:01,76110.32,76122.7,-1.6,0.13,
15:52:01,76104.36,76122.7,-2.4,0.14,
15:52:16,76088.01,76099.9,-1.6,0.13,
15:52:16,76088.01,76100.0,-1.6,0.15,
15:52:16,76088.01,76099.9,-1.6,0.13,
15:52:16,76088.01,76099.9,-1.6,0.13,
15:52:30,76077.98,76092.9,-2.0,0.13,
15:52:31,76080.87,76096.5,-2.1,0.13,
15:52:31,76080.87,76096.5,-2.1,0.13,
15:52:46,76079.11,76089.2,-1.3,0.14,
15:52:46,76079.11,76089.2,-1.3,0.14,
15:52:46,76079.12,76092.7,-1.8,0.13,
15:52:46,76079.12,76092.7,-1.8,0.14,
15:53:00,76072.85,76084.4,-1.5,0.13,
15:53:01,76072.85,76084.5,-1.5,0.13,
15:53:01,76072.85,76084.5,-1.5,0.16,
15:53:16,76072.85,76084.5,-1.5,0.5,
15:53:16,76072.85,76084.5,-1.5,0.5,
15:53:16,76072.85,76084.5,-1.5,0.14,
15:53:16,76072.85,76084.5,-1.5,0.14,
15:53:30,76074.09,76090.0,-2.1,0.14,
15:53:31,76074.08,76090.0,-2.1,0.13,
15:53:31,76074.08,76090.0,-2.1,0.14,
15:53:46,76074.09,76090.1,-2.1,0.14,
15:53:46,76074.09,76090.1,-2.1,0.12,
15:53:46,76074.09,76090.1,-2.1,0.13,
15:53:46,76074.09,76090.1,-2.1,0.14,
15:54:00,76099.94,76114.5,-1.9,0.18,
15:54:01,76107.54,76114.4,-0.9,0.14,
15:54:01,76107.54,76114.5,-0.9,0.14,
15:54:16,76107.53,76117.3,-1.3,0.14,
15:54:16,76107.53,76117.3,-1.3,0.19,
15:54:16,76107.54,76117.3,-1.3,0.14,
15:54:16,76107.54,76117.3,-1.3,0.14,
15:54:30,76105.12,76109.9,-0.6,0.14,
15:54:31,76105.13,76109.9,-0.6,0.13,
15:54:31,76105.13,76109.9,-0.6,0.13,
15:54:46,76110.17,76119.9,-1.3,0.14,
15:54:46,76110.17,76119.9,-1.3,0.14,
15:54:46,76110.17,76119.9,-1.3,0.13,
15:55:00,76132.91,76145.3,-1.6,0.14,
15:55:01,76132.91,76145.3,-1.6,0.13,
15:55:01,76132.91,76145.3,-1.6,0.14,
15:55:16,76132.92,76137.6,-0.6,0.13,
15:55:16,76132.92,76137.6,-0.6,0.14,
15:55:16,76132.92,76137.6,-0.6,0.13,
15:55:16,76132.92,76137.6,-0.6,0.12,
15:55:30,76132.92,76137.5,-0.6,0.14,
15:55:31,76132.92,76137.6,-0.6,0.13,
15:55:31,76132.92,76137.6,-0.6,0.12,
15:55:46,76132.92,76145.0,-1.6,0.13,
15:55:46,76132.92,76144.9,-1.6,0.14,
15:55:46,76132.92,76145.0,-1.6,0.13,
15:55:46,76132.92,76145.0,-1.6,0.13,
15:56:00,76132.91,76148.6,-2.1,0.12,
15:56:01,76132.92,76148.7,-2.1,0.13,
15:56:01,76132.92,76148.6,-2.1,0.13,
15:56:16,76132.91,76144.7,-1.5,0.14,
15:56:16,76132.91,76144.7,-1.5,0.14,
15:56:16,76132.92,76144.7,-1.5,0.15,
15:56:16,76132.92,76144.7,-1.5,0.24,
15:56:30,76127.28,76133.0,-0.8,0.14,
15:56:31,76127.29,76133.0,-0.8,0.13,
15:56:31,76127.29,76133.0,-0.8,0.13,
15:56:46,76121.85,76122.2,-0.0,0.14,
15:56:46,76121.85,76122.2,-0.0,0.14,
15:56:46,76121.86,76122.2,-0.0,0.13,
15:56:46,76121.86,76122.1,-0.0,0.12,
15:57:00,76132.79,76140.4,-1.0,0.14,
15:57:01,76132.79,76144.6,-1.6,0.16,
15:57:01,76132.79,76144.6,-1.6,0.22,
15:57:16,76125.92,76134.6,-1.1,0.19,
15:57:16,76125.92,76134.6,-1.1,0.18,
15:57:16,76125.92,76134.5,-1.1,0.18,
15:57:16,76125.92,76134.5,-1.1,0.2,
15:57:30,76120.69,76123.7,-0.4,0.13,
15:57:31,76120.69,76123.7,-0.4,0.13,
15:57:31,76120.69,76123.7,-0.4,0.13,
15:57:46,76114.07,76119.1,-0.7,0.14,
15:57:46,76114.07,76119.1,-0.7,0.15,
15:57:46,76114.07,76113.1,0.1,0.14,
15:57:47,76114.07,76113.1,0.1,0.37,
15:58:00,76108.76,76113.1,-0.6,0.14,
15:58:01,76108.76,76113.1,-0.6,0.14,
15:58:01,76108.76,76113.1,-0.6,0.17,
15:58:16,76113.05,76120.7,-1.0,0.14,
15:58:16,76113.05,76120.4,-1.0,0.15,
15:58:16,76113.05,76120.6,-1.0,0.14,
15:58:16,76113.05,76120.7,-1.0,0.16,
15:58:30,76116.18,76124.6,-1.1,0.14,
15:58:31,76116.18,76128.3,-1.6,0.14,
15:58:31,76116.18,76128.3,-1.6,0.18,
15:58:46,76129.35,76138.8,-1.2,0.13,
15:58:46,76129.35,76138.8,-1.2,0.12,
15:58:46,76129.35,76138.8,-1.2,0.13,
15:58:46,76129.36,76138.8,-1.2,0.23,
15:59:01,76130.11,76140.1,-1.3,0.26,
15:59:01,76130.11,76140.1,-1.3,0.14,
15:59:01,76130.11,76140.1,-1.3,0.14,
15:59:16,76130.1,76145.7,-2.0,0.13,
15:59:16,76130.1,76145.7,-2.0,0.14,
15:59:16,76130.1,76145.7,-2.0,0.13,
15:59:30,76134.78,76145.9,-1.5,0.13,
15:59:31,76134.78,76145.9,-1.5,0.14,
15:59:31,76134.78,76145.9,-1.5,0.24,
15:59:46,76134.78,76149.7,-2.0,0.13,
15:59:46,76134.78,76149.8,-2.0,0.13,
15:59:46,76134.77,76149.8,-2.0,0.14,
15:59:46,76134.77,76149.7,-2.0,0.14,
16:00:01,76174.99,76185.8,-1.4,0.3,
16:00:01,76174.99,76186.2,-1.5,0.24,
16:00:02,76175.0,76186.2,-1.5,0.28,
16:00:16,76155.0,76165.9,-1.4,0.13,
16:00:16,76155.0,76165.9,-1.4,0.13,
16:00:16,76155.0,76159.4,-0.6,0.14,
16:00:16,76155.0,76165.9,-1.4,0.14,
16:00:30,76137.95,76147.1,-1.2,0.13,
16:00:31,76130.1,76147.1,-2.2,0.13,
16:00:31,76130.1,76140.7,-1.4,0.13,
16:00:46,76105.01,76113.1,-1.1,0.14,
16:00:46,76105.01,76113.1,-1.1,0.14,
16:00:46,76105.01,76113.1,-1.1,0.13,
16:00:46,76105.01,76113.1,-1.1,0.13,
16:01:00,76100.0,76107.4,-1.0,0.15,
16:01:01,76100.0,76107.4,-1.0,0.13,
16:01:01,76100.0,76107.4,-1.0,0.15,
16:01:16,76104.78,76107.3,-0.3,0.13,
16:01:16,76104.78,76107.3,-0.3,0.14,
16:01:16,76104.78,76107.3,-0.3,0.14,
16:01:17,76104.78,76107.3,-0.3,0.81,
16:01:30,76132.86,76134.7,-0.2,0.13,
16:01:31,76132.86,76134.9,-0.3,0.13,
16:01:31,76132.86,76134.9,-0.3,0.13,
16:01:46,76092.3,76100.3,-1.1,0.13,
16:01:46,76092.3,76100.3,-1.1,0.13,
16:01:46,76092.3,76113.1,-2.7,0.13,
16:01:46,76092.3,76099.0,-0.9,0.12,
16:02:00,76099.29,76087.0,1.6,0.13,
16:02:01,76099.28,76098.8,0.1,0.13,
16:02:02,76099.28,76099.0,0.0,0.49,
16:02:16,76099.29,76109.1,-1.3,0.14,
16:02:16,76099.29,76109.1,-1.3,0.14,
16:02:16,76099.29,76109.1,-1.3,0.13,
16:02:16,76099.29,76109.1,-1.3,0.13,
16:02:30,76094.41,76094.6,-0.0,0.13,
16:02:31,76094.4,76094.7,-0.0,0.12,
16:02:31,76094.4,76096.7,-0.3,0.13,
16:02:46,76089.29,76093.1,-0.5,0.15,
16:02:46,76089.29,76093.1,-0.5,0.13,
16:02:46,76089.29,76093.1,-0.5,0.14,
16:02:46,76089.29,76093.1,-0.5,0.14,
16:03:00,76084.41,76087.6,-0.4,0.18,
16:03:01,76084.4,76087.6,-0.4,0.13,
16:03:01,76084.4,76087.6,-0.4,0.13,
16:03:16,76089.29,76097.8,-1.1,0.13,
16:03:16,76089.29,76097.8,-1.1,0.17,
16:03:16,76089.29,76097.8,-1.1,0.12,
16:03:16,76089.29,76097.8,-1.1,0.13,
16:03:30,76115.0,76120.4,-0.7,0.13,
16:03:31,76114.99,76120.8,-0.8,0.14,
16:03:31,76114.99,76120.8,-0.8,0.14,
16:03:46,76106.96,76118.1,-1.5,0.14,
16:03:46,76106.96,76118.1,-1.5,0.14,
16:03:46,76106.96,76118.1,-1.5,0.14,
16:03:46,76106.96,76118.1,-1.5,0.14,
16:04:00,76119.98,76121.6,-0.2,0.14,
16:04:01,76120.0,76121.6,-0.2,0.12,
16:04:01,76120.0,76124.7,-0.6,0.13,
16:04:16,76132.8,76141.1,-1.1,0.14,
16:04:16,76132.8,76141.1,-1.1,0.14,
16:04:16,76132.8,76141.1,-1.1,0.11,
16:04:16,76132.8,76141.1,-1.1,0.14,
16:04:30,76144.52,76137.8,0.9,0.24,
16:04:31,76159.28,76155.8,0.5,0.22,
16:04:32,76159.28,76155.7,0.5,0.32,
16:04:46,76159.27,76162.5,-0.4,0.12,
16:04:46,76159.27,76160.1,-0.1,0.12,
16:04:46,76159.27,76160.1,-0.1,0.13,
16:05:01,76163.93,76166.1,-0.3,0.51,
16:05:01,76163.92,76166.1,-0.3,0.23,
16:05:02,76163.58,76163.5,0.0,0.68,
16:05:16,76195.0,76199.3,-0.6,0.14,
16:05:16,76195.0,76199.3,-0.6,0.18,
16:05:16,76200.0,76198.0,0.3,0.15,
16:05:16,76200.0,76199.3,0.1,0.18,
16:05:30,76196.31,76200.0,-0.5,0.13,
16:05:31,76196.31,76200.0,-0.5,0.15,
16:05:31,76196.31,76200.0,-0.5,0.25,
16:05:46,76206.07,76203.5,0.3,0.24,
16:05:46,76206.08,76203.4,0.4,0.14,
16:05:46,76206.08,76203.4,0.4,0.15,
16:05:46,76206.08,76203.5,0.3,0.34,
16:06:00,76191.94,76194.4,-0.3,0.16,
16:06:02,76181.55,76184.2,-0.3,0.25,
16:06:02,76181.55,76184.2,-0.3,0.22,
16:06:16,76149.28,76145.6,0.5,0.14,
16:06:16,76149.28,76145.6,0.5,0.13,
16:06:16,76149.28,76145.6,0.5,0.14,
16:06:16,76149.28,76145.7,0.5,0.14,
16:06:30,76149.27,76150.4,-0.1,0.15,
16:06:31,76149.28,76150.5,-0.2,0.14,
16:06:46,76149.28,76150.5,-0.2,0.12,
16:06:46,76149.28,76150.5,-0.2,0.14,
16:06:46,76149.28,76150.5,-0.2,0.15,
16:06:46,76149.28,76150.5,-0.2,0.16,
16:07:01,76136.47,76142.7,-0.8,0.61,
16:07:01,76136.47,76142.6,-0.8,0.13,
16:07:01,76136.47,76142.6,-0.8,0.13,
16:07:16,76139.99,76142.6,-0.3,0.12,
16:07:16,76139.99,76142.6,-0.3,0.13,
16:07:16,76140.0,76142.6,-0.3,0.14,
16:07:30,76124.13,76124.4,-0.0,0.13,
16:07:31,76124.14,76124.1,0.0,0.14,
16:07:46,76108.1,76116.6,-1.1,0.14,
16:07:46,76108.1,76116.6,-1.1,0.14,
16:07:46,76108.1,76116.6,-1.1,0.14,
16:07:46,76108.1,76116.6,-1.1,0.14,
16:08:00,76105.52,76114.0,-1.1,0.16,
16:08:01,76105.52,76114.0,-1.1,0.14,
16:08:02,76105.52,76114.0,-1.1,0.25,
16:08:16,76095.26,76099.7,-0.6,0.14,
16:08:16,76095.26,76099.7,-0.6,0.15,
16:08:16,76095.26,76099.7,-0.6,0.16,
16:08:16,76095.26,76099.7,-0.6,0.16,
16:08:30,76089.28,76094.2,-0.6,0.15,
16:08:31,76089.29,76094.2,-0.6,0.13,
16:08:31,76089.29,76094.2,-0.6,0.13,
16:08:46,76089.28,76094.1,-0.6,0.19,
16:08:46,76089.28,76094.1,-0.6,0.19,
16:08:46,76089.28,76094.1,-0.6,0.2,
16:08:46,76089.28,76094.1,-0.6,0.19,
16:09:01,76093.72,76100.7,-0.9,0.53,
16:09:01,76093.72,76100.7,-0.9,0.15,
16:09:01,76093.72,76100.7,-0.9,0.14,
16:09:16,76098.06,76100.6,-0.3,0.15,
16:09:16,76098.06,76100.7,-0.3,0.15,
16:09:16,76098.06,76100.6,-0.3,0.15,
16:09:17,76098.06,76100.7,-0.3,0.25,
16:09:30,76099.99,76098.8,0.2,0.21,
16:09:31,76100.64,76100.7,-0.0,0.14,
16:09:31,76100.64,76100.7,-0.0,0.14,
16:09:46,76093.7,76098.8,-0.7,0.21,
16:09:46,76093.7,76098.8,-0.7,0.19,
16:09:46,76093.7,76098.8,-0.7,0.23,
16:09:47,76093.7,76098.8,-0.7,0.21,
16:10:00,76113.52,76119.8,-0.8,0.2,
16:10:02,76113.51,76119.8,-0.8,0.26,
16:10:02,76113.51,76119.8,-0.8,0.67,
16:10:16,76102.88,76110.1,-0.9,0.16,
16:10:16,76102.88,76105.7,-0.4,0.17,
16:10:16,76102.88,76110.1,-0.9,0.16,
16:10:16,76102.88,76105.7,-0.4,0.16,
16:10:30,76105.79,76105.0,0.1,0.13,
16:10:31,76105.78,76105.0,0.1,0.16,
16:10:31,76105.78,76105.0,0.1,0.16,
16:10:46,76102.02,76111.0,-1.2,0.15,
16:10:46,76102.02,76111.0,-1.2,0.14,
16:10:46,76102.02,76111.0,-1.2,0.14,
16:10:46,76102.02,76111.0,-1.2,0.14,
16:11:00,76122.64,76124.9,-0.3,0.15,
16:11:01,76122.65,76124.9,-0.3,0.13,
16:11:02,76122.65,76124.9,-0.3,0.36,
16:11:16,76107.66,76111.2,-0.5,0.21,
16:11:16,76107.66,76111.2,-0.5,0.21,
16:11:16,76107.66,76111.2,-0.5,0.24,
16:11:16,76107.66,76111.2,-0.5,0.24,
16:11:30,76102.13,76111.2,-1.2,0.14,
16:11:31,76102.14,76111.2,-1.2,0.14,
16:11:46,76102.14,76104.9,-0.4,0.13,
16:11:46,76102.14,76104.9,-0.4,0.13,
16:11:46,76102.14,76104.9,-0.4,0.13,
16:11:46,76102.14,76104.9,-0.4,0.13,
16:12:00,76096.73,76099.5,-0.4,0.14,
16:12:01,76096.73,76099.4,-0.4,0.13,
16:12:01,76096.73,76099.4,-0.4,0.13,
16:12:43,76094.41,76093.5,0.1,0.21,
16:12:43,76094.41,76093.5,0.1,0.24,
16:12:43,76094.41,76093.5,0.1,0.21,
16:12:43,76094.41,76093.5,0.1,0.23,
16:12:43,76094.41,76093.5,0.1,0.13,
16:12:43,76094.41,76093.5,0.1,0.14,
16:12:43,76094.41,76093.5,0.1,0.13,
16:12:46,76094.4,76093.4,0.1,0.13,
16:12:46,76094.4,76093.5,0.1,0.14,
16:12:58,76089.69,76093.1,-0.4,0.13,
16:12:58,76089.69,76093.1,-0.4,0.14,
16:13:00,76089.69,76093.2,-0.5,0.13,
16:13:13,76089.69,76087.5,0.3,0.13,
16:13:13,76089.69,76087.5,0.3,0.14,
16:13:16,76089.69,76087.6,0.3,0.14,
16:13:16,76089.69,76087.6,0.3,0.14,
16:13:28,76089.99,76093.5,-0.5,0.14,
16:13:28,76089.99,76093.5,-0.5,0.14,
16:13:30,76089.99,76096.0,-0.8,0.14,
16:13:43,76089.99,76096.6,-0.9,0.15,
16:13:43,76089.99,76096.5,-0.9,0.15,
16:13:46,76099.45,76096.5,0.4,0.13,
16:13:46,76099.46,76096.5,0.4,0.15,
16:13:58,76092.08,76091.2,0.1,0.14,
16:13:58,76092.08,76091.2,0.1,0.17,
16:14:00,76092.08,76091.3,0.1,0.14,
16:14:13,76092.08,76091.3,0.1,0.15,
16:14:13,76092.08,76091.3,0.1,0.15,
16:14:16,76092.08,76091.3,0.1,0.14,
16:14:16,76092.08,76091.2,0.1,0.13,
16:14:28,76092.07,76103.3,-1.5,0.14,
16:14:28,76092.07,76103.3,-1.5,0.18,
16:14:30,76092.08,76103.4,-1.5,0.13,
16:14:43,76092.07,76090.2,0.2,0.14,
16:14:43,76092.07,76090.2,0.2,0.14,
16:14:46,76092.07,76090.2,0.2,0.14,
16:14:46,76092.07,76090.2,0.2,0.15,
16:14:58,76092.07,76090.2,0.2,0.14,
16:14:58,76092.07,76090.2,0.2,0.14,
16:15:00,76092.08,76090.1,0.3,0.15,
16:15:13,76084.0,76081.7,0.3,0.13,
16:15:13,76084.0,76081.7,0.3,0.13,
16:15:16,76084.01,76079.2,0.6,0.14,
16:15:16,76084.01,76079.2,0.6,0.13,
16:15:28,76080.78,76080.8,-0.0,0.14,
16:15:28,76080.78,76080.8,-0.0,0.13,
16:15:30,76080.78,76078.9,0.2,0.14,
16:15:43,76077.33,76072.2,0.7,0.12,
16:15:43,76077.33,76072.2,0.7,0.14,
16:15:46,76071.85,76067.0,0.6,0.13,
16:15:46,76071.85,76067.0,0.6,0.13,
16:15:58,76071.85,76075.4,-0.5,0.12,
16:15:58,76071.85,76075.4,-0.5,0.12,
16:16:00,76071.86,76075.3,-0.5,0.13,
16:16:13,76071.85,76072.1,-0.0,0.14,
16:16:13,76071.85,76072.1,-0.0,0.13,
16:16:16,76068.03,76069.6,-0.2,0.14,
16:16:16,76068.03,76070.8,-0.4,0.15,
16:16:28,76075.22,76072.1,0.4,0.17,
16:16:28,76075.22,76072.1,0.4,0.2,
16:16:30,76075.21,76072.2,0.4,0.14,
16:16:43,76075.22,76072.1,0.4,0.13,
16:16:43,76075.22,76078.9,-0.5,0.13,
16:16:46,76075.22,76068.9,0.8,0.13,
16:16:46,76075.22,76068.9,0.8,0.14,
16:16:58,76074.4,76076.7,-0.3,0.15,
16:16:58,76074.4,76076.7,-0.3,0.16,
16:17:00,76074.4,76076.7,-0.3,0.14,
16:17:13,76074.4,76076.8,-0.3,0.13,
16:17:13,76074.4,76076.8,-0.3,0.14,
16:17:16,76074.4,76083.7,-1.2,0.14,
16:17:16,76074.4,76083.7,-1.2,0.13,
16:17:28,76077.76,76076.8,0.1,0.14,
16:17:28,76077.76,76083.6,-0.8,0.16,
16:17:30,76074.4,76074.4,0.0,0.14,
16:17:43,76083.5,76079.2,0.6,0.13,
16:17:43,76083.5,76079.2,0.6,0.14,
16:17:46,76083.5,76079.2,0.6,0.13,
16:17:46,76083.5,76079.2,0.6,0.17,
16:17:58,76092.07,76094.9,-0.4,0.14,
16:18:00,76085.62,76094.9,-1.2,0.12,
16:18:13,76085.62,76092.0,-0.8,0.13,
16:18:13,76085.62,76092.0,-0.8,0.14,
16:18:16,76085.62,76092.1,-0.9,0.13,
16:18:16,76085.62,76092.0,-0.8,0.12,
16:18:28,76085.61,76091.9,-0.8,0.13,
16:18:28,76085.61,76091.9,-0.8,0.13,
16:18:30,76085.62,76087.7,-0.3,0.13,
16:18:43,76085.62,76087.3,-0.2,0.15,
16:18:46,76085.62,76087.3,-0.2,0.13,
16:18:46,76085.62,76087.3,-0.2,0.14,
16:18:58,76079.05,76085.0,-0.8,0.14,
16:18:58,76079.05,76085.0,-0.8,0.13,
16:19:00,76079.05,76075.4,0.5,0.14,
16:19:13,76079.05,76079.8,-0.1,0.15,
16:19:13,76079.05,76079.7,-0.1,0.2,
16:19:16,76079.06,76079.7,-0.1,0.13,
16:19:16,76079.06,76079.7,-0.1,0.13,
16:19:29,76079.06,76077.4,0.2,0.31,
16:19:29,76079.06,76077.4,0.2,0.31,
16:19:30,76079.05,76077.3,0.2,0.14,
16:19:43,76079.05,76084.7,-0.7,0.14,
16:19:43,76079.05,76084.7,-0.7,0.14,
16:19:46,76079.06,76080.0,-0.1,0.14,
16:19:46,76079.06,76080.0,-0.1,0.13,
16:19:58,76079.05,76080.0,-0.1,0.14,
16:19:58,76079.05,76080.0,-0.1,0.13,
16:20:00,76079.05,76080.1,-0.1,0.19,
16:20:13,76079.05,76080.0,-0.1,0.14,
16:20:13,76079.05,76080.0,-0.1,0.14,
16:20:16,76079.05,76080.0,-0.1,0.13,
16:20:16,76079.05,76080.0,-0.1,0.14,
16:20:28,76070.49,76073.8,-0.4,0.13,
16:20:28,76070.49,76073.7,-0.4,0.17,
16:20:30,76070.49,76073.7,-0.4,0.17,
16:20:43,76070.48,76072.2,-0.2,0.14,
16:20:43,76070.48,76072.2,-0.2,0.14,
16:20:46,76081.26,76072.3,1.2,0.14,
16:20:58,76077.64,76079.3,-0.2,0.12,
16:20:58,76077.64,76087.2,-1.3,0.13,
16:21:00,76077.63,76079.3,-0.2,0.13,
16:21:13,76099.99,76103.4,-0.4,0.13,
16:21:13,76099.99,76090.5,1.2,0.13,
16:21:16,76099.99,76100.0,-0.0,0.14,
16:21:16,76099.99,76099.9,0.0,0.14,
16:21:28,76100.0,76098.4,0.2,0.13,
16:21:28,76100.0,76098.4,0.2,0.16,
16:21:30,76080.48,76081.8,-0.2,0.13,
16:21:43,76063.31,76068.9,-0.7,0.14,
16:21:43,76063.31,76068.9,-0.7,0.13,
16:21:46,76061.18,76064.6,-0.4,0.13,
16:21:46,76061.18,76064.6,-0.4,0.14,
16:21:58,76061.17,76059.9,0.2,0.13,
16:21:58,76061.17,76059.9,0.2,0.14,
16:22:01,76061.17,76059.9,0.2,0.26,
16:22:13,76056.21,76058.9,-0.4,0.14,
16:22:13,76056.21,76058.9,-0.4,0.14,
16:22:16,76056.21,76059.0,-0.4,0.13,
16:22:16,76056.21,76059.0,-0.4,0.13,
16:22:28,76056.2,76058.9,-0.4,0.13,
16:22:28,76056.2,76058.9,-0.4,0.13,
16:22:30,76054.16,76055.5,-0.2,0.12,
16:22:43,76054.16,76055.7,-0.2,0.13,
16:22:43,76054.17,76055.7,-0.2,0.12,
16:22:46,76054.17,76055.7,-0.2,0.13,
16:22:46,76054.17,76055.7,-0.2,0.13,
16:22:58,76054.17,76053.4,0.1,0.13,
16:22:58,76054.17,76053.4,0.1,0.13,
16:23:00,76054.17,76053.4,0.1,0.13,
16:23:13,76044.69,76047.5,-0.4,0.15,
16:23:13,76044.69,76047.5,-0.4,0.15,
16:23:16,76031.75,76034.2,-0.3,0.13,
16:23:17,76031.75,76034.2,-0.3,0.31,
16:23:28,76021.28,76032.9,-1.5,0.14,
16:23:28,76021.28,76032.9,-1.5,0.14,
16:23:30,76021.29,76032.9,-1.5,0.13,
16:23:43,76033.06,76038.9,-0.8,0.14,
16:23:43,76033.06,76038.9,-0.8,0.14,
16:23:46,76033.06,76038.8,-0.8,0.19,
16:23:46,76033.06,76038.8,-0.8,0.19,
16:23:58,76033.05,76039.3,-0.8,0.14,
16:23:58,76033.05,76039.3,-0.8,0.14,
16:24:01,76033.05,76039.2,-0.8,0.6,
16:24:13,76033.05,76036.7,-0.5,0.13,
16:24:13,76033.05,76036.7,-0.5,0.13,
16:24:16,76032.52,76032.8,-0.0,0.22,
16:24:16,76032.52,76032.8,-0.0,0.23,
16:24:28,76032.52,76036.9,-0.6,0.14,
16:24:28,76032.52,76036.9,-0.6,0.14,
16:24:30,76032.52,76032.8,-0.0,0.14,
16:24:43,76031.11,76032.8,-0.2,0.14,
16:24:43,76031.11,76032.9,-0.2,0.14,
16:24:46,76031.11,76032.8,-0.2,0.13,
16:24:46,76031.11,76032.8,-0.2,0.14,
16:24:58,76031.12,76032.9,-0.2,0.14,
16:24:58,76031.12,76032.9,-0.2,0.15,
16:25:00,76031.11,76032.8,-0.2,0.13,
16:25:13,76125.38,76053.8,9.4,0.15,
16:25:13,76125.38,76103.2,2.9,0.14,
16:25:16,76142.92,76140.6,0.3,0.14,
16:25:16,76142.92,76140.6,0.3,0.15,
16:25:28,76163.25,76167.4,-0.5,0.14,
16:25:28,76163.25,76167.5,-0.6,0.15,
16:25:30,76163.25,76167.4,-0.5,0.13,
16:25:43,76156.36,76156.0,0.0,0.14,
16:25:43,76156.36,76156.0,0.0,0.14,
16:25:46,76156.37,76156.0,0.0,0.14,
16:25:46,76156.37,76156.0,0.0,0.13,
16:25:58,76146.35,76156.9,-1.4,0.14,
16:25:58,76146.35,76151.6,-0.7,0.14,
16:26:01,76146.35,76151.5,-0.7,0.39,
16:26:13,76148.07,76151.0,-0.4,0.12,
16:26:13,76148.07,76151.0,-0.4,0.13,
16:26:17,76134.15,76130.6,0.5,0.13,
16:26:17,76134.15,76130.6,0.5,0.14,
16:26:28,76127.32,76129.3,-0.3,0.14,
16:26:28,76127.32,76129.3,-0.3,0.14,
16:26:30,76127.32,76129.1,-0.2,0.14,
16:26:43,76101.67,76109.0,-1.0,0.13,
16:26:43,76101.67,76104.4,-0.4,0.24,
16:26:47,76095.02,76104.2,-1.2,0.13,
16:26:47,76095.02,76104.2,-1.2,0.23,
16:26:58,76089.11,76096.8,-1.0,0.13,
16:26:58,76089.11,76096.8,-1.0,0.14,
16:27:00,76089.1,76096.8,-1.0,0.14,
16:27:13,76089.1,76093.0,-0.5,0.14,
16:27:13,76089.1,76093.0,-0.5,0.15,
16:27:17,76089.1,76093.0,-0.5,0.14,
16:27:17,76089.1,76093.0,-0.5,0.14,
16:27:28,76089.1,76090.6,-0.2,0.12,
16:27:28,76089.1,76090.6,-0.2,0.13,
16:27:30,76089.11,76090.6,-0.2,0.13,
16:27:43,76085.62,76087.8,-0.3,0.14,
16:27:43,76085.62,76087.8,-0.3,0.14,
16:27:47,76085.61,76087.8,-0.3,0.12,
16:27:47,76085.61,76087.8,-0.3,0.12,
16:27:58,76076.73,76079.6,-0.4,0.14,
16:27:58,76076.73,76079.6,-0.4,0.13,
16:28:00,76068.44,76075.3,-0.9,0.16,
16:28:13,76089.1,76092.9,-0.5,0.12,
16:28:13,76089.1,76092.9,-0.5,0.14,
16:28:17,76089.11,76092.9,-0.5,0.13,
16:28:17,76089.11,76092.9,-0.5,0.13,
16:28:28,76081.5,76085.2,-0.5,0.12,
16:28:28,76081.5,76085.2,-0.5,0.13,
16:28:30,76081.5,76085.2,-0.5,0.13,
16:28:43,76081.5,76085.2,-0.5,0.13,
16:28:43,76081.5,76085.2,-0.5,0.23,
16:28:47,76081.5,76085.3,-0.5,0.13,
16:28:47,76081.5,76085.3,-0.5,0.13,
16:28:58,76078.47,76085.3,-0.9,0.13,
16:28:58,76078.47,76085.3,-0.9,0.14,
16:29:00,76078.48,76085.2,-0.9,0.13,
16:29:14,76078.48,76085.2,-0.9,0.19,
16:29:14,76078.48,76085.2,-0.9,0.18,
16:29:17,76078.47,76085.2,-0.9,0.14,
16:29:17,76078.47,76085.2,-0.9,0.14,
16:29:28,76075.91,76085.3,-1.2,0.14,
16:29:28,76075.91,76085.3,-1.2,0.14,
16:29:30,76075.91,76085.2,-1.2,0.13,
16:29:43,76083.23,76085.3,-0.3,0.13,
16:29:43,76083.23,76085.3,-0.3,0.14,
16:29:47,76083.23,76085.3,-0.3,0.14,
16:29:47,76083.23,76085.3,-0.3,0.14,
16:29:58,76078.16,76085.2,-0.9,0.13,
16:29:58,76078.16,76085.2,-0.9,0.13,
16:30:01,76075.91,76085.3,-1.2,0.28,
16:30:13,76075.91,76085.3,-1.2,0.13,
16:30:13,76075.91,76085.3,-1.2,0.14,
16:30:17,76068.32,76085.3,-2.2,0.13,
16:30:17,76068.32,76085.3,-2.2,0.24,
16:30:28,76076.73,76085.2,-1.1,0.12,
16:30:28,76076.73,76085.2,-1.1,0.17,
16:30:30,76073.34,76072.2,0.1,0.14,
16:30:43,76072.53,76081.3,-1.2,0.13,
16:30:43,76072.53,76083.5,-1.4,0.16,
16:30:47,76065.1,76068.8,-0.5,0.15,
16:30:47,76065.1,76068.8,-0.5,0.22,
16:30:58,76051.6,76053.9,-0.3,0.14,
16:31:00,76051.59,76045.5,0.8,0.13,
16:31:13,76051.59,76058.4,-0.9,0.14,
16:31:13,76051.59,76058.4,-0.9,0.13,
16:31:17,76051.59,76060.8,-1.2,0.13,
16:31:17,76051.59,76058.4,-0.9,0.13,
16:31:28,76051.6,76058.4,-0.9,0.12,
16:31:28,76051.6,76058.4,-0.9,0.14,
16:31:30,76051.59,76058.3,-0.9,0.13,
16:31:43,76050.0,76051.6,-0.2,0.13,
16:31:43,76050.0,76051.6,-0.2,0.23,
16:31:47,76050.0,76056.6,-0.9,0.14,
16:31:47,76050.0,76056.6,-0.9,0.14,
16:31:58,76050.01,76060.0,-1.3,0.14,
16:31:58,76050.01,76060.0,-1.3,0.14,
16:32:00,76050.01,76060.7,-1.4,0.13,
16:32:13,76059.53,76064.5,-0.7,0.15,
16:32:13,76059.53,76064.5,-0.7,0.14,
16:32:17,76059.53,76064.4,-0.6,0.14,
16:32:17,76059.53,76064.4,-0.6,0.15,
16:32:28,76066.41,76071.7,-0.7,0.14,
16:32:28,76066.41,76071.7,-0.7,0.17,
16:32:30,76066.42,76071.8,-0.7,0.13,
16:32:43,76066.41,76071.8,-0.7,0.13,
16:32:44,76066.41,76071.8,-0.7,0.24,
16:32:47,76066.41,76071.8,-0.7,0.14,
16:32:47,76066.41,76071.8,-0.7,0.14,
16:32:58,76066.41,76071.8,-0.7,0.13,
16:32:59,76066.41,76071.8,-0.7,0.25,
16:33:00,76066.42,76071.8,-0.7,0.15,
16:33:13,76066.41,76071.7,-0.7,0.13,
16:33:13,76066.41,76071.7,-0.7,0.16,
16:33:17,76066.41,76071.8,-0.7,0.15,
16:33:17,76066.41,76071.8,-0.7,0.15,
16:33:28,76066.42,76071.8,-0.7,0.14,
16:33:29,76066.42,76071.8,-0.7,0.5,
16:33:30,76066.41,76071.8,-0.7,0.13,
16:33:43,76096.68,76104.1,-1.0,0.13,
16:33:43,76096.68,76104.1,-1.0,0.14,
16:33:47,76096.69,76104.1,-1.0,0.13,
16:33:47,76096.69,76104.1,-1.0,0.13,
16:33:58,76113.3,76106.1,0.9,0.13,
16:33:58,76113.3,76106.1,0.9,0.13,
16:34:00,76113.29,76119.5,-0.8,0.14,
16:34:13,76113.29,76122.0,-1.1,0.14,
16:34:13,76113.29,76122.0,-1.1,0.13,
16:34:17,76113.3,76122.0,-1.1,0.13,
16:34:17,76113.3,76122.0,-1.1,0.14,
16:34:28,76109.78,76118.7,-1.2,0.14,
16:34:28,76109.78,76122.0,-1.6,0.14,
16:34:30,76109.77,76114.7,-0.6,0.13,
16:34:43,76096.69,76096.5,0.0,0.14,
16:34:44,76096.69,76096.5,0.0,0.24,
16:34:47,76092.89,76091.0,0.2,0.13,
16:34:47,76092.89,76091.0,0.2,0.14,
16:34:58,76102.12,76106.4,-0.6,0.13,
16:34:58,76102.12,76106.4,-0.6,0.13,
16:35:00,76102.12,76103.6,-0.2,0.14,
16:35:43,76085.62,76088.8,-0.4,0.25,
16:35:43,76085.62,76088.8,-0.4,0.26,
16:35:43,76085.61,76088.8,-0.4,0.13,
16:35:47,76085.61,76088.6,-0.4,0.14,
16:35:47,76085.61,76088.6,-0.4,0.14,
16:35:56,76087.39,76092.7,-0.7,0.13,
16:35:56,76087.39,76092.7,-0.7,0.13,
16:36:00,76087.39,76092.7,-0.7,0.13,
16:36:11,76085.61,76083.8,0.2,0.13,
16:36:11,76085.61,76084.3,0.2,0.13,
16:36:17,76085.62,76083.7,0.3,0.15,
16:36:17,76085.62,76083.7,0.3,0.15,
16:36:26,76085.62,76083.8,0.2,0.13,
16:36:26,76085.62,76083.8,0.2,0.13,
16:36:30,76085.61,76087.6,-0.3,0.13,
16:36:41,76085.61,76091.2,-0.7,0.14,
16:36:41,76085.61,76091.1,-0.7,0.14,
16:36:47,76085.62,76091.1,-0.7,0.14,
16:36:47,76085.62,76091.1,-0.7,0.15,
16:36:56,76085.62,76092.2,-0.9,0.15,
16:36:56,76085.62,76092.2,-0.9,0.15,
16:37:00,76098.3,76098.8,-0.1,0.14,
16:37:11,76085.62,76087.8,-0.3,0.14,
16:37:11,76085.62,76087.8,-0.3,0.14,
16:37:17,76085.62,76087.8,-0.3,0.14,
16:37:17,76085.62,76087.7,-0.3,0.15,
16:37:26,76085.62,76087.7,-0.3,0.14,
16:37:26,76085.62,76087.7,-0.3,0.14,
16:37:30,76093.23,76097.5,-0.6,0.13,
16:37:41,76093.23,76097.4,-0.5,0.17,
16:37:41,76093.23,76097.4,-0.5,0.17,
16:37:47,76093.23,76097.5,-0.6,0.13,
16:37:47,76093.23,76098.8,-0.7,0.22,
16:37:56,76093.23,76099.2,-0.8,0.13,
16:37:56,76093.23,76099.2,-0.8,0.13,
16:38:00,76093.23,76099.2,-0.8,0.14,
16:38:11,76093.22,76092.4,0.1,0.13,
16:38:17,76093.23,76095.1,-0.2,0.14,
16:38:17,76093.23,76095.1,-0.2,0.14,
16:38:57,76132.31,76130.2,0.3,0.27,
16:38:59,76134.72,76132.9,0.2,0.18,
16:39:00,76134.99,76132.9,0.3,0.14,
16:39:11,76132.3,76129.2,0.4,0.14,
16:39:11,76132.3,76129.2,0.4,0.15,
16:39:17,76132.3,76129.2,0.4,0.53,
16:39:26,76132.31,76132.4,-0.0,0.13,
16:39:26,76132.31,76132.4,-0.0,0.13,
16:39:30,76127.72,76132.4,-0.6,0.13,
16:39:41,76125.77,76121.7,0.5,0.13,
16:39:41,76125.77,76121.7,0.5,0.17,
16:39:47,76125.76,76121.8,0.5,0.14,
16:39:47,76125.76,76121.8,0.5,0.14,
16:39:56,76122.42,76127.8,-0.7,0.14,
16:39:56,76122.42,76127.8,-0.7,0.15,
16:40:00,76122.43,76124.9,-0.3,0.2,
16:40:11,76108.46,76106.2,0.3,0.14,
16:40:11,76108.46,76106.3,0.3,0.14,
16:40:17,76108.46,76106.3,0.3,0.24,
16:40:17,76108.46,76106.3,0.3,0.24,
16:40:26,76108.45,76116.3,-1.0,0.16,
16:40:26,76108.45,76116.3,-1.0,0.16,
16:40:30,76108.46,76116.3,-1.0,0.15,
16:40:41,76123.5,76127.8,-0.6,0.15,
16:40:41,76123.5,76127.8,-0.6,0.15,
16:40:47,76131.11,76137.1,-0.8,0.15,
16:40:56,76131.11,76141.4,-1.4,0.14,
16:40:56,76131.11,76141.3,-1.3,0.15,
16:41:00,76131.11,76141.4,-1.4,0.14,
16:41:11,76131.11,76125.5,0.7,0.17,
16:41:11,76131.09,76129.3,0.2,0.19,
16:41:17,76130.75,76131.2,-0.1,0.16,
16:41:17,76130.75,76131.2,-0.1,0.16,
16:41:26,76130.74,76131.2,-0.1,0.14,
16:41:26,76130.74,76131.2,-0.1,0.14,
16:41:30,76130.74,76131.2,-0.1,0.18,
16:41:41,76138.37,76139.8,-0.2,0.14,
16:41:41,76138.37,76139.8,-0.2,0.14,
16:41:47,76144.15,76139.9,0.6,0.14,
16:41:56,76144.15,76139.8,0.6,0.13,
16:41:56,76144.15,76139.8,0.6,0.13,
16:42:00,76136.53,76135.2,0.2,0.16,
16:42:11,76136.54,76133.8,0.4,0.21,
16:42:17,76136.54,76138.1,-0.2,0.14,
16:42:17,76136.54,76138.1,-0.2,0.14,
16:42:26,76136.54,76142.8,-0.8,0.16,
16:42:30,76136.54,76138.1,-0.2,0.14,
16:42:41,76136.54,76131.8,0.6,0.13,
16:42:41,76136.54,76131.7,0.6,0.24,
16:42:47,76136.54,76131.7,0.6,0.14,
16:42:47,76136.54,76131.7,0.6,0.14,
16:42:56,76136.53,76131.7,0.6,0.13,
16:42:56,76136.53,76131.7,0.6,0.13,
16:43:00,76136.53,76131.7,0.6,0.14,
16:43:11,76136.54,76131.8,0.6,0.15,
16:43:11,76136.54,76131.8,0.6,0.15,
16:43:17,76136.53,76131.7,0.6,0.13,
16:43:26,76136.54,76131.8,0.6,0.14,
16:43:26,76136.54,76131.7,0.6,0.14,
16:44:04,76127.1,76122.3,0.6,0.34,
16:44:04,76127.1,76122.3,0.6,0.33,
16:44:04,76127.1,76122.3,0.6,0.44,
16:44:04,76127.1,76122.3,0.6,0.19,
16:44:04,76127.1,76122.4,0.6,0.14,
16:44:17,76120.42,76120.1,0.0,0.14,
16:44:17,76120.42,76118.5,0.3,0.16,
16:44:19,76120.42,76118.3,0.3,0.13,
16:44:19,76120.42,76118.3,0.3,0.12,
16:44:30,76120.42,76117.7,0.4,0.13,
16:44:34,76117.36,76116.2,0.2,0.13,
16:44:34,76117.36,76116.2,0.2,0.13,
16:44:47,76124.99,76123.9,0.1,0.15,
16:44:47,76124.99,76123.8,0.2,0.15,
16:44:49,76135.0,76141.4,-0.8,0.13,
16:44:49,76135.0,76141.3,-0.8,0.24,
16:45:01,76135.0,76138.7,-0.5,0.24,
16:45:04,76135.0,76138.7,-0.5,0.62,
16:45:04,76135.0,76138.7,-0.5,0.13,
16:45:17,76140.26,76138.3,0.3,0.13,
16:45:17,76140.26,76138.3,0.3,0.13,
16:45:19,76140.26,76138.0,0.3,0.13,
16:45:19,76140.26,76137.9,0.3,0.12,
16:45:30,76131.89,76128.2,0.5,0.16,
16:45:34,76131.89,76127.0,0.6,0.13,
16:45:34,76131.89,76126.8,0.7,0.14,
16:45:47,76128.01,76125.8,0.3,0.13,
16:45:47,76128.01,76125.8,0.3,0.14,
16:45:49,76128.0,76126.0,0.3,0.22,
16:45:49,76128.0,76126.0,0.3,0.15,
16:46:00,76128.0,76126.0,0.3,0.14,
16:46:04,76128.01,76126.0,0.3,0.34,
16:46:04,76128.01,76126.0,0.3,0.13,
16:46:17,76121.49,76121.9,-0.1,0.13,
16:46:17,76121.49,76121.9,-0.1,0.13,
16:46:19,76121.48,76120.9,0.1,0.13,
16:46:19,76130.91,76127.0,0.5,0.13,
16:46:30,76138.53,76146.5,-1.0,0.13,
16:46:34,76141.66,76147.6,-0.8,0.14,
16:46:34,76141.66,76147.6,-0.8,0.15,
16:46:47,76141.66,76147.6,-0.8,0.13,
16:46:47,76141.66,76147.6,-0.8,0.13,
16:46:49,76141.66,76147.5,-0.8,0.23,
16:46:49,76146.75,76147.6,-0.1,0.13,
16:47:00,76138.53,76140.1,-0.2,0.14,
16:47:04,76121.62,76129.3,-1.0,0.13,
16:47:04,76121.62,76129.3,-1.0,0.15,
16:47:17,76121.62,76128.7,-0.9,0.13,
16:47:17,76121.62,76128.7,-0.9,0.13,
16:47:19,76121.62,76133.3,-1.5,0.13,
16:47:19,76121.62,76133.3,-1.5,0.14,
16:47:30,76129.69,76127.3,0.3,0.14,
16:47:34,76118.63,76117.7,0.1,0.12,
16:47:34,76118.62,76117.7,0.1,0.13,
16:47:47,76118.63,76128.6,-1.3,0.24,
16:47:47,76118.63,76128.6,-1.3,0.24,
16:47:49,76118.62,76128.7,-1.3,0.14,
16:47:49,76118.62,76128.6,-1.3,0.12,
16:48:00,76114.04,76116.0,-0.3,0.14,
16:48:05,76110.19,76116.0,-0.8,0.13,
16:48:05,76110.19,76116.1,-0.8,0.13,
16:48:17,76110.19,76120.9,-1.4,0.13,
16:48:17,76110.19,76120.9,-1.4,0.13,
16:48:20,76110.19,76120.8,-1.4,0.13,
16:48:20,76110.19,76120.8,-1.4,0.13,
16:48:30,76110.19,76118.5,-1.1,0.15,
16:48:35,76110.19,76119.1,-1.2,0.14,
16:48:35,76110.19,76119.0,-1.2,0.15,
16:48:47,76110.01,76106.7,0.4,0.14,
16:48:47,76110.01,76106.6,0.4,0.14,
16:48:50,76110.01,76106.7,0.4,0.2,
16:49:00,76110.0,76106.6,0.4,0.15,
16:49:05,76103.21,76106.6,-0.4,0.14,
16:49:05,76103.21,76106.6,-0.4,0.14,
16:49:17,76094.47,76095.0,-0.1,0.13,
16:49:17,76094.47,76095.0,-0.1,0.14,
16:49:20,76094.47,76095.1,-0.1,0.13,
16:49:20,76094.47,76095.1,-0.1,0.13,
16:49:30,76102.09,76119.9,-2.3,0.13,
16:49:35,76102.09,76119.8,-2.3,0.14,
16:49:35,76102.09,76119.8,-2.3,0.21,
16:49:47,76118.62,76140.4,-2.9,0.53,
16:49:47,76118.62,76140.4,-2.9,0.53,
16:49:50,76118.62,76140.4,-2.9,0.13,
16:49:50,76118.62,76140.5,-2.9,0.13,
16:50:00,76126.54,76135.5,-1.2,0.14,
16:50:05,76126.54,76135.5,-1.2,0.15,
16:50:05,76126.54,76135.5,-1.2,0.16,
16:50:17,76115.99,76119.9,-0.5,0.13,
16:50:17,76115.99,76119.9,-0.5,0.13,
16:50:20,76115.91,76119.9,-0.5,0.13,
16:50:20,76115.91,76119.9,-0.5,0.13,
16:50:30,76115.92,76119.9,-0.5,0.13,
16:50:35,76115.92,76119.8,-0.5,0.13,
16:50:35,76115.92,76119.8,-0.5,0.14,
16:50:47,76110.03,76113.8,-0.5,0.14,
16:50:47,76110.03,76113.8,-0.5,0.13,
16:50:50,76110.02,76120.9,-1.4,0.14,
16:50:50,76110.02,76120.9,-1.4,0.14,
16:51:00,76104.22,76110.2,-0.8,0.14,
16:51:05,76104.22,76112.3,-1.1,0.13,
16:51:05,76104.22,76112.3,-1.1,0.14,
16:51:17,76104.22,76113.4,-1.2,0.13,
16:51:17,76104.22,76113.4,-1.2,0.13,
16:51:20,76104.22,76113.4,-1.2,0.14,
16:51:20,76104.22,76113.4,-1.2,0.13,
16:51:31,76104.22,76121.6,-2.3,0.45,
16:51:35,76104.22,76121.6,-2.3,0.13,
16:51:35,76104.22,76121.6,-2.3,0.13,
16:51:47,76125.45,76130.4,-0.7,0.13,
16:51:47,76125.45,76130.4,-0.7,0.13,
16:51:50,76125.45,76130.4,-0.7,0.13,
16:51:50,76125.45,76130.3,-0.6,0.14,
16:52:00,76125.44,76135.4,-1.3,0.14,
16:52:05,76125.45,76130.7,-0.7,0.13,
16:52:05,76125.45,76130.7,-0.7,0.13,
16:52:17,76118.12,76125.5,-1.0,0.13,
16:52:17,76118.12,76125.5,-1.0,0.23,
16:52:20,76118.11,76125.6,-1.0,0.13,
16:52:20,76118.11,76125.6,-1.0,0.14,
16:52:31,76118.12,76127.2,-1.2,0.22,
16:52:35,76115.64,76115.6,0.0,0.13,
16:52:35,76115.64,76121.8,-0.8,0.14,
16:52:47,76094.72,76098.6,-0.5,0.14,
16:52:47,76094.72,76100.5,-0.8,0.14,
16:52:50,76094.23,76096.7,-0.3,0.13,
16:52:50,76094.23,76096.8,-0.3,0.13,
16:53:00,76094.23,76095.4,-0.2,0.15,
16:53:05,76093.24,76099.0,-0.8,0.13,
16:53:05,76093.24,76099.0,-0.8,0.14,
16:53:17,76086.54,76087.7,-0.2,0.13,
16:53:20,76086.54,76087.6,-0.1,0.14,
16:53:30,76069.28,76081.3,-1.6,0.14,
16:53:35,76069.28,76081.2,-1.6,0.13,
16:53:35,76069.28,76081.2,-1.6,0.13,
16:53:47,76084.49,76092.6,-1.1,0.14,
16:53:47,76084.49,76092.6,-1.1,0.13,
16:53:50,76084.5,76092.7,-1.1,0.13,
16:53:50,76084.5,76092.7,-1.1,0.33,
16:54:00,76094.23,76110.0,-2.1,0.13,
16:54:05,76094.23,76110.0,-2.1,0.13,
16:54:05,76094.23,76110.0,-2.1,0.13,
16:54:17,76109.68,76116.8,-0.9,0.13,
16:54:17,76109.68,76116.8,-0.9,0.14,
16:54:20,76109.68,76123.2,-1.8,0.19,
16:54:20,76109.68,76123.2,-1.8,0.19,
16:54:30,76109.68,76120.7,-1.4,0.16,
16:54:35,76109.67,76112.6,-0.4,0.13,
16:54:35,76109.67,76112.6,-0.4,0.13,
16:54:47,76109.67,76114.2,-0.6,0.12,
16:54:47,76109.67,76114.2,-0.6,0.12,
16:54:50,76109.66,76114.1,-0.6,0.14,
16:54:50,76109.66,76114.2,-0.6,0.2,
16:55:01,76109.67,76119.0,-1.2,0.41,
16:55:05,76109.66,76119.1,-1.2,0.13,
16:55:05,76109.66,76119.0,-1.2,0.13,
16:55:17,76109.66,76119.1,-1.2,0.13,
16:55:17,76109.66,76119.0,-1.2,0.13,
16:55:20,76109.66,76119.0,-1.2,0.12,
16:55:20,76109.66,76119.0,-1.2,0.24,
16:55:30,76109.67,76114.5,-0.6,0.13,
16:56:08,76085.62,76086.0,-0.0,0.18,
16:56:08,76085.62,76086.0,-0.0,0.23,
16:56:08,76085.62,76086.0,-0.0,0.33,
16:56:17,76085.62,76086.0,-0.0,0.14,
16:56:17,76085.62,76086.0,-0.0,0.14,
16:56:20,76085.62,76085.9,-0.0,0.21,
16:56:20,76085.62,76085.9,-0.0,0.31,
16:56:30,76085.61,76086.0,-0.1,0.14,
16:56:35,76085.62,76085.9,-0.0,0.14,
16:56:35,76085.62,76085.9,-0.0,0.25,
16:56:47,76084.23,76086.0,-0.2,0.14,
16:56:47,76084.23,76086.0,-0.2,0.13,
16:56:50,76083.72,76085.9,-0.3,0.13,
16:56:50,76083.72,76086.0,-0.3,0.17,
16:57:01,76083.72,76086.0,-0.3,0.22,
16:57:05,76083.59,76086.0,-0.3,0.14,
16:57:05,76083.59,76086.0,-0.3,0.14,
16:57:17,76061.66,76082.1,-2.7,0.14,
16:57:17,76061.66,76083.4,-2.9,0.14,
16:57:20,76061.66,76071.8,-1.3,0.14,
16:57:20,76061.66,76071.7,-1.3,0.15,
16:57:31,76061.66,76061.8,-0.0,0.16,
16:57:35,76061.66,76065.7,-0.5,0.2,
16:57:35,76061.66,76065.7,-0.5,0.2,
16:57:47,76061.66,76075.6,-1.8,0.14,
16:57:50,76061.66,76075.6,-1.8,0.13,
16:57:50,76061.66,76075.6,-1.8,0.13,
16:58:01,76061.66,76076.0,-1.9,0.24,
16:58:05,76061.66,76075.9,-1.9,0.15,
16:58:05,76061.66,76075.9,-1.9,0.14,
16:58:17,76061.67,76072.1,-1.4,0.13,
16:58:17,76061.67,76072.1,-1.4,0.13,
16:58:20,76061.66,76072.2,-1.4,0.14,
16:58:20,76061.66,76072.1,-1.4,0.15,
16:58:30,76061.67,76072.1,-1.4,0.13,
16:58:35,76061.66,76072.1,-1.4,0.13,
16:58:47,76061.67,76072.2,-1.4,0.15,
16:58:47,76061.67,76072.1,-1.4,0.16,
16:58:50,76061.66,76072.1,-1.4,0.15,
16:58:50,76061.66,76072.1,-1.4,0.15,
16:59:00,76061.66,76072.2,-1.4,0.17,
16:59:05,76061.66,76072.1,-1.4,0.15,
16:59:05,76061.66,76072.1,-1.4,0.25,
16:59:17,76058.17,76059.8,-0.2,0.15,
16:59:17,76058.17,76059.9,-0.2,0.15,
16:59:20,76058.17,76059.8,-0.2,0.14,
16:59:20,76058.17,76059.9,-0.2,0.17,
16:59:30,76058.16,76062.3,-0.5,0.14,
16:59:35,76058.17,76062.6,-0.6,0.14,
16:59:35,76058.17,76062.6,-0.6,0.14,
16:59:47,76058.17,76062.7,-0.6,0.18,
16:59:47,76058.17,76062.7,-0.6,0.18,
16:59:50,76058.17,76062.6,-0.6,0.13,
17:00:00,76056.98,76062.7,-0.8,0.15,
17:00:05,76056.01,76062.7,-0.9,0.16,
17:00:05,76056.01,76062.7,-0.9,0.25,
17:00:17,76056.0,76062.7,-0.9,0.13,
17:00:17,76056.0,76062.6,-0.9,0.15,
17:00:20,76056.01,76062.7,-0.9,0.14,
17:00:30,76053.26,76062.6,-1.2,0.13,
17:00:35,76073.04,76071.2,0.2,0.14,
17:00:35,76073.04,76062.6,1.4,0.18,
17:00:47,76073.03,76077.8,-0.6,0.14,
17:00:47,76073.03,76077.8,-0.6,0.14,
17:00:50,76073.04,76077.7,-0.6,0.13,
17:00:50,76073.04,76077.7,-0.6,0.13,
17:01:01,76068.94,76082.2,-1.7,0.24,
17:01:05,76068.95,76082.2,-1.7,0.15,
17:01:05,76068.95,76082.2,-1.7,0.16,
17:01:17,76068.95,76082.3,-1.8,0.14,
17:01:17,76068.95,76082.3,-1.8,0.13,
17:01:20,76068.95,76079.2,-1.3,0.14,
17:01:20,76068.95,76079.2,-1.3,0.14,
17:01:31,76064.09,76074.6,-1.4,0.2,
17:01:35,76064.08,76076.2,-1.6,0.15,
17:01:47,76064.08,76076.1,-1.6,0.14,
17:01:47,76064.08,76076.1,-1.6,0.14,
17:01:50,76064.08,76076.2,-1.6,0.13,
17:01:50,76064.08,76076.2,-1.6,0.17,
17:02:00,76064.08,76076.1,-1.6,0.16,
17:02:05,76064.08,76076.1,-1.6,0.16,
17:02:05,76064.08,76076.1,-1.6,0.19,
17:02:17,76054.0,76056.2,-0.3,0.13,
17:02:17,76054.0,76056.2,-0.3,0.14,
17:02:20,76054.01,76056.3,-0.3,0.15,
17:02:20,76054.01,76056.3,-0.3,0.15,
17:02:30,76042.18,76055.0,-1.7,0.17,
17:02:35,76042.18,76055.1,-1.7,0.14,
17:02:35,76042.18,76055.1,-1.7,0.14,
17:02:47,76042.18,76049.3,-0.9,0.13,
17:02:47,76042.18,76053.3,-1.5,0.15,
17:02:50,76042.18,76057.0,-1.9,0.16,
17:02:50,76042.18,76057.0,-1.9,0.15,
17:03:01,76042.19,76052.2,-1.3,0.19,
17:03:05,76042.19,76053.0,-1.4,0.16,
17:03:17,76046.04,76057.6,-1.5,0.14,
17:03:17,76046.04,76057.6,-1.5,0.14,
17:03:20,76046.05,76057.7,-1.5,0.13,
17:03:20,76046.05,76057.7,-1.5,0.13,
17:03:30,76046.05,76057.7,-1.5,0.13,
17:03:35,76046.05,76057.7,-1.5,0.14,
17:03:35,76046.05,76057.7,-1.5,0.15,
17:03:47,76046.05,76057.6,-1.5,0.14,
17:03:47,76046.05,76057.6,-1.5,0.14,
17:03:50,76046.04,76057.7,-1.5,0.13,
17:03:50,76046.04,76057.7,-1.5,0.14,
17:04:00,76046.05,76057.6,-1.5,0.14,
17:04:05,76046.05,76057.6,-1.5,0.15,
17:04:05,76046.05,76057.6,-1.5,0.16,
17:04:17,76046.05,76057.6,-1.5,0.14,
17:04:17,76046.05,76057.6,-1.5,0.14,
17:04:20,76046.05,76057.7,-1.5,0.13,
17:04:20,76046.05,76057.6,-1.5,0.13,
17:04:30,76046.05,76057.7,-1.5,0.13,
17:04:35,76053.65,76065.4,-1.5,0.14,
17:04:35,76053.65,76065.4,-1.5,0.15,
17:04:47,76064.07,76082.5,-2.4,0.14,
17:04:47,76064.07,76082.5,-2.4,0.15,
17:04:50,76064.08,76082.5,-2.4,0.13,
17:04:50,76064.08,76082.5,-2.4,0.16,
17:05:00,76064.08,76082.4,-2.4,0.16,
17:05:05,76079.99,76087.7,-1.0,0.15,
17:05:05,76079.99,76087.7,-1.0,0.15,
17:05:17,76080.0,76087.7,-1.0,0.15,
17:05:17,76080.0,76087.7,-1.0,0.2,
17:05:20,76080.0,76087.7,-1.0,0.14,
17:05:20,76080.0,76087.7,-1.0,0.13,
17:05:31,76085.0,76095.4,-1.4,0.21,
17:05:35,76092.11,76100.0,-1.0,0.14,
17:05:35,76092.11,76099.9,-1.0,0.2,
17:05:47,76097.85,76108.0,-1.3,0.14,
17:05:47,76097.85,76108.0,-1.3,0.14,
17:05:50,76097.84,76108.1,-1.3,0.14,
17:05:50,76097.84,76108.1,-1.3,0.14,
17:06:00,76097.85,76099.2,-0.2,0.13,
17:06:05,76097.85,76108.6,-1.4,0.13,
17:06:05,76097.85,76108.6,-1.4,0.13,
17:06:17,76097.85,76110.0,-1.6,0.13,
17:06:17,76097.85,76110.0,-1.6,0.15,
17:06:20,76097.85,76110.0,-1.6,0.14,
17:06:20,76097.85,76110.0,-1.6,0.14,
17:06:30,76097.85,76099.1,-0.2,0.15,
17:06:35,76097.84,76099.2,-0.2,0.15,
17:06:35,76097.84,76099.1,-0.2,0.15,
17:06:47,76090.0,76094.8,-0.6,0.14,
17:06:50,76090.01,76090.2,-0.0,0.14,
17:07:01,76090.01,76090.2,-0.0,0.23,
17:07:05,76090.0,76090.2,-0.0,0.14,
17:07:05,76090.0,76090.2,-0.0,0.14,
17:07:17,76090.0,76090.2,-0.0,0.14,
17:07:17,76090.0,76090.2,-0.0,0.14,
17:07:20,76090.01,76090.2,-0.0,0.12,
17:07:20,76090.01,76090.2,-0.0,0.14,
17:07:30,76097.62,76109.1,-1.5,0.14,
17:07:35,76097.62,76109.0,-1.5,0.13,
17:07:35,76097.62,76109.0,-1.5,0.13,
17:07:47,76096.7,76109.0,-1.6,0.14,
17:07:47,76096.7,76109.1,-1.6,0.23,
17:07:50,76085.61,76090.0,-0.6,0.14,
17:07:50,76085.61,76090.1,-0.6,0.18,
17:08:00,76085.62,76090.1,-0.6,0.14,
17:08:05,76072.0,76078.0,-0.8,0.14,
17:08:05,76072.0,76078.0,-0.8,0.14,
17:08:17,76051.77,76060.5,-1.1,0.14,
17:08:17,76051.77,76053.3,-0.2,0.14,
17:08:20,76045.29,76041.6,0.5,0.13,
17:08:20,76045.29,76041.6,0.5,0.13,
17:08:30,76042.23,76037.8,0.6,0.14,
17:08:35,76037.52,76037.8,-0.0,0.14,
17:08:35,76037.52,76037.7,-0.0,0.14,
17:08:47,76036.45,76037.5,-0.1,0.14,
17:08:47,76036.45,76037.6,-0.2,0.14,
17:08:50,76036.44,76037.6,-0.2,0.14,
17:08:50,76036.44,76037.6,-0.2,0.13,
17:09:00,76026.6,76032.6,-0.8,0.15,
17:09:05,76026.61,76032.5,-0.8,0.13,
17:09:05,76026.61,76032.5,-0.8,0.14,
17:09:17,76034.88,76041.4,-0.9,0.15,
17:09:17,76034.88,76041.4,-0.9,0.15,
17:09:20,76062.6,76068.1,-0.7,0.16,
17:09:20,76062.6,76068.1,-0.7,0.16,
17:09:30,76082.01,76086.0,-0.5,0.14,
17:09:35,76082.0,76086.0,-0.5,0.15,
17:09:35,76082.0,76086.0,-0.5,0.15,
17:09:47,76079.09,76095.8,-2.2,0.14,
17:09:47,76079.09,76095.8,-2.2,0.19,
17:09:50,76089.62,76095.6,-0.8,0.55,
17:09:50,76089.62,76095.6,-0.8,0.63,
17:10:00,76089.61,76096.9,-1.0,0.15,
17:10:05,76089.61,76090.6,-0.1,0.21,
17:10:05,76089.61,76090.6,-0.1,0.34,
17:10:17,76042.11,76048.9,-0.9,0.15,
17:10:17,76042.11,76048.9,-0.9,0.15,
17:10:20,76027.82,76039.9,-1.6,0.13,
17:10:20,76027.82,76039.9,-1.6,0.13,
17:10:30,76026.97,76043.0,-2.1,0.14,
17:10:35,76026.97,76033.3,-0.8,0.23,
17:10:35,76026.97,76033.3,-0.8,0.23,
17:10:47,76029.63,76046.9,-2.3,0.13,
17:10:47,76029.63,76046.9,-2.3,0.13,
17:10:50,76029.64,76047.0,-2.3,0.14,
17:10:50,76029.64,76047.0,-2.3,0.14,
17:11:00,76029.63,76044.1,-1.9,0.15,
17:11:05,76029.64,76040.8,-1.5,0.14,
17:11:05,76029.64,76040.7,-1.5,0.14,
17:11:17,76029.64,76033.0,-0.4,0.14,
17:11:17,76029.64,76033.0,-0.4,0.14,
17:11:20,76026.96,76032.5,-0.7,0.14,
17:11:20,76026.96,76032.6,-0.7,0.13,
17:11:30,76026.96,76044.9,-2.4,0.15,
17:11:35,76026.97,76044.9,-2.4,0.14,
17:11:35,76026.97,76044.9,-2.4,0.13,
17:11:47,76026.97,76042.2,-2.0,0.13,
17:11:47,76026.97,76042.2,-2.0,0.13,
17:11:50,76026.97,76039.8,-1.7,0.24,
17:12:00,76026.97,76038.5,-1.5,0.15,
17:12:05,76026.97,76038.5,-1.5,0.15,
17:12:05,76026.97,76038.4,-1.5,0.15,
17:12:17,76037.11,76042.3,-0.7,0.12,
17:12:17,76037.11,76042.3,-0.7,0.14,
17:12:20,76037.11,76042.3,-0.7,0.13,
17:12:20,76037.11,76042.3,-0.7,0.13,
17:12:30,76037.1,76052.3,-2.0,0.15,
17:12:35,76037.11,76052.2,-2.0,0.13,
17:12:35,76037.11,76052.2,-2.0,0.14,
17:12:47,76054.0,76068.3,-1.9,0.13,
17:12:47,76054.0,76068.2,-1.9,0.13,
17:12:50,76054.0,76068.3,-1.9,0.12,
17:12:50,76054.0,76068.3,-1.9,0.14,
17:13:00,76063.6,76072.1,-1.1,0.15,
17:13:05,76063.6,76072.1,-1.1,0.14,
17:13:05,76063.6,76072.1,-1.1,0.15,
17:13:17,76063.6,76072.1,-1.1,0.14,
17:13:17,76063.6,76072.0,-1.1,0.14,
17:13:20,76063.6,76072.1,-1.1,0.13,
17:13:21,76063.6,76072.0,-1.1,1.46,
17:13:30,76063.6,76068.8,-0.7,0.15,
17:13:35,76059.82,76068.9,-1.2,0.16,
17:13:35,76059.82,76068.3,-1.1,0.33,
17:14:16,76062.72,76077.5,-1.9,0.25,
17:14:16,76062.72,76077.5,-1.9,0.25,
17:14:16,76062.72,76077.5,-1.9,0.15,
17:14:16,76062.72,76077.5,-1.9,0.14,
17:14:18,76062.72,76077.5,-1.9,0.23,
17:14:30,76062.72,76077.4,-1.9,0.14,
17:14:31,76062.72,76077.4,-1.9,0.14,
17:14:31,76062.72,76077.5,-1.9,0.15,
17:14:45,76062.71,76077.5,-1.9,0.14,
17:14:45,76062.71,76077.5,-1.9,0.15,
17:14:46,76062.72,76077.4,-1.9,0.13,
17:14:46,76062.72,76077.5,-1.9,0.15,
17:15:27,76068.34,76068.5,-0.0,0.24,
17:15:27,76068.34,76068.5,-0.0,0.17,
17:15:27,76068.34,76068.5,-0.0,0.18,
17:15:27,76068.34,76068.4,-0.0,0.13,
17:15:27,76068.34,76068.4,-0.0,0.14,
17:15:28,76068.34,76068.5,-0.0,0.13,
17:15:28,76068.34,76068.5,-0.0,0.13,
17:15:30,76068.34,76068.5,-0.0,0.12,
17:15:42,76068.34,76072.6,-0.6,0.14,
17:15:42,76068.34,76072.6,-0.6,0.15,
17:15:45,76068.33,76072.6,-0.6,0.13,
17:15:45,76068.33,76072.6,-0.6,0.14,
17:15:57,76095.0,76108.1,-1.7,0.13,
17:15:57,76095.0,76108.2,-1.7,0.13,
17:16:00,76099.3,76109.5,-1.3,0.13,
17:16:12,76113.64,76120.0,-0.8,0.15,
17:16:12,76113.64,76120.0,-0.8,0.16,
17:16:15,76113.64,76120.0,-0.8,0.13,
17:16:15,76113.64,76120.0,-0.8,0.14,
17:16:27,76113.61,76120.7,-0.9,0.15,
17:16:27,76113.61,76120.7,-0.9,0.15,
17:16:30,76113.6,76120.7,-0.9,0.15,
17:16:42,76113.61,76124.6,-1.4,0.14,
17:16:42,76113.61,76124.6,-1.4,0.14,
17:16:45,76113.6,76124.7,-1.5,0.13,
17:16:45,76113.6,76124.7,-1.5,0.15,
17:16:57,76113.6,76120.5,-0.9,0.15,
17:16:57,76113.6,76120.6,-0.9,0.14,
17:17:01,76113.61,76124.4,-1.4,0.14,
17:17:12,76113.61,76128.1,-1.9,0.14,
17:17:12,76113.61,76128.1,-1.9,0.15,
17:17:15,76118.58,76129.5,-1.4,0.13,
17:17:27,76144.58,76150.0,-0.7,0.13,
17:17:27,76144.58,76150.0,-0.7,0.14,
17:17:31,76130.79,76132.0,-0.2,0.15,
17:17:42,76130.78,76132.1,-0.2,0.13,
17:17:42,76130.78,76132.0,-0.2,0.13,
17:17:45,76126.22,76131.1,-0.6,0.13,
17:17:45,76126.22,76132.1,-0.8,0.13,
17:17:57,76094.0,76103.8,-1.3,0.13,
17:17:57,76094.0,76103.8,-1.3,0.14,
17:18:01,76094.0,76104.3,-1.4,0.13,
17:18:12,76094.0,76100.7,-0.9,0.14,
17:18:12,76094.0,76100.8,-0.9,0.15,
17:18:15,76090.01,76098.7,-1.1,0.14,
17:18:15,76090.01,76100.7,-1.4,0.15,
17:18:27,76085.62,76085.3,0.0,0.14,
17:18:28,76085.62,76085.3,0.0,0.23,
17:18:31,76084.29,76088.2,-0.5,0.14,
17:18:42,76077.52,76083.3,-0.8,0.13,
17:18:42,76077.52,76083.3,-0.8,0.13,
17:18:45,76077.53,76087.5,-1.3,0.14,
17:18:45,76077.53,76087.5,-1.3,0.14,
17:18:57,76092.74,76104.8,-1.6,0.13,
17:18:57,76092.74,76104.8,-1.6,0.14,
17:19:01,76092.74,76104.8,-1.6,0.13,
17:19:12,76085.62,76083.6,0.3,0.13,
17:19:13,76085.62,76083.6,0.3,0.36,
17:19:15,76077.52,76083.1,-0.7,0.14,
17:19:15,76077.52,76083.1,-0.7,0.14,
17:19:27,76068.73,76073.9,-0.7,0.14,
17:19:27,76068.73,76073.9,-0.7,0.14,
17:19:31,76068.74,76073.8,-0.7,0.28,
17:19:42,76068.74,76075.5,-0.9,0.15,
17:19:42,76068.74,76075.5,-0.9,0.15,
17:19:45,76068.74,76075.5,-0.9,0.13,
17:19:45,76068.74,76075.5,-0.9,0.13,
17:19:57,76068.73,76075.5,-0.9,0.15,
17:19:57,76068.73,76075.5,-0.9,0.14,
17:20:01,76047.35,76063.0,-2.1,0.17,
17:20:12,76047.36,76052.2,-0.6,0.13,
17:20:12,76047.36,76052.2,-0.6,0.13,
17:20:15,76040.45,76052.3,-1.6,0.13,
17:20:15,76040.45,76052.3,-1.6,0.23,
17:20:27,76036.01,76036.9,-0.1,0.14,
17:20:27,76036.01,76036.9,-0.1,0.13,
17:20:31,76033.34,76036.9,-0.5,0.15,
17:20:43,76013.28,76022.8,-1.3,0.25,
17:20:43,76013.28,76010.1,0.4,0.29,
17:20:45,76012.6,76010.0,0.3,0.14,
17:20:45,76012.6,76010.0,0.3,0.14,
17:20:57,76012.61,76018.7,-0.8,0.14,
17:20:57,76012.61,76018.7,-0.8,0.15,
17:21:01,76012.6,76015.9,-0.4,0.14,
17:21:12,76026.88,76034.6,-1.0,0.12,
17:21:12,76026.88,76037.6,-1.4,0.13,
17:21:15,76026.88,76037.6,-1.4,0.14,
17:21:15,76026.88,76037.6,-1.4,0.17,
17:21:27,76034.5,76051.6,-2.2,0.13,
17:21:27,76034.5,76051.6,-2.2,0.14,
17:21:31,76034.5,76051.7,-2.3,0.13,
17:21:42,76035.0,76051.6,-2.2,0.13,
17:21:42,76035.0,76051.6,-2.2,0.14,
17:21:45,76035.0,76051.7,-2.2,0.14,
17:21:45,76035.0,76051.7,-2.2,0.15,
17:21:57,76048.67,76055.3,-0.9,0.13,
17:21:57,76048.67,76055.4,-0.9,0.14,
17:22:01,76048.68,76055.3,-0.9,0.12,
17:22:12,76048.68,76055.4,-0.9,0.13,
17:22:12,76048.68,76055.4,-0.9,0.16,
17:22:15,76048.67,76055.3,-0.9,0.14,
17:22:15,76048.67,76055.3,-0.9,0.17,
17:22:27,76048.68,76055.4,-0.9,0.13,
17:22:27,76048.68,76055.3,-0.9,0.14,
17:22:31,76048.67,76055.4,-0.9,0.13,
17:22:42,76045.92,76051.4,-0.7,0.14,
17:22:42,76045.92,76051.4,-0.7,0.13,
17:22:45,76045.91,76051.4,-0.7,0.14,
17:22:57,76053.53,76061.8,-1.1,0.13,
17:22:57,76053.53,76061.9,-1.1,0.13,
17:23:01,76053.53,76065.0,-1.5,0.13,
17:23:12,76061.14,76072.1,-1.4,0.13,
17:23:12,76061.14,76076.5,-2.0,0.13,
17:23:15,76061.14,76072.1,-1.4,0.13,
17:23:15,76061.14,76072.1,-1.4,0.15,
17:23:27,76068.0,76077.6,-1.3,0.14,
17:23:27,76068.0,76077.6,-1.3,0.15,
17:23:31,76067.99,76077.5,-1.3,0.14,
17:23:42,76068.0,76072.4,-0.6,0.14,
17:23:42,76068.0,76072.4,-0.6,0.14,
17:23:45,76068.0,76072.4,-0.6,0.14,
17:23:45,76068.0,76072.4,-0.6,0.14,
17:23:58,76068.0,76070.2,-0.3,0.25,
17:24:01,76068.0,76070.2,-0.3,0.18,
17:24:12,76079.76,76084.3,-0.6,0.14,
17:24:12,76079.76,76084.3,-0.6,0.15,
17:24:15,76079.75,76085.3,-0.7,0.13,
17:24:15,76079.75,76085.3,-0.7,0.13,
17:24:27,76079.76,76085.6,-0.8,0.13,
17:24:27,76079.76,76085.6,-0.8,0.13,
17:24:31,76075.4,76084.4,-1.2,0.13,
17:24:42,76070.28,76077.9,-1.0,0.12,
17:24:42,76070.28,76077.9,-1.0,0.13,
17:24:45,76070.27,76078.0,-1.0,0.13,
17:24:45,76070.27,76077.9,-1.0,0.13,
17:24:57,76070.27,76075.4,-0.7,0.14,
17:24:57,76070.27,76075.3,-0.7,0.13,
17:25:01,76070.28,76073.2,-0.4,0.13,
17:25:12,76070.28,76081.3,-1.4,0.13,
17:25:13,76070.28,76081.3,-1.4,0.26,
17:25:15,76070.28,76081.2,-1.4,0.12,
17:25:15,76070.28,76081.3,-1.4,0.12,
17:25:27,76070.27,76091.2,-2.8,0.13,
17:25:27,76070.27,76091.2,-2.8,0.13,
17:25:31,76070.28,76088.3,-2.4,0.13,
17:25:42,76070.28,76086.4,-2.1,0.13,
17:25:42,76070.28,76086.4,-2.1,0.13,
17:25:45,76070.28,76086.4,-2.1,0.13,
17:25:45,76070.28,76086.4,-2.1,0.14,
17:25:57,76099.98,76110.1,-1.3,0.14,
17:25:57,76099.98,76110.0,-1.3,0.13,
17:26:01,76099.99,76110.0,-1.3,0.13,
17:26:12,76079.8,76086.5,-0.9,0.13,
17:26:12,76079.8,76086.5,-0.9,0.13,
17:26:15,76079.8,76086.5,-0.9,0.14,
17:26:15,76079.8,76086.5,-0.9,0.14,
17:26:27,76079.79,76083.0,-0.4,0.13,
17:26:28,76079.79,76083.0,-0.4,0.14,
17:26:31,76079.8,76082.9,-0.4,0.15,
17:26:42,76071.76,76079.7,-1.0,0.14,
17:26:42,76071.76,76079.8,-1.1,0.14,
17:26:45,76071.75,76075.9,-0.5,0.14,
17:26:45,76071.75,76075.9,-0.5,0.14,
17:26:58,76071.76,76079.8,-1.1,0.14,
17:26:58,76071.76,76079.8,-1.1,0.13,
17:27:01,76071.75,76079.8,-1.1,0.14,
17:27:13,76078.39,76092.4,-1.8,0.12,
17:27:13,76078.39,76092.4,-1.8,0.16,
17:27:15,76078.4,76092.4,-1.8,0.13,
17:27:15,76078.4,76092.4,-1.8,0.14,
17:27:28,76090.35,76092.3,-0.3,0.14,
17:27:28,76090.35,76092.3,-0.3,0.14,
17:27:31,76090.35,76096.0,-0.7,0.13,
17:27:43,76090.35,76099.8,-1.2,0.14,
17:27:43,76090.35,76099.8,-1.2,0.21,
17:27:45,76090.35,76099.8,-1.2,0.13,
17:27:58,76090.35,76095.5,-0.7,0.14,
17:27:58,76090.35,76095.4,-0.7,0.14,
17:28:01,76090.34,76099.8,-1.2,0.14,
17:28:13,76103.09,76114.8,-1.5,0.14,
17:28:13,76103.09,76114.7,-1.5,0.15,
17:28:15,76103.96,76120.4,-2.2,0.14,
17:28:15,76103.96,76120.4,-2.2,0.16,
17:28:28,76117.49,76123.8,-0.8,0.14,
17:28:28,76117.49,76123.8,-0.8,0.14,
17:28:31,76117.49,76128.1,-1.4,0.14,
17:28:43,76117.5,76123.2,-0.7,0.14,
17:28:43,76117.5,76123.2,-0.7,0.14,
17:28:45,76117.5,76123.3,-0.8,0.14,
17:28:45,76117.5,76123.3,-0.8,0.13,
17:28:58,76130.72,76136.2,-0.7,0.13,
17:28:58,76130.72,76136.2,-0.7,0.24,
17:29:01,76130.73,76143.9,-1.7,0.13,
17:29:13,76145.19,76157.9,-1.7,0.13,
17:29:13,76145.19,76158.0,-1.7,0.13,
17:29:15,76174.47,76176.8,-0.3,0.13,
17:29:15,76174.47,76176.8,-0.3,0.13,
17:29:28,76150.11,76154.5,-0.6,0.13,
17:29:28,76150.11,76154.4,-0.6,0.14,
17:29:31,76161.58,76176.5,-2.0,0.17,
17:29:43,76186.89,76192.1,-0.7,0.14,
17:29:43,76186.89,76192.1,-0.7,0.14,
17:29:45,76186.89,76192.1,-0.7,0.13,
17:29:45,76186.89,76192.1,-0.7,0.13,
17:29:58,76190.56,76197.1,-0.9,0.13,
17:29:58,76190.56,76197.0,-0.8,0.13,
17:30:01,76263.89,76260.9,0.4,0.19,
17:30:13,76238.19,76236.9,0.2,0.14,
17:30:13,76238.19,76236.9,0.2,0.14,
17:30:15,76238.19,76241.8,-0.5,0.14,
17:30:15,76238.19,76241.8,-0.5,0.14,
17:30:28,76252.71,76249.5,0.4,0.13,
17:30:28,76252.71,76251.1,0.2,0.13,
17:30:31,76240.2,76243.4,-0.4,0.15,
17:30:43,76263.9,76267.9,-0.5,0.13,
17:30:43,76263.9,76267.9,-0.5,0.19,
17:30:45,76266.66,76271.7,-0.7,0.14,
17:30:45,76266.66,76271.7,-0.7,0.13,
17:30:58,76302.82,76293.7,1.2,0.13,
17:30:58,76302.82,76302.2,0.1,0.13,
17:31:01,76327.95,76318.0,1.3,0.18,
17:31:13,76338.06,76341.1,-0.4,0.13,
17:31:13,76338.06,76341.3,-0.4,0.14,
17:31:15,76310.42,76327.6,-2.3,0.13,
17:31:15,76310.42,76327.6,-2.3,0.13,
17:31:28,76306.29,76315.2,-1.2,0.13,
17:31:28,76306.29,76315.2,-1.2,0.13,
17:31:31,76306.28,76307.8,-0.2,0.2,
17:31:43,76310.42,76310.6,-0.0,0.14,
17:31:43,76310.42,76310.6,-0.0,0.14,
17:31:45,76308.06,76310.7,-0.3,0.13,
17:31:45,76308.06,76310.6,-0.3,0.13,
17:31:58,76282.2,76283.2,-0.1,0.13,
17:31:58,76282.2,76283.1,-0.1,0.13,
17:32:01,76277.63,76280.3,-0.4,0.15,
17:32:13,76268.45,76265.2,0.4,0.14,
17:32:13,76268.45,76269.9,-0.2,0.14,
17:32:15,76259.68,76251.0,1.1,0.13,
17:32:15,76259.68,76251.0,1.1,0.14,
17:32:28,76224.57,76228.7,-0.5,0.13,
17:32:28,76224.57,76228.7,-0.5,0.14,
17:32:31,76224.57,76228.7,-0.5,0.13,
17:32:43,76224.4,76222.5,0.2,0.14,
17:32:43,76224.4,76222.5,0.2,0.14,
17:32:45,76224.4,76221.7,0.4,0.18,
17:32:58,76241.54,76240.0,0.2,0.14,
17:32:58,76241.54,76240.0,0.2,0.14,
17:33:01,76232.35,76229.6,0.4,0.17,
17:33:13,76239.03,76236.9,0.3,0.13,
17:33:13,76239.03,76236.9,0.3,0.13,
17:33:15,76239.03,76231.5,1.0,0.14,
17:33:15,76239.03,76231.5,1.0,0.14,
17:33:28,76226.76,76231.6,-0.6,0.14,
17:33:28,76226.76,76231.7,-0.6,0.14,
17:33:31,76226.75,76236.6,-1.3,0.13,
17:33:43,76224.62,76225.7,-0.1,0.14,
17:33:43,76224.62,76227.5,-0.4,0.14,
17:33:45,76224.62,76226.4,-0.2,0.15,
17:33:45,76224.62,76226.4,-0.2,0.14,
17:33:58,76210.35,76219.4,-1.2,0.11,
17:33:58,76210.35,76219.3,-1.2,0.14,
17:34:01,76210.35,76219.3,-1.2,0.13,
17:34:13,76205.74,76206.3,-0.1,0.13,
17:34:13,76205.74,76206.3,-0.1,0.24,
17:34:15,76205.75,76206.2,-0.1,0.14,
17:34:15,76205.75,76206.2,-0.1,0.14,
17:34:28,76203.25,76200.0,0.4,0.14,
17:34:28,76203.25,76204.4,-0.2,0.14,
17:34:31,76203.25,76204.5,-0.2,0.14,
17:34:43,76203.24,76210.8,-1.0,0.12,
17:34:43,76203.24,76210.8,-1.0,0.13,
17:34:45,76203.24,76210.8,-1.0,0.13,
17:34:45,76203.24,76210.7,-1.0,0.13,
17:34:58,76219.05,76219.3,-0.0,0.14,
17:35:01,76219.05,76219.3,-0.0,0.14,
17:35:13,76219.05,76218.8,0.0,0.24,
17:35:13,76219.05,76218.9,0.0,0.38,
17:35:15,76219.06,76226.6,-1.0,0.13,
17:35:15,76219.06,76226.6,-1.0,0.23,
17:35:28,76234.19,76243.9,-1.3,0.14,
17:35:28,76234.19,76243.9,-1.3,0.16,
17:35:31,76234.19,76232.7,0.2,0.13,
17:35:43,76270.0,76274.7,-0.6,0.13,
17:35:43,76270.0,76274.7,-0.6,0.13,
17:35:45,76269.99,76262.2,1.0,0.14,
17:35:45,76269.99,76262.2,1.0,0.14,
17:35:58,76275.98,76277.0,-0.1,0.13,
17:35:58,76275.98,76277.6,-0.2,0.13,
17:36:01,76275.99,76274.7,0.2,0.17,
17:36:13,76270.0,76271.4,-0.2,0.13,
17:36:13,76270.0,76271.4,-0.2,0.13,
17:36:15,76270.0,76271.4,-0.2,0.14,
17:36:15,76270.0,76271.4,-0.2,0.15,
17:36:28,76264.11,76261.0,0.4,0.13,
17:36:28,76264.11,76261.1,0.4,0.15,
17:36:31,76264.11,76264.5,-0.1,0.14,
17:36:43,76262.41,76261.2,0.2,0.14,
17:36:43,76262.41,76261.2,0.2,0.13,
17:36:45,76262.41,76261.1,0.2,0.15,
17:36:45,76262.41,76261.0,0.2,0.15,
17:36:58,76259.93,76262.2,-0.3,0.13,
17:36:58,76259.93,76262.2,-0.3,0.13,
17:37:01,76259.92,76263.9,-0.5,0.14,
17:37:13,76262.0,76269.3,-1.0,0.13,
17:37:13,76261.99,76269.3,-1.0,0.23,
17:37:15,76262.0,76269.2,-0.9,0.14,
17:37:15,76262.0,76269.2,-0.9,0.14,
17:37:28,76273.08,76271.4,0.2,0.14,
17:37:28,76273.08,76271.3,0.2,0.14,
17:37:31,76273.07,76271.4,0.2,0.15,
17:37:43,76253.29,76248.5,0.6,0.13,
17:37:43,76253.29,76248.5,0.6,0.18,
17:37:45,76250.67,76248.6,0.3,0.13,
17:37:45,76250.67,76248.6,0.3,0.17,
17:37:58,76240.28,76235.7,0.6,0.13,
17:37:58,76240.28,76235.6,0.6,0.14,
17:38:01,76240.28,76235.7,0.6,0.14,
17:38:13,76227.45,76223.2,0.6,0.14,
17:38:13,76227.45,76223.3,0.5,0.14,
17:38:15,76227.45,76227.9,-0.1,0.13,
17:38:28,76227.44,76233.9,-0.8,0.14,
17:38:28,76227.44,76233.9,-0.8,0.13,
17:38:31,76231.28,76233.8,-0.3,0.13,
17:38:43,76239.74,76248.9,-1.2,0.19,
17:38:46,76239.73,76248.6,-1.2,0.16,
17:38:46,76239.73,76248.6,-1.2,0.16,
17:38:58,76251.88,76254.5,-0.3,0.16,
17:38:58,76251.88,76245.7,0.8,0.16,
17:39:01,76246.58,76244.6,0.3,0.23,
17:39:13,76229.19,76230.5,-0.2,0.14,
17:39:13,76229.19,76230.5,-0.2,0.13,
17:39:16,76229.18,76236.8,-1.0,0.15,
17:39:16,76229.18,76238.3,-1.2,0.15,
17:39:28,76238.29,76245.6,-1.0,0.13,
17:39:28,76238.29,76245.6,-1.0,0.15,
17:39:31,76238.28,76245.5,-0.9,0.26,
17:39:43,76230.66,76230.8,-0.0,0.19,
17:39:43,76230.66,76230.8,-0.0,0.19,
17:39:46,76230.66,76230.7,-0.0,0.14,
17:39:46,76230.66,76230.7,-0.0,0.16,
17:39:58,76230.66,76238.2,-1.0,0.52,
17:39:58,76230.66,76238.3,-1.0,0.51,
17:40:01,76230.65,76238.2,-1.0,0.15,
17:40:13,76244.99,76245.0,-0.0,0.16,
17:40:13,76244.99,76245.0,-0.0,0.16,
17:40:16,76244.98,76245.0,-0.0,0.15,
17:40:16,76244.98,76245.0,-0.0,0.15,
17:40:28,76223.57,76223.6,-0.0,0.14,
17:40:31,76223.56,76223.5,0.0,0.14,
17:40:43,76206.46,76205.3,0.2,0.13,
17:40:43,76206.46,76205.3,0.2,0.14,
17:40:46,76203.25,76201.1,0.3,0.15,
17:40:46,76203.25,76201.1,0.3,0.17,
17:40:58,76196.31,76199.2,-0.4,0.14,
17:40:58,76196.31,76199.2,-0.4,0.13,
17:41:01,76196.31,76201.5,-0.7,0.14,
17:41:13,76205.0,76204.0,0.1,0.12,
17:41:13,76205.0,76204.1,0.1,0.14,
17:41:16,76203.44,76199.1,0.6,0.13,
17:41:16,76203.44,76199.0,0.6,0.15,
17:41:28,76203.44,76209.8,-0.8,0.13,
17:41:28,76203.44,76209.9,-0.8,0.13,
17:41:31,76203.44,76209.9,-0.8,0.14,
17:41:43,76203.44,76205.1,-0.2,0.13,
17:41:43,76203.44,76205.1,-0.2,0.14,
17:41:46,76203.44,76205.2,-0.2,0.14,
17:41:46,76203.44,76205.2,-0.2,0.13,
17:41:58,76203.43,76203.4,0.0,0.13,
17:41:58,76203.43,76203.5,-0.0,0.14,
17:42:01,76188.29,76195.5,-0.9,0.14,
17:42:13,76180.13,76184.3,-0.5,0.13,
17:42:13,76180.13,76184.3,-0.5,0.13,
17:42:16,76180.14,76182.4,-0.3,0.19,
17:42:16,76180.14,76182.4,-0.3,0.23,
17:42:29,76180.14,76182.4,-0.3,0.69,
17:42:29,76180.14,76182.4,-0.3,0.74,
17:42:31,76167.27,76174.9,-1.0,0.16,
17:42:43,76167.27,76167.9,-0.1,0.15,
17:42:43,76167.27,76167.9,-0.1,0.15,
17:42:46,76167.25,76166.8,0.1,0.18,
17:42:46,76167.25,76166.8,0.1,0.19,
17:42:58,76141.27,76138.2,0.4,0.16,
17:42:58,76141.27,76138.3,0.4,0.14,
17:43:01,76140.01,76138.3,0.2,0.17,
17:43:13,76130.22,76130.5,-0.0,0.41,
17:43:14,76130.22,76130.4,-0.0,0.22,
17:43:16,76127.76,76130.4,-0.3,0.16,
17:43:16,76127.76,76130.5,-0.4,0.16,
17:43:28,76135.26,76138.2,-0.4,0.19,
17:43:28,76135.26,76138.3,-0.4,0.15,
17:43:32,76135.25,76138.3,-0.4,0.17,
17:43:43,76135.25,76135.9,-0.1,0.17,
17:43:43,76135.25,76135.9,-0.1,0.17,
17:43:46,76135.26,76142.9,-1.0,0.19,
17:43:46,76135.26,76142.9,-1.0,0.18,
17:43:58,76135.25,76135.7,-0.1,0.15,
17:43:58,76135.25,76135.7,-0.1,0.16,
17:44:02,76130.78,76135.2,-0.6,0.16,
17:44:13,76107.68,76116.4,-1.1,0.15,
17:44:13,76107.68,76116.4,-1.1,0.16,
17:44:16,76107.68,76113.0,-0.7,0.24,
17:44:16,76107.68,76116.3,-1.1,0.23,
17:44:28,76103.12,76106.6,-0.5,0.17,
17:44:28,76103.12,76106.6,-0.5,0.15,
17:44:32,76103.11,76106.6,-0.5,0.18,
17:44:44,76102.93,76107.6,-0.6,0.22,
17:44:44,76102.93,76107.7,-0.6,0.25,
17:44:46,76102.93,76107.7,-0.6,0.15,
17:44:46,76102.93,76107.7,-0.6,0.18,
17:44:59,76079.81,76084.9,-0.7,0.18,
17:44:59,76079.81,76084.6,-0.6,0.2,
17:45:02,76092.75,76097.5,-0.6,0.16,
17:45:14,76111.73,76114.1,-0.3,0.15,
17:45:14,76111.73,76114.2,-0.3,0.17,
17:45:17,76111.72,76114.1,-0.3,0.6,
17:45:17,76111.72,76110.0,0.2,0.55,
17:45:29,76085.61,76084.6,0.1,0.18,
17:45:29,76085.61,76084.5,0.1,0.22,
17:45:32,76085.62,76084.5,0.1,0.15,
17:45:43,76085.1,76081.9,0.4,0.16,
17:45:43,76085.1,76081.9,0.4,0.16,
17:45:46,76078.25,76080.5,-0.3,0.15,
17:45:46,76078.25,76080.5,-0.3,0.17,
17:45:59,76077.02,76077.7,-0.1,0.15,
17:45:59,76077.02,76077.7,-0.1,0.3,
17:46:02,76075.69,76084.3,-1.1,0.15,
17:46:14,76094.26,76101.9,-1.0,0.16,
17:46:14,76094.26,76101.9,-1.0,0.16,
17:46:16,76094.26,76102.0,-1.0,0.35,
17:46:16,76094.26,76102.0,-1.0,0.36,
17:46:29,76094.26,76094.8,-0.1,0.14,
17:46:29,76094.26,76094.8,-0.1,0.16,
17:46:32,76094.25,76094.9,-0.1,0.16,
17:46:44,76094.26,76102.6,-1.1,0.16,
17:46:44,76094.26,76102.6,-1.1,0.16,
17:46:47,76094.26,76102.6,-1.1,0.53,
17:46:47,76094.26,76102.6,-1.1,0.52,
17:46:59,76094.25,76102.7,-1.1,0.26,
17:46:59,76094.25,76102.7,-1.1,0.16,
17:47:02,76100.48,76108.5,-1.1,0.56,
17:47:14,76100.48,76108.5,-1.1,0.16,
17:47:14,76100.48,76108.5,-1.1,0.17,
17:47:16,76100.48,76108.5,-1.1,0.24,
17:47:16,76100.48,76108.4,-1.0,0.16,
17:47:29,76114.57,76119.3,-0.6,0.19,
17:47:29,76114.57,76119.3,-0.6,0.23,
17:47:32,76114.57,76126.6,-1.6,0.16,
17:47:44,76116.84,76126.6,-1.3,0.15,
17:47:44,76116.84,76126.6,-1.3,0.15,
17:47:46,76116.85,76126.7,-1.3,0.17,
17:47:46,76116.85,76126.7,-1.3,0.17,
17:47:59,76121.16,76129.8,-1.1,0.15,
17:47:59,76121.16,76129.8,-1.1,0.15,
17:48:02,76121.17,76126.4,-0.7,0.18,
17:48:14,76121.17,76133.6,-1.6,0.16,
17:48:14,76121.17,76133.6,-1.6,0.16,
17:48:16,76121.16,76133.5,-1.6,0.17,
17:48:16,76121.16,76133.5,-1.6,0.18,
17:48:29,76133.28,76137.7,-0.6,0.15,
17:48:29,76133.28,76137.7,-0.6,0.16,
17:48:32,76156.58,76154.9,0.2,0.16,
17:48:44,76156.57,76169.2,-1.7,0.15,
17:48:44,76156.57,76169.2,-1.7,0.16,
17:48:46,76169.52,76175.5,-0.8,0.2,
17:48:46,76169.52,76175.5,-0.8,0.2,
17:48:59,76185.66,76191.6,-0.8,0.19,
17:48:59,76185.66,76191.6,-0.8,0.18,
17:49:02,76185.66,76191.7,-0.8,0.16,
17:49:14,76179.58,76182.9,-0.4,0.17,
17:49:14,76179.58,76182.9,-0.4,0.18,
17:49:16,76170.42,76173.4,-0.4,0.16,
17:49:16,76170.42,76168.5,0.3,0.16,
17:49:29,76169.5,76174.4,-0.6,0.15,
17:49:29,76169.5,76174.4,-0.6,0.16,
17:49:32,76169.5,76168.2,0.2,0.16,
17:49:44,76169.5,76172.6,-0.4,0.15,
17:49:44,76169.5,76172.6,-0.4,0.15,
17:49:46,76169.5,76173.4,-0.5,0.23,
17:49:46,76169.5,76173.4,-0.5,0.23,
17:50:00,76168.01,76167.9,0.0,0.19,
17:50:00,76168.0,76167.9,0.0,0.23,
17:50:02,76168.0,76168.0,0.0,0.18,
17:50:15,76168.0,76174.7,-0.9,0.17,
17:50:15,76168.0,76174.7,-0.9,0.16,
17:50:16,76176.49,76185.2,-1.1,0.17,
17:50:16,76176.49,76185.2,-1.1,0.16,
17:50:30,76184.0,76188.9,-0.6,0.15,
17:50:30,76184.0,76188.9,-0.6,0.16,
17:50:32,76185.64,76197.4,-1.5,0.18,
17:50:45,76196.31,76207.3,-1.4,0.19,
17:50:45,76196.3,76207.3,-1.4,0.17,
17:50:47,76196.3,76207.2,-1.4,0.17,
17:50:47,76196.3,76207.2,-1.4,0.17,
17:50:59,76191.61,76198.0,-0.8,0.14,
17:51:00,76187.63,76192.0,-0.6,0.15,
17:51:02,76185.29,76181.4,0.5,0.17,
17:51:15,76179.25,76181.2,-0.3,0.16,
17:51:15,76179.25,76181.2,-0.3,0.15,
17:51:17,76179.26,76181.2,-0.3,0.15,
17:51:17,76179.26,76181.1,-0.2,0.15,
17:51:30,76174.17,76174.7,-0.1,0.17,
17:51:30,76174.17,76174.7,-0.1,0.17,
17:51:32,76174.17,76174.6,-0.1,0.19,
17:51:45,76174.16,76181.1,-0.9,0.18,
17:51:45,76174.16,76181.1,-0.9,0.15,
17:51:47,76174.17,76181.1,-0.9,0.6,
17:51:47,76174.17,76181.0,-0.9,0.63,
17:52:00,76179.3,76177.3,0.3,0.13,
17:52:00,76179.3,76177.3,0.3,0.16,
17:52:02,76187.5,76191.8,-0.6,0.15,
17:52:15,76187.51,76188.1,-0.1,0.15,
17:52:15,76187.51,76188.1,-0.1,0.15,
17:52:17,76164.63,76163.6,0.1,0.15,
17:52:17,76164.63,76173.3,-1.1,0.22,
17:52:30,76164.18,76167.1,-0.4,0.16,
17:52:30,76164.18,76167.1,-0.4,0.14,
17:52:32,76180.94,76180.5,0.1,0.3,
17:52:45,76172.73,76183.5,-1.4,0.17,
17:52:45,76172.73,76183.5,-1.4,0.17,
17:52:47,76178.67,76180.6,-0.3,0.64,
17:52:47,76178.67,76179.0,-0.0,0.64,
17:53:00,76171.96,76175.7,-0.5,0.15,
17:53:00,76171.64,76175.7,-0.5,0.15,
17:53:02,76160.35,76163.5,-0.4,0.16,
17:53:15,76155.13,76163.5,-1.1,0.19,
17:53:15,76155.13,76163.5,-1.1,0.22,
17:53:17,76155.14,76163.4,-1.1,0.15,
17:53:17,76155.14,76163.4,-1.1,0.15,
17:53:30,76140.4,76139.3,0.1,0.15,
17:53:30,76140.4,76139.3,0.1,0.15,
17:53:32,76140.41,76139.2,0.2,0.49,
17:53:45,76140.4,76137.9,0.3,0.15,
17:53:45,76140.4,76137.8,0.3,0.16,
17:53:47,76140.39,76137.8,0.3,0.17,
17:53:47,76140.39,76137.8,0.3,0.27,
17:54:00,76134.02,76133.2,0.1,0.15,
17:54:00,76134.02,76133.2,0.1,0.15,
17:54:02,76134.03,76133.3,0.1,0.16,
17:54:15,76134.02,76133.3,0.1,0.16,
17:54:15,76134.02,76133.3,0.1,0.15,
17:54:17,76134.03,76133.4,0.1,0.15,
17:54:17,76134.03,76133.4,0.1,0.17,
17:54:30,76143.01,76151.7,-1.1,0.15,
17:54:30,76143.01,76151.7,-1.1,0.15,
17:54:32,76143.01,76151.6,-1.1,0.14,
17:54:45,76137.59,76147.5,-1.3,0.17,
17:54:45,76137.59,76147.5,-1.3,0.2,
17:54:47,76137.59,76147.4,-1.3,0.15,
17:54:47,76137.59,76147.4,-1.3,0.18,
17:55:00,76137.6,76151.6,-1.8,0.18,
17:55:00,76137.6,76151.5,-1.8,0.27,
17:55:02,76137.6,76144.1,-0.9,0.25,
17:55:15,76135.86,76139.2,-0.4,0.15,
17:55:15,76135.86,76139.2,-0.4,0.15,
17:55:17,76135.85,76139.3,-0.5,0.15,
17:55:17,76135.85,76139.3,-0.5,0.17,
17:55:30,76132.66,76126.3,0.8,0.15,
17:55:30,76132.66,76126.2,0.8,0.15,
17:55:32,76128.0,76126.2,0.2,0.17,
17:55:45,76128.0,76129.2,-0.2,0.16,
17:55:45,76128.0,76129.2,-0.2,0.15,
17:55:47,76128.0,76129.1,-0.1,0.57,
17:55:47,76128.0,76129.1,-0.1,0.6,
17:56:00,76128.01,76137.6,-1.3,0.15,
17:56:00,76128.01,76137.7,-1.3,0.16,
17:56:02,76128.01,76142.0,-1.8,0.26,
17:56:15,76140.0,76143.9,-0.5,0.21,
17:56:15,76140.0,76143.9,-0.5,0.21,
17:56:17,76139.99,76144.0,-0.5,0.16,
17:56:17,76139.99,76144.0,-0.5,0.27,
17:56:30,76139.99,76140.5,-0.1,0.15,
17:56:30,76139.99,76140.4,-0.1,0.15,
17:56:32,76140.0,76140.4,-0.1,0.31,
17:56:45,76139.99,76140.5,-0.1,0.16,
17:56:47,76139.99,76140.5,-0.1,0.18,
17:56:47,76139.99,76140.5,-0.1,0.18,
17:57:30,76123.51,76123.1,0.1,0.21,
17:57:30,76123.51,76123.1,0.1,0.27,
17:57:45,76133.39,76129.1,0.6,0.18,
17:57:45,76133.39,76129.0,0.6,0.22,
17:57:47,76133.38,76132.0,0.2,0.57,
17:57:47,76133.38,76132.0,0.2,0.57,
17:58:00,76119.53,76120.3,-0.1,0.17,
17:58:00,76119.53,76120.4,-0.1,0.17,
17:58:15,76119.53,76120.3,-0.1,0.16,
17:58:15,76119.53,76120.3,-0.1,0.17,
17:58:17,76119.53,76120.3,-0.1,0.17,
17:58:17,76119.53,76120.4,-0.1,0.18,
17:58:30,76119.52,76122.3,-0.4,0.15,
17:58:30,76119.52,76122.3,-0.4,0.15,
17:58:30,76119.52,76122.3,-0.4,0.17,
17:58:45,76118.97,76128.8,-1.3,0.14,
17:58:45,76118.97,76128.8,-1.3,0.17,
17:58:47,76118.96,76128.9,-1.3,0.16,
17:59:00,76118.96,76128.9,-1.3,0.16,
17:59:00,76118.96,76128.9,-1.3,0.15,
17:59:00,76118.97,76128.9,-1.3,0.16,
17:59:15,76118.96,76128.9,-1.3,0.16,
17:59:15,76118.96,76128.8,-1.3,0.51,
17:59:17,76118.97,76124.7,-0.8,0.42,
17:59:17,76118.97,76124.7,-0.8,0.41,
17:59:30,76118.96,76124.7,-0.8,0.14,
17:59:30,76118.96,76124.7,-0.8,0.14,
17:59:30,76118.96,76124.7,-0.8,0.14,
17:59:45,76115.73,76116.3,-0.1,0.24,
17:59:45,76115.73,76116.3,-0.1,0.27,
17:59:47,76115.72,76116.2,-0.1,0.21,
17:59:47,76115.72,76116.2,-0.1,0.18,
18:00:00,76097.18,76104.5,-1.0,0.18,
18:00:00,76097.18,76104.4,-0.9,0.17,
18:00:00,76097.18,76104.5,-1.0,0.18,
18:00:15,76097.19,76104.4,-0.9,0.16,
18:00:16,76097.19,76104.5,-1.0,0.2,
18:00:17,76097.19,76104.5,-1.0,0.56,
18:00:17,76097.19,76104.5,-1.0,0.56,
18:00:31,76093.92,76089.3,0.6,0.16,
18:00:31,76093.92,76089.3,0.6,0.22,
18:00:31,76093.92,76089.3,0.6,0.21,
18:00:46,76093.92,76097.1,-0.4,0.16,
18:00:46,76093.92,76097.1,-0.4,0.19,
18:00:47,76093.92,76097.9,-0.5,0.2,
18:00:47,76093.92,76097.9,-0.5,0.18,
18:01:00,76113.87,76118.4,-0.6,0.16,
18:01:00,76113.87,76118.3,-0.6,0.16,
18:01:15,76113.86,76115.3,-0.2,0.16,
18:01:15,76113.86,76115.3,-0.2,0.17,
18:01:17,76113.86,76115.3,-0.2,0.16,
18:01:17,76113.86,76115.2,-0.2,0.17,
18:01:31,76113.86,76118.2,-0.6,0.15,
18:01:31,76113.86,76118.2,-0.6,0.14,
18:01:31,76113.86,76118.2,-0.6,0.15,
18:01:46,76105.07,76105.1,-0.0,0.19,
18:01:46,76105.07,76105.1,-0.0,0.19,
18:01:47,76105.07,76105.2,-0.0,0.55,
18:01:48,76105.07,76105.1,-0.0,0.65,
18:02:01,76105.08,76113.9,-1.2,0.18,
18:02:01,76105.08,76113.9,-1.2,0.18,
18:02:01,76105.08,76113.9,-1.2,0.22,
18:02:42,76117.45,76118.9,-0.2,0.3,
18:02:42,76117.45,76118.9,-0.2,0.27,
18:02:42,76117.46,76118.9,-0.2,0.16,
18:02:42,76117.46,76118.9,-0.2,0.17,
18:02:43,76117.46,76119.0,-0.2,0.24,
18:02:43,76117.46,76119.0,-0.2,0.24,
18:02:44,76117.46,76119.0,-0.2,0.16,
18:02:47,76117.46,76118.9,-0.2,0.17,
18:02:47,76117.46,76119.0,-0.2,0.17,
18:02:58,76114.47,76119.6,-0.7,0.16,
18:02:58,76114.47,76119.6,-0.7,0.16,
18:03:01,76114.46,76119.5,-0.7,0.15,
18:03:13,76124.32,76125.0,-0.1,0.17,
18:03:13,76124.32,76132.9,-1.1,0.16,
18:03:50,76149.31,76150.0,-0.1,0.31,
18:03:50,76149.31,76150.0,-0.1,0.27,
18:03:50,76149.31,76150.0,-0.1,0.34,
18:03:51,76149.31,76150.0,-0.1,0.15,
18:03:51,76149.31,76150.0,-0.1,0.16,
18:04:01,76146.26,76148.2,-0.3,0.15,
18:04:05,76146.26,76142.8,0.5,0.14,
18:04:06,76146.26,76142.8,0.5,0.15,
18:04:17,76146.26,76150.0,-0.5,0.17,
18:04:17,76146.26,76150.0,-0.5,0.19,
18:04:21,76146.26,76150.0,-0.5,0.16,
18:04:21,76146.26,76150.0,-0.5,0.17,
18:04:31,76146.26,76149.9,-0.5,0.17,
18:04:36,76143.25,76143.1,0.0,0.16,
18:04:36,76143.25,76143.0,0.0,0.16,
18:04:48,76143.25,76146.9,-0.5,0.52,
18:04:48,76143.25,76146.8,-0.5,0.95,
18:04:51,76143.25,76146.9,-0.5,0.16,
18:04:51,76143.25,76146.9,-0.5,0.16,
18:05:01,76133.46,76138.0,-0.6,0.21,
18:05:06,76130.26,76134.0,-0.5,0.15,
18:05:06,76130.26,76134.0,-0.5,0.24,
18:05:17,76130.27,76144.1,-1.8,0.15,
18:05:17,76130.27,76144.1,-1.8,0.15,
18:05:21,76130.27,76144.1,-1.8,0.16,
18:05:21,76130.27,76144.1,-1.8,0.16,
18:05:31,76130.27,76144.2,-1.8,0.16,
18:05:36,76143.25,76149.4,-0.8,0.15,
18:05:36,76143.25,76149.4,-0.8,0.13,
18:05:47,76143.25,76148.8,-0.7,0.18,
18:05:47,76143.25,76148.7,-0.7,0.23,
18:05:51,76143.25,76148.7,-0.7,0.17,
18:05:51,76143.25,76148.7,-0.7,0.17,
18:06:01,76135.99,76134.1,0.2,0.16,
18:06:06,76125.49,76134.0,-1.1,0.14,
18:06:06,76125.49,76134.0,-1.1,0.15,
18:06:17,76125.44,76134.1,-1.1,0.16,
18:06:17,76125.44,76134.0,-1.1,0.17,
18:06:21,76105.16,76113.4,-1.1,0.57,
18:06:21,76105.16,76111.9,-0.9,0.58,
18:06:31,76105.16,76102.2,0.4,0.15,
18:06:36,76105.15,76102.2,0.4,0.17,
18:06:36,76105.15,76102.2,0.4,0.18,
18:06:47,76105.15,76114.7,-1.3,0.17,
18:06:47,76105.15,76114.7,-1.3,0.18,
18:06:51,76116.71,76129.3,-1.7,0.16,
18:06:51,76116.71,76129.3,-1.7,0.16,
18:07:01,76124.6,76137.0,-1.6,0.16,
18:07:06,76133.56,76139.8,-0.8,0.19,
18:07:06,76133.56,76139.8,-0.8,0.17,
18:07:17,76133.56,76145.5,-1.6,0.16,
18:07:17,76133.56,76145.5,-1.6,0.19,
18:07:21,76133.55,76144.2,-1.4,0.17,
18:07:21,76133.55,76144.2,-1.4,0.19,
18:07:31,76133.56,76144.2,-1.4,0.16,
18:07:36,76133.56,76145.2,-1.5,0.15,
18:07:36,76133.56,76145.2,-1.5,0.15,
18:07:47,76133.55,76142.8,-1.2,0.19,
18:07:47,76133.55,76142.8,-1.2,0.3,
18:07:51,76133.55,76142.7,-1.2,0.14,
18:07:51,76133.55,76142.7,-1.2,0.16,
18:08:01,76139.75,76143.2,-0.5,0.17,
18:08:06,76139.74,76143.3,-0.5,0.15,
18:08:06,76139.74,76143.3,-0.5,0.15,
18:08:17,76137.05,76150.0,-1.7,0.15,
18:08:17,76137.05,76150.0,-1.7,0.16,
18:08:21,76137.05,76150.0,-1.7,0.16,
18:08:21,76137.05,76150.0,-1.7,0.16,
18:08:31,76154.92,76163.1,-1.1,0.59,
18:08:36,76154.92,76163.1,-1.1,0.2,
18:08:36,76154.92,76163.1,-1.1,0.2,
18:08:47,76163.52,76172.9,-1.2,0.17,
18:08:47,76163.52,76173.2,-1.3,0.18,
18:08:51,76148.93,76161.2,-1.6,0.15,
18:08:51,76148.93,76161.2,-1.6,0.17,
18:09:01,76148.92,76155.1,-0.8,0.16,
18:09:06,76148.93,76159.8,-1.4,0.17,
18:09:06,76148.93,76159.8,-1.4,0.16,
18:09:17,76141.6,76144.5,-0.4,0.16,
18:09:17,76141.6,76144.5,-0.4,0.15,
18:09:21,76141.6,76144.4,-0.4,0.25,
18:09:21,76141.6,76144.4,-0.4,0.25,
18:09:31,76141.61,76144.5,-0.4,0.16,
18:09:36,76141.61,76144.5,-0.4,0.15,
18:09:36,76141.61,76144.5,-0.4,0.16,
18:09:47,76141.61,76144.4,-0.4,0.18,
18:09:47,76141.61,76144.4,-0.4,0.22,
18:09:51,76141.6,76141.6,0.0,0.14,
18:09:51,76141.6,76141.6,0.0,0.14,
18:10:01,76141.61,76144.2,-0.3,0.2,
18:10:06,76137.06,76144.3,-1.0,0.19,
18:10:07,76137.06,76141.5,-0.6,0.88,
18:10:17,76137.05,76137.0,0.0,0.19,
18:10:17,76137.05,76137.0,0.0,0.18,
18:10:21,76137.05,76137.0,0.0,0.17,
18:10:21,76137.05,76137.0,0.0,0.19,
18:11:02,76137.05,76137.9,-0.1,0.3,
18:11:02,76137.05,76137.9,-0.1,0.3,
18:11:03,76137.05,76137.8,-0.1,0.15,
18:11:03,76137.05,76137.8,-0.1,0.17,
18:11:05,76137.06,76137.9,-0.1,0.8,
18:11:05,76137.06,76137.8,-0.1,0.79,
18:11:17,76137.06,76148.3,-1.5,0.15,
18:11:17,76137.06,76148.3,-1.5,0.17,
18:11:18,76137.06,76148.4,-1.5,0.15,
18:11:18,76137.06,76148.4,-1.5,0.15,
18:11:32,76134.47,76136.9,-0.3,0.62,
18:12:05,76119.74,76124.8,-0.7,0.25,
18:12:05,76119.74,76124.8,-0.7,0.29,
18:12:17,76119.74,76128.0,-1.1,0.16,
18:12:17,76119.74,76128.0,-1.1,0.15,
18:12:17,76119.74,76128.0,-1.1,0.16,
18:12:17,76119.74,76128.0,-1.1,0.17,
18:12:32,76129.99,76145.1,-2.0,0.15,
18:12:32,76130.0,76145.1,-2.0,0.16,
18:12:32,76130.0,76145.1,-2.0,0.16,
18:12:47,76129.99,76135.6,-0.7,0.17,
18:12:47,76129.99,76135.6,-0.7,0.17,
18:12:47,76129.99,76135.6,-0.7,0.18,
18:12:47,76129.99,76135.6,-0.7,0.19,
18:13:02,76129.99,76140.6,-1.4,0.16,
18:13:02,76129.99,76140.6,-1.4,0.16,
18:13:02,76129.99,76140.6,-1.4,0.15,
18:13:17,76129.99,76140.5,-1.4,0.2,
18:13:17,76129.99,76140.5,-1.4,0.19,
18:13:17,76129.99,76140.5,-1.4,0.19,
18:13:17,76129.99,76140.5,-1.4,0.21,
18:13:32,76129.99,76140.5,-1.4,0.17,
18:13:32,76129.99,76140.5,-1.4,0.15,
18:13:32,76129.99,76140.5,-1.4,0.16,
18:13:48,76129.99,76140.6,-1.4,0.42,
18:13:48,76129.99,76140.6,-1.4,0.45,
18:13:48,76129.99,76140.6,-1.4,0.5,
18:14:02,76077.88,76086.0,-1.1,0.16,
18:14:02,76077.88,76086.0,-1.1,0.14,
18:14:02,76077.88,76086.0,-1.1,0.16,
18:14:17,76077.89,76077.8,0.0,0.19,
18:14:17,76077.89,76077.8,0.0,0.18,
18:14:17,76077.89,76077.8,0.0,0.17,
18:14:17,76077.89,76077.9,-0.0,0.17,
18:14:32,76063.72,76068.7,-0.7,0.16,
18:14:32,76063.72,76068.7,-0.7,0.17,
18:14:32,76063.72,76068.7,-0.7,0.16,
18:14:47,76038.37,76036.1,0.3,0.17,
18:14:47,76038.37,76036.1,0.3,0.26,
18:14:48,76038.37,76036.1,0.3,0.24,
18:14:48,76038.37,76036.2,0.3,0.32,
18:15:02,76047.79,76058.0,-1.3,0.22,
18:15:02,76047.78,76058.0,-1.3,0.2,
18:15:02,76047.78,76058.1,-1.4,0.24,
18:15:17,76063.52,76071.2,-1.0,0.17,
18:15:17,76063.52,76071.1,-1.0,0.18,
18:15:18,76063.52,76071.2,-1.0,0.16,
18:15:18,76063.52,76071.1,-1.0,0.19,
18:15:32,76063.51,76071.0,-1.0,0.42,
18:15:34,76063.51,76071.1,-1.0,0.21,
18:15:34,76063.51,76071.1,-1.0,0.26,
18:15:47,76069.1,76074.7,-0.7,0.16,
18:15:47,76069.1,76074.7,-0.7,0.16,
18:15:49,76069.11,76074.7,-0.7,0.16,
18:15:49,76069.11,76074.6,-0.7,0.16,
18:16:02,76068.94,76071.3,-0.3,0.16,
18:16:04,76066.88,76070.8,-0.5,0.16,
18:16:04,76066.88,76070.9,-0.5,0.2,
18:16:17,76058.55,76057.0,0.2,0.15,
18:16:17,76058.55,76057.0,0.2,0.17,
18:16:19,76058.54,76057.0,0.2,0.16,
18:16:19,76058.54,76057.1,0.2,0.18,
18:16:32,76058.55,76071.3,-1.7,0.17,
18:16:34,76058.55,76064.9,-0.8,0.17,
18:16:34,76058.55,76064.9,-0.8,0.16,
18:16:47,76058.54,76064.9,-0.8,0.17,
18:16:47,76058.54,76065.0,-0.8,0.18,
18:16:49,76058.54,76065.0,-0.8,0.17,
18:16:49,76058.54,76064.9,-0.8,0.2,
18:17:02,76042.6,76045.1,-0.3,0.22,
18:17:04,76041.99,76042.6,-0.1,0.19,
18:17:04,76041.99,76042.6,-0.1,0.17,
18:17:17,76036.49,76036.2,0.0,0.17,
18:17:18,76036.48,76036.1,0.0,0.58,
18:17:19,76036.48,76036.2,0.0,0.16,
18:17:19,76036.48,76036.1,0.0,0.18,
18:17:32,76034.26,76047.4,-1.7,0.72,
18:17:34,76054.99,76066.9,-1.6,0.16,
18:17:34,76054.99,76067.0,-1.6,0.17,
18:17:47,76054.98,76062.8,-1.0,0.2,

18:17:49,76054.98,76062.8,-1.0,0.17,
18:17:49,76054.98,76062.8,-1.0,0.17,
18:18:02,76049.69,76054.9,-0.7,0.18,
18:18:04,76049.7,76055.0,-0.7,0.16,
18:18:04,76049.7,76055.0,-0.7,0.16,
18:18:18,76049.7,76059.4,-1.3,0.2,
18:18:19,76049.7,76060.9,-1.5,0.22,
18:18:20,76049.7,76060.9,-1.5,1.14,
18:18:32,76049.7,76060.8,-1.5,0.15,
18:18:34,76049.7,76060.9,-1.5,0.2,
18:18:34,76049.7,76060.9,-1.5,0.18,
18:18:48,76063.37,76060.8,0.3,0.15,
18:18:48,76063.37,76060.8,0.3,0.17,
18:18:49,76063.38,76060.8,0.3,0.17,
18:18:49,76063.38,76060.8,0.3,0.16,
18:19:02,76058.11,76060.8,-0.4,0.17,
18:19:04,76058.1,76060.8,-0.4,0.16,
18:19:04,76058.1,76060.8,-0.4,0.15,
18:19:18,76039.0,76044.2,-0.7,0.17,
18:19:18,76039.0,76044.1,-0.7,0.35,
18:19:19,76039.0,76044.1,-0.7,0.17,
18:19:19,76039.0,76044.1,-0.7,0.19,
18:19:32,76038.93,76041.5,-0.3,0.26,
18:19:35,76037.05,76041.5,-0.6,0.2,
18:19:35,76037.05,76041.6,-0.6,0.21,
18:19:48,76030.9,76035.1,-0.6,0.2,
18:19:48,76030.9,76035.1,-0.6,0.21,
18:19:50,76030.89,76035.0,-0.5,0.18,
18:19:50,76030.89,76035.0,-0.5,0.18,
18:20:02,76012.6,76019.3,-0.9,0.19,
18:20:05,76012.61,76026.9,-1.9,0.62,
18:20:05,76012.61,76026.9,-1.9,0.62,
18:20:18,76023.92,76032.7,-1.2,0.17,
18:20:18,76023.92,76032.7,-1.2,0.17,
18:20:19,76023.91,76032.6,-1.1,0.14,
18:20:19,76023.91,76029.2,-0.7,0.18,
18:20:32,76012.61,76026.9,-1.9,0.18,
18:20:35,76019.62,76028.5,-1.2,0.22,
18:20:35,76019.62,76028.5,-1.2,0.17,
18:20:48,76020.87,76029.3,-1.1,0.18,
18:20:48,76020.87,76029.3,-1.1,0.19,
18:20:50,76020.86,76024.4,-0.5,0.17,
18:20:50,76020.86,76028.5,-1.0,0.2,
18:21:02,76035.13,76036.8,-0.2,0.17,
18:21:05,76035.12,76036.9,-0.2,0.64,
18:21:05,76035.12,76036.9,-0.2,0.64,
18:21:18,76031.15,76036.8,-0.7,0.15,
18:21:18,76031.15,76036.9,-0.8,0.16,
18:21:20,76031.16,76036.9,-0.8,0.18,
18:21:20,76031.16,76036.8,-0.7,0.19,
18:21:32,76022.39,76036.8,-1.9,0.18,
18:21:35,76022.39,76035.3,-1.7,0.16,
18:21:35,76022.39,76036.8,-1.9,0.19,
18:21:48,76022.4,76035.4,-1.7,0.18,
18:21:48,76022.4,76035.3,-1.7,0.24,
18:21:50,76022.39,76035.3,-1.7,0.18,
18:21:50,76022.39,76035.3,-1.7,0.16,
18:22:02,76044.99,76057.8,-1.7,0.15,
18:22:05,76045.0,76057.9,-1.7,0.16,
18:22:05,76045.0,76057.9,-1.7,0.19,
18:22:18,76044.99,76060.4,-2.0,0.17,
18:22:18,76044.99,76060.3,-2.0,0.17,
18:22:20,76044.99,76060.4,-2.0,0.16,
18:22:20,76044.99,76060.4,-2.0,0.19,
18:22:34,76055.2,76068.6,-1.8,0.98,
18:22:35,76055.19,76068.5,-1.7,0.19,
18:22:35,76055.19,76068.5,-1.7,0.18,
18:22:48,76055.19,76068.5,-1.7,0.31,
18:22:48,76055.19,76068.5,-1.7,0.37,
18:22:50,76055.2,76068.6,-1.8,0.18,
18:22:50,76055.2,76068.6,-1.8,0.16,
18:23:02,76061.95,76069.0,-0.9,0.15,
18:23:05,76061.96,76069.0,-0.9,0.16,
18:23:05,76061.96,76069.1,-0.9,0.15,
18:23:18,76061.95,76068.7,-0.9,0.51,
18:23:18,76061.95,76068.7,-0.9,0.53,
18:23:20,76061.96,76068.6,-0.9,0.15,
18:23:20,76061.96,76068.6,-0.9,0.18,
18:23:33,76055.2,76065.7,-1.4,0.19,
18:23:35,76055.2,76055.3,-0.0,0.55,
18:23:35,76055.2,76055.3,-0.0,0.54,
18:23:48,76050.16,76055.2,-0.7,0.16,
18:23:48,76050.16,76055.2,-0.7,0.17,
18:23:50,76049.28,76049.5,-0.0,0.16,
18:23:50,76049.28,76046.1,0.4,0.26,
18:24:03,76036.51,76036.6,-0.0,0.18,
18:24:05,76036.5,76029.3,0.9,0.17,
18:24:05,76036.5,76029.3,0.9,0.18,
18:24:18,76023.81,76029.3,-0.7,0.24,
18:24:18,76023.81,76029.2,-0.7,0.26,
18:24:20,76023.82,76029.2,-0.7,0.17,
18:24:20,76023.82,76029.2,-0.7,0.17,
18:24:33,76023.81,76029.2,-0.7,0.16,
18:24:35,76023.81,76028.5,-0.6,0.19,
18:24:35,76023.81,76028.5,-0.6,0.29,
18:24:48,76022.28,76022.3,-0.0,0.19,
18:24:48,76022.28,76022.2,0.0,0.19,
18:24:50,76022.27,76022.3,-0.0,0.17,
18:24:50,76022.27,76022.2,0.0,0.2,
18:25:03,76005.04,76007.5,-0.3,0.17,
18:25:05,76005.05,76007.5,-0.3,0.15,
18:25:05,76005.05,76007.5,-0.3,0.17,
18:25:18,76003.74,76007.6,-0.5,0.16,
18:25:18,76003.74,76007.6,-0.5,0.16,
18:25:20,76003.74,76007.5,-0.5,0.16,
18:25:20,76003.74,76007.5,-0.5,0.17,
18:25:33,75994.26,76000.1,-0.8,0.35,
18:25:35,75994.26,76000.0,-0.8,0.31,
18:25:35,75994.26,76000.0,-0.8,0.17,
18:25:48,75994.26,76000.1,-0.8,0.18,
18:25:48,75994.27,76000.1,-0.8,0.19,
18:25:50,75994.27,76000.1,-0.8,0.18,
18:25:50,75994.27,76000.1,-0.8,0.19,
18:26:03,75994.27,76000.0,-0.8,0.15,
18:26:05,75994.27,76000.1,-0.8,0.16,
18:26:05,75994.27,76000.1,-0.8,0.16,
18:26:18,75994.27,76000.0,-0.8,0.16,
18:26:18,75994.27,76000.1,-0.8,0.16,
18:26:20,76000.4,76000.1,0.0,0.15,
18:26:20,76000.4,76000.1,0.0,0.17,
18:26:33,76009.64,76007.5,0.3,0.33,
18:26:35,76009.63,76007.5,0.3,0.16,
18:26:35,76009.63,76007.5,0.3,0.25,
18:26:48,76009.63,76007.6,0.3,0.45,
18:26:48,76009.63,76007.6,0.3,0.48,
18:26:50,76009.64,76007.6,0.3,0.56,
18:26:50,76009.64,76007.5,0.3,0.18,
18:27:04,76011.84,76027.0,-2.0,0.56,
18:27:05,76018.83,76027.0,-1.1,0.16,
18:27:05,76018.83,76027.1,-1.1,0.2,
18:27:18,76018.84,76016.2,0.3,0.17,
18:27:18,76018.84,76016.3,0.3,0.19,
18:27:20,76018.84,76018.6,0.0,0.56,
18:27:20,76018.84,76018.5,0.0,0.16,
18:27:33,76026.29,76030.0,-0.5,0.27,
18:27:35,76026.29,76035.5,-1.2,0.28,
18:27:35,76026.29,76035.5,-1.2,0.16,
18:27:48,76026.29,76035.4,-1.2,0.64,
18:27:50,76026.28,76035.5,-1.2,0.16,
18:27:50,76026.29,76035.5,-1.2,0.21,
18:28:03,76026.28,76029.4,-0.4,0.17,
18:28:05,76026.29,76026.6,-0.0,0.17,
18:28:05,76026.28,76026.7,-0.1,0.17,
18:28:18,76015.01,76010.3,0.6,0.59,
18:28:18,76015.01,76010.3,0.6,0.7,
18:28:20,76015.0,76010.3,0.6,0.28,
18:28:20,76015.0,76010.4,0.6,0.17,
18:28:33,76001.88,76001.3,0.1,0.29,
18:28:35,75996.22,76001.3,-0.7,0.35,
18:28:35,75996.21,76001.3,-0.7,0.22,
18:28:48,75990.16,76003.2,-1.7,0.37,
18:28:48,75990.16,75999.9,-1.3,0.39,
18:28:50,75990.16,76003.3,-1.7,0.17,
18:28:50,75990.17,76003.2,-1.7,0.15,
18:29:03,75990.17,75996.1,-0.8,0.2,
18:29:05,75990.16,75996.1,-0.8,0.16,
18:29:05,75990.16,75996.2,-0.8,0.2,
18:29:18,75979.72,75984.5,-0.6,0.16,
18:29:18,75979.72,75982.4,-0.4,0.25,
18:29:20,75979.71,75982.4,-0.4,0.16,
18:29:21,75979.72,75982.4,-0.4,0.18,
18:29:33,75979.72,75979.2,0.1,0.16,
18:29:35,75979.71,75979.2,0.1,0.15,
18:29:36,75979.71,75979.1,0.1,0.17,
18:29:48,75974.93,75979.2,-0.6,0.28,
18:29:48,75974.93,75979.2,-0.6,0.31,
18:29:50,75974.94,75979.2,-0.6,0.38,
18:29:51,75974.93,75979.1,-0.5,0.73,
18:30:03,76026.91,76028.8,-0.2,0.4,
18:30:05,76015.53,76022.9,-1.0,0.19,
18:30:06,76015.53,76019.0,-0.5,0.19,
18:30:18,76033.15,76033.1,0.0,0.46,
18:30:18,76033.15,76033.0,0.0,0.48,
18:30:20,76028.18,76029.3,-0.1,0.61,
18:30:21,76033.14,76029.3,0.5,0.2,
18:30:33,76035.66,76033.4,0.3,0.14,
18:30:35,76035.66,76033.5,0.3,0.16,
18:30:36,76035.66,76039.8,-0.5,0.36,
18:31:17,76052.6,76059.4,-0.9,0.29,
18:31:17,76052.6,76059.4,-0.9,0.16,
18:31:20,76052.6,76060.8,-1.1,0.22,
18:31:32,76049.22,76046.0,0.4,0.17,
18:31:32,76049.21,76046.0,0.4,0.16,
18:31:33,76049.22,76046.0,0.4,0.17,
18:31:47,76049.22,76055.9,-0.9,0.58,
18:31:47,76049.22,76055.8,-0.9,0.58,
18:31:47,76049.22,76055.9,-0.9,0.57,
18:31:48,76049.21,76050.0,-0.1,0.21,
18:32:02,76018.29,76022.8,-0.6,0.53,
18:32:02,76013.18,76011.5,0.2,0.15,
18:32:03,76022.8,76020.7,0.3,0.14,
18:32:17,76044.89,76052.3,-1.0,0.22,
18:32:17,76044.89,76059.5,-1.9,0.23,
18:32:17,76044.89,76059.9,-2.0,0.67,
18:32:17,76050.98,76062.3,-1.5,0.15,
18:32:31,76050.98,76055.2,-0.6,0.15,
18:32:33,76050.98,76055.2,-0.6,0.17,
18:32:33,76050.98,76055.2,-0.6,0.16,
18:32:47,76063.69,76075.3,-1.5,0.17,
18:32:47,76063.69,76075.3,-1.5,0.21,
18:32:47,76063.69,76075.3,-1.5,0.19,
18:32:48,76063.68,76075.4,-1.5,0.17,
18:33:02,76063.69,76077.9,-1.9,0.23,
18:33:03,76063.69,76077.9,-1.9,0.18,
18:33:03,76063.69,76077.9,-1.9,0.17,
18:33:17,76081.18,76086.6,-0.7,0.17,
18:33:17,76081.18,76086.5,-0.7,0.19,
18:33:17,76081.18,76086.5,-0.7,0.18,
18:33:18,76081.18,76086.0,-0.6,0.17,
18:33:32,76094.87,76100.0,-0.7,0.16,
18:33:33,76094.86,76100.0,-0.7,0.17,
18:33:33,76094.86,76100.0,-0.7,0.17,
18:33:47,76102.48,76100.0,0.3,0.19,
18:33:47,76102.48,76099.9,0.3,0.18,
18:33:47,76102.48,76100.0,0.3,0.21,
18:33:48,76102.48,76109.5,-0.9,0.18,
18:34:02,76078.07,76075.2,0.4,0.27,
18:34:03,76078.08,76075.1,0.4,0.24,
18:34:03,76078.08,76075.1,0.4,0.28,
18:34:17,76060.02,76068.1,-1.1,0.16,
18:34:17,76060.02,76068.1,-1.1,0.22,
18:34:17,76060.02,76068.1,-1.1,0.2,
18:34:18,76060.02,76068.0,-1.0,0.16,
18:34:32,76060.02,76067.4,-1.0,0.18,
18:34:33,76060.01,76067.4,-1.0,0.19,
18:34:33,76060.01,76067.4,-1.0,0.16,
18:34:47,76060.02,76067.3,-1.0,0.51,
18:34:47,76060.02,76067.3,-1.0,0.24,
18:34:48,76060.01,76067.2,-0.9,0.19,
18:35:02,76055.25,76057.8,-0.3,0.29,
18:35:03,76055.25,76057.8,-0.3,0.21,
18:35:03,76055.25,76057.7,-0.3,0.24,
18:35:17,76053.29,76058.0,-0.6,0.19,
18:35:17,76053.29,76058.0,-0.6,0.17,
18:35:17,76053.29,76058.0,-0.6,0.16,
18:35:18,76053.29,76058.0,-0.6,0.46,
18:35:32,76062.69,76066.9,-0.6,0.18,
18:35:33,76062.69,76066.8,-0.5,0.18,
18:35:33,76062.69,76066.8,-0.5,0.16,
18:35:47,76094.86,76094.1,0.1,0.17,
18:35:47,76094.86,76094.0,0.1,0.18,
18:35:47,76094.86,76094.0,0.1,0.25,
18:35:48,76094.85,76094.1,0.1,0.16,
18:36:02,76094.75,76096.9,-0.3,0.33,
18:36:03,76094.75,76096.9,-0.3,0.16,
18:36:03,76094.75,76096.9,-0.3,0.2,
18:36:17,76094.75,76101.0,-0.8,0.15,
18:36:17,76094.75,76101.1,-0.8,0.14,
18:36:17,76094.75,76101.1,-0.8,0.16,
18:36:18,76094.75,76109.5,-1.9,0.15,
18:36:32,76113.28,76116.9,-0.5,0.3,
18:36:33,76113.28,76117.0,-0.5,0.15,
18:36:33,76113.28,76117.0,-0.5,0.16,
18:36:47,76101.51,76101.3,0.0,0.16,
18:36:47,76101.51,76101.3,0.0,0.16,
18:36:48,76101.51,76101.3,0.0,0.46,
18:36:48,76101.5,76101.3,0.0,0.25,
18:37:02,76085.61,76089.4,-0.5,0.14,
18:37:03,76085.62,76082.6,0.4,0.16,
18:37:03,76085.62,76083.6,0.3,0.16,
18:37:17,76076.73,76082.9,-0.8,0.17,
18:37:17,76076.73,76075.0,0.2,0.19,
18:37:17,76076.73,76075.0,0.2,0.16,
18:37:18,76074.78,76074.2,0.1,0.15,
18:37:32,76065.9,76067.5,-0.2,0.18,
18:37:33,76065.9,76072.1,-0.8,0.19,
18:37:33,76065.9,76072.1,-0.8,0.17,
18:37:47,76073.51,76080.8,-1.0,0.18,
18:37:47,76073.51,76080.8,-1.0,0.2,
18:37:47,76073.5,76080.8,-1.0,0.18,
18:37:48,76073.5,76080.8,-1.0,0.16,
18:38:02,76088.55,76098.3,-1.3,0.16,
18:38:03,76088.55,76090.7,-0.3,0.16,
18:38:04,76088.55,76090.6,-0.3,0.68,
18:38:17,76084.18,76081.3,0.4,0.15,
18:38:17,76084.18,76081.0,0.4,0.19,
18:38:17,76084.17,76081.0,0.4,0.16,
18:38:18,76084.17,76081.0,0.4,0.53,
18:38:32,76080.37,76081.0,-0.1,0.15,
18:38:33,76079.02,76081.0,-0.3,0.17,
18:38:33,76079.02,76081.0,-0.3,0.16,
18:38:47,76075.25,76075.1,0.0,0.18,
18:38:47,76075.25,76075.1,0.0,0.18,
18:38:47,76075.25,76075.0,0.0,0.22,
18:38:48,76075.25,76080.9,-0.7,0.22,
18:39:02,76097.34,76098.3,-0.1,0.17,
18:39:03,76091.77,76092.0,-0.0,0.16,
18:39:03,76091.77,76091.8,-0.0,0.45,
18:39:17,76078.15,76082.5,-0.6,0.16,
18:39:17,76078.15,76082.5,-0.6,0.16,
18:39:17,76078.16,76082.5,-0.6,0.36,
18:39:18,76078.16,76082.6,-0.6,0.15,
18:39:32,76061.01,76063.2,-0.3,0.15,
18:39:33,76061.01,76063.2,-0.3,0.16,
18:39:33,76061.01,76063.2,-0.3,0.15,
18:39:47,76061.02,76070.3,-1.2,0.17,
18:39:47,76068.63,76070.4,-0.2,0.19,
18:39:47,76061.02,76070.4,-1.2,0.18,
18:39:48,76071.0,76080.5,-1.2,0.16,
18:40:02,76071.0,76072.9,-0.2,0.21,
18:40:03,76071.0,76073.0,-0.3,0.22,
18:40:03,76071.0,76073.0,-0.3,0.28,
18:40:17,76063.39,76064.8,-0.2,0.15,
18:40:17,76063.39,76064.8,-0.2,0.21,
18:40:17,76063.39,76064.8,-0.2,0.19,
18:40:18,76058.0,76063.1,-0.7,0.16,
18:40:33,76048.48,76049.4,-0.1,0.49,
18:40:33,76048.47,76049.4,-0.1,0.17,
18:40:33,76048.47,76049.5,-0.1,0.17,
18:40:48,76056.09,76060.3,-0.6,0.55,
18:40:48,76056.09,76060.3,-0.6,0.59,
18:40:48,76056.09,76060.3,-0.6,0.57,
18:40:48,76056.09,76062.8,-0.9,0.19,
18:41:02,76056.09,76058.5,-0.3,0.16,
18:41:03,76056.09,76058.4,-0.3,0.15,
18:41:03,76056.08,76058.4,-0.3,0.18,
18:41:18,76056.08,76058.9,-0.4,0.52,
18:41:18,76056.08,76058.9,-0.4,0.51,
18:41:18,76056.08,76058.9,-0.4,0.54,
18:41:18,76056.08,76058.9,-0.4,0.21,
18:41:32,76054.3,76050.1,0.6,0.18,
18:41:33,76050.29,76050.0,0.0,0.17,
18:41:33,76050.29,76050.0,0.0,0.18,
18:41:47,76036.39,76037.9,-0.2,0.18,
18:41:47,76036.39,76037.9,-0.2,0.19,
18:41:47,76036.39,76037.9,-0.2,0.17,
18:41:48,76031.37,76031.9,-0.1,0.22,
18:42:02,76027.98,76038.7,-1.4,0.16,
18:42:03,76027.98,76038.7,-1.4,0.18,
18:42:03,76027.98,76038.7,-1.4,0.18,
18:42:17,76031.88,76041.4,-1.3,0.15,
18:42:17,76031.88,76041.4,-1.3,0.15,
18:42:17,76031.88,76041.5,-1.3,0.2,
18:42:18,76031.88,76041.4,-1.3,0.15,
18:42:32,76046.98,76050.0,-0.4,0.13,
18:42:33,76046.99,76050.1,-0.4,0.17,
18:42:33,76046.99,76050.1,-0.4,0.16,
18:42:47,76046.98,76050.8,-0.5,0.16,
18:42:48,76046.98,76050.7,-0.5,0.16,
18:42:48,76046.98,76050.8,-0.5,0.16,
18:42:49,76046.98,76050.8,-0.5,0.19,
18:43:03,76016.03,76020.0,-0.5,0.15,
18:43:03,76016.04,76020.0,-0.5,0.26,
18:43:03,76016.04,76019.9,-0.5,0.14,
18:43:17,76011.06,76019.6,-1.1,0.17,
18:43:17,76011.06,76019.6,-1.1,0.17,
18:43:18,76011.06,76019.7,-1.1,0.15,
18:43:19,76011.06,76019.7,-1.1,0.64,
18:43:33,76011.06,76021.2,-1.3,0.13,
18:43:33,76011.06,76021.2,-1.3,0.15,
18:43:34,76011.05,76021.2,-1.3,0.48,
18:43:48,76022.79,76034.1,-1.5,0.22,
18:43:48,76022.79,76034.1,-1.5,0.2,
18:43:48,76022.79,76034.1,-1.5,0.23,
18:43:49,76022.8,76034.1,-1.5,0.18,
18:44:41,76052.0,76049.4,0.3,4.92,
18:44:41,76052.0,76049.5,0.3,4.93,
18:44:48,76043.02,76042.6,0.1,0.18,
18:44:48,76043.02,76042.7,0.0,0.17,
18:44:49,76043.02,76044.2,-0.2,0.5,
18:44:49,76043.02,76044.3,-0.2,0.52,
18:45:03,76055.21,76057.2,-0.3,0.17,
18:45:04,76055.2,76057.3,-0.3,0.51,
18:45:04,76055.2,76057.3,-0.3,0.51,
18:45:17,76055.21,76068.9,-1.8,0.16,
18:45:17,76055.21,76068.9,-1.8,0.16,
18:45:18,76055.2,76068.9,-1.8,0.15,
18:45:18,76055.2,76068.9,-1.8,0.19,
18:45:33,76055.21,76061.3,-0.8,0.15,
18:45:33,76055.21,76061.2,-0.8,0.15,
18:45:33,76055.21,76061.2,-0.8,0.18,
18:45:48,76053.07,76056.4,-0.4,0.17,
18:45:48,76053.07,76054.8,-0.2,0.17,
18:46:21,76053.08,76063.7,-1.4,0.24,
18:46:21,76053.08,76063.6,-1.4,0.27,
18:46:22,76053.07,76063.7,-1.4,0.32,
18:46:33,76053.08,76057.7,-0.6,0.14,
18:46:33,76053.08,76057.6,-0.6,0.17,
18:46:33,76053.08,76057.7,-0.6,0.17,
18:46:47,76053.07,76062.9,-1.3,0.15,
18:46:47,76053.07,76062.9,-1.3,0.16,
18:46:48,76053.08,76062.9,-1.3,0.19,
18:46:49,76053.08,76062.9,-1.3,0.2,
18:47:03,76053.07,76056.9,-0.5,0.16,
18:47:03,76053.08,76063.0,-1.3,0.18,
18:47:03,76053.08,76062.2,-1.2,0.18,
18:47:18,76060.69,76072.1,-1.5,0.18,
18:47:18,76060.69,76072.2,-1.5,0.2,
18:47:18,76060.68,76072.2,-1.5,0.17,
18:47:19,76060.68,76072.2,-1.5,0.29,
18:47:34,76068.29,76074.2,-0.8,0.57,
18:47:34,76068.29,76074.3,-0.8,0.63,
18:47:34,76068.29,76074.3,-0.8,0.58,
18:47:48,76068.28,76072.0,-0.5,0.16,
18:47:48,76068.28,76072.1,-0.5,0.17,
18:47:48,76068.28,76072.0,-0.5,0.16,
18:47:48,76068.28,76072.0,-0.5,0.23,
18:48:03,76046.98,76053.5,-0.9,0.21,
18:48:03,76046.98,76053.5,-0.9,0.16,
18:48:03,76046.98,76053.5,-0.9,0.16,
18:48:18,76046.97,76057.6,-1.4,0.17,
18:48:18,76046.97,76057.6,-1.4,0.19,
18:48:18,76046.98,76057.7,-1.4,0.15,
18:48:18,76046.98,76057.7,-1.4,0.17,
18:48:34,76046.97,76057.6,-1.4,0.6,
18:48:34,76046.98,76057.6,-1.4,0.59,
18:48:34,76046.98,76057.6,-1.4,0.57,
18:48:48,76044.42,76045.3,-0.1,0.16,
18:48:48,76044.42,76045.3,-0.1,0.17,
18:48:49,76044.42,76047.5,-0.4,0.25,
18:48:49,76044.42,76047.5,-0.4,0.28,
18:49:03,76044.42,76055.4,-1.4,0.16,
18:49:03,76044.42,76055.5,-1.5,0.17,
18:49:03,76044.42,76055.5,-1.5,0.19,
18:49:18,76058.46,76063.5,-0.7,0.15,
18:49:18,76058.46,76063.4,-0.6,0.16,
18:49:18,76058.47,76063.4,-0.6,0.18,
18:49:18,76058.47,76063.4,-0.6,0.17,
18:49:33,76030.01,76063.7,-4.4,0.14,
18:49:33,76030.01,76035.6,-0.7,0.16,
18:49:33,76030.01,76033.2,-0.4,0.17,
18:49:48,76042.61,76044.7,-0.3,0.51,
18:49:48,76042.61,76044.7,-0.3,0.52,
18:49:49,76042.6,76044.7,-0.3,0.55,
18:49:49,76042.6,76044.7,-0.3,0.57,
18:50:57,76022.71,76032.1,-1.2,4.8,
18:50:57,76022.71,76032.2,-1.2,4.69,
18:51:04,76022.71,76032.2,-1.2,0.19,
18:51:05,76022.72,76032.2,-1.2,0.18,
18:51:05,76022.72,76032.2,-1.2,0.18,
18:51:13,76030.33,76034.7,-0.6,0.15,
18:51:13,76030.33,76034.6,-0.6,0.16,
18:51:20,76030.33,76034.7,-0.6,0.15,
18:51:20,76030.33,76034.7,-0.6,0.16,
18:51:34,76030.32,76034.6,-0.6,0.18,
18:51:35,76030.32,76034.6,-0.6,0.18,
18:51:35,76030.32,76034.6,-0.6,0.19,
18:51:43,76030.33,76034.7,-0.6,0.15,
18:51:43,76030.33,76034.7,-0.6,0.16,
18:51:50,76030.32,76041.3,-1.4,0.18,
18:51:50,76030.32,76041.3,-1.4,0.16,
18:52:04,76037.94,76053.2,-2.0,0.17,
18:52:05,76037.94,76053.3,-2.0,0.16,
18:52:05,76037.94,76053.3,-2.0,0.16,
18:52:13,76050.68,76056.6,-0.8,0.16,
18:52:13,76050.68,76056.5,-0.8,0.15,
18:52:20,76035.2,76042.6,-1.0,0.16,
18:52:20,76035.2,76043.7,-1.1,0.23,
18:52:35,76035.1,76034.8,0.0,0.16,
18:52:35,76035.1,76034.7,0.1,0.22,
18:52:35,76035.1,76034.7,0.1,0.2,
18:52:43,76035.1,76037.7,-0.3,0.16,
18:52:43,76035.1,76037.7,-0.3,0.19,
18:52:50,76024.01,76027.4,-0.4,0.2,
18:52:50,76024.01,76027.4,-0.4,0.21,
18:53:05,76024.0,76027.4,-0.4,0.17,
18:53:05,76024.0,76027.4,-0.4,0.18,
18:53:05,76024.0,76027.4,-0.4,0.18,
18:53:13,76024.0,76031.1,-0.9,0.2,
18:53:13,76024.0,76031.1,-0.9,0.21,
18:53:20,76023.99,76031.0,-0.9,0.16,
18:53:20,76023.99,76031.1,-0.9,0.15,
18:53:35,76024.0,76024.4,-0.1,0.53,
18:53:35,76024.0,76024.4,-0.1,0.15,
18:53:35,76024.0,76024.4,-0.1,0.18,
18:53:43,76024.0,76024.3,-0.0,0.16,
18:53:43,76024.0,76024.3,-0.0,0.19,
18:53:50,76023.99,76024.3,-0.0,0.19,
18:53:50,76023.99,76024.4,-0.1,0.19,
18:54:05,76038.52,76050.8,-1.6,0.18,
18:54:05,76038.52,76050.8,-1.6,0.17,
18:54:05,76038.52,76050.8,-1.6,0.18,
18:54:13,76038.53,76050.8,-1.6,0.55,
18:54:13,76038.53,76050.7,-1.6,0.6,
18:54:20,76038.53,76050.8,-1.6,0.18,
18:54:20,76038.53,76050.8,-1.6,0.18,
18:54:35,76038.52,76050.7,-1.6,0.17,
18:54:35,76038.53,76050.7,-1.6,0.16,
18:54:35,76038.53,76050.7,-1.6,0.16,
18:54:43,76038.52,76050.7,-1.6,0.17,
18:54:43,76038.52,76050.8,-1.6,0.28,
18:54:50,76038.52,76050.8,-1.6,0.19,
18:54:50,76038.52,76050.9,-1.6,0.19,
18:55:05,76038.52,76048.6,-1.3,0.17,
18:55:05,76038.52,76048.6,-1.3,0.17,
18:55:05,76038.52,76048.6,-1.3,0.17,
18:55:13,76038.53,76050.7,-1.6,0.19,
18:55:13,76038.52,76050.7,-1.6,0.18,
18:55:20,76038.53,76053.6,-2.0,0.17,
18:55:20,76038.53,76053.6,-2.0,0.19,
18:55:35,76038.52,76044.6,-0.8,0.16,
18:55:35,76038.52,76044.5,-0.8,0.18,
18:55:35,76038.52,76044.5,-0.8,0.24,
18:55:43,76038.52,76044.5,-0.8,0.16,
18:55:43,76038.52,76044.5,-0.8,0.18,
18:55:51,76038.52,76044.6,-0.8,0.44,
18:55:51,76038.52,76044.6,-0.8,0.47,
18:56:05,76024.36,76024.7,-0.0,0.43,
18:56:05,76024.36,76024.7,-0.0,0.17,
18:56:05,76024.36,76024.7,-0.0,0.16,
18:56:13,76022.72,76023.1,-0.0,0.17,
18:56:13,76022.72,76023.1,-0.0,0.19,
18:56:20,76009.43,76015.3,-0.8,0.16,
18:56:20,76009.43,76015.3,-0.8,0.15,
18:56:35,76009.43,76015.2,-0.8,0.61,
18:56:35,76009.43,76015.2,-0.8,0.17,
18:56:36,76009.43,76015.3,-0.8,0.21,
18:56:43,76009.42,76015.2,-0.8,0.17,
18:56:43,76009.42,76015.2,-0.8,0.17,
18:56:51,76009.43,76019.1,-1.3,0.65,
18:56:51,76009.43,76019.1,-1.3,0.61,
18:57:05,76020.25,76025.9,-0.7,0.19,
18:57:05,76020.25,76025.9,-0.7,0.2,
18:57:05,76020.25,76025.9,-0.7,0.19,
18:57:13,76023.75,76033.9,-1.3,0.19,
18:57:13,76023.75,76033.9,-1.3,0.29,
18:57:20,76023.75,76033.8,-1.3,0.17,
18:57:20,76023.75,76033.8,-1.3,0.17,
18:57:35,76023.74,76027.4,-0.5,0.14,
18:57:36,76023.75,76027.4,-0.5,0.16,
18:57:36,76023.75,76027.4,-0.5,0.17,
18:57:43,76023.75,76033.2,-1.2,0.17,
18:57:43,76023.75,76033.2,-1.2,0.17,
18:57:51,76023.75,76033.9,-1.3,0.2,
18:57:51,76023.75,76033.8,-1.3,0.29,
18:58:05,76023.74,76027.0,-0.4,0.53,
18:58:06,76023.74,76026.9,-0.4,0.18,
18:58:06,76023.74,76026.9,-0.4,0.17,
18:58:13,76020.26,76027.0,-0.9,0.2,
18:58:13,76020.26,76027.0,-0.9,0.22,
18:58:21,76020.26,76018.4,0.2,0.17,
18:58:21,76020.26,76018.4,0.2,0.18,
18:58:35,76020.25,76022.2,-0.3,0.21,
18:58:36,76020.25,76022.2,-0.3,0.19,
18:58:36,76020.25,76022.2,-0.3,0.23,
18:58:43,76020.25,76022.2,-0.3,0.18,
18:58:43,76020.25,76022.2,-0.3,0.18,
18:58:51,76020.26,76022.2,-0.3,0.17,
18:58:52,76020.26,76022.3,-0.3,0.18,
18:59:05,76020.0,76018.8,0.2,0.4,
18:59:06,76020.01,76018.8,0.2,0.16,
18:59:06,76020.01,76018.7,0.2,0.16,
18:59:13,76020.0,76027.4,-1.0,0.15,
18:59:21,76027.62,76038.5,-1.4,0.18,
18:59:21,76027.62,76038.5,-1.4,0.21,
18:59:35,76035.23,76034.7,0.1,0.15,
18:59:36,76035.23,76044.5,-1.2,0.15,
18:59:36,76035.23,76044.5,-1.2,0.16,
18:59:44,76035.23,76044.5,-1.2,0.21,
18:59:44,76035.23,76044.5,-1.2,0.19,
18:59:51,76035.23,76044.5,-1.2,0.18,
18:59:51,76035.23,76044.5,-1.2,0.18,
19:00:05,76062.17,76061.9,0.0,0.16,
19:00:06,76062.18,76061.9,0.0,0.16,
19:00:06,76062.18,76070.8,-1.1,0.23,
19:00:13,76060.88,76058.4,0.3,0.17,
19:00:13,76060.88,76058.4,0.3,0.17,
19:00:21,76050.01,76059.3,-1.2,0.17,
19:00:21,76050.01,76059.3,-1.2,0.19,
19:00:35,76037.31,76039.9,-0.3,0.17,
19:00:36,76037.31,76039.3,-0.3,0.17,
19:00:36,76037.31,76039.2,-0.2,0.16,
19:00:44,76032.79,76040.8,-1.1,0.6,
19:00:44,76032.79,76040.8,-1.1,0.64,
19:00:51,76032.79,76036.7,-0.5,0.18,
19:00:51,76048.63,76036.7,1.6,0.52,
19:01:05,76048.61,76050.1,-0.2,0.22,
19:01:06,76048.61,76050.0,-0.2,0.61,
19:01:06,76048.61,76050.0,-0.2,0.57,
19:01:13,76048.61,76064.0,-2.0,0.18,
19:01:13,76048.61,76063.7,-2.0,0.21,
19:01:21,76060.89,76067.0,-0.8,0.18,
19:01:21,76060.89,76071.9,-1.4,0.22,
19:01:35,76052.77,76056.4,-0.5,0.15,
19:01:36,76052.76,76056.4,-0.5,0.15,
19:01:36,76052.76,76056.4,-0.5,0.16,
19:01:43,76052.77,76058.1,-0.7,0.16,
19:01:43,76052.77,76058.1,-0.7,0.19,
19:01:51,76052.77,76058.0,-0.7,0.21,
19:01:51,76052.77,76058.0,-0.7,0.3,
19:02:05,76059.83,76057.1,0.4,0.16,
19:02:06,76059.83,76057.0,0.4,0.14,
19:02:06,76059.83,76057.0,0.4,0.16,
19:02:13,76058.9,76057.0,0.2,0.15,
19:02:21,76058.89,76070.8,-1.6,0.15,
19:02:21,76058.89,76070.8,-1.6,0.22,
19:02:35,76046.01,76059.2,-1.7,0.16,
19:02:36,76046.01,76059.2,-1.7,0.16,
19:02:36,76046.01,76063.2,-2.3,0.16,
19:02:44,76059.0,76070.6,-1.5,0.17,
19:02:44,76059.0,76070.5,-1.5,0.18,
19:02:51,76075.75,76088.2,-1.6,0.22,
19:02:51,76075.75,76088.2,-1.6,0.18,
19:03:05,76075.75,76084.6,-1.2,0.19,
19:03:06,76075.74,76084.6,-1.2,0.16,
19:03:06,76075.74,76084.6,-1.2,0.23,
19:03:14,76075.75,76081.8,-0.8,0.57,
19:03:14,76075.75,76081.7,-0.8,0.57,
19:03:21,76071.68,76073.1,-0.2,0.16,
19:03:21,76071.68,76073.1,-0.2,0.19,
19:03:35,76056.01,76058.0,-0.3,0.16,
19:03:36,76056.0,76058.0,-0.3,0.17,
19:03:36,76056.0,76058.1,-0.3,0.18,
19:03:44,76056.0,76061.4,-0.7,0.17,
19:03:44,76056.0,76061.5,-0.7,0.19,
19:03:51,76056.01,76061.5,-0.7,0.17,
19:03:51,76056.01,76061.4,-0.7,0.22,
19:04:05,76075.74,76088.6,-1.7,0.2,
19:04:06,76075.75,76088.6,-1.7,0.25,
19:04:06,76075.75,76088.6,-1.7,0.28,
19:04:14,76075.74,76088.6,-1.7,0.17,
19:04:14,76075.74,76088.7,-1.7,0.17,
19:04:21,76075.74,76088.6,-1.7,0.16,
19:04:21,76075.74,76088.7,-1.7,0.16,
19:04:35,76075.75,76088.7,-1.7,0.18,
19:04:36,76075.74,76088.6,-1.7,0.15,
19:04:36,76075.74,76088.6,-1.7,0.16,
19:04:44,76075.75,76088.7,-1.7,0.16,
19:04:44,76075.75,76088.7,-1.7,0.15,
19:04:51,76089.23,76088.6,0.1,0.37,
19:04:51,76089.23,76088.6,0.1,0.34,
19:05:05,76094.33,76108.0,-1.8,0.15,
19:05:06,76094.33,76108.0,-1.8,0.19,
19:05:06,76094.33,76108.0,-1.8,0.51,
19:05:14,76094.31,76094.3,0.0,0.18,
19:05:14,76094.31,76094.3,0.0,0.21,
19:05:21,76094.31,76094.4,-0.0,0.17,
19:05:21,76094.31,76094.4,-0.0,0.18,
19:05:36,76089.67,76094.8,-0.7,0.17,
19:05:36,76089.67,76094.9,-0.7,0.19,
19:05:36,76089.67,76094.8,-0.7,0.17,
19:05:44,76089.67,76094.8,-0.7,0.18,
19:05:44,76089.67,76094.9,-0.7,0.22,
19:05:51,76089.67,76094.5,-0.6,0.19,
19:05:51,76089.67,76094.6,-0.6,0.29,
19:06:33,76119.32,76121.2,-0.2,0.29,
19:06:33,76119.32,76121.1,-0.2,0.23,
19:06:33,76119.33,76121.2,-0.2,0.15,
19:06:33,76119.33,76121.1,-0.2,0.16,
19:06:35,76119.32,76121.1,-0.2,0.23,
19:06:35,76119.32,76121.1,-0.2,0.29,
19:06:44,76119.33,76121.6,-0.3,0.15,
19:06:44,76119.33,76121.7,-0.3,0.15,
19:06:48,76119.33,76125.0,-0.7,0.16,
19:06:48,76119.33,76125.0,-0.7,0.22,
19:07:02,76096.5,76105.4,-1.2,0.15,
19:07:03,76096.5,76105.4,-1.2,0.18,
19:07:03,76096.5,76105.4,-1.2,0.17,
19:07:14,76096.51,76102.6,-0.8,0.17,
19:07:14,76096.51,76102.6,-0.8,0.17,
19:07:18,76096.51,76102.7,-0.8,0.15,
19:07:18,76096.51,76102.7,-0.8,0.22,
19:07:32,76117.64,76123.8,-0.8,0.17,
19:07:33,76117.65,76121.5,-0.5,0.17,
19:07:33,76117.65,76121.5,-0.5,0.23,
19:07:44,76100.89,76102.7,-0.2,0.18,
19:07:44,76100.89,76102.7,-0.2,0.3,
19:07:48,76099.69,76102.7,-0.4,0.18,
19:07:48,76099.69,76102.7,-0.4,0.2,
19:08:02,76099.7,76104.9,-0.7,0.21,
19:08:03,76099.7,76104.9,-0.7,0.17,
19:08:03,76099.7,76104.9,-0.7,0.18,
19:08:14,76099.7,76102.4,-0.4,0.15,
19:08:14,76099.7,76102.5,-0.4,0.16,
19:08:18,76090.3,76094.5,-0.6,0.17,
19:08:18,76090.3,76094.4,-0.5,0.17,
19:08:32,76111.4,76120.5,-1.2,0.16,
19:08:33,76111.39,76120.5,-1.2,0.15,
19:08:44,76119.75,76126.6,-0.9,0.16,
19:08:44,76119.75,76126.7,-0.9,0.16,
19:08:48,76119.75,76122.6,-0.4,0.16,
19:08:48,76119.74,76122.6,-0.4,0.27,
19:09:02,76113.17,76119.0,-0.8,0.15,
19:09:03,76113.16,76119.1,-0.8,0.17,
19:09:03,76113.16,76119.0,-0.8,0.16,
19:09:14,76113.17,76116.5,-0.4,0.15,
19:09:14,76113.17,76116.5,-0.4,0.14,
19:09:18,76113.17,76116.5,-0.4,0.16,
19:09:18,76113.17,76116.5,-0.4,0.16,
19:09:32,76136.0,76141.7,-0.7,0.17,
19:09:33,76184.19,76201.9,-2.3,0.18,
19:09:33,76184.18,76201.9,-2.3,0.16,
19:09:45,76155.75,76164.3,-1.1,0.61,
19:09:45,76155.75,76158.1,-0.3,0.64,
19:09:49,76159.99,76170.4,-1.4,0.15,
19:09:49,76159.99,76170.4,-1.4,0.22,
19:10:02,76173.33,76181.7,-1.1,0.17,
19:10:04,76173.32,76181.6,-1.1,0.24,
19:10:04,76173.33,76181.6,-1.1,0.27,
19:10:14,76173.33,76182.6,-1.2,0.16,
19:10:14,76173.33,76182.6,-1.2,0.24,
19:10:18,76173.33,76177.3,-0.5,0.17,
19:10:19,76173.33,76177.3,-0.5,0.18,
19:10:32,76179.81,76186.5,-0.9,0.23,
19:10:33,76179.81,76186.6,-0.9,0.2,
19:10:33,76179.81,76186.6,-0.9,0.21,
19:10:44,76196.31,76203.0,-0.9,0.2,
19:10:44,76196.31,76203.0,-0.9,0.21,
19:10:49,76196.31,76203.0,-0.9,0.63,
19:10:49,76196.31,76203.0,-0.9,0.63,
19:11:02,76191.66,76196.3,-0.6,0.18,
19:11:03,76185.44,76196.4,-1.4,0.16,
19:11:04,76185.44,76196.4,-1.4,0.18,
19:11:14,76185.43,76193.9,-1.1,0.18,
19:11:14,76185.43,76194.0,-1.1,0.28,
19:11:19,76196.21,76195.7,0.1,0.64,
19:11:19,76196.21,76195.6,0.1,0.6,
19:11:32,76196.22,76199.1,-0.4,0.18,
19:11:34,76196.22,76201.7,-0.7,0.24,
19:11:34,76196.22,76201.7,-0.7,0.31,
19:11:44,76196.21,76198.3,-0.3,0.18,
19:11:44,76196.21,76198.4,-0.3,0.24,
19:11:49,76188.0,76187.9,0.0,0.53,
19:11:49,76188.0,76197.4,-1.2,0.6,
19:12:02,76200.0,76204.8,-0.6,0.19,
19:12:04,76200.0,76204.8,-0.6,0.2,

19:12:14,76201.7,76203.7,-0.3,0.17,
19:12:14,76201.7,76203.7,-0.3,0.18,
19:12:19,76201.7,76208.1,-0.8,0.24,
19:12:19,76201.7,76208.1,-0.8,0.24,
19:12:33,76222.69,76226.6,-0.5,0.61,
19:12:34,76222.7,76226.6,-0.5,0.34,
19:12:34,76222.7,76226.6,-0.5,0.34,
19:12:44,76206.8,76215.6,-1.2,0.15,
19:12:44,76206.8,76215.7,-1.2,0.27,
19:12:49,76206.79,76215.6,-1.2,0.18,
19:12:49,76206.79,76215.7,-1.2,0.19,
19:13:03,76219.52,76219.4,0.0,0.19,
19:13:04,76219.51,76219.4,0.0,0.17,
19:13:04,76219.51,76219.5,0.0,0.2,
19:13:14,76207.11,76207.3,-0.0,0.15,
19:13:19,76201.4,76205.9,-0.6,0.16,
19:13:19,76201.4,76205.9,-0.6,0.17,
19:13:32,76186.34,76190.8,-0.6,0.16,
19:13:34,76186.34,76190.7,-0.6,0.17,
19:13:34,76186.34,76190.7,-0.6,0.2,
19:13:44,76180.17,76184.2,-0.5,0.15,
19:13:44,76180.17,76184.2,-0.5,0.15,
19:13:48,76180.17,76191.7,-1.5,0.16,
19:13:48,76180.17,76191.7,-1.5,0.15,
19:14:03,76146.09,76150.2,-0.5,0.15,
19:14:04,76146.09,76150.1,-0.5,0.15,
19:14:04,76146.09,76150.2,-0.5,0.2,
19:14:14,76152.05,76160.3,-1.1,0.16,
19:14:15,76156.43,76160.4,-0.5,0.47,
19:14:19,76159.88,76164.7,-0.6,0.16,
19:14:33,76165.07,76172.8,-1.0,0.21,
19:14:34,76165.07,76172.7,-1.0,0.17,
19:14:34,76165.07,76172.7,-1.0,0.16,
19:14:44,76172.38,76173.0,-0.1,0.26,
19:14:44,76172.38,76173.0,-0.1,0.26,
19:14:49,76166.61,76173.0,-0.8,0.18,
19:15:03,76146.08,76142.0,0.5,0.23,
19:15:04,76142.15,76142.0,0.0,0.16,
19:15:05,76142.15,76142.0,0.0,1.03,
19:15:15,76142.16,76148.3,-0.8,0.17,
19:15:15,76142.16,76148.2,-0.8,0.2,
19:15:19,76149.78,76151.7,-0.3,0.15,
19:15:19,76149.78,76151.8,-0.3,0.16,
19:15:33,76149.78,76153.7,-0.5,0.16,
19:15:34,76149.78,76153.7,-0.5,0.18,
19:15:34,76149.78,76153.7,-0.5,0.19,
19:15:45,76168.54,76171.8,-0.4,0.18,
19:15:45,76168.54,76171.8,-0.4,0.16,
19:15:49,76180.37,76181.3,-0.1,0.19,
19:15:49,76180.37,76181.4,-0.1,0.27,
19:16:36,76175.28,76185.0,-1.3,0.29,
19:16:36,76175.28,76185.1,-1.3,0.3,
19:16:45,76155.37,76162.2,-0.9,0.15,
19:16:45,76155.37,76162.3,-0.9,0.17,
19:16:48,76155.37,76158.2,-0.4,0.15,
19:16:48,76155.37,76158.2,-0.4,0.2,
19:17:03,76155.37,76161.5,-0.8,0.17,
19:17:03,76155.37,76161.5,-0.8,0.17,
19:17:03,76155.37,76161.5,-0.8,0.22,
19:17:15,76180.71,76186.2,-0.7,0.18,
19:17:15,76180.71,76186.3,-0.7,0.21,
19:17:18,76183.05,76192.7,-1.3,0.21,
19:17:18,76183.05,76192.7,-1.3,0.23,
19:17:33,76185.84,76194.8,-1.2,0.17,
19:17:33,76185.84,76194.7,-1.2,0.18,
19:17:33,76185.84,76194.7,-1.2,0.23,
19:17:45,76191.44,76194.6,-0.4,0.63,
19:17:45,76191.44,76194.7,-0.4,0.63,
19:17:48,76173.97,76178.7,-0.6,0.18,
19:17:48,76173.97,76178.7,-0.6,0.17,
19:18:03,76164.82,76169.6,-0.6,0.18,
19:18:03,76164.82,76169.1,-0.6,0.18,
19:18:03,76164.82,76169.6,-0.6,0.2,
19:18:15,76157.99,76166.5,-1.1,0.18,
19:18:15,76157.99,76161.8,-0.5,0.3,
19:18:18,76158.0,76161.5,-0.5,0.22,
19:18:18,76158.0,76161.5,-0.5,0.19,
19:18:33,76150.64,76161.2,-1.4,0.17,
19:18:33,76150.64,76161.2,-1.4,0.17,
19:18:33,76150.64,76161.2,-1.4,0.17,
19:18:45,76150.63,76155.9,-0.7,0.16,
19:18:45,76150.63,76155.8,-0.7,0.25,
19:18:48,76149.74,76149.4,0.0,0.16,
19:18:48,76149.74,76149.3,0.1,0.26,
19:19:03,76140.96,76142.7,-0.2,0.14,
19:19:03,76140.96,76142.6,-0.2,0.15,
19:19:03,76140.96,76142.7,-0.2,0.18,
19:19:15,76140.49,76138.9,0.2,0.17,
19:19:15,76140.49,76138.9,0.2,0.2,
19:19:18,76140.49,76138.9,0.2,0.18,
19:19:18,76140.49,76138.9,0.2,0.17,
19:19:34,76140.49,76142.9,-0.3,0.16,
19:19:34,76140.49,76142.9,-0.3,0.16,
19:19:34,76140.49,76142.9,-0.3,0.61,
19:19:45,76140.48,76148.2,-1.0,0.16,
19:19:45,76140.48,76148.2,-1.0,0.2,
19:19:49,76140.49,76148.2,-1.0,0.15,
19:19:49,76140.49,76148.2,-1.0,0.15,
19:20:03,76140.49,76142.9,-0.3,0.15,
19:20:04,76140.49,76142.9,-0.3,0.14,
19:20:04,76140.49,76143.0,-0.3,0.18,
19:20:15,76140.48,76142.9,-0.3,0.16,
19:20:15,76140.48,76143.0,-0.3,0.2,
19:20:19,76140.48,76142.9,-0.3,0.2,
19:20:19,76140.48,76142.9,-0.3,0.22,
19:20:34,76140.48,76143.0,-0.3,0.63,
19:20:34,76140.49,76143.0,-0.3,0.19,
19:20:34,76140.49,76143.0,-0.3,0.24,
19:20:45,76148.1,76157.8,-1.3,0.21,
19:20:45,76148.1,76157.8,-1.3,0.2,
19:20:49,76155.7,76161.3,-0.7,0.17,
19:20:49,76155.7,76161.3,-0.7,0.19,
19:21:03,76143.76,76146.4,-0.3,0.18,
19:21:04,76143.76,76146.4,-0.3,0.14,
19:21:04,76143.76,76146.5,-0.4,0.14,
19:21:15,76135.36,76138.5,-0.4,0.43,
19:21:15,76135.36,76138.5,-0.4,0.47,
19:21:19,76126.21,76138.5,-1.6,0.15,
19:21:19,76126.21,76135.2,-1.2,0.26,
19:21:33,76124.01,76124.0,0.0,0.16,
19:21:34,76124.0,76123.9,0.0,0.18,
19:21:34,76124.0,76123.9,0.0,0.17,
19:21:45,76124.0,76123.9,0.0,0.14,
19:21:45,76124.0,76123.9,0.0,0.16,
19:21:49,76124.0,76123.9,0.0,0.16,
19:21:49,76124.0,76123.9,0.0,0.15,
19:22:03,76115.94,76120.8,-0.6,0.17,
19:22:04,76115.94,76120.8,-0.6,0.17,
19:22:04,76115.94,76120.8,-0.6,0.16,
19:22:15,76115.95,76124.1,-1.1,0.15,
19:22:15,76115.95,76124.2,-1.1,0.18,
19:22:19,76115.95,76124.2,-1.1,0.18,
19:22:19,76115.95,76124.2,-1.1,0.17,
19:22:33,76123.57,76134.9,-1.5,0.18,
19:22:34,76123.56,76135.0,-1.5,0.17,
19:22:34,76123.56,76135.0,-1.5,0.24,
19:22:45,76131.19,76134.9,-0.5,0.14,
19:22:45,76131.19,76134.9,-0.5,0.16,
19:22:49,76131.18,76135.0,-0.5,0.16,
19:22:49,76131.18,76134.9,-0.5,0.17,
19:23:03,76131.17,76135.0,-0.5,0.16,
19:23:04,76131.17,76135.0,-0.5,0.14,
19:23:04,76131.17,76135.0,-0.5,0.14,
19:23:45,76125.01,76125.6,-0.1,0.3,
19:23:45,76125.01,76131.1,-0.8,0.31,
19:23:45,76125.0,76125.0,0.0,0.17,
19:23:45,76125.0,76125.0,0.0,0.17,
19:23:46,76125.0,76125.1,-0.0,0.15,
19:24:00,76119.93,76119.7,0.0,0.17,
19:24:00,76119.93,76119.8,0.0,0.16,
19:24:03,76119.94,76119.7,0.0,0.28,
19:24:14,76119.94,76123.5,-0.5,0.17,
19:24:14,76119.94,76123.5,-0.5,0.17,
19:24:15,76119.94,76123.5,-0.5,0.19,
19:24:15,76119.94,76123.6,-0.5,0.15,
19:24:30,76119.94,76123.5,-0.5,0.18,
19:24:30,76119.94,76123.6,-0.5,0.23,
19:24:33,76119.93,76123.6,-0.5,0.16,
19:24:44,76119.93,76116.2,0.5,0.52,
19:24:44,76119.93,76116.2,0.5,0.53,
19:24:45,76119.93,76116.1,0.5,0.14,
19:24:45,76119.93,76116.1,0.5,0.15,
19:25:00,76095.0,76094.2,0.1,0.17,
19:25:00,76095.0,76094.1,0.1,0.19,
19:25:03,76093.12,76091.5,0.2,0.16,
19:25:14,76093.11,76093.8,-0.1,0.17,
19:25:14,76093.11,76093.8,-0.1,0.2,
19:25:15,76093.11,76096.7,-0.5,0.18,
19:25:15,76093.11,76096.9,-0.5,0.21,
19:25:30,76093.12,76095.0,-0.2,0.17,
19:25:30,76093.12,76095.0,-0.2,0.17,
19:25:33,76093.11,76095.1,-0.3,0.16,
19:25:44,76093.11,76095.1,-0.3,0.17,
19:25:44,76093.11,76095.0,-0.2,0.16,
19:25:45,76093.12,76100.0,-0.9,0.14,
19:25:45,76093.12,76100.0,-0.9,0.16,
19:26:00,76093.12,76100.6,-1.0,0.17,
19:26:00,76093.12,76100.5,-1.0,0.17,
19:26:03,76093.11,76100.5,-1.0,0.14,
19:26:14,76115.4,76117.6,-0.3,0.19,
19:26:14,76115.4,76117.6,-0.3,0.2,
19:26:15,76115.41,76114.5,0.1,0.16,
19:26:15,76115.41,76114.6,0.1,0.15,
19:26:31,76115.41,76114.5,0.1,0.18,
19:26:31,76115.41,76114.5,0.1,0.2,
19:26:33,76115.41,76114.5,0.1,0.15,
19:26:44,76112.08,76110.0,0.3,0.15,
19:26:44,76112.08,76110.0,0.3,0.15,
19:26:45,76112.09,76110.1,0.3,0.15,
19:26:45,76112.09,76110.1,0.3,0.16,
19:27:00,76112.09,76114.5,-0.3,0.17,
19:27:00,76112.09,76114.5,-0.3,0.15,
19:27:03,76112.09,76114.6,-0.3,0.2,
19:27:14,76112.09,76114.6,-0.3,0.17,
19:27:15,76112.09,76114.6,-0.3,0.16,
19:27:15,76112.09,76114.5,-0.3,0.16,
19:27:30,76110.04,76110.0,0.0,0.16,
19:27:30,76110.04,76110.0,0.0,0.16,
19:27:33,76110.03,76110.0,0.0,0.15,
19:27:44,76110.03,76106.8,0.4,0.15,
19:27:44,76110.03,76106.9,0.4,0.15,
19:27:45,76110.04,76106.9,0.4,0.16,
19:27:45,76110.04,76106.8,0.4,0.18,
19:28:00,76109.02,76114.6,-0.7,0.16,
19:28:01,76109.02,76114.6,-0.7,0.24,
19:28:03,76109.02,76114.6,-0.7,0.15,
19:28:14,76114.53,76114.5,0.0,0.15,
19:28:14,76114.53,76114.5,0.0,0.17,
19:28:15,76107.28,76114.5,-0.9,0.15,
19:28:15,76107.28,76114.6,-1.0,0.17,
19:28:30,76107.29,76111.3,-0.5,0.15,
19:28:31,76107.29,76111.4,-0.5,0.25,
19:28:34,76107.28,76111.3,-0.5,0.18,
19:28:44,76107.29,76111.4,-0.5,0.17,
19:28:44,76107.29,76111.4,-0.5,0.19,
19:28:45,76107.28,76111.3,-0.5,0.14,
19:28:45,76107.28,76111.3,-0.5,0.14,
19:29:00,76107.28,76111.4,-0.5,0.17,
19:29:01,76107.28,76111.3,-0.5,0.26,
19:29:03,76114.91,76114.5,0.1,0.15,
19:29:14,76114.9,76112.5,0.3,0.2,
19:29:14,76114.9,76112.6,0.3,0.2,
19:29:15,76114.91,76112.5,0.3,0.15,
19:29:15,76114.91,76112.5,0.3,0.15,
19:29:30,76114.91,76114.8,0.0,0.15,
19:29:30,76114.91,76114.8,0.0,0.15,
19:29:33,76114.9,76114.9,0.0,0.15,
19:29:44,76109.21,76112.6,-0.4,0.15,
19:29:44,76109.21,76112.5,-0.4,0.18,
19:29:45,76109.21,76112.5,-0.4,0.16,
19:29:46,76109.21,76112.5,-0.4,0.18,
19:30:01,76109.21,76114.8,-0.7,0.21,
19:30:01,76109.21,76114.8,-0.7,0.17,
19:30:04,76109.2,76114.9,-0.7,0.16,
19:30:14,76109.98,76109.8,0.0,0.15,
19:30:14,76109.98,76109.7,0.0,0.17,
19:30:16,76109.98,76109.7,0.0,0.17,
19:30:16,76109.98,76109.8,0.0,0.18,
19:30:31,76095.02,76093.4,0.2,0.16,
19:30:31,76095.02,76093.4,0.2,0.21,
19:30:34,76095.03,76093.3,0.2,0.17,
19:30:44,76095.03,76096.7,-0.2,0.16,
19:30:44,76095.03,76096.7,-0.2,0.14,
19:30:46,76095.03,76096.6,-0.2,0.19,
19:30:46,76095.03,76096.6,-0.2,0.19,
19:31:00,76102.64,76105.2,-0.3,0.14,
19:31:01,76102.64,76105.2,-0.3,0.17,
19:31:04,76102.64,76105.2,-0.3,0.15,
19:31:14,76097.44,76098.7,-0.2,0.19,
19:31:14,76097.44,76098.7,-0.2,0.23,
19:31:16,76097.44,76098.1,-0.1,0.15,
19:31:16,76097.44,76098.1,-0.1,0.19,
19:31:31,76097.44,76105.3,-1.0,0.15,
19:31:31,76097.44,76105.3,-1.0,0.18,
19:31:34,76097.43,76105.3,-1.0,0.56,
19:31:44,76097.43,76096.7,0.1,0.15,
19:31:44,76097.43,76096.7,0.1,0.15,
19:31:45,76097.43,76096.6,0.1,0.15,
19:31:46,76097.43,76096.6,0.1,0.16,
19:32:01,76085.61,76085.0,0.1,0.15,
19:32:01,76085.61,76085.0,0.1,0.25,
19:32:04,76062.51,76062.8,-0.0,0.19,
19:32:14,76062.51,76064.6,-0.3,0.16,
19:32:14,76062.51,76064.6,-0.3,0.16,
19:32:16,76062.52,76064.6,-0.3,0.16,
19:32:16,76062.52,76064.6,-0.3,0.15,
19:32:31,76056.01,76064.6,-1.1,0.17,
19:32:31,76056.01,76064.5,-1.1,0.16,
19:32:34,76056.01,76064.6,-1.1,0.16,
19:32:44,76056.0,76057.9,-0.2,0.15,
19:32:44,76056.0,76058.0,-0.3,0.17,
19:32:46,76050.01,76055.3,-0.7,0.6,
19:32:46,76050.01,76055.4,-0.7,0.6,
19:33:01,76041.12,76044.5,-0.4,0.15,
19:33:01,76041.12,76044.5,-0.4,0.15,
19:33:04,76041.11,76040.1,0.1,0.16,
19:33:14,76038.59,76042.4,-0.5,0.15,
19:33:14,76038.59,76042.3,-0.5,0.15,
19:33:16,76038.58,76043.8,-0.7,0.73,
19:33:16,76038.58,76043.8,-0.7,0.76,
19:33:31,76070.14,76078.9,-1.2,0.15,
19:33:31,76070.14,76078.9,-1.2,0.2,
19:33:34,76074.5,76079.0,-0.6,0.15,
19:33:44,76078.62,76084.6,-0.8,0.15,
19:33:44,76078.62,76084.6,-0.8,0.16,
19:33:46,76078.61,76084.7,-0.8,0.18,
19:33:46,76078.61,76084.7,-0.8,0.14,
19:34:01,76078.62,76084.7,-0.8,0.15,
19:34:01,76078.62,76084.6,-0.8,0.15,
19:34:04,76078.62,76084.6,-0.8,0.6,
19:34:14,76078.61,76078.4,0.0,0.15,
19:34:14,76078.61,76078.5,0.0,0.18,
19:34:16,76078.61,76078.4,0.0,0.15,
19:34:16,76078.61,76078.5,0.0,0.15,
19:34:31,76086.23,76094.8,-1.1,0.17,
19:34:31,76086.23,76094.8,-1.1,0.16,
19:34:34,76086.23,76094.7,-1.1,0.29,
19:34:44,76086.22,76094.7,-1.1,0.16,
19:34:44,76086.22,76094.8,-1.1,0.15,
19:34:46,76086.23,76094.8,-1.1,0.59,
19:34:46,76086.23,76094.8,-1.1,0.59,
19:35:01,76086.22,76094.7,-1.1,0.19,
19:35:01,76086.22,76094.7,-1.1,0.17,
19:35:04,76086.22,76091.8,-0.7,0.16,
19:35:14,76086.23,76086.2,0.0,0.17,
19:35:14,76086.23,76086.2,0.0,0.17,
19:35:16,76086.22,76086.2,0.0,0.18,
19:35:16,76086.22,76086.1,0.0,0.2,
19:35:31,76086.23,76091.5,-0.7,0.56,
19:35:31,76086.23,76091.5,-0.7,0.58,
19:35:34,76086.23,76091.6,-0.7,0.35,
19:35:44,76086.22,76091.5,-0.7,0.16,
19:35:44,76086.22,76091.6,-0.7,0.17,
19:35:46,76086.23,76091.6,-0.7,0.16,
19:35:46,76086.23,76091.6,-0.7,0.16,
19:36:01,76086.23,76088.6,-0.3,0.29,
19:36:01,76086.23,76090.8,-0.6,0.3,
19:36:04,76086.23,76088.0,-0.2,0.17,
19:36:14,76086.23,76091.5,-0.7,0.16,
19:36:14,76086.23,76091.5,-0.7,0.15,
19:36:16,76086.23,76091.4,-0.7,0.15,
19:36:16,76086.23,76091.4,-0.7,0.16,
19:36:31,76086.23,76091.5,-0.7,0.15,
19:36:31,76086.22,76091.5,-0.7,0.19,
19:36:34,76086.22,76091.6,-0.7,0.36,
19:36:45,76105.84,76111.2,-0.7,0.56,
19:36:45,76105.84,76111.2,-0.7,0.56,
19:36:46,76105.84,76111.2,-0.7,0.16,
19:36:46,76105.84,76111.2,-0.7,0.17,
19:37:01,76105.85,76114.1,-1.1,0.17,
19:37:01,76105.85,76114.2,-1.1,0.27,
19:37:04,76105.84,76114.2,-1.1,0.15,
19:37:14,76105.84,76114.1,-1.1,0.15,
19:37:14,76105.84,76114.2,-1.1,0.15,
19:37:16,76105.85,76114.2,-1.1,0.2,
19:37:16,76105.85,76114.1,-1.1,0.21,
19:37:31,76113.46,76114.2,-0.1,0.16,
19:37:31,76113.46,76114.1,-0.1,0.17,
19:37:34,76113.47,76114.1,-0.1,0.18,
19:37:45,76118.62,76114.5,0.5,0.15,
19:37:45,76118.62,76114.6,0.5,0.16,
19:37:46,76114.85,76114.5,0.0,0.15,
19:37:46,76114.85,76114.6,0.0,0.15,
19:38:01,76104.37,76108.5,-0.5,0.15,
19:38:01,76104.37,76108.6,-0.6,0.15,
19:38:04,76104.36,76108.6,-0.6,0.14,
19:38:47,76104.36,76105.8,-0.2,0.23,
19:38:59,76104.37,76105.7,-0.2,0.16,
19:38:59,76104.37,76105.7,-0.2,0.15,
19:39:04,76104.36,76105.8,-0.2,0.17,
19:39:14,76104.37,76105.7,-0.2,0.18,
19:39:14,76104.37,76105.8,-0.2,0.17,
19:39:14,76104.37,76105.7,-0.2,0.22,
19:39:14,76104.37,76105.7,-0.2,0.27,
19:39:29,76085.62,76091.0,-0.7,0.16,
19:39:29,76085.62,76091.1,-0.7,0.21,
19:39:34,76085.61,76091.1,-0.7,0.17,
19:39:44,76063.05,76068.5,-0.7,0.16,
19:39:44,76063.05,76068.4,-0.7,0.15,
19:39:44,76063.05,76068.5,-0.7,0.18,
19:39:44,76063.05,76068.5,-0.7,0.18,
19:39:59,76060.56,76063.0,-0.3,0.15,
19:39:59,76060.56,76063.0,-0.3,0.22,
19:40:04,76038.9,76037.5,0.2,0.37,
19:40:14,76032.83,76031.5,0.2,0.16,
19:40:14,76032.83,76031.5,0.2,0.15,
19:40:14,76032.83,76031.5,0.2,0.17,
19:40:30,76005.49,76007.0,-0.2,0.57,
19:40:30,76005.49,76006.9,-0.2,0.59,
19:40:34,76005.48,76007.0,-0.2,0.19,
19:40:44,76013.1,76013.1,0.0,0.16,
19:40:44,76013.1,76013.1,0.0,0.15,
19:40:44,76013.1,76013.1,0.0,0.14,
19:40:44,76013.1,76013.1,0.0,0.16,
20:20:17,76256.75,76259.8,-0.4,0.43,
20:20:19,76270.08,76260.9,1.2,0.26,
20:20:19,76270.08,76269.3,0.1,0.27,
20:20:21,76274.99,76277.4,-0.3,0.24,
20:20:31,76245.01,76254.2,-1.2,0.16,
20:20:31,76245.01,76254.2,-1.2,0.16,
20:20:31,76243.01,76244.5,-0.2,0.22,
20:20:31,76243.01,76249.2,-0.8,0.22,
20:20:46,76227.92,76228.9,-0.1,0.2,
20:20:46,76223.63,76228.8,-0.7,0.63,
20:20:52,76223.62,76228.0,-0.6,0.67,
20:21:01,76232.82,76232.8,0.0,0.14,
20:21:01,76232.82,76232.8,0.0,0.14,
20:21:01,76232.82,76232.8,0.0,0.15,
20:21:01,76232.82,76232.8,0.0,0.2,
20:21:16,76237.76,76237.3,0.1,0.15,
20:21:16,76237.76,76239.7,-0.3,0.19,
20:21:21,76237.75,76237.2,0.1,0.41,
20:21:31,76231.29,76234.9,-0.5,0.18,
20:21:31,76231.29,76234.8,-0.5,0.21,
20:21:31,76231.29,76234.9,-0.5,0.17,
20:21:31,76231.29,76234.9,-0.5,0.17,
20:21:46,76244.99,76249.1,-0.5,0.18,
20:21:46,76244.99,76249.1,-0.5,0.2,
20:21:51,76244.99,76249.0,-0.5,0.16,
20:22:01,76249.49,76249.0,0.1,0.17,
20:22:01,76249.49,76249.1,0.1,0.2,
20:22:01,76249.49,76249.0,0.1,0.15,
20:22:01,76249.49,76249.1,0.1,0.18,
20:22:16,76263.74,76264.7,-0.1,0.14,
20:22:16,76263.74,76268.0,-0.6,0.18,
20:22:21,76263.73,76264.7,-0.1,0.2,
20:22:31,76262.63,76258.4,0.6,0.19,
20:22:31,76262.63,76258.4,0.6,0.18,
20:22:31,76262.63,76258.4,0.6,0.15,
20:22:31,76262.63,76258.4,0.6,0.16,
20:22:46,76269.28,76270.3,-0.1,0.34,
20:22:46,76269.28,76270.3,-0.1,0.34,
20:22:51,76269.29,76272.1,-0.4,0.2,
20:23:01,76269.29,76269.3,-0.0,0.73,
20:23:01,76269.29,76270.5,-0.2,0.72,
20:23:02,76269.29,76269.2,0.0,0.46,
20:23:02,76269.29,76270.5,-0.2,0.78,
20:23:16,76262.48,76264.0,-0.2,0.27,
20:23:16,76262.48,76269.2,-0.9,0.28,
20:23:21,76262.47,76269.2,-0.9,0.19,
20:23:31,76260.0,76259.9,0.0,0.17,
20:23:31,76260.0,76259.9,0.0,0.17,
20:23:31,76260.0,76265.0,-0.7,0.12,
20:23:31,76260.0,76259.9,0.0,0.14,
20:23:46,76256.98,76260.2,-0.4,0.19,
20:23:46,76256.98,76260.2,-0.4,0.26,
20:23:51,76256.97,76260.2,-0.4,0.15,
20:24:01,76256.98,76260.2,-0.4,0.23,
20:24:01,76256.98,76260.2,-0.4,0.22,
20:24:01,76256.98,76260.2,-0.4,0.14,
20:24:01,76256.98,76260.2,-0.4,0.14,
20:24:16,76272.24,76268.1,0.5,0.15,
20:24:16,76272.24,76268.0,0.6,0.17,
20:24:21,76310.14,76309.4,0.1,0.16,
20:24:31,76328.45,76327.0,0.2,0.29,
20:24:31,76328.45,76326.9,0.2,0.26,
20:24:31,76328.44,76326.9,0.2,0.15,
20:24:32,76328.44,76327.0,0.2,0.37,
20:25:12,76358.91,76357.1,0.2,0.37,
20:25:12,76358.91,76357.0,0.3,0.47,
20:25:12,76358.9,76357.1,0.2,0.17,
20:25:12,76358.9,76357.0,0.2,0.21,
20:25:14,76358.9,76357.0,0.2,0.15,
20:25:14,76358.9,76357.0,0.2,0.15,
20:25:15,76358.9,76350.8,1.1,0.21,
20:25:21,76358.19,76347.5,1.4,0.18,
20:25:27,76358.19,76347.6,1.4,0.2,
20:25:28,76358.19,76347.6,1.4,0.18,
20:25:31,76358.19,76347.6,1.4,0.16,
20:25:31,76358.19,76347.6,1.4,0.2,
20:25:42,76358.19,76353.6,0.6,0.18,
20:25:43,76358.19,76353.6,0.6,0.18,
20:25:51,76358.19,76353.7,0.6,0.15,
20:25:57,76358.19,76347.6,1.4,0.17,
20:25:57,76358.19,76347.6,1.4,0.16,
20:26:01,76358.19,76354.9,0.4,0.14,
20:26:01,76358.19,76354.9,0.4,0.16,
20:26:12,76332.01,76325.3,0.9,0.15,
20:26:13,76332.01,76325.2,0.9,0.17,
20:26:21,76334.79,76340.0,-0.7,0.25,
20:26:28,76332.15,76335.8,-0.5,0.26,
20:26:28,76332.15,76335.9,-0.5,0.28,
20:26:31,76327.98,76324.9,0.4,0.17,
20:26:31,76327.98,76324.9,0.4,0.19,
20:26:42,76342.26,76335.9,0.8,0.15,
20:26:43,76342.26,76335.9,0.8,0.16,
20:26:51,76342.25,76335.8,0.8,0.15,
20:26:57,76342.25,76332.3,1.3,0.15,
20:26:57,76342.25,76332.3,1.3,0.22,
20:27:01,76342.25,76335.9,0.8,0.14,
20:27:01,76342.25,76332.3,1.3,0.21,
20:27:12,76357.88,76351.6,0.8,0.15,
20:27:12,76357.88,76351.6,0.8,0.15,
20:27:21,76357.87,76351.5,0.8,0.18,
20:27:27,76346.49,76332.3,1.9,0.15,
20:27:27,76346.49,76332.3,1.9,0.18,
20:27:31,76346.49,76332.2,1.9,0.17,
20:27:31,76346.49,76332.2,1.9,0.19,
20:27:42,76347.7,76345.4,0.3,0.18,
20:27:43,76347.7,76345.4,0.3,0.19,
20:28:24,76346.27,76331.6,1.9,0.21,
20:28:24,76346.27,76331.6,1.9,0.21,
20:28:24,76346.27,76331.6,1.9,0.25,
20:28:24,76346.27,76331.6,1.9,0.24,
20:28:24,76346.27,76331.6,1.9,0.24,
20:28:24,76346.27,76328.6,2.3,0.26,
20:28:31,76346.27,76328.7,2.3,0.16,
20:28:31,76346.27,76328.7,2.3,0.16,
20:28:39,76346.27,76328.6,2.3,0.17,
20:28:39,76346.27,76328.6,2.3,0.16,
20:28:51,76344.21,76325.4,2.5,0.2,
20:28:54,76344.2,76325.3,2.5,0.15,
20:28:54,76344.2,76325.3,2.5,0.17,
20:29:01,76344.21,76325.4,2.5,0.18,
20:29:01,76344.21,76325.3,2.5,0.21,
20:29:09,76344.2,76331.5,1.7,0.19,
20:29:09,76344.2,76331.5,1.7,0.23,
20:29:21,76351.31,76344.5,0.9,0.19,
20:29:24,76351.31,76344.5,0.9,0.16,
20:29:24,76351.31,76344.5,0.9,0.29,
20:29:31,76351.3,76344.5,0.9,0.13,
20:29:31,76351.3,76344.5,0.9,0.15,
20:29:39,76357.64,76350.0,1.0,0.15,
20:29:39,76357.64,76350.0,1.0,0.23,
20:29:51,76344.23,76331.4,1.7,0.14,
20:29:54,76344.23,76340.1,0.5,0.19,
20:29:54,76344.23,76340.1,0.5,0.23,
20:30:01,76344.23,76339.3,0.6,0.2,
20:30:02,76344.22,76339.3,0.6,0.5,
20:30:09,76350.0,76339.7,1.3,0.15,
20:30:09,76350.0,76339.7,1.3,0.16,
20:30:21,76350.01,76344.0,0.8,0.18,
20:30:24,76350.0,76344.0,0.8,0.24,
20:30:24,76350.0,76344.0,0.8,0.23,
20:30:31,76374.99,76367.0,1.0,0.18,
20:30:32,76374.99,76367.0,1.0,1.15,
20:30:39,76360.62,76360.2,0.1,0.18,
20:30:39,76360.62,76360.1,0.1,0.18,
20:30:51,76360.62,76357.9,0.4,0.19,
20:30:54,76399.26,76388.8,1.4,0.19,
20:30:54,76399.26,76388.8,1.4,0.19,
20:31:01,76407.3,76400.4,0.9,0.21,
20:31:01,76407.3,76400.5,0.9,0.17,
20:31:09,76408.25,76391.5,2.2,0.14,
20:31:09,76408.25,76391.5,2.2,0.14,
20:31:21,76400.06,76393.0,0.9,0.15,
20:31:24,76378.06,76370.1,1.0,0.18,
20:31:24,76378.06,76370.1,1.0,0.19,
20:31:31,76390.33,76375.7,1.9,0.15,
20:31:31,76390.33,76375.6,1.9,0.17,
20:31:39,76392.36,76379.8,1.6,0.15,
20:31:39,76392.36,76379.7,1.7,0.34,
20:31:51,76394.99,76383.8,1.5,0.17,
20:31:54,76396.86,76395.0,0.2,0.19,
20:31:54,76396.86,76395.0,0.2,0.18,
20:32:01,76396.85,76394.9,0.3,0.17,
20:32:01,76396.85,76395.0,0.2,0.18,
20:32:09,76396.8,76394.9,0.2,0.16,
20:32:09,76396.8,76394.8,0.3,0.23,
20:32:21,76392.36,76379.9,1.6,0.25,
20:32:24,76392.36,76380.0,1.6,0.17,
20:32:24,76392.36,76380.0,1.6,0.17,
20:32:31,76392.36,76377.8,1.9,0.15,
20:32:31,76392.36,76377.8,1.9,0.23,
20:32:39,76392.37,76371.7,2.7,0.17,
20:32:39,76392.37,76371.7,2.7,0.28,
20:32:51,76392.36,76374.5,2.3,0.15,
20:32:54,76392.36,76374.5,2.3,0.19,
20:32:54,76392.36,76374.5,2.3,0.25,
20:33:01,76394.04,76386.5,1.0,0.16,
20:33:01,76394.04,76386.5,1.0,0.23,
20:33:09,76392.36,76384.3,1.1,0.22,
20:33:09,76392.36,76384.3,1.1,0.22,
20:33:21,76392.36,76372.6,2.6,0.16,
20:33:24,76392.36,76372.6,2.6,0.2,
20:33:24,76392.36,76372.6,2.6,0.2,
20:33:31,76376.24,76365.9,1.4,0.14,
20:33:31,76376.24,76365.9,1.4,0.16,
20:33:39,76360.62,76351.1,1.2,0.15,
20:33:39,76360.62,76351.0,1.3,0.18,
20:33:51,76366.14,76360.0,0.8,0.18,
20:33:54,76366.13,76359.9,0.8,0.17,
20:33:54,76366.13,76359.8,0.8,0.17,
20:34:01,76356.26,76351.0,0.7,0.17,
20:34:01,76356.26,76351.0,0.7,0.18,
20:34:09,76337.06,76330.2,0.9,0.2,
20:34:09,76337.06,76330.2,0.9,0.23,
20:34:21,76337.05,76328.2,1.2,0.16,
20:34:24,76337.05,76325.3,1.5,0.16,
20:34:24,76337.05,76325.3,1.5,0.18,
20:34:31,76345.57,76341.6,0.5,0.19,
20:34:31,76345.57,76345.5,0.0,0.32,
20:34:39,76350.88,76345.6,0.7,0.26,
20:34:39,76350.88,76345.6,0.7,0.26,
20:34:51,76351.03,76345.5,0.7,0.16,
20:34:54,76353.88,76345.6,1.1,0.25,
20:34:54,76353.88,76345.5,1.1,0.33,
20:35:01,76351.03,76339.7,1.5,0.16,
20:35:01,76351.03,76339.7,1.5,0.32,
20:35:09,76345.01,76333.0,1.6,0.19,
20:35:09,76345.01,76332.9,1.6,0.22,
20:35:21,76341.0,76332.9,1.1,0.16,
20:35:24,76341.0,76332.9,1.1,0.16,
20:35:24,76341.0,76333.0,1.0,0.19,
20:35:31,76341.01,76332.9,1.1,0.17,
20:35:31,76341.01,76332.9,1.1,0.21,
20:35:39,76340.23,76332.9,1.0,0.26,
20:35:39,76340.23,76332.9,1.0,0.25,
20:35:51,76344.19,76339.8,0.6,0.15,
20:35:54,76344.21,76339.8,0.6,0.17,
20:35:54,76344.21,76339.7,0.6,0.19,
20:36:01,76344.43,76340.9,0.5,0.14,
20:36:01,76344.43,76340.8,0.5,0.22,
20:36:09,76350.0,76345.6,0.6,0.16,
20:36:09,76350.0,76345.5,0.6,0.19,
20:36:21,76348.89,76340.1,1.2,0.19,
20:36:24,76348.89,76340.1,1.2,0.2,
20:36:24,76348.89,76340.1,1.2,0.19,
20:36:31,76348.89,76340.0,1.2,0.15,
20:36:31,76348.89,76340.0,1.2,0.15,
20:36:39,76348.89,76344.2,0.6,0.19,
20:36:39,76348.89,76344.2,0.6,0.17,
20:36:51,76342.42,76335.0,1.0,0.22,
20:36:54,76342.42,76332.8,1.3,0.15,
20:37:01,76341.64,76332.8,1.2,0.14,
20:37:01,76341.64,76332.8,1.2,0.26,
20:37:09,76337.06,76320.2,2.2,0.17,
20:37:09,76337.06,76320.1,2.2,0.21,
20:37:21,76337.06,76320.2,2.2,0.18,
20:37:24,76337.05,76320.1,2.2,0.18,
20:37:24,76337.05,76320.2,2.2,0.16,
20:37:31,76337.05,76320.1,2.2,0.19,
20:37:31,76337.05,76320.1,2.2,0.22,
20:37:39,76337.83,76333.0,0.6,0.2,
20:37:39,76337.82,76333.0,0.6,0.27,
20:37:51,76344.7,76332.9,1.5,0.16,
20:37:54,76344.7,76330.7,1.8,0.19,
20:37:54,76344.7,76330.8,1.8,0.23,
20:38:01,76337.82,76325.3,1.6,0.14,
20:38:01,76337.82,76325.4,1.6,0.18,
20:38:09,76337.82,76325.4,1.6,0.21,
20:38:09,76337.82,76325.4,1.6,0.24,
20:38:21,76337.06,76325.3,1.5,0.16,
20:38:24,76337.05,76324.9,1.6,0.18,
20:38:24,76337.05,76325.0,1.6,0.22,
20:38:31,76337.06,76324.6,1.6,0.16,
20:38:31,76337.06,76324.5,1.6,0.16,
20:38:39,76337.05,76324.5,1.6,0.16,
20:38:39,76337.05,76324.5,1.6,0.19,
20:38:51,76337.05,76324.5,1.6,0.19,
20:38:54,76337.05,76324.5,1.6,0.15,
20:38:54,76337.05,76324.6,1.6,0.17,
20:39:01,76337.05,76324.5,1.6,0.15,
20:39:01,76337.05,76324.5,1.6,0.31,
20:39:09,76337.05,76324.6,1.6,0.17,
20:39:09,76337.05,76324.6,1.6,0.23,
20:39:21,76337.41,76331.9,0.7,0.15,
20:39:24,76337.41,76331.8,0.7,0.15,
20:39:31,76343.25,76333.0,1.3,0.27,
20:39:31,76343.25,76333.0,1.3,0.34,
20:39:39,76343.24,76331.8,1.5,0.15,
20:39:39,76343.24,76331.8,1.5,0.16,
20:39:51,76343.23,76331.8,1.5,0.14,
20:39:54,76343.24,76331.9,1.5,0.14,
20:39:54,76343.24,76331.8,1.5,0.31,
20:40:01,76343.24,76331.9,1.5,0.2,
20:40:01,76343.23,76331.9,1.5,0.32,
20:40:10,76347.77,76339.2,1.1,0.2,
20:40:10,76347.77,76339.1,1.1,0.24,
20:40:21,76343.23,76327.4,2.1,0.16,
20:40:25,76339.28,76326.0,1.7,0.16,
20:40:25,76339.28,76326.0,1.7,0.19,
20:40:31,76339.29,76331.0,1.1,0.14,
20:40:31,76339.29,76331.0,1.1,0.14,
20:40:40,76339.28,76329.5,1.3,0.19,
20:40:40,76339.28,76329.5,1.3,0.19,
20:40:51,76337.05,76324.3,1.7,0.33,
20:40:55,76337.06,76324.3,1.7,0.18,
20:40:55,76337.06,76324.3,1.7,0.2,
20:41:01,76337.05,76321.6,2.0,0.15,
20:41:01,76337.05,76321.6,2.0,0.27,
20:41:10,76337.05,76321.5,2.0,0.2,
20:41:10,76337.05,76321.5,2.0,0.16,
20:41:21,76337.05,76319.9,2.2,0.16,
20:41:25,76337.05,76319.8,2.3,0.16,
20:41:25,76337.05,76319.8,2.3,0.22,
20:41:31,76316.0,76311.9,0.5,0.15,
20:41:31,76316.0,76311.9,0.5,0.22,
20:41:40,76321.98,76315.6,0.8,0.2,
20:41:40,76321.98,76315.6,0.8,0.22,
20:41:51,76315.25,76302.3,1.7,0.21,
20:42:27,76306.0,76295.9,1.3,0.29,
20:42:27,76306.0,76295.9,1.3,0.28,
20:42:28,76306.0,76291.1,2.0,0.25,
20:42:31,76303.92,76291.1,1.7,0.18,
20:42:32,76303.92,76291.0,1.7,0.25,
20:42:40,76299.88,76289.8,1.3,0.19,
20:42:40,76299.88,76289.7,1.3,0.22,
20:42:51,76294.72,76284.3,1.4,0.15,
20:42:55,76294.72,76284.4,1.4,0.14,
20:42:55,76294.72,76284.4,1.4,0.14,
20:43:01,76294.73,76292.5,0.3,0.14,
20:43:01,76294.73,76292.5,0.3,0.19,
20:43:10,76305.68,76304.9,0.1,0.18,
20:43:10,76305.68,76304.9,0.1,0.17,
20:43:21,76305.68,76304.9,0.1,0.14,
20:43:25,76305.67,76304.9,0.1,0.15,
20:43:25,76305.67,76304.9,0.1,0.17,
20:43:31,76307.45,76304.9,0.3,0.26,
20:43:31,76307.46,76304.9,0.3,0.29,
20:43:40,76307.46,76298.9,1.1,0.18,
20:43:40,76307.46,76298.9,1.1,0.19,
20:43:51,76300.61,76287.9,1.7,0.16,
20:43:55,76300.62,76287.9,1.7,0.16,
20:43:55,76300.62,76288.0,1.7,0.26,
20:44:01,76300.61,76286.2,1.9,0.14,
20:44:01,76300.61,76286.2,1.9,0.14,
20:44:10,76268.47,76259.1,1.2,0.15,
20:44:10,76268.47,76259.0,1.2,0.18,
20:44:21,76268.48,76259.0,1.2,0.15,
20:44:25,76268.47,76259.0,1.2,0.18,
20:44:25,76268.48,76259.0,1.2,0.16,
20:44:31,76256.76,76247.9,1.2,0.14,
20:44:31,76256.76,76247.9,1.2,0.15,
20:44:40,76265.26,76259.0,0.8,0.15,
20:44:40,76265.26,76259.0,0.8,0.18,
20:44:51,76260.0,76249.5,1.4,0.21,
20:44:55,76257.63,76244.1,1.8,0.15,
20:44:55,76257.63,76246.0,1.5,0.15,
20:45:01,76255.01,76242.9,1.6,0.18,
20:45:01,76255.01,76242.9,1.6,0.4,
20:45:10,76268.48,76266.8,0.2,0.15,
20:45:10,76268.48,76266.8,0.2,0.18,
20:45:22,76280.01,76267.8,1.6,0.39,
20:45:25,76280.0,76267.8,1.6,0.16,
20:45:25,76280.0,76267.8,1.6,0.16,
20:45:32,76283.74,76274.6,1.2,0.2,
20:45:32,76283.74,76274.7,1.2,0.21,
20:45:40,76287.87,76280.2,1.0,0.57,
20:45:40,76287.87,76280.2,1.0,0.57,
20:45:51,76297.16,76290.1,0.9,0.17,
20:45:55,76297.17,76290.0,0.9,0.24,
20:45:55,76297.17,76290.0,0.9,0.29,
20:46:02,76297.17,76296.0,0.2,0.15,
20:46:02,76297.17,76296.0,0.2,0.17,
20:46:10,76297.17,76294.3,0.4,0.14,
20:46:10,76297.17,76294.3,0.4,0.14,
20:46:21,76287.61,76277.0,1.4,0.22,
20:46:25,76287.6,76283.5,0.5,0.13,
20:46:25,76287.6,76283.6,0.5,0.13,
20:46:32,76290.01,76286.6,0.4,0.18,
20:46:32,76290.01,76286.6,0.4,0.28,
20:46:40,76290.01,76281.0,1.2,0.27,
20:46:40,76290.01,76280.9,1.2,0.3,
20:46:51,76293.96,76286.5,1.0,0.16,
20:46:55,76293.96,76286.6,1.0,0.15,
20:46:55,76293.96,76286.6,1.0,0.3,
20:47:02,76293.95,76289.8,0.5,0.15,
20:47:02,76293.95,76289.7,0.6,0.42,
20:47:10,76299.84,76296.1,0.5,0.16,
20:47:10,76299.84,76296.1,0.5,0.15,
20:47:21,76304.53,76303.9,0.1,0.15,
20:47:25,76310.29,76303.9,0.8,0.18,
20:47:25,76310.29,76303.9,0.8,0.24,
20:47:32,76317.16,76309.4,1.0,0.27,
20:47:32,76317.16,76309.4,1.0,0.34,
20:47:40,76317.16,76309.4,1.0,0.16,
20:47:40,76317.16,76309.3,1.0,0.18,
20:47:51,76317.16,76311.5,0.7,0.15,
20:47:55,76317.16,76311.4,0.8,0.15,
20:47:55,76317.16,76311.4,0.8,0.18,
20:48:02,76317.16,76310.5,0.9,0.2,
20:48:02,76317.16,76310.5,0.9,0.22,
20:48:10,76324.8,76323.9,0.1,0.18,
20:48:10,76324.8,76323.9,0.1,0.24,
20:48:21,76324.8,76310.4,1.9,0.16,
20:48:25,76324.8,76310.5,1.9,0.16,
20:48:25,76324.8,76310.5,1.9,0.19,
20:48:32,76324.79,76316.6,1.1,0.15,
20:48:32,76324.8,76316.6,1.1,0.18,
20:48:40,76324.79,76316.7,1.1,0.2,
20:48:40,76324.79,76316.7,1.1,0.25,
20:48:51,76324.8,76316.6,1.1,0.18,
20:48:55,76324.8,76316.6,1.1,0.18,
20:48:55,76324.8,76316.6,1.1,0.21,
20:49:02,76324.79,76316.6,1.1,0.19,
20:49:02,76324.79,76316.7,1.1,0.19,
20:49:10,76324.79,76320.5,0.6,0.14,
20:49:10,76324.79,76320.5,0.6,0.23,
20:49:21,76324.8,76318.9,0.8,0.16,
20:49:25,76324.8,76319.0,0.8,0.15,
20:49:25,76324.8,76319.0,0.8,0.18,
20:49:32,76324.8,76314.1,1.4,0.15,
20:49:32,76324.8,76314.1,1.4,0.21,
20:49:40,76312.38,76301.5,1.4,0.15,
20:49:40,76312.38,76301.5,1.4,0.16,
20:49:51,76310.99,76300.1,1.4,0.32,
20:49:55,76306.66,76299.8,0.9,0.18,
20:49:55,76306.66,76299.9,0.9,0.19,
20:50:02,76324.13,76316.2,1.0,0.18,
20:50:02,76324.13,76317.2,0.9,0.17,
20:50:10,76324.12,76318.9,0.7,0.15,
20:50:10,76324.12,76319.0,0.7,0.38,
20:50:21,76324.13,76319.0,0.7,0.24,
20:50:25,76336.25,76319.0,2.3,0.15,
20:50:25,76336.25,76324.0,1.6,0.23,
20:50:32,76336.26,76324.0,1.6,0.15,
20:50:32,76336.26,76324.0,1.6,0.27,
20:50:40,76336.25,76323.9,1.6,0.18,
20:50:40,76336.25,76323.9,1.6,0.18,
20:50:51,76339.87,76334.0,0.8,0.22,
20:50:55,76339.87,76333.9,0.8,0.14,
20:50:55,76339.87,76333.9,0.8,0.17,
20:51:02,76362.92,76334.0,3.8,0.18,
20:51:02,76362.92,76334.0,3.8,0.18,
20:51:10,76374.19,76364.6,1.3,0.16,
20:51:10,76374.19,76364.6,1.3,0.16,
20:51:21,76389.99,76373.7,2.1,0.13,
20:51:25,76393.86,76381.6,1.6,0.18,
20:51:25,76393.86,76377.8,2.1,0.21,
20:51:32,76393.87,76380.5,1.8,0.15,
20:51:32,76393.88,76380.5,1.8,0.17,
20:51:40,76397.38,76386.0,1.5,0.15,
20:51:40,76397.38,76386.0,1.5,0.16,
20:51:51,76419.99,76407.9,1.6,0.22,
20:51:55,76401.53,76387.6,1.8,0.15,
20:51:55,76401.53,76387.5,1.8,0.21,
20:52:02,76389.38,76382.6,0.9,0.16,
20:52:02,76389.38,76382.6,0.9,0.17,
20:52:10,76374.95,76371.2,0.5,0.15,
20:52:10,76374.95,76371.2,0.5,0.15,
20:52:21,76310.76,76304.6,0.8,0.15,
20:52:25,76312.66,76310.7,0.3,0.21,
20:52:25,76312.66,76310.7,0.3,0.26,
20:52:32,76322.11,76316.0,0.8,0.25,
20:52:32,76322.11,76316.0,0.8,0.45,
20:52:40,76322.11,76313.2,1.2,0.18,
20:52:40,76322.11,76311.1,1.4,0.21,
20:52:51,76311.5,76292.2,2.5,0.19,
20:52:55,76319.15,76308.3,1.4,0.18,
20:52:55,76319.15,76308.3,1.4,0.2,
20:53:02,76319.14,76312.7,0.8,0.24,
20:53:02,76319.14,76312.6,0.9,0.33,
20:53:10,76319.14,76312.6,0.9,0.25,
20:53:10,76319.14,76312.6,0.9,0.28,
20:53:21,76315.51,76304.2,1.5,0.23,
20:53:25,76314.02,76300.1,1.8,0.18,
20:53:25,76314.02,76300.0,1.8,0.72,
20:53:32,76306.2,76300.1,0.8,0.15,
20:53:32,76306.2,76300.1,0.8,0.15,
20:53:40,76313.85,76312.2,0.2,0.18,
20:53:40,76313.85,76312.2,0.2,0.18,
20:53:51,76313.85,76312.1,0.2,0.16,
20:53:55,76313.84,76312.1,0.2,0.28,
20:53:55,76313.84,76312.2,0.2,0.42,
20:54:02,76313.85,76312.2,0.2,0.16,
20:54:10,76318.93,76312.1,0.9,0.14,
20:54:10,76318.93,76312.2,0.9,0.16,
20:54:21,76318.92,76310.9,1.1,0.18,
20:54:25,76318.92,76310.8,1.1,0.14,
20:54:25,76318.92,76310.9,1.1,0.18,
20:54:32,76326.55,76323.5,0.4,0.15,
20:54:32,76326.55,76323.5,0.4,0.5,
20:54:40,76321.8,76323.5,-0.2,0.15,
20:54:40,76321.8,76323.4,-0.2,0.21,
20:54:51,76320.55,76312.3,1.1,0.15,
20:54:55,76320.54,76312.3,1.1,0.15,
20:54:55,76320.54,76312.2,1.1,0.19,
20:55:02,76320.54,76312.2,1.1,0.27,
20:55:02,76320.54,76312.2,1.1,0.7,
20:55:10,76317.55,76312.2,0.7,0.17,
20:55:10,76317.55,76312.2,0.7,0.2,
20:55:21,76317.55,76312.3,0.7,0.14,
20:55:25,76317.54,76312.3,0.7,0.16,
20:55:25,76317.54,76312.3,0.7,0.22,
20:55:32,76317.78,76312.3,0.7,0.14,
20:55:32,76317.78,76312.3,0.7,0.15,
20:55:40,76317.77,76312.3,0.7,0.15,
20:55:40,76317.77,76312.3,0.7,0.23,
20:55:51,76319.86,76316.6,0.4,0.17,
20:55:55,76326.68,76316.7,1.3,0.18,
20:55:55,76326.68,76316.7,1.3,0.21,
20:56:02,76326.68,76316.7,1.3,0.15,
20:56:02,76326.68,76316.6,1.3,0.18,
20:56:10,76306.97,76300.1,0.9,0.18,
20:56:10,76306.97,76300.1,0.9,0.36,
20:56:21,76302.04,76292.1,1.3,0.15,
20:56:25,76300.04,76292.0,1.1,0.16,
20:56:25,76300.04,76292.0,1.1,0.19,
20:56:32,76309.67,76301.4,1.1,0.14,
20:56:32,76309.67,76307.5,0.3,0.15,
20:56:40,76298.29,76289.3,1.2,0.15,
20:56:40,76298.29,76289.3,1.2,0.2,
20:56:51,76313.57,76305.5,1.1,0.14,
20:56:55,76313.57,76312.1,0.2,0.19,
20:57:02,76313.57,76312.1,0.2,0.24,
20:57:02,76313.57,76312.1,0.2,0.27,
20:57:10,76313.56,76312.2,0.2,0.3,

20:57:21,76313.57,76305.2,1.1,0.15,
20:57:25,76313.57,76296.4,2.3,0.14,
20:57:25,76313.57,76301.8,1.5,0.21,
20:57:32,76313.57,76302.9,1.4,0.15,
20:57:40,76313.57,76311.7,0.2,0.15,
20:57:40,76313.57,76311.7,0.2,0.29,
20:57:51,76313.56,76305.3,1.1,0.28,
20:57:55,76313.57,76305.2,1.1,0.15,
20:57:55,76313.57,76305.2,1.1,0.19,
20:58:02,76313.56,76305.2,1.1,0.18,
20:58:02,76313.56,76305.2,1.1,0.22,
20:58:10,76313.56,76305.3,1.1,0.15,
20:58:10,76313.56,76305.3,1.1,0.17,
20:58:21,76313.57,76305.3,1.1,0.15,
20:58:25,76313.56,76305.2,1.1,0.19,
20:58:25,76313.56,76305.2,1.1,0.19,
20:58:32,76313.57,76305.3,1.1,0.15,
20:58:32,76313.57,76305.3,1.1,0.16,
20:58:40,76313.57,76311.5,0.3,0.16,
20:58:40,76313.57,76311.5,0.3,0.19,
20:58:51,76313.99,76312.2,0.2,0.15,
20:58:55,76313.99,76312.3,0.2,0.17,
20:58:55,76313.99,76312.3,0.2,0.36,
20:59:02,76314.0,76312.3,0.2,0.2,
20:59:02,76314.0,76312.3,0.2,0.27,
20:59:10,76321.61,76312.3,1.2,0.17,
20:59:10,76321.61,76316.1,0.7,0.19,
20:59:22,76321.62,76316.1,0.7,0.45,
20:59:25,76321.61,76308.0,1.8,0.19,
20:59:25,76321.61,76308.0,1.8,0.31,
20:59:32,76321.61,76308.1,1.8,0.13,
20:59:32,76321.61,76308.0,1.8,0.14,
20:59:40,76316.49,76304.5,1.6,0.15,
20:59:40,76316.49,76304.6,1.6,0.26,
20:59:51,76313.56,76297.1,2.2,0.14,
20:59:55,76313.57,76296.6,2.2,0.15,
20:59:55,76313.57,76296.7,2.2,0.17,
21:00:02,76308.48,76296.6,1.6,0.2,
21:00:02,76315.01,76296.7,2.4,0.33,
21:00:10,76334.03,76331.6,0.3,0.15,
21:00:10,76335.29,76331.6,0.5,0.25,
21:00:21,76330.69,76316.5,1.9,0.19,
21:00:25,76330.7,76326.4,0.6,0.15,
21:00:25,76330.7,76321.0,1.3,0.18,
21:00:32,76338.5,76335.8,0.4,0.18,
21:00:32,76338.5,76335.8,0.4,0.31,
21:00:40,76342.48,76335.0,1.0,0.2,
21:00:40,76342.48,76335.0,1.0,0.23,
21:00:51,76342.47,76327.6,1.9,0.17,
21:00:55,76342.47,76327.7,1.9,0.15,
21:00:55,76342.47,76327.7,1.9,0.21,
21:01:02,76326.37,76317.2,1.2,0.2,
21:01:02,76326.37,76317.2,1.2,0.23,
21:01:10,76311.7,76302.1,1.3,0.14,
21:01:10,76311.7,76302.1,1.3,0.15,
21:01:22,76306.24,76299.0,0.9,0.42,
21:01:25,76314.03,76298.7,2.0,0.18,
21:01:25,76314.03,76298.7,2.0,0.16,
21:01:32,76314.03,76304.4,1.3,0.14,
21:01:32,76314.03,76304.4,1.3,0.17,
21:01:40,76314.03,76304.5,1.2,0.19,
21:01:40,76314.03,76304.5,1.2,0.22,
21:01:51,76321.66,76299.5,2.9,0.18,
21:01:55,76319.36,76299.4,2.6,0.15,
21:01:55,76319.36,76299.4,2.6,0.2,
21:02:02,76319.37,76299.5,2.6,0.18,
21:02:02,76319.37,76299.5,2.6,0.17,
21:02:10,76319.36,76299.4,2.6,0.19,
21:02:10,76319.36,76299.4,2.6,0.26,
21:02:21,76317.32,76312.7,0.6,0.16,
21:02:25,76317.33,76312.6,0.6,0.15,
21:02:25,76317.33,76312.6,0.6,0.19,
21:02:32,76328.66,76320.4,1.1,0.15,
21:02:32,76328.66,76320.4,1.1,0.15,
21:02:40,76343.9,76335.8,1.1,0.16,
21:02:40,76343.91,76335.8,1.1,0.26,
21:02:51,76348.21,76335.7,1.6,0.28,
21:02:55,76348.21,76335.7,1.6,0.14,
21:02:55,76348.21,76335.8,1.6,0.14,
21:03:02,76360.52,76348.9,1.5,0.22,
21:03:02,76360.52,76348.9,1.5,0.23,
21:03:10,76360.51,76342.1,2.4,0.16,
21:03:10,76360.51,76342.1,2.4,0.19,
21:03:21,76360.0,76342.0,2.4,0.22,
21:03:25,76360.0,76342.1,2.3,0.22,
21:03:25,76360.0,76342.1,2.3,0.31,
21:03:32,76360.0,76345.9,1.8,0.15,
21:03:32,76360.0,76345.9,1.8,0.22,
21:03:40,76360.0,76347.1,1.7,0.15,
21:03:40,76360.0,76347.1,1.7,0.21,
21:03:51,76367.65,76358.2,1.2,0.2,
21:03:55,76361.0,76352.6,1.1,0.16,
21:03:55,76361.0,76352.6,1.1,0.15,
21:04:02,76361.01,76344.5,2.2,0.2,
21:04:02,76361.01,76344.5,2.2,0.18,
21:04:10,76361.0,76343.0,2.4,0.15,
21:04:10,76361.0,76343.0,2.4,0.18,
21:04:21,76360.0,76343.0,2.2,0.15,
21:04:25,76360.0,76342.3,2.3,0.2,
21:04:25,76360.0,76342.2,2.3,0.27,
21:04:32,76348.21,76332.2,2.1,0.18,
21:04:32,76348.21,76332.2,2.1,0.24,
21:04:40,76325.04,76311.7,1.7,0.14,
21:04:40,76325.04,76311.7,1.7,0.2,
21:04:51,76336.99,76329.7,1.0,0.15,
21:04:55,76337.72,76329.8,1.0,0.17,
21:04:55,76337.72,76329.8,1.0,0.18,
21:05:34,76299.64,76284.9,1.9,0.23,
21:05:35,76299.63,76284.9,1.9,0.24,
21:05:35,76299.63,76284.9,1.9,0.31,
21:05:36,76299.63,76285.0,1.9,0.2,
21:05:36,76299.63,76285.0,1.9,0.15,
21:05:51,76314.15,76302.7,1.5,0.26,
21:05:51,76314.15,76302.7,1.5,0.14,
21:05:51,76314.14,76302.7,1.5,0.28,
21:06:02,76326.29,76318.1,1.1,0.21,
21:06:02,76326.29,76314.6,1.5,0.25,
21:06:06,76336.17,76327.3,1.2,0.18,
21:06:06,76336.17,76327.3,1.2,0.15,
21:06:47,76338.8,76322.9,2.1,0.23,
21:06:47,76338.8,76322.9,2.1,0.49,
21:06:47,76338.8,76322.9,2.1,0.19,
21:06:47,76338.8,76322.9,2.1,0.16,
21:06:47,76338.8,76322.9,2.1,0.22,
21:06:49,76338.8,76322.8,2.1,0.2,
21:06:49,76338.8,76322.8,2.1,0.21,
21:06:51,76338.81,76322.8,2.1,0.18,
21:07:02,76321.79,76305.8,2.1,0.19,
21:07:02,76321.79,76305.8,2.1,0.21,
21:07:03,76321.78,76305.9,2.1,0.55,
21:07:17,76321.79,76309.7,1.6,0.14,
21:07:17,76321.79,76309.7,1.6,0.16,
21:07:21,76321.78,76309.8,1.6,0.16,
21:07:32,76331.9,76323.6,1.1,0.15,
21:07:32,76331.9,76323.6,1.1,0.18,
21:07:32,76331.9,76323.6,1.1,0.23,
21:07:47,76331.89,76318.6,1.7,0.16,
21:07:47,76331.89,76318.5,1.8,0.2,
21:07:51,76331.89,76323.4,1.1,0.18,
21:08:02,76331.89,76321.3,1.4,0.19,
21:08:02,76331.89,76321.3,1.4,0.19,
21:08:02,76331.89,76321.3,1.4,0.19,
21:08:02,76331.89,76321.3,1.4,0.29,
21:08:17,76331.88,76325.4,0.8,0.15,
21:08:17,76331.89,76325.4,0.9,0.29,
21:08:21,76331.89,76325.5,0.8,0.18,
21:08:32,76325.85,76312.2,1.8,0.15,
21:08:32,76325.85,76312.2,1.8,0.18,
21:08:32,76325.85,76312.2,1.8,0.19,
21:08:32,76325.85,76312.2,1.8,0.2,
21:08:47,76319.9,76310.4,1.2,0.24,
21:08:47,76319.9,76310.4,1.2,0.23,
21:08:51,76316.92,76303.4,1.8,0.27,
21:09:02,76304.8,76295.8,1.2,0.17,
21:09:02,76304.8,76295.9,1.2,0.15,
21:09:02,76304.8,76295.8,1.2,0.19,
21:09:02,76304.8,76295.8,1.2,0.2,
21:09:17,76304.0,76301.5,0.3,0.15,
21:09:17,76304.0,76301.5,0.3,0.14,
21:09:32,76322.27,76311.7,1.4,0.18,
21:09:32,76322.27,76311.7,1.4,0.19,
21:09:32,76322.27,76311.7,1.4,0.33,
21:09:32,76322.27,76311.7,1.4,0.44,
21:09:47,76329.99,76318.0,1.6,0.16,
21:09:47,76329.99,76318.0,1.6,0.22,
21:10:02,76322.5,76315.7,0.9,0.15,
21:10:02,76322.5,76315.7,0.9,0.23,
21:10:03,76322.51,76315.7,0.9,0.8,
21:10:03,76322.51,76315.7,0.9,1.0,
21:10:17,76317.89,76314.6,0.4,0.17,
21:10:17,76317.89,76314.6,0.4,0.21,
21:10:32,76300.0,76285.5,1.9,0.19,
21:10:32,76300.01,76285.6,1.9,0.22,
21:10:32,76300.01,76285.6,1.9,0.28,
21:10:32,76300.01,76285.6,1.9,0.24,
21:10:47,76281.02,76269.6,1.5,0.18,
21:10:47,76281.02,76269.4,1.5,0.19,
21:11:02,76284.01,76284.2,-0.0,0.16,
21:11:02,76284.01,76284.2,-0.0,0.21,
21:11:02,76284.01,76284.2,-0.0,0.23,
21:11:02,76284.01,76284.3,-0.0,0.22,
21:11:17,76284.03,76274.8,1.2,0.21,
21:11:17,76284.03,76274.7,1.2,0.23,
21:11:32,76270.95,76266.5,0.6,0.22,
21:11:32,76270.95,76266.5,0.6,0.22,
21:11:32,76270.95,76266.6,0.6,0.16,
21:11:47,76271.95,76266.5,0.7,0.24,
21:11:48,76271.96,76266.5,0.7,0.62,
21:12:02,76285.88,76284.2,0.2,0.15,
21:12:02,76285.88,76284.2,0.2,0.15,
21:12:02,76285.88,76284.2,0.2,0.16,
21:12:02,76285.88,76284.3,0.2,0.19,
21:12:17,76279.94,76266.7,1.7,0.19,
21:12:17,76279.94,76266.8,1.7,0.28,
21:12:32,76299.07,76274.5,3.2,0.21,
21:12:32,76299.07,76292.1,0.9,0.19,
21:12:32,76299.08,76274.6,3.2,0.22,
21:12:32,76299.07,76274.5,3.2,0.18,
21:12:47,76299.08,76292.1,0.9,0.15,
21:12:47,76299.07,76292.1,0.9,0.26,
21:13:02,76291.6,76280.2,1.5,0.16,
21:13:02,76291.6,76280.2,1.5,0.23,
21:13:02,76291.6,76280.2,1.5,0.25,
21:13:02,76291.6,76280.3,1.5,0.25,
21:13:17,76305.51,76298.9,0.9,0.23,
21:13:17,76305.51,76298.9,0.9,0.27,
21:13:32,76305.52,76293.4,1.6,0.15,
21:13:32,76305.52,76293.4,1.6,0.15,
21:13:32,76305.52,76293.3,1.6,0.15,
21:13:32,76305.52,76293.4,1.6,0.17,
21:13:47,76305.51,76290.7,1.9,0.19,
21:13:47,76305.51,76290.7,1.9,0.3,
21:14:02,76305.52,76298.7,0.9,0.13,
21:14:02,76305.52,76298.8,0.9,0.15,
21:14:02,76305.52,76298.8,0.9,0.17,
21:14:02,76305.52,76298.8,0.9,0.17,
21:14:17,76320.0,76315.5,0.6,0.18,
21:14:17,76320.0,76315.5,0.6,0.28,
21:14:32,76313.39,76297.9,2.0,0.18,
21:14:32,76313.39,76297.9,2.0,0.14,
21:14:32,76313.39,76304.6,1.2,0.17,
21:14:32,76313.39,76297.9,2.0,0.19,
21:14:47,76313.38,76304.8,1.1,0.14,
21:14:47,76313.38,76304.8,1.1,0.16,
21:15:02,76315.8,76309.9,0.8,0.17,
21:15:02,76315.8,76309.8,0.8,0.22,
21:15:02,76315.8,76309.9,0.8,0.37,
21:15:02,76315.8,76309.9,0.8,0.42,
21:15:17,76315.81,76305.4,1.4,0.2,
21:15:17,76315.81,76305.4,1.4,0.4,
21:15:32,76327.13,76322.5,0.6,0.15,
21:15:32,76327.13,76322.5,0.6,0.13,
21:15:32,76327.13,76322.5,0.6,0.15,
21:15:32,76327.13,76322.5,0.6,0.15,
21:15:47,76315.83,76305.5,1.4,0.15,
21:15:47,76315.83,76305.6,1.3,0.15,
21:16:02,76315.82,76312.7,0.4,0.23,
21:16:02,76315.82,76312.7,0.4,0.17,
21:16:02,76315.82,76312.7,0.4,0.22,
21:16:03,76315.82,76312.7,0.4,0.43,
21:16:17,76328.67,76319.3,1.2,0.14,
21:16:17,76328.67,76319.3,1.2,0.14,
21:16:32,76328.67,76322.6,0.8,0.15,
21:16:32,76328.66,76322.5,0.8,0.15,
21:16:32,76328.66,76322.6,0.8,0.18,
21:16:32,76328.66,76322.6,0.8,0.23,
21:16:47,76310.01,76297.3,1.7,0.14,
21:16:47,76310.01,76297.3,1.7,0.18,
21:17:02,76310.0,76300.9,1.2,0.15,
21:17:02,76310.0,76300.9,1.2,0.18,
21:17:02,76310.0,76301.0,1.2,0.25,
21:17:02,76310.0,76300.9,1.2,0.24,
21:17:17,76310.01,76307.4,0.3,0.15,
21:17:17,76310.01,76307.4,0.3,0.18,
21:17:32,76310.01,76307.5,0.3,0.14,
21:17:32,76310.01,76307.4,0.3,0.14,
21:17:32,76310.01,76307.5,0.3,0.15,
21:17:32,76310.01,76307.4,0.3,0.14,
21:17:47,76330.11,76328.9,0.2,0.18,
21:17:48,76330.11,76328.9,0.2,0.57,
21:18:02,76330.1,76315.6,1.9,0.18,
21:18:02,76330.1,76315.6,1.9,0.22,
21:18:02,76330.1,76315.6,1.9,0.27,
21:18:02,76330.1,76315.6,1.9,0.21,
21:18:17,76336.96,76329.3,1.0,0.14,
21:18:17,76336.96,76329.3,1.0,0.15,
21:18:32,76340.0,76336.5,0.5,0.15,
21:18:32,76340.0,76336.5,0.5,0.18,
21:18:32,76340.0,76336.4,0.5,0.15,
21:18:32,76340.0,76336.5,0.5,0.22,
21:18:47,76343.21,76337.1,0.8,0.18,
21:18:47,76343.21,76337.1,0.8,0.32,
21:19:02,76339.39,76332.4,0.9,0.17,
21:19:02,76339.39,76332.4,0.9,0.17,
21:19:02,76339.39,76332.3,0.9,0.18,
21:19:02,76339.39,76332.4,0.9,0.19,
21:19:17,76325.62,76316.9,1.1,0.14,
21:19:17,76325.62,76317.0,1.1,0.17,
21:19:32,76319.75,76313.1,0.9,0.15,
21:19:32,76319.75,76313.2,0.9,0.17,
21:19:32,76319.75,76313.2,0.9,0.16,
21:19:32,76319.75,76313.2,0.9,0.23,
21:19:47,76315.27,76309.8,0.7,0.17,
21:19:47,76315.27,76309.9,0.7,0.19,
21:20:02,76315.27,76315.0,0.0,0.18,
21:20:02,76315.27,76315.0,0.0,0.15,
21:20:02,76315.28,76315.0,0.0,0.27,
21:20:03,76315.27,76315.0,0.0,0.45,
21:20:17,76315.28,76314.7,0.1,0.15,
21:20:17,76315.28,76314.7,0.1,0.15,
21:20:32,76321.36,76318.2,0.4,0.15,
21:20:32,76321.36,76318.3,0.4,0.14,
21:20:32,76321.36,76318.2,0.4,0.15,
21:20:32,76321.36,76318.3,0.4,0.15,
21:20:47,76321.36,76315.7,0.7,0.18,
21:20:47,76321.36,76315.7,0.7,0.17,
21:21:02,76321.35,76318.3,0.4,0.15,
21:21:02,76321.35,76318.3,0.4,0.2,
21:21:02,76321.35,76318.3,0.4,0.17,
21:21:02,76321.35,76318.3,0.4,0.2,
21:21:17,76321.36,76309.6,1.5,0.15,
21:21:17,76321.36,76309.6,1.5,0.17,
21:21:32,76300.4,76287.0,1.8,0.18,
21:21:32,76300.4,76287.0,1.8,0.14,
21:21:32,76300.4,76287.0,1.8,0.17,
21:21:32,76300.4,76287.0,1.8,0.2,
21:21:47,76311.57,76303.9,1.0,0.15,
21:21:47,76311.57,76303.9,1.0,0.18,
21:22:02,76319.22,76318.9,0.0,0.18,
21:22:02,76319.22,76318.9,0.0,0.15,
21:22:02,76319.22,76318.9,0.0,0.23,
21:22:03,76319.22,76318.9,0.0,0.71,
21:22:17,76323.58,76321.7,0.2,0.15,
21:22:17,76323.58,76321.7,0.2,0.15,
21:22:32,76331.21,76326.8,0.6,0.18,
21:22:32,76331.21,76326.8,0.6,0.15,
21:22:32,76331.21,76326.8,0.6,0.18,
21:22:47,76333.35,76329.2,0.5,0.17,
21:22:47,76333.35,76329.3,0.5,0.18,
21:23:02,76333.35,76319.2,1.9,0.16,
21:23:02,76333.34,76319.3,1.8,0.16,
21:23:02,76333.34,76319.3,1.8,0.17,
21:23:02,76333.34,76319.3,1.8,0.41,
21:23:17,76320.0,76314.0,0.8,0.16,
21:23:17,76319.77,76310.3,1.2,0.22,
21:23:32,76281.35,76279.0,0.3,0.18,
21:23:32,76281.35,76279.0,0.3,0.25,
21:23:32,76281.35,76279.0,0.3,0.18,
21:23:32,76281.35,76279.0,0.3,0.3,
21:23:47,76281.34,76279.0,0.3,0.25,
21:23:47,76281.34,76279.0,0.3,0.31,
21:24:02,76270.78,76267.9,0.4,0.18,
21:24:02,76270.78,76268.0,0.4,0.18,
21:24:02,76270.78,76268.0,0.4,0.26,
21:24:03,76270.78,76268.0,0.4,0.54,
21:24:17,76278.4,76276.6,0.2,0.19,
21:24:17,76278.4,76276.6,0.2,0.19,
21:24:32,76278.41,76278.4,0.0,0.19,
21:24:32,76278.41,76278.5,-0.0,0.18,
21:24:32,76278.41,76278.5,-0.0,0.21,
21:24:32,76278.41,76278.5,-0.0,0.2,
21:24:47,76280.44,76278.4,0.3,0.15,
21:24:47,76280.44,76273.7,0.9,0.23,
21:25:02,76269.65,76267.4,0.3,0.15,
21:25:02,76269.65,76267.4,0.3,0.22,
21:25:02,76269.65,76267.4,0.3,0.32,
21:25:03,76269.65,76267.4,0.3,0.95,
21:25:17,76242.19,76239.0,0.4,0.19,
21:25:17,76239.01,76234.5,0.6,0.25,
21:25:32,76236.82,76236.8,0.0,0.15,
21:25:32,76236.82,76236.9,-0.0,0.18,
21:25:32,76236.82,76236.9,-0.0,0.15,
21:25:32,76236.82,76236.9,-0.0,0.19,
21:25:47,76244.46,76242.5,0.3,0.33,
21:25:48,76244.46,76242.6,0.2,0.32,
21:26:02,76249.35,76241.5,1.0,0.15,
21:26:02,76249.35,76241.5,1.0,0.22,
21:26:02,76249.35,76241.5,1.0,0.21,
21:26:02,76249.35,76241.5,1.0,0.23,
21:26:17,76240.7,76240.6,0.0,0.15,
21:26:17,76240.7,76240.7,0.0,0.19,
21:26:32,76234.57,76233.3,0.2,0.14,
21:26:32,76234.57,76233.3,0.2,0.15,
21:26:32,76234.57,76233.4,0.2,0.21,
21:26:32,76234.57,76233.3,0.2,0.26,
21:26:47,76203.28,76204.1,-0.1,0.15,
21:26:47,76203.27,76204.1,-0.1,0.15,
21:27:02,76187.24,76173.2,1.8,0.17,
21:27:02,76187.24,76173.2,1.8,0.15,
21:27:02,76187.24,76173.2,1.8,0.22,
21:27:03,76187.23,76173.2,1.8,0.46,
21:27:17,76193.53,76185.3,1.1,0.16,
21:27:17,76193.53,76188.6,0.6,0.21,
21:27:32,76180.95,76182.0,-0.1,0.15,
21:27:32,76180.95,76182.0,-0.1,0.19,
21:27:32,76180.95,76182.1,-0.2,0.18,
21:27:32,76180.95,76182.1,-0.2,0.31,
21:27:47,76216.58,76208.4,1.1,0.15,
21:27:47,76216.58,76208.5,1.1,0.16,
21:28:02,76198.38,76197.2,0.2,0.19,
21:28:02,76198.38,76203.9,-0.7,0.25,
21:28:03,76198.38,76203.9,-0.7,0.4,
21:28:03,76198.38,76197.2,0.2,0.35,
21:28:17,76189.54,76197.0,-1.0,0.15,
21:28:17,76189.54,76196.9,-1.0,0.17,
21:28:32,76184.01,76174.4,1.3,0.17,
21:28:32,76184.01,76174.4,1.3,0.19,
21:28:32,76184.01,76174.4,1.3,0.15,
21:28:32,76184.01,76174.3,1.3,0.2,
21:28:47,76184.01,76180.3,0.5,0.18,
21:28:47,76184.01,76180.3,0.5,0.24,
21:29:02,76184.1,76173.8,1.4,0.14,
21:29:02,76184.1,76176.7,1.0,0.17,
21:29:02,76184.1,76173.9,1.3,0.15,
21:29:03,76184.1,76176.7,1.0,0.49,
21:29:17,76159.46,76163.1,-0.5,0.14,
21:29:17,76159.46,76163.1,-0.5,0.17,
21:29:32,76165.35,76172.2,-0.9,0.16,
21:29:32,76165.35,76172.1,-0.9,0.16,
21:29:32,76165.35,76172.2,-0.9,0.15,
21:29:32,76165.35,76172.1,-0.9,0.18,
21:29:47,76166.98,76163.2,0.5,0.19,
21:29:47,76166.99,76163.1,0.5,0.2,
21:30:02,76148.93,76161.5,-1.7,0.14,
21:30:02,76148.93,76151.4,-0.3,0.14,
21:30:02,76150.64,76151.4,-0.1,0.17,
21:30:02,76135.26,76161.5,-3.4,0.18,
21:30:17,76142.54,76129.3,1.7,0.14,
21:30:17,76142.54,76129.3,1.7,0.17,
21:30:32,76116.24,76107.3,1.2,0.15,
21:30:32,76116.23,76107.4,1.2,0.14,
21:30:32,76116.23,76107.4,1.2,0.18,
21:30:32,76116.23,76107.3,1.2,0.36,
21:30:47,76134.05,76125.7,1.1,0.14,
21:30:47,76134.05,76125.6,1.1,0.15,
21:31:02,76135.75,76133.9,0.2,0.26,
21:31:02,76135.75,76145.2,-1.2,0.28,
21:31:02,76135.75,76133.9,0.2,0.22,
21:31:03,76135.75,76130.0,0.8,0.5,
21:31:17,76135.86,76129.2,0.9,0.15,
21:31:17,76135.85,76121.7,1.9,0.22,
21:31:32,76135.41,76129.1,0.8,0.17,
21:31:32,76135.41,76129.1,0.8,0.18,
21:31:32,76135.41,76127.1,1.1,0.16,
21:31:32,76135.41,76129.2,0.8,0.16,
21:31:47,76150.19,76143.8,0.8,0.24,
21:31:48,76150.19,76143.8,0.8,0.44,
21:32:02,76158.69,76145.0,1.8,0.16,
21:32:02,76158.7,76145.0,1.8,0.21,
21:32:02,76158.7,76145.0,1.8,0.16,
21:32:02,76158.7,76145.0,1.8,0.22,
21:32:17,76216.87,76208.9,1.0,0.19,
21:32:17,76216.87,76209.0,1.0,0.21,
21:32:32,76246.03,76229.6,2.2,0.18,
21:32:32,76246.02,76229.6,2.2,0.17,
21:32:32,76246.02,76229.6,2.2,0.15,
21:32:32,76246.02,76237.8,1.1,0.15,
21:32:47,76269.26,76255.8,1.8,0.2,
21:32:47,76269.26,76255.8,1.8,0.19,
21:33:02,76265.0,76255.8,1.2,0.16,
21:33:02,76265.0,76255.8,1.2,0.19,
21:33:02,76265.0,76255.8,1.2,0.19,
21:33:02,76265.0,76255.8,1.2,0.18,
21:33:58,76304.56,76294.6,1.3,0.27,
21:33:58,76304.56,76294.6,1.3,0.26,
21:34:02,76277.46,76266.9,1.4,0.17,
21:34:02,76277.46,76266.9,1.4,0.19,
21:34:09,76267.54,76264.1,0.5,0.23,
21:34:09,76267.55,76264.1,0.5,0.78,
21:34:24,76253.24,76248.5,0.6,0.15,
21:34:24,76253.24,76248.5,0.6,0.15,
21:34:32,76290.65,76281.2,1.2,0.14,
21:34:32,76290.65,76281.2,1.2,0.18,
21:34:39,76309.51,76301.9,1.0,0.13,
21:34:39,76309.51,76301.9,1.0,0.2,
21:34:54,76293.56,76286.1,1.0,0.14,
21:34:54,76293.56,76286.1,1.0,0.22,
21:35:02,76262.65,76261.5,0.2,0.29,
21:35:03,76262.64,76261.4,0.2,0.56,
21:35:09,76247.42,76242.7,0.6,0.14,
21:35:09,76247.42,76242.7,0.6,0.16,
21:35:24,76294.55,76290.8,0.5,0.14,
21:35:24,76294.55,76290.8,0.5,0.14,
21:35:32,76302.08,76296.9,0.7,0.14,
21:35:32,76302.08,76296.9,0.7,0.15,
21:35:39,76325.73,76328.0,-0.3,0.15,
21:35:39,76325.73,76316.3,1.2,0.17,
21:35:54,76281.44,76279.2,0.3,0.17,
21:35:54,76281.43,76279.2,0.3,0.3,
21:36:02,76292.38,76289.7,0.4,0.13,
21:36:02,76292.38,76289.8,0.3,0.16,
21:36:09,76254.03,76246.6,1.0,0.14,
21:36:09,76254.03,76246.7,1.0,0.16,
21:36:24,76299.81,76291.8,1.0,0.16,
21:36:24,76299.81,76291.8,1.0,0.29,
21:36:32,76314.04,76292.5,2.8,0.16,
21:36:32,76314.04,76292.5,2.8,0.17,
21:36:39,76348.9,76340.0,1.2,0.13,
21:36:39,76349.99,76328.0,2.9,0.2,
21:36:54,76339.32,76335.3,0.5,0.14,
21:36:54,76339.32,76335.3,0.5,0.16,
21:37:02,76369.18,76357.9,1.5,0.15,
21:37:02,76369.18,76358.0,1.5,0.34,
21:37:09,76399.75,76388.7,1.4,0.16,
21:37:09,76399.75,76388.7,1.4,0.18,
21:37:24,76372.35,76369.0,0.4,0.16,
21:37:24,76372.35,76369.0,0.4,0.16,
21:37:32,76340.58,76336.2,0.6,0.14,
21:37:32,76340.58,76330.3,1.3,0.13,
21:37:39,76327.68,76314.3,1.8,0.18,
21:37:39,76327.68,76314.3,1.8,0.24,
21:37:54,76334.98,76327.4,1.0,0.16,
21:37:54,76334.98,76330.0,0.7,0.17,
21:38:02,76344.84,76340.0,0.6,0.16,
21:38:02,76344.84,76339.2,0.7,0.17,
21:38:09,76329.07,76316.6,1.6,0.14,
21:38:09,76329.07,76324.9,0.5,0.19,
21:38:24,76310.31,76305.2,0.7,0.15,
21:38:24,76310.31,76301.0,1.2,0.21,
21:38:32,76309.99,76301.5,1.1,0.16,
21:38:32,76309.99,76301.5,1.1,0.21,
21:38:39,76306.24,76295.2,1.4,0.15,
21:38:39,76306.24,76295.2,1.4,0.15,
21:38:54,76318.22,76315.6,0.3,0.16,
21:38:54,76318.22,76315.7,0.3,0.24,
21:39:02,76339.04,76331.1,1.0,0.16,
21:39:09,76351.93,76350.5,0.2,0.14,
21:39:09,76351.93,76350.5,0.2,0.19,
21:39:24,76379.12,76374.4,0.6,0.13,
21:39:24,76379.12,76374.4,0.6,0.18,
21:39:32,76379.12,76372.6,0.9,0.17,
21:39:32,76379.12,76372.6,0.9,0.21,
21:39:39,76403.27,76404.5,-0.2,0.16,
21:39:39,76403.27,76404.5,-0.2,0.19,
21:39:54,76398.3,76389.8,1.1,0.14,
21:39:54,76398.3,76389.8,1.1,0.35,
21:40:02,76396.18,76395.0,0.2,0.21,
21:40:02,76396.18,76392.0,0.5,0.17,
21:40:09,76412.7,76408.9,0.5,0.18,
21:40:09,76412.7,76403.1,1.3,0.25,
21:40:24,76464.46,76454.8,1.3,0.16,
21:40:24,76464.46,76455.7,1.1,0.13,
21:40:32,76517.98,76504.9,1.7,0.13,
21:40:32,76517.98,76513.6,0.6,0.16,
21:40:39,76492.18,76482.8,1.2,0.15,
21:40:39,76496.42,76482.8,1.8,0.15,
21:40:54,76545.0,76541.8,0.4,0.16,
21:40:54,76545.0,76536.1,1.2,0.25,
21:41:02,76560.0,76553.2,0.9,0.15,
21:41:02,76560.0,76550.1,1.3,0.14,
21:41:09,76557.11,76550.1,0.9,0.14,
21:41:09,76557.11,76550.0,0.9,0.16,
21:41:24,76547.2,76542.3,0.6,0.24,
21:41:24,76547.21,76532.5,1.9,0.53,
21:41:32,76547.21,76536.6,1.4,0.21,
21:41:33,76547.2,76543.0,0.5,0.61,
21:41:39,76529.99,76523.8,0.8,0.18,
21:41:39,76529.99,76523.8,0.8,0.16,
21:41:54,76517.95,76514.7,0.4,0.18,
21:41:54,76517.95,76514.7,0.4,0.68,
21:42:02,76541.6,76532.2,1.2,0.27,
21:42:03,76541.6,76537.3,0.6,0.57,
21:42:09,76546.99,76543.7,0.4,0.15,
21:42:09,76546.99,76543.7,0.4,0.21,
21:42:24,76526.24,76520.7,0.7,0.13,
21:42:24,76526.24,76524.5,0.2,0.17,
21:43:05,76549.99,76540.8,1.2,0.2,
21:43:05,76549.98,76540.7,1.2,0.24,
21:43:06,76549.99,76544.0,0.8,0.17,
21:43:06,76549.99,76542.2,1.0,0.32,
21:43:21,76580.0,76575.0,0.7,0.24,
21:43:21,76580.0,76574.9,0.7,0.16,
21:43:33,76577.15,76565.3,1.5,0.59,
21:43:33,76577.15,76567.6,1.2,0.68,
21:43:35,76580.03,76574.9,0.7,0.2,
21:43:36,76580.03,76575.0,0.7,0.16,
21:43:50,76612.54,76584.9,3.6,0.14,
21:43:50,76612.54,76584.8,3.6,0.14,
21:44:02,76582.23,76565.4,2.2,0.17,
21:44:02,76582.23,76565.5,2.2,0.21,
21:44:05,76589.89,76578.2,1.5,0.17,
21:44:05,76589.89,76578.2,1.5,0.15,
21:44:20,76555.15,76542.5,1.7,0.13,
21:44:20,76555.14,76542.5,1.7,0.17,
21:44:32,76549.67,76533.4,2.1,0.15,
21:44:32,76549.67,76533.5,2.1,0.2,
21:44:36,76564.42,76559.1,0.7,0.21,
21:44:36,76564.42,76559.1,0.7,0.21,
21:44:51,76644.44,76636.6,1.0,0.14,
21:44:51,76644.44,76636.5,1.0,0.16,
21:45:02,76621.45,76617.6,0.5,0.22,
21:45:02,76621.45,76617.6,0.5,0.32,
21:45:06,76587.11,76572.4,1.9,0.14,
21:45:06,76587.11,76572.4,1.9,0.61,
21:45:21,76592.81,76589.8,0.4,0.18,
21:45:21,76592.81,76589.8,0.4,0.19,
21:45:32,76608.1,76598.2,1.3,0.3,
21:45:33,76608.11,76598.1,1.3,0.41,
21:45:36,76608.11,76601.8,0.8,0.29,
21:45:36,76608.11,76596.3,1.5,0.36,
21:45:51,76629.02,76624.4,0.6,0.18,
21:45:51,76629.02,76624.4,0.6,0.18,
21:46:02,76669.14,76659.9,1.2,0.15,
21:46:02,76669.14,76659.9,1.2,0.15,
21:46:06,76633.57,76630.8,0.4,0.14,
21:46:06,76633.57,76621.8,1.5,0.24,
21:46:21,76633.57,76623.8,1.3,0.16,
21:46:21,76633.57,76623.8,1.3,0.24,
21:46:32,76637.15,76639.8,-0.3,0.18,
21:46:32,76637.15,76639.3,-0.3,0.22,
21:46:36,76631.29,76621.9,1.2,0.14,
21:46:36,76631.29,76622.0,1.2,0.19,
21:46:51,76572.68,76565.3,1.0,0.19,
21:46:51,76572.68,76565.3,1.0,0.21,
21:47:02,76530.96,76520.8,1.3,0.21,
21:47:03,76530.96,76529.8,0.2,0.66,
21:47:06,76527.5,76517.9,1.3,0.15,
21:47:06,76527.5,76517.9,1.3,0.19,
21:47:21,76500.0,76491.0,1.2,0.19,
21:47:21,76500.0,76491.0,1.2,0.25,
21:47:32,76488.32,76483.5,0.6,0.16,
21:47:32,76488.32,76483.5,0.6,0.19,
21:47:36,76467.45,76465.8,0.2,0.17,
21:47:36,76467.45,76452.5,2.0,0.23,
21:47:51,76462.46,76457.2,0.7,0.17,
21:47:51,76462.46,76454.4,1.1,0.18,
21:48:02,76489.98,76486.9,0.4,0.15,
21:48:02,76489.98,76486.9,0.4,0.16,
21:48:06,76502.01,76494.5,1.0,0.17,
21:48:06,76502.01,76494.6,1.0,0.21,
21:48:21,76511.98,76512.5,-0.1,0.21,
21:48:21,76511.98,76512.4,-0.1,0.35,
21:48:32,76522.77,76514.6,1.1,0.15,
21:48:32,76522.77,76514.7,1.1,0.18,
21:48:36,76520.01,76514.0,0.8,0.16,
21:48:36,76520.01,76513.9,0.8,0.18,
21:48:51,76487.19,76475.4,1.5,0.13,
21:48:51,76487.19,76475.5,1.5,0.14,
21:49:02,76434.99,76449.4,-1.9,0.16,
21:49:02,76434.99,76449.4,-1.9,0.23,
21:49:06,76444.36,76435.1,1.2,0.17,
21:49:06,76444.36,76435.1,1.2,0.34,
21:49:21,76442.91,76436.6,0.8,0.22,
21:49:21,76442.91,76436.6,0.8,0.27,
21:49:32,76464.0,76465.5,-0.2,0.3,
21:49:32,76464.0,76465.5,-0.2,0.26,
21:49:36,76464.0,76464.0,0.0,0.18,
21:49:36,76464.0,76459.5,0.6,0.27,
21:49:51,76503.42,76498.1,0.7,0.21,
21:49:51,76503.42,76498.1,0.7,0.33,
21:50:02,76451.21,76440.2,1.4,0.14,
21:50:02,76451.21,76440.2,1.4,0.29,
21:50:06,76460.22,76469.9,-1.3,0.25,
21:50:06,76460.21,76460.1,0.0,0.47,
21:50:21,76487.21,76478.7,1.1,0.29,
21:50:21,76487.21,76478.7,1.1,0.37,
21:50:32,76491.3,76486.3,0.7,0.15,
21:50:32,76491.3,76486.4,0.6,0.16,
21:50:36,76506.41,76509.1,-0.4,0.22,
21:50:36,76506.41,76509.1,-0.4,0.35,
21:50:51,76488.81,76487.0,0.2,0.22,
21:50:51,76488.81,76486.9,0.2,0.2,
21:51:02,76485.0,76478.7,0.8,0.16,
21:51:02,76485.0,76478.6,0.8,0.16,
21:51:06,76485.01,76478.6,0.8,0.14,
21:51:06,76485.01,76478.7,0.8,0.16,
21:51:21,76513.04,76509.5,0.5,0.18,
21:51:21,76513.04,76509.5,0.5,0.19,
21:51:32,76514.74,76509.0,0.8,0.18,
21:51:33,76514.74,76509.0,0.8,0.68,
21:51:36,76514.75,76509.0,0.8,0.15,
21:51:36,76514.75,76509.0,0.8,0.23,
21:51:51,76530.17,76519.7,1.4,0.2,
21:51:51,76530.06,76519.8,1.3,0.25,
21:52:02,76452.27,76449.4,0.4,0.29,
21:52:03,76452.26,76449.4,0.4,0.73,
21:52:06,76467.55,76459.5,1.1,0.15,
21:52:06,76467.55,76459.5,1.1,0.2,
21:52:21,76448.87,76445.0,0.5,0.22,
21:52:21,76448.87,76444.9,0.5,0.25,
21:52:32,76454.06,76444.1,1.3,0.18,
21:52:32,76454.06,76444.1,1.3,0.21,
21:52:36,76445.92,76435.2,1.4,0.17,
21:52:37,76445.92,76435.3,1.4,0.75,
21:52:51,76440.37,76433.2,0.9,0.14,
21:52:51,76440.37,76429.7,1.4,0.16,
21:53:02,76422.48,76416.1,0.8,0.17,
21:53:02,76422.48,76416.1,0.8,0.37,
21:53:06,76438.87,76425.0,1.8,0.18,
21:53:06,76438.87,76428.3,1.4,0.19,
21:53:21,76496.87,76494.8,0.3,0.19,
21:53:21,76496.87,76494.9,0.3,0.33,
21:53:32,76496.87,76482.9,1.8,0.18,
21:53:32,76496.87,76487.6,1.2,0.28,
21:53:36,76496.87,76487.6,1.2,0.16,
21:53:36,76496.87,76487.7,1.2,0.21,
21:53:51,76482.66,76477.3,0.7,0.27,
21:53:51,76482.65,76477.4,0.7,0.66,
21:54:02,76456.22,76448.9,1.0,0.16,
21:54:02,76456.22,76462.2,-0.8,0.25,
21:54:06,76456.22,76443.1,1.7,0.3,
21:54:06,76456.22,76443.1,1.7,0.37,
21:54:21,76465.97,76455.3,1.4,0.61,
21:54:21,76467.75,76455.3,1.6,0.78,
21:54:32,76484.98,76479.9,0.7,0.15,
21:54:32,76484.98,76479.9,0.7,0.2,
21:54:36,76483.67,76475.1,1.1,0.2,
21:54:36,76483.67,76472.1,1.5,0.17,
21:54:51,76446.67,76435.3,1.5,0.15,
21:54:51,76446.67,76435.3,1.5,0.18,
21:55:02,76446.68,76436.4,1.3,0.19,
21:55:02,76446.68,76436.4,1.3,0.23,
21:55:06,76442.0,76433.7,1.1,0.19,
21:55:06,76442.0,76433.7,1.1,0.18,
21:55:21,76479.51,76468.6,1.4,0.17,
21:55:21,76479.51,76468.6,1.4,0.21,
21:56:20,76565.01,76548.2,2.2,0.15,
21:56:20,76565.01,76548.2,2.2,0.17,
21:56:35,76573.68,76556.3,2.3,0.15,
21:56:35,76573.68,76556.3,2.3,0.23,
21:56:35,76573.68,76556.3,2.3,0.34,
21:56:35,76573.68,76556.3,2.3,0.63,
21:56:50,76572.19,76553.6,2.4,0.23,
21:56:50,76570.0,76553.6,2.1,0.56,
21:57:05,76564.99,76555.6,1.2,0.18,
21:57:05,76564.99,76555.6,1.2,0.18,
21:57:05,76564.99,76555.6,1.2,0.17,
21:57:05,76564.99,76555.6,1.2,0.23,
21:57:20,76537.74,76531.8,0.8,0.18,
21:57:20,76537.74,76525.6,1.6,0.19,
21:57:35,76526.53,76509.3,2.3,0.14,
21:57:35,76526.53,76509.2,2.3,0.16,
21:57:35,76526.53,76509.2,2.3,0.21,
21:57:35,76526.53,76509.3,2.3,0.29,
21:57:50,76470.0,76456.3,1.8,0.14,
21:57:50,76470.01,76456.3,1.8,0.15,
21:58:05,76420.0,76409.3,1.4,0.28,
21:58:05,76420.0,76413.7,0.8,0.29,
21:58:05,76419.05,76409.9,1.2,0.47,
21:58:05,76418.93,76409.9,1.2,0.52,
21:58:20,76420.0,76410.0,1.3,0.18,
21:58:20,76420.0,76410.0,1.3,0.17,
21:58:35,76427.65,76420.6,0.9,0.15,
21:58:35,76427.65,76420.5,0.9,0.16,
21:58:35,76427.65,76420.5,0.9,0.16,
21:58:35,76427.65,76420.6,0.9,0.18,
21:58:50,76440.0,76431.7,1.1,0.18,
21:58:50,76440.0,76431.8,1.1,0.18,
21:59:05,76431.07,76428.1,0.4,0.18,
21:59:05,76432.01,76428.1,0.5,0.21,
21:59:05,76431.07,76428.1,0.4,0.23,
21:59:05,76439.7,76431.0,1.1,0.54,
21:59:20,76425.21,76415.3,1.3,0.14,
21:59:20,76425.21,76415.3,1.3,0.15,
21:59:35,76433.5,76420.7,1.7,0.16,
21:59:35,76433.5,76428.8,0.6,0.18,
21:59:35,76433.5,76426.7,0.9,0.18,
21:59:35,76433.5,76420.8,1.7,0.2,
21:59:50,76420.45,76417.9,0.3,0.14,
21:59:50,76420.44,76418.0,0.3,0.24,
22:00:05,76409.26,76401.9,1.0,0.15,
22:00:05,76409.26,76401.9,1.0,0.17,
22:00:05,76409.26,76401.9,1.0,0.2,
22:00:05,76409.26,76401.5,1.0,0.37,
22:00:20,76437.71,76427.3,1.4,0.18,
22:00:20,76437.71,76436.4,0.2,0.25,
22:00:35,76440.82,76430.8,1.3,0.15,
22:00:35,76440.82,76430.8,1.3,0.19,
22:00:35,76440.82,76430.8,1.3,0.19,
22:00:35,76440.82,76430.8,1.3,0.19,
22:00:50,76438.61,76425.0,1.8,0.14,
22:00:50,76438.61,76425.0,1.8,0.17,
22:01:05,76451.15,76444.6,0.9,0.18,
22:01:05,76451.15,76444.6,0.9,0.2,
22:01:05,76448.73,76444.6,0.5,0.31,
22:01:21,76462.74,76458.9,0.5,0.57,
22:01:21,76462.74,76458.9,0.5,0.58,
22:01:35,76472.99,76469.9,0.4,0.14,
22:01:35,76472.99,76469.9,0.4,0.25,
22:01:35,76472.99,76469.9,0.4,0.25,
22:01:35,76472.99,76470.0,0.4,0.26,
22:01:50,76471.53,76471.1,0.1,0.21,
22:01:50,76471.53,76471.1,0.1,0.26,
22:02:05,76537.02,76539.4,-0.3,0.14,
22:02:05,76537.02,76539.4,-0.3,0.15,
22:02:05,76537.02,76539.5,-0.3,0.15,
22:02:05,76537.02,76539.4,-0.3,0.16,
22:02:20,76569.6,76560.4,1.2,0.16,
22:02:20,76569.6,76560.4,1.2,0.27,
22:02:35,76570.93,76567.8,0.4,0.15,
22:02:35,76570.93,76567.8,0.4,0.15,
22:02:35,76570.93,76567.9,0.4,0.16,
22:02:35,76570.93,76567.8,0.4,0.18,
22:02:50,76566.46,76559.2,0.9,0.18,
22:02:50,76566.46,76560.0,0.8,0.21,
22:03:05,76569.5,76566.4,0.4,0.15,
22:03:05,76569.5,76566.4,0.4,0.17,
22:03:05,76569.5,76566.5,0.4,0.18,
22:03:05,76575.51,76566.5,1.2,0.29,
22:03:20,76545.44,76542.4,0.4,0.15,
22:03:20,76545.44,76542.4,0.4,0.17,
22:03:35,76543.08,76543.8,-0.1,0.16,
22:03:35,76543.08,76537.1,0.8,0.18,
22:03:35,76543.08,76543.7,-0.1,0.18,
22:03:35,76543.08,76537.1,0.8,0.31,
22:03:50,76557.93,76554.7,0.4,0.15,
22:03:50,76557.94,76554.7,0.4,0.18,
22:04:05,76543.08,76539.5,0.5,0.18,
22:04:05,76543.08,76539.5,0.5,0.21,
22:04:05,76543.08,76539.5,0.5,0.22,
22:04:05,76543.08,76539.5,0.5,0.21,
22:04:20,76515.09,76509.9,0.7,0.18,
22:04:20,76515.09,76509.9,0.7,0.28,
22:04:35,76525.0,76522.3,0.4,0.28,
22:04:35,76524.81,76522.3,0.3,0.4,

22:04:35,76524.81,76524.4,0.1,0.38,
22:04:50,76533.52,76526.8,0.9,0.17,
22:04:50,76533.52,76526.8,0.9,0.37,
22:05:05,76521.76,76519.2,0.3,0.2,
22:05:05,76521.76,76519.2,0.3,0.23,
22:05:05,76521.76,76516.4,0.7,0.24,
22:05:05,76521.76,76519.2,0.3,0.28,
22:05:20,76532.72,76526.1,0.9,0.27,
22:05:20,76532.72,76526.1,0.9,0.35,
22:05:35,76531.3,76528.1,0.4,0.14,
22:05:35,76531.3,76528.1,0.4,0.15,
22:05:35,76531.3,76528.1,0.4,0.15,
22:05:35,76535.9,76528.2,1.0,0.36,
22:05:50,76550.12,76547.3,0.4,0.15,
22:05:50,76550.12,76547.4,0.4,0.17,
22:06:05,76541.97,76535.5,0.8,0.18,
22:06:05,76541.97,76535.5,0.8,0.19,
22:06:05,76541.97,76535.5,0.8,0.18,
22:06:05,76541.97,76535.6,0.8,0.28,
22:06:20,76571.54,76567.2,0.6,0.21,
22:06:20,76571.54,76567.2,0.6,0.18,
22:06:35,76560.0,76557.1,0.4,0.14,
22:06:35,76560.0,76557.1,0.4,0.17,
22:06:35,76560.0,76557.2,0.4,0.16,
22:06:35,76560.0,76557.1,0.4,0.24,
22:06:50,76589.02,76580.6,1.1,0.19,
22:06:50,76589.02,76589.4,-0.0,0.29,
22:07:05,76557.51,76552.2,0.7,0.18,
22:07:05,76557.51,76552.2,0.7,0.19,
22:07:05,76557.51,76552.1,0.7,0.22,
22:07:05,76557.51,76552.1,0.7,0.39,
22:07:20,76565.16,76554.2,1.4,0.16,
22:07:20,76565.16,76554.2,1.4,0.17,
22:07:35,76571.33,76570.4,0.1,0.23,
22:07:36,76571.33,76570.4,0.1,0.72,
22:07:36,76571.33,76570.5,0.1,0.83,
22:07:36,76571.33,76570.4,0.1,0.96,
22:07:50,76553.7,76549.5,0.5,0.15,
22:07:51,76549.03,76549.5,-0.1,0.71,
22:08:05,76559.99,76554.8,0.7,0.3,
22:08:05,76559.99,76554.8,0.7,0.34,
22:08:05,76559.99,76554.8,0.7,0.37,
22:08:05,76559.99,76554.8,0.7,0.37,
22:08:20,76505.05,76516.9,-1.5,0.18,
22:08:20,76503.02,76509.1,-0.8,0.25,
22:08:35,76487.35,76480.1,0.9,0.52,
22:08:35,76487.35,76480.0,1.0,0.54,
22:08:35,76487.35,76480.1,0.9,0.54,
22:08:36,76487.35,76480.1,0.9,0.7,
22:08:50,76485.0,76480.5,0.6,0.18,
22:08:50,76485.0,76480.0,0.7,0.18,
22:09:05,76454.6,76455.9,-0.2,0.24,
22:09:05,76454.6,76451.0,0.5,0.2,
22:09:05,76453.41,76456.0,-0.3,0.25,
22:09:05,76454.6,76451.0,0.5,0.22,
22:09:20,76452.48,76445.9,0.9,0.15,
22:09:20,76452.48,76445.9,0.9,0.18,
22:09:35,76459.68,76457.2,0.3,0.17,
22:09:35,76459.68,76458.0,0.2,0.16,
22:09:35,76459.68,76457.3,0.3,0.16,
22:09:35,76459.68,76458.0,0.2,0.18,
22:09:50,76474.45,76462.3,1.6,0.19,
22:10:05,76494.99,76484.4,1.4,0.15,
22:10:05,76485.09,76484.4,0.1,0.38,
22:10:05,76485.09,76484.4,0.1,0.42,
22:10:05,76485.09,76484.5,0.1,0.55,
22:10:20,76450.51,76442.9,1.0,0.25,
22:10:20,76450.51,76442.9,1.0,0.33,
22:10:35,76450.51,76452.2,-0.2,0.15,
22:10:35,76450.51,76452.2,-0.2,0.15,
22:10:35,76450.51,76442.8,1.0,0.18,
22:10:35,76450.51,76452.1,-0.2,0.42,
22:10:50,76432.1,76421.8,1.3,0.31,
22:10:51,76432.1,76421.8,1.3,0.56,
22:11:05,76426.53,76417.8,1.1,0.21,
22:11:05,76426.53,76417.8,1.1,0.23,
22:11:05,76426.53,76417.8,1.1,0.35,
22:11:06,76426.53,76417.8,1.1,0.47,
22:11:20,76420.0,76417.8,0.3,0.41,
22:11:21,76420.0,76417.8,0.3,0.55,
22:11:35,76420.01,76409.8,1.3,0.21,
22:11:35,76420.01,76409.7,1.3,0.24,
22:11:35,76420.01,76409.8,1.3,0.24,
22:11:36,76411.66,76409.7,0.3,0.53,
22:11:50,76347.14,76341.0,0.8,0.17,
22:11:50,76347.14,76342.9,0.6,0.16,
22:12:05,76321.41,76319.2,0.3,0.16,
22:12:05,76321.41,76307.3,1.8,0.15,
22:12:05,76321.41,76319.2,0.3,0.18,
22:12:05,76321.41,76307.3,1.8,0.2,
22:12:20,76366.93,76359.6,1.0,0.16,
22:12:20,76366.93,76363.9,0.4,0.22,
22:12:35,76367.75,76363.7,0.5,0.18,
22:12:35,76367.75,76363.7,0.5,0.17,
22:12:35,76367.75,76359.6,1.1,0.18,
22:12:35,76367.75,76363.8,0.5,0.19,
22:12:50,76344.3,76338.7,0.7,0.32,
22:12:51,76344.3,76338.6,0.7,0.6,
22:13:05,76325.01,76322.7,0.3,0.19,
22:13:05,76325.01,76322.7,0.3,0.34,
22:13:05,76325.01,76322.7,0.3,0.45,
22:13:05,76325.01,76322.7,0.3,0.39,
22:13:20,76360.77,76354.5,0.8,0.18,
22:13:20,76360.77,76354.5,0.8,0.18,
22:13:35,76396.0,76385.4,1.4,0.14,
22:13:35,76396.0,76387.8,1.1,0.14,
22:13:35,76396.0,76387.8,1.1,0.13,
22:13:35,76396.0,76385.4,1.4,0.15,
22:13:50,76402.32,76395.1,0.9,0.15,
22:13:50,76402.32,76395.1,0.9,0.15,
22:14:05,76400.93,76398.4,0.3,0.18,
22:14:05,76400.93,76398.4,0.3,0.18,
22:14:05,76400.93,76398.3,0.3,0.15,
22:14:05,76400.93,76398.3,0.3,0.18,
22:14:20,76395.27,76385.7,1.3,0.18,
22:14:20,76395.27,76385.7,1.3,0.28,
22:14:35,76393.69,76385.8,1.0,0.15,
22:14:35,76393.69,76382.7,1.4,0.17,
22:14:35,76393.69,76385.8,1.0,0.15,
22:14:35,76393.69,76382.1,1.5,0.19,
22:14:50,76363.19,76353.9,1.2,0.19,
22:14:50,76363.19,76353.8,1.2,0.22,
22:15:05,76368.16,76360.0,1.1,0.15,
22:15:05,76368.16,76352.1,2.1,0.15,
22:15:05,76368.16,76359.9,1.1,0.21,
22:15:05,76368.16,76359.9,1.1,0.24,
22:15:20,76342.25,76334.2,1.1,0.16,
22:15:20,76342.25,76334.2,1.1,0.18,
22:15:35,76315.3,76314.1,0.2,0.15,
22:15:35,76315.3,76314.0,0.2,0.14,
22:15:35,76315.3,76314.1,0.2,0.18,
22:15:35,76315.3,76314.1,0.2,0.18,
22:15:50,76329.99,76320.0,1.3,0.19,
22:15:50,76329.99,76320.1,1.3,0.24,
22:16:05,76301.56,76291.8,1.3,0.33,
22:16:05,76301.56,76291.7,1.3,0.37,
22:16:05,76301.56,76291.8,1.3,0.35,
22:16:06,76301.56,76291.8,1.3,0.37,
22:16:20,76285.68,76276.8,1.2,0.17,
22:16:20,76285.68,76276.9,1.2,0.23,
22:16:35,76283.29,76286.1,-0.4,0.14,
22:16:35,76283.29,76286.1,-0.4,0.16,
22:16:35,76283.29,76286.1,-0.4,0.24,
22:16:35,76283.29,76286.1,-0.4,0.24,
22:16:50,76216.9,76208.8,1.1,0.18,
22:17:05,76149.07,76140.1,1.2,0.15,
22:17:05,76149.07,76146.9,0.3,0.15,
22:17:05,76149.07,76140.0,1.2,0.18,
22:17:05,76149.07,76140.1,1.2,0.2,
22:17:20,76167.16,76164.7,0.3,0.19,
22:17:20,76167.16,76164.7,0.3,0.31,
22:17:35,76131.17,76131.5,-0.0,0.18,
22:17:35,76131.17,76131.4,-0.0,0.18,
22:17:35,76131.17,76131.5,-0.0,0.22,
22:17:50,76142.75,76147.4,-0.6,0.15,
22:17:50,76142.75,76147.4,-0.6,0.16,
22:18:05,76110.32,76106.2,0.5,0.14,
22:18:05,76110.32,76100.0,1.4,0.17,
22:18:05,76110.32,76106.2,0.5,0.22,
22:18:05,76110.33,76106.2,0.5,0.28,
22:18:20,76093.82,76097.3,-0.5,0.15,
22:18:20,76093.82,76097.3,-0.5,0.15,
22:18:35,76142.74,76135.0,1.0,0.15,
22:18:35,76142.74,76135.0,1.0,0.14,
22:18:35,76142.74,76135.0,1.0,0.15,
22:18:35,76142.74,76134.9,1.0,0.21,
22:18:50,76154.88,76135.8,2.5,0.16,
22:18:50,76154.88,76135.8,2.5,0.21,
22:19:05,76196.12,76191.5,0.6,0.14,
22:19:05,76196.12,76191.5,0.6,0.19,
22:19:05,76196.12,76191.6,0.6,0.17,
22:19:05,76196.12,76191.6,0.6,0.18,
22:19:20,76239.75,76228.1,1.5,0.16,
22:19:20,76239.75,76234.0,0.8,0.19,
22:19:35,76230.44,76229.0,0.2,0.19,
22:19:35,76230.44,76229.1,0.2,0.19,
22:19:35,76230.44,76229.0,0.2,0.18,
22:19:35,76230.44,76229.1,0.2,0.19,
22:19:50,76237.78,76232.5,0.7,0.13,
22:19:50,76237.79,76232.5,0.7,0.19,
22:20:05,76299.99,76290.2,1.3,0.17,
22:20:05,76299.99,76289.4,1.4,0.23,
22:20:05,76299.99,76299.9,0.0,0.22,
22:20:05,76299.99,76300.0,-0.0,0.38,
22:20:20,76265.03,76256.7,1.1,0.19,
22:20:20,76265.03,76256.7,1.1,0.24,
22:20:35,76265.47,76257.4,1.1,0.14,
22:20:35,76265.47,76257.3,1.1,0.15,
22:20:35,76265.47,76257.3,1.1,0.19,
22:20:35,76265.47,76257.4,1.1,0.23,
22:20:50,76280.01,76274.0,0.8,0.15,
22:20:50,76280.01,76274.0,0.8,0.18,
22:21:05,76270.01,76266.5,0.5,0.17,
22:21:05,76270.01,76266.5,0.5,0.15,
22:21:05,76270.01,76266.4,0.5,0.19,
22:21:20,76283.81,76278.9,0.6,0.16,
22:21:20,76283.81,76278.8,0.7,0.18,
22:21:35,76289.94,76280.9,1.2,0.17,
22:21:35,76289.94,76281.0,1.2,0.19,
22:21:35,76289.94,76281.0,1.2,0.17,
22:21:35,76289.94,76281.0,1.2,0.21,
22:21:50,76255.0,76259.4,-0.6,0.15,
22:21:50,76255.0,76259.4,-0.6,0.15,
22:22:05,76215.1,76217.9,-0.4,0.16,
22:22:05,76215.1,76221.7,-0.9,0.15,
22:22:05,76215.1,76221.7,-0.9,0.18,
22:22:05,76215.11,76217.9,-0.4,0.18,
22:22:20,76218.29,76216.6,0.2,0.15,
22:22:20,76218.29,76216.6,0.2,0.28,
22:22:35,76244.39,76242.3,0.3,0.14,
22:22:35,76244.39,76242.2,0.3,0.15,
22:22:35,76244.39,76242.3,0.3,0.18,
22:22:35,76244.39,76242.3,0.3,0.17,
22:22:50,76280.0,76285.0,-0.7,0.15,
22:22:50,76280.0,76272.2,1.0,0.21,
22:23:05,76309.99,76309.9,0.0,0.18,
22:23:05,76309.99,76309.8,0.0,0.25,
22:23:05,76309.99,76309.8,0.0,0.23,
22:23:05,76309.99,76309.9,0.0,0.23,
22:23:20,76306.28,76301.4,0.6,0.15,
22:23:20,76306.28,76301.4,0.6,0.14,
22:23:35,76315.99,76309.9,0.8,0.19,
22:23:35,76315.99,76309.9,0.8,0.14,
22:23:35,76315.99,76309.9,0.8,0.19,
22:23:35,76315.99,76309.9,0.8,0.23,
22:23:50,76302.88,76289.9,1.7,0.14,
22:23:50,76302.88,76300.1,0.4,0.2,
22:24:05,76255.0,76241.4,1.8,0.19,
22:24:05,76255.0,76241.4,1.8,0.16,
22:24:05,76255.0,76241.4,1.8,0.15,
22:24:05,76255.0,76241.4,1.8,0.38,
22:24:20,76256.18,76252.1,0.5,0.14,
22:24:20,76256.18,76256.7,-0.1,0.15,
22:24:35,76269.98,76268.8,0.2,0.15,
22:24:35,76269.98,76268.8,0.2,0.17,
22:24:35,76269.98,76268.8,0.2,0.17,
22:24:35,76269.98,76268.8,0.2,0.15,
22:24:50,76288.89,76281.6,1.0,0.26,
22:24:50,76288.89,76281.7,0.9,0.27,
22:25:05,76263.81,76254.3,1.2,0.15,
22:25:05,76263.81,76254.3,1.2,0.19,
22:25:05,76263.81,76254.3,1.2,0.19,
22:25:05,76263.81,76253.0,1.4,0.17,
22:25:20,76260.0,76253.0,0.9,0.18,
22:25:20,76260.0,76253.1,0.9,0.24,
22:25:35,76237.54,76228.3,1.2,0.15,
22:25:35,76237.54,76228.2,1.2,0.18,
22:25:35,76237.54,76228.3,1.2,0.18,
22:25:35,76237.54,76228.2,1.2,0.18,
22:25:50,76217.71,76206.0,1.5,0.2,
22:25:50,76217.71,76206.0,1.5,0.25,
22:26:05,76210.3,76200.1,1.3,0.14,
22:26:05,76210.3,76200.1,1.3,0.15,
22:26:05,76210.3,76200.1,1.3,0.15,
22:26:05,76210.3,76200.1,1.3,0.15,
22:26:20,76197.65,76200.3,-0.3,0.15,
22:26:20,76197.65,76200.0,-0.3,0.29,
22:26:35,76201.4,76200.0,0.2,0.18,
22:26:35,76201.4,76200.0,0.2,0.21,
22:26:35,76201.4,76200.0,0.2,0.19,
22:26:35,76201.4,76200.0,0.2,0.15,
22:26:50,76186.89,76185.0,0.2,0.16,
22:26:50,76186.89,76185.0,0.2,0.14,
22:27:05,76145.61,76144.9,0.1,0.18,
22:27:05,76145.61,76145.0,0.1,0.15,
22:27:05,76145.61,76145.0,0.1,0.2,
22:27:05,76145.61,76144.9,0.1,0.17,
22:27:20,76169.99,76162.0,1.0,0.16,
22:27:20,76169.99,76155.8,1.9,0.18,
22:27:35,76154.54,76148.2,0.8,0.15,
22:27:35,76154.54,76148.2,0.8,0.14,
22:27:35,76154.54,76148.2,0.8,0.16,
22:27:35,76154.54,76148.2,0.8,0.17,
22:27:50,76185.65,76176.9,1.1,0.14,
22:27:50,76185.65,76176.9,1.1,0.15,
22:28:05,76210.0,76205.1,0.6,0.15,
22:28:05,76210.0,76205.1,0.6,0.15,
22:28:05,76210.0,76205.2,0.6,0.19,
22:28:05,76210.0,76205.2,0.6,0.18,
22:28:20,76242.12,76238.8,0.4,0.18,
22:28:20,76242.12,76238.7,0.4,0.27,
22:28:35,76263.45,76259.8,0.5,0.14,
22:28:35,76263.45,76259.8,0.5,0.15,
22:28:35,76263.45,76259.8,0.5,0.16,
22:28:35,76263.45,76259.8,0.5,0.15,
22:28:50,76295.0,76284.2,1.4,0.15,
22:28:50,76295.0,76284.1,1.4,0.25,
22:29:05,76290.51,76274.2,2.1,0.14,
22:29:05,76290.51,76274.2,2.1,0.16,
22:29:05,76290.51,76274.2,2.1,0.15,
22:29:05,76290.51,76274.3,2.1,0.17,
22:29:20,76311.42,76308.8,0.3,0.19,
22:29:20,76311.42,76308.9,0.3,0.21,
22:29:35,76320.0,76320.1,-0.0,0.16,
22:29:35,76320.0,76320.1,-0.0,0.15,
22:29:35,76320.0,76320.0,0.0,0.18,
22:29:35,76320.0,76320.0,0.0,0.18,
22:29:50,76339.96,76329.9,1.3,0.15,
22:29:50,76339.96,76329.9,1.3,0.2,
22:30:05,76323.57,76318.0,0.7,0.15,
22:30:05,76323.57,76317.8,0.8,0.19,
22:30:05,76323.57,76318.0,0.7,0.18,
22:30:05,76323.57,76318.0,0.7,0.18,
22:30:20,76313.69,76310.8,0.4,0.18,
22:30:20,76313.7,76310.8,0.4,0.37,
22:30:35,76305.67,76301.9,0.5,0.18,
22:30:35,76305.67,76301.9,0.5,0.18,
22:30:35,76305.67,76301.9,0.5,0.16,
22:30:35,76305.67,76301.9,0.5,0.21,
22:30:50,76322.85,76316.1,0.9,0.18,
22:30:50,76322.85,76316.1,0.9,0.21,
22:31:05,76368.49,76367.4,0.1,0.15,
22:31:05,76368.49,76364.7,0.5,0.15,
22:31:05,76368.49,76359.9,1.1,0.13,
22:31:05,76368.49,76367.4,0.1,0.51,
22:31:20,76419.17,76405.3,1.8,0.16,
22:31:20,76419.17,76388.7,4.0,0.15,
22:31:35,76527.54,76512.4,2.0,0.14,
22:31:35,76527.54,76517.2,1.4,0.19,
22:31:35,76527.54,76512.4,2.0,0.16,
22:31:35,76527.54,76512.4,2.0,0.17,
22:31:50,76533.38,76530.9,0.3,0.21,
22:31:50,76533.39,76530.9,0.3,0.24,
22:32:05,76510.01,76498.2,1.5,0.15,
22:32:05,76510.01,76500.3,1.3,0.18,
22:32:05,76510.01,76498.2,1.5,0.23,
22:32:05,76510.01,76508.0,0.3,0.27,
22:32:20,76475.39,76468.1,1.0,0.18,
22:32:20,76475.39,76468.2,0.9,0.17,
22:32:35,76480.48,76468.2,1.6,0.16,
22:32:35,76480.47,76468.2,1.6,0.19,
22:32:35,76480.48,76468.2,1.6,0.23,
22:32:35,76480.47,76468.2,1.6,0.26,
22:32:50,76487.74,76485.4,0.3,0.15,
22:32:50,76487.74,76485.3,0.3,0.15,
22:33:05,76491.79,76479.0,1.7,0.16,
22:33:05,76491.79,76479.0,1.7,0.15,
22:33:05,76491.79,76479.0,1.7,0.16,
22:33:05,76491.79,76479.0,1.7,0.18,
22:33:20,76470.19,76472.0,-0.2,0.15,
22:33:20,76470.19,76460.8,1.2,0.19,
22:33:35,76479.64,76471.2,1.1,0.16,
22:33:35,76479.65,76460.7,2.5,0.15,
22:33:35,76479.65,76460.7,2.5,0.23,
22:33:35,76479.65,76471.2,1.1,0.18,
22:33:50,76450.0,76440.8,1.2,0.16,
22:33:50,76450.0,76440.8,1.2,0.22,
22:34:05,76377.15,76375.2,0.3,0.15,
22:34:05,76377.15,76375.0,0.3,0.2,
22:34:05,76377.15,76361.4,2.1,0.2,
22:34:05,76377.15,76361.4,2.1,0.25,
22:34:20,76365.01,76358.3,0.9,0.17,
22:34:20,76365.01,76358.5,0.9,0.17,
22:34:35,76310.12,76304.1,0.8,0.18,
22:34:35,76310.12,76310.1,0.0,0.15,
22:34:35,76310.12,76310.1,0.0,0.19,
22:34:35,76310.12,76310.1,0.0,0.22,
22:34:50,76329.28,76323.4,0.8,0.18,
22:34:50,76329.28,76322.4,0.9,0.18,
22:35:05,76329.29,76314.2,2.0,0.19,
22:35:05,76329.29,76314.2,2.0,0.14,
22:35:05,76329.29,76314.2,2.0,0.18,
22:35:05,76329.29,76314.6,1.9,0.28,
22:35:20,76314.25,76310.3,0.5,0.17,
22:35:20,76314.25,76310.3,0.5,0.21,
22:35:35,76349.99,76347.9,0.3,0.14,
22:35:35,76349.99,76347.9,0.3,0.15,
22:35:35,76349.99,76347.9,0.3,0.15,
22:35:35,76349.99,76349.0,0.1,0.18,
22:36:12,76363.73,76353.0,1.4,0.16,
22:36:12,76363.73,76356.7,0.9,0.2,
22:36:12,76363.73,76364.1,-0.0,0.23,
22:36:12,76363.73,76358.3,0.7,0.28,
22:36:12,76363.73,76364.1,-0.0,0.18,
22:36:12,76363.73,76364.1,-0.0,0.21,
22:36:27,76350.01,76337.3,1.7,0.15,
22:36:27,76350.01,76341.0,1.2,0.16,
22:36:35,76325.04,76331.0,-0.8,0.19,
22:36:35,76325.04,76322.0,0.4,0.26,
22:36:42,76292.27,76287.5,0.6,0.18,
22:36:42,76292.27,76287.5,0.6,0.16,
22:36:57,76298.31,76287.4,1.4,0.23,
22:36:57,76298.31,76287.4,1.4,0.21,
22:37:05,76266.94,76261.7,0.7,0.16,
22:37:05,76266.94,76261.7,0.7,0.18,
22:37:12,76242.0,76231.5,1.4,0.19,
22:37:12,76241.99,76234.0,1.0,0.26,
22:37:27,76235.29,76223.1,1.6,0.15,
22:37:27,76235.29,76231.2,0.5,0.15,
22:37:35,76232.19,76223.7,1.1,0.23,
22:37:35,76232.19,76228.2,0.5,0.23,
22:37:42,76229.18,76211.5,2.3,0.18,
22:37:42,76229.18,76211.5,2.3,0.15,
22:37:57,76262.62,76258.4,0.6,0.18,
22:37:57,76262.63,76258.5,0.5,0.24,
22:38:05,76239.28,76227.3,1.6,0.15,
22:38:05,76239.28,76227.2,1.6,0.14,
22:38:12,76262.63,76262.2,0.1,0.19,
22:38:12,76262.63,76262.1,0.1,0.18,
22:38:27,76280.67,76272.6,1.1,0.16,
22:38:27,76280.67,76272.5,1.1,0.29,
22:38:35,76270.58,76272.6,-0.3,0.14,
22:38:35,76270.58,76272.6,-0.3,0.14,
22:38:42,76269.44,76265.6,0.5,0.2,
22:38:42,76269.44,76265.6,0.5,0.27,
22:38:57,76257.1,76255.1,0.3,0.32,
22:38:57,76257.1,76255.1,0.3,0.38,
22:39:05,76237.32,76223.0,1.9,0.15,
22:39:05,76237.32,76223.0,1.9,0.17,
22:39:12,76248.88,76232.1,2.2,0.17,
22:39:12,76248.88,76232.1,2.2,0.26,
22:39:27,76232.87,76226.6,0.8,0.21,
22:39:27,76232.87,76226.6,0.8,0.23,
22:39:35,76225.01,76220.5,0.6,0.17,
22:39:35,76228.5,76209.2,2.5,0.29,
22:39:42,76233.56,76231.5,0.3,0.23,
22:39:42,76233.56,76231.5,0.3,0.28,
22:39:57,76239.75,76230.5,1.2,0.15,
22:39:57,76239.75,76235.3,0.6,0.24,
22:40:05,76244.99,76232.8,1.6,0.23,
22:40:05,76245.0,76232.8,1.6,0.22,
22:40:12,76309.86,76300.1,1.3,0.15,
22:40:12,76309.86,76300.1,1.3,0.26,
22:40:27,76296.01,76282.5,1.8,0.18,
22:40:27,76296.01,76282.5,1.8,0.23,
22:40:35,76285.22,76268.1,2.2,0.14,
22:40:35,76285.22,76272.8,1.6,0.16,
22:40:42,76293.64,76286.3,1.0,0.15,
22:40:42,76293.64,76287.5,0.8,0.16,
22:40:57,76284.79,76269.3,2.0,0.19,
22:40:58,76284.79,76269.3,2.0,0.49,
22:41:05,76289.62,76275.0,1.9,0.24,
22:41:05,76289.62,76288.1,0.2,0.28,
22:41:12,76279.04,76273.4,0.7,0.19,
22:41:12,76279.04,76282.3,-0.4,0.2,
22:41:27,76308.41,76304.6,0.5,0.18,
22:41:27,76308.41,76306.4,0.3,0.18,
22:41:35,76335.91,76323.4,1.6,0.19,
22:41:42,76325.01,76315.6,1.2,0.23,
22:41:42,76325.01,76315.7,1.2,0.25,
22:41:57,76337.0,76333.2,0.5,0.19,
22:41:57,76339.93,76332.8,0.9,0.18,
22:42:05,76354.97,76345.5,1.2,0.19,
22:42:05,76354.97,76345.4,1.3,0.19,
22:42:12,76344.67,76340.8,0.5,0.15,
22:42:12,76344.67,76340.7,0.5,0.15,
22:42:27,76347.74,76342.3,0.7,0.16,
22:42:27,76347.74,76342.3,0.7,0.14,
22:42:35,76350.0,76344.0,0.8,0.16,
22:42:35,76350.0,76344.0,0.8,0.19,
22:42:42,76351.27,76341.6,1.3,0.14,
22:42:42,76351.27,76341.5,1.3,0.15,
22:42:57,76324.54,76314.9,1.3,0.21,
22:42:57,76324.54,76314.9,1.3,0.18,
22:43:05,76340.01,76340.0,0.0,0.17,
22:43:05,76340.01,76340.0,0.0,0.36,
22:43:12,76350.0,76344.2,0.8,0.21,
22:43:12,76350.0,76344.3,0.7,0.44,
22:43:27,76360.29,76357.0,0.4,0.16,
22:43:27,76360.29,76354.9,0.7,0.17,
22:43:35,76352.0,76347.8,0.6,0.19,
22:43:35,76352.0,76347.8,0.6,0.24,
22:43:42,76352.0,76340.5,1.5,0.21,
22:43:42,76352.0,76340.5,1.5,0.23,
22:43:57,76352.0,76337.8,1.9,0.15,
22:43:57,76352.0,76337.8,1.9,0.19,
22:44:05,76316.51,76306.1,1.4,0.17,
22:44:05,76316.51,76305.2,1.5,0.17,
22:44:12,76334.99,76330.0,0.7,0.15,
22:44:12,76334.99,76330.0,0.7,0.19,
22:44:27,76358.25,76355.2,0.4,0.21,
22:44:27,76358.25,76355.1,0.4,0.19,
22:44:35,76372.2,76365.0,0.9,0.15,
22:44:35,76372.2,76365.0,0.9,0.25,
22:44:42,76365.99,76357.3,1.1,0.15,
22:44:42,76365.99,76369.9,-0.5,0.22,
22:44:57,76352.01,76345.9,0.8,0.19,
22:44:57,76352.01,76345.9,0.8,0.33,
22:45:05,76359.99,76357.3,0.4,0.33,
22:45:05,76359.99,76357.3,0.4,0.26,
22:45:12,76353.58,76346.0,1.0,0.16,
22:45:12,76352.01,76360.2,-1.1,0.19,
22:45:27,76353.99,76353.3,0.1,0.16,
22:45:27,76353.99,76353.4,0.1,0.23,
22:45:35,76373.78,76370.0,0.5,0.18,
22:45:35,76373.78,76369.9,0.5,0.2,
22:45:42,76352.2,76340.3,1.6,0.2,
22:45:42,76352.2,76340.2,1.6,0.2,
22:45:57,76352.01,76346.0,0.8,0.15,
22:45:57,76352.01,76346.0,0.8,0.23,
22:46:05,76364.16,76364.0,0.0,0.2,
22:46:05,76364.16,76364.0,0.0,0.37,
22:46:12,76380.4,76375.0,0.7,0.19,
22:46:12,76380.4,76375.0,0.7,0.24,
22:46:27,76360.75,76361.4,-0.1,0.17,
22:46:27,76360.75,76361.4,-0.1,0.22,
22:46:35,76360.75,76360.0,0.1,0.16,
22:46:35,76360.75,76360.0,0.1,0.23,
22:46:42,76379.08,76374.9,0.5,0.21,
22:46:42,76379.08,76383.1,-0.5,0.47,
22:46:57,76412.73,76416.2,-0.5,0.22,
22:46:57,76412.73,76416.2,-0.5,0.23,
22:47:05,76396.78,76387.7,1.2,0.2,
22:47:06,76407.53,76409.7,-0.3,0.85,
22:47:12,76417.55,76413.2,0.6,0.17,
22:47:12,76417.55,76413.2,0.6,0.24,
22:47:27,76393.46,76390.3,0.4,0.18,
22:47:27,76393.46,76390.3,0.4,0.19,
22:47:35,76381.09,76372.4,1.1,0.16,
22:47:35,76381.09,76372.4,1.1,0.22,
22:47:42,76376.37,76378.1,-0.2,0.2,
22:47:42,76376.37,76378.1,-0.2,0.22,
22:47:57,76405.99,76399.9,0.8,0.26,
22:47:57,76405.99,76399.8,0.8,0.33,
22:48:05,76399.82,76404.9,-0.7,0.23,
22:48:05,76399.82,76403.5,-0.5,0.22,
22:48:12,76414.0,76408.9,0.7,0.14,
22:48:12,76414.0,76408.9,0.7,0.19,
22:48:27,76396.02,76392.4,0.5,0.15,
22:48:27,76396.02,76392.4,0.5,0.2,
22:48:35,76377.15,76369.1,1.1,0.22,
22:48:35,76377.15,76371.3,0.8,0.26,
22:48:42,76365.01,76357.2,1.0,0.19,
22:48:42,76365.01,76357.1,1.0,0.19,
22:48:57,76365.0,76364.5,0.1,0.22,
22:48:57,76365.0,76369.1,-0.5,0.26,
22:49:05,76363.68,76360.8,0.4,0.19,
22:49:05,76363.68,76360.8,0.4,0.26,
22:49:12,76387.96,76380.2,1.0,0.22,
22:49:12,76387.96,76379.6,1.1,0.21,
22:49:27,76377.14,76378.5,-0.2,0.21,
22:49:27,76377.14,76378.4,-0.2,0.16,
22:49:35,76387.95,76389.9,-0.3,0.23,
22:49:35,76387.95,76389.8,-0.2,0.26,
22:49:42,76390.57,76390.0,0.1,0.17,
22:49:42,76390.57,76389.9,0.1,0.2,
22:49:57,76377.14,76372.0,0.7,0.15,
22:49:57,76377.14,76372.1,0.7,0.26,
22:50:05,76390.82,76378.8,1.6,0.16,
22:50:05,76387.04,76378.9,1.1,0.31,
22:50:12,76376.64,76371.9,0.6,0.19,
22:50:12,76376.64,76371.9,0.6,0.2,
22:50:27,76379.33,76383.7,-0.6,0.2,
22:50:27,76379.33,76383.7,-0.6,0.3,
22:50:35,76384.88,76383.6,0.2,0.19,
22:50:35,76384.88,76383.6,0.2,0.23,
22:50:42,76399.91,76397.7,0.3,0.18,
22:50:42,76399.91,76397.8,0.3,0.18,
22:50:57,76390.41,76388.3,0.3,0.16,
22:50:57,76390.41,76388.3,0.3,0.18,
22:51:05,76365.02,76354.7,1.4,0.22,
22:51:05,76365.02,76372.0,-0.9,0.28,
22:51:12,76366.82,76365.0,0.2,0.21,
22:51:12,76366.82,76364.9,0.3,0.21,
22:51:27,76365.0,76354.5,1.4,0.23,
22:51:27,76365.0,76354.5,1.4,0.25,
22:51:35,76372.84,76372.0,0.1,0.21,
22:51:35,76372.84,76372.0,0.1,0.25,
22:51:42,76365.01,76361.5,0.5,0.17,
22:51:42,76365.01,76361.5,0.5,0.21,
22:51:57,76424.91,76422.5,0.3,0.15,
22:51:57,76424.91,76422.4,0.3,0.26,
22:52:05,76465.0,76462.7,0.3,0.18,
22:52:05,76465.0,76462.7,0.3,0.19,
22:52:12,76470.98,76463.6,1.0,0.17,
22:52:27,76405.64,76402.6,0.4,0.16,
22:52:27,76405.64,76402.6,0.4,0.15,
22:52:35,76408.2,76404.1,0.5,0.19,
22:52:35,76408.2,76402.6,0.7,0.29,
22:52:42,76383.17,76379.1,0.5,0.2,
22:52:42,76383.17,76379.1,0.5,0.18,
22:52:57,76388.06,76383.9,0.5,0.18,
22:52:57,76388.06,76383.9,0.5,0.23,
22:53:05,76372.63,76365.8,0.9,0.15,
22:53:05,76372.63,76365.8,0.9,0.19,
22:53:12,76370.01,76365.7,0.6,0.15,
22:53:12,76370.01,76365.7,0.6,0.19,
22:53:27,76361.93,76351.0,1.4,0.21,
22:53:27,76361.93,76351.0,1.4,0.26,
22:53:35,76361.93,76361.0,0.1,0.14,
22:53:35,76361.93,76361.1,0.1,0.15,
22:53:42,76361.93,76356.8,0.7,0.21,
22:53:42,76361.93,76356.8,0.7,0.34,
22:53:57,76361.92,76361.5,0.1,0.21,
22:53:57,76361.92,76361.5,0.1,0.19,
22:54:05,76380.15,76380.9,-0.1,0.17,
22:54:05,76380.15,76380.9,-0.1,0.19,
22:54:12,76380.15,76379.5,0.1,0.2,
22:54:12,76380.15,76379.5,0.1,0.19,
22:54:27,76382.45,76376.9,0.7,0.15,
22:54:27,76382.45,76376.9,0.7,0.16,
22:54:35,76395.99,76394.0,0.3,0.19,
22:54:35,76395.99,76391.5,0.6,0.25,
22:54:42,76409.78,76404.9,0.6,0.23,
22:54:42,76409.78,76405.0,0.6,0.23,
22:54:57,76377.37,76377.0,0.0,0.2,
22:54:57,76377.37,76376.9,0.1,0.19,
22:55:05,76358.02,76349.5,1.1,0.16,
22:55:05,76358.02,76353.0,0.7,0.16,
22:55:12,76358.01,76349.4,1.1,0.2,
22:55:12,76358.01,76349.4,1.1,0.19,
22:55:27,76361.44,76353.7,1.0,0.19,
22:55:27,76361.44,76353.7,1.0,0.18,
22:55:35,76378.0,76374.4,0.5,0.23,
22:55:35,76375.82,76374.4,0.2,0.21,
22:55:42,76377.99,76378.5,-0.1,0.28,
22:55:42,76377.99,76378.5,-0.1,0.27,
22:55:57,76361.6,76362.9,-0.2,0.17,
22:55:57,76361.6,76362.9,-0.2,0.18,
22:56:05,76350.01,76361.3,-1.5,0.16,
22:56:05,76350.01,76342.4,1.0,0.27,
22:56:12,76335.93,76329.7,0.8,0.15,
22:56:12,76335.93,76329.7,0.8,0.15,
22:56:27,76331.65,76327.1,0.6,0.22,
22:56:27,76331.65,76327.1,0.6,0.28,
22:56:35,76331.66,76332.7,-0.1,0.15,
22:56:35,76331.66,76332.8,-0.1,0.19,
22:56:42,76329.5,76325.0,0.6,0.15,
22:56:42,76329.5,76325.0,0.6,0.19,
22:56:57,76319.3,76309.6,1.3,0.15,
22:56:57,76319.3,76312.6,0.9,0.19,
22:57:05,76319.29,76315.2,0.5,0.19,
22:57:05,76319.29,76315.2,0.5,0.2,
22:57:12,76323.92,76321.6,0.3,0.2,
22:57:12,76323.92,76321.6,0.3,0.24,
22:57:27,76279.04,76277.9,0.1,0.23,
22:57:27,76279.04,76278.0,0.1,0.28,
22:57:35,76294.1,76292.6,0.2,0.16,
22:57:35,76294.1,76292.6,0.2,0.24,
22:57:42,76294.09,76292.6,0.2,0.19,
22:57:42,76294.09,76292.6,0.2,0.16,
22:57:57,76291.36,76284.5,0.9,0.16,
22:57:57,76291.36,76284.4,0.9,0.16,
22:58:05,76291.77,76293.1,-0.2,0.16,
22:58:05,76291.77,76293.1,-0.2,0.19,
22:58:12,76291.77,76292.9,-0.1,0.16,
22:58:12,76291.77,76292.9,-0.1,0.16,
22:58:27,76320.61,76321.6,-0.1,0.16,
22:58:27,76320.61,76321.6,-0.1,0.19,
22:58:35,76317.91,76315.2,0.4,0.15,
22:58:35,76317.91,76315.2,0.4,0.18,
22:58:42,76323.92,76318.9,0.7,0.18,
22:58:42,76323.92,76318.8,0.7,0.2,
22:58:57,76328.86,76324.9,0.5,0.18,
22:58:57,76328.86,76324.9,0.5,0.21,
22:59:05,76328.87,76326.4,0.3,0.19,
22:59:05,76331.65,76326.4,0.7,0.43,
22:59:12,76340.0,76343.0,-0.4,0.15,
22:59:13,76340.0,76338.6,0.2,0.85,
22:59:27,76332.67,76326.0,0.9,0.23,
22:59:27,76332.67,76326.0,0.9,0.25,
22:59:35,76332.68,76328.3,0.6,0.2,
22:59:35,76332.68,76328.3,0.6,0.23,
22:59:42,76319.57,76311.1,1.1,0.25,
22:59:42,76319.57,76311.1,1.1,0.24,
22:59:57,76301.25,76295.2,0.8,0.18,
22:59:57,76301.25,76290.5,1.4,0.25,
23:00:05,76339.98,76339.7,0.0,0.19,
23:00:06,76351.48,76337.4,1.8,0.42,
23:00:12,76369.99,76362.3,1.0,0.18,
23:00:13,76369.99,76362.3,1.0,0.49,
23:00:27,76358.92,76356.7,0.3,0.2,
23:00:27,76358.92,76364.8,-0.8,0.21,
23:00:35,76352.0,76343.3,1.1,0.18,
23:00:35,76352.0,76343.3,1.1,0.2,
23:00:42,76352.01,76348.2,0.5,0.15,
23:00:42,76352.01,76348.3,0.5,0.19,
23:00:57,76372.08,76363.2,1.2,0.16,
23:00:58,76364.93,76363.2,0.2,0.82,
23:01:05,76362.27,76358.0,0.6,0.32,
23:01:05,76362.27,76358.0,0.6,0.31,
23:01:12,76371.98,76368.6,0.4,0.16,
23:01:12,76371.98,76368.6,0.4,0.15,
23:01:27,76388.3,76386.4,0.2,0.19,
23:01:27,76388.3,76386.3,0.3,0.19,
23:01:35,76382.06,76380.0,0.3,0.17,
23:01:35,76382.06,76385.6,-0.5,0.2,
23:01:42,76382.07,76374.1,1.0,0.15,
23:01:42,76382.07,76374.2,1.0,0.16,
23:01:57,76382.06,76373.1,1.2,0.18,
23:01:57,76382.06,76373.1,1.2,0.21,
23:02:05,76363.25,76358.8,0.6,0.15,
23:02:05,76363.25,76357.6,0.7,0.26,
23:02:12,76352.01,76341.4,1.4,0.14,
23:02:27,76345.16,76341.2,0.5,0.19,
23:02:27,76345.16,76341.2,0.5,0.23,
23:02:35,76345.16,76341.2,0.5,0.22,
23:02:35,76345.16,76341.3,0.5,0.28,
23:02:42,76301.24,76291.3,1.3,0.16,
23:02:42,76301.24,76300.9,0.0,0.22,
23:02:57,76270.01,76266.4,0.5,0.26,
23:02:57,76270.01,76266.4,0.5,0.32,
23:03:05,76267.0,76259.5,1.0,0.3,
23:03:05,76267.0,76259.5,1.0,0.3,
23:03:12,76279.92,76271.0,1.2,0.15,
23:03:12,76279.92,76274.6,0.7,0.18,
23:03:27,76270.01,76273.1,-0.4,0.21,
23:03:27,76270.01,76273.1,-0.4,0.22,
23:03:35,76267.0,76259.4,1.0,0.16,
23:03:35,76266.99,76259.5,1.0,0.3,
23:03:42,76276.65,76275.5,0.2,0.14,
23:03:42,76276.65,76275.6,0.1,0.21,
23:03:57,76260.29,76259.5,0.1,0.19,
23:03:57,76260.29,76255.0,0.7,0.24,
23:04:05,76247.46,76242.8,0.6,0.2,
23:04:05,76247.46,76242.8,0.6,0.16,
23:04:12,76236.36,76234.7,0.2,0.16,
23:04:12,76236.36,76234.7,0.2,0.31,
23:04:27,76179.13,76173.5,0.7,0.19,
23:04:27,76179.13,76173.4,0.8,0.26,
23:04:35,76184.45,76183.9,0.1,0.15,
23:04:35,76184.45,76183.9,0.1,0.16,
23:04:42,76190.09,76187.9,0.3,0.17,
23:04:42,76190.09,76187.9,0.3,0.19,
23:04:57,76271.95,76275.5,-0.5,0.16,
23:04:57,76271.95,76275.5,-0.5,0.25,
23:05:05,76259.96,76263.2,-0.4,0.16,
23:05:05,76259.96,76263.2,-0.4,0.23,
23:05:12,76274.43,76271.9,0.3,0.17,
23:05:12,76274.43,76271.9,0.3,0.34,
23:05:27,76250.0,76247.2,0.4,0.15,
23:05:27,76250.0,76247.1,0.4,0.25,
23:05:35,76231.76,76234.5,-0.4,0.22,
23:05:35,76231.76,76234.5,-0.4,0.26,
23:05:42,76239.99,76243.1,-0.4,0.15,
23:05:42,76239.99,76240.7,-0.1,0.16,
23:05:57,76239.99,76237.3,0.4,0.19,
23:05:57,76239.99,76237.3,0.4,0.23,
23:06:05,76239.99,76239.9,0.0,0.16,
23:06:05,76239.99,76239.9,0.0,0.2,
23:06:12,76240.0,76239.9,0.0,0.15,
23:06:12,76240.0,76240.0,0.0,0.15,
23:06:27,76280.0,76283.6,-0.5,0.19,
23:06:27,76280.0,76283.6,-0.5,0.23,
23:06:35,76279.99,76290.2,-1.3,0.15,
23:06:35,76279.99,76290.2,-1.3,0.17,
23:06:42,76295.54,76300.9,-0.7,0.17,
23:06:42,76295.54,76300.9,-0.7,0.22,
23:06:57,76276.15,76283.1,-0.9,0.16,
23:06:57,76276.15,76283.1,-0.9,0.19,
23:07:05,76283.01,76280.1,0.4,0.2,
23:07:05,76283.01,76280.1,0.4,0.22,
23:07:12,76323.52,76329.4,-0.8,0.19,
23:07:12,76323.52,76328.7,-0.7,0.19,
23:07:27,76311.02,76307.7,0.4,0.2,
23:07:27,76311.02,76300.0,1.4,0.28,
23:07:35,76306.01,76314.9,-1.2,0.19,
23:07:35,76306.01,76314.9,-1.2,0.35,
23:07:42,76322.7,76322.5,0.0,0.18,
23:07:42,76322.7,76322.5,0.0,0.23,
23:07:57,76370.91,76367.7,0.4,0.15,
23:07:57,76370.91,76367.7,0.4,0.21,
23:08:05,76373.98,76372.5,0.2,0.15,
23:08:05,76373.98,76376.8,-0.4,0.18,
23:08:12,76382.2,76384.8,-0.3,0.18,
23:08:12,76382.2,76384.8,-0.3,0.22,
23:08:27,76344.84,76342.6,0.3,0.15,
23:08:27,76344.84,76336.0,1.2,0.15,
23:08:35,76333.18,76332.4,0.1,0.18,
23:08:35,76333.18,76341.5,-1.1,0.19,
23:08:42,76333.17,76333.1,0.0,0.15,
23:08:42,76333.17,76333.2,-0.0,0.24,
23:08:57,76333.17,76333.3,-0.0,0.18,
23:08:57,76333.17,76333.3,-0.0,0.22,
23:09:05,76339.06,76338.8,0.0,0.16,
23:09:05,76339.06,76338.5,0.1,0.16,
23:09:12,76361.2,76364.5,-0.4,0.15,
23:09:12,76361.2,76364.5,-0.4,0.15,
23:09:27,76374.55,76374.1,0.1,0.18,
23:09:27,76374.55,76374.1,0.1,0.21,
23:09:35,76370.84,76372.6,-0.2,0.16,
23:09:35,76370.84,76372.6,-0.2,0.21,
23:09:42,76367.64,76371.7,-0.5,0.16,
23:09:42,76367.64,76371.7,-0.5,0.19,
23:09:57,76388.0,76388.8,-0.1,0.16,
23:09:57,76388.0,76388.7,-0.1,0.18,
23:10:05,76407.82,76406.8,0.1,0.47,
23:10:05,76407.82,76406.8,0.1,0.46,
23:10:12,76380.8,76379.5,0.2,0.15,
23:10:12,76380.8,76379.5,0.2,0.22,
23:10:27,76397.68,76397.0,0.1,0.2,
23:10:27,76397.68,76397.0,0.1,0.23,
23:10:35,76391.78,76391.1,0.1,0.26,
23:10:35,76391.78,76391.2,0.1,0.29,
23:10:42,76391.79,76391.6,0.0,0.17,
23:10:42,76391.79,76391.6,0.0,0.15,
23:10:57,76377.15,76372.7,0.6,0.2,
23:10:57,76377.15,76372.7,0.6,0.25,
23:11:05,76376.31,76371.8,0.6,0.19,
23:11:05,76376.31,76371.8,0.6,0.19,
23:11:12,76367.47,76364.0,0.5,0.15,
23:11:12,76367.47,76364.0,0.5,0.18,
23:11:27,76372.34,76373.8,-0.2,0.16,
23:11:27,76372.34,76373.8,-0.2,0.27,
23:11:35,76372.35,76373.9,-0.2,0.16,
23:11:35,76372.35,76373.9,-0.2,0.19,
23:11:42,76380.78,76373.9,0.9,0.16,
23:11:42,76380.77,76373.8,0.9,0.3,
23:11:57,76362.24,76358.8,0.5,0.16,
23:12:05,76352.0,76349.4,0.3,0.19,
23:12:06,76352.0,76349.4,0.3,0.68,
23:12:12,76353.81,76348.5,0.7,0.18,
23:12:12,76353.81,76348.4,0.7,0.2,
23:12:27,76344.27,76341.3,0.4,0.15,
23:12:27,76344.27,76341.3,0.4,0.23,
23:12:35,76338.01,76338.7,-0.1,0.25,
23:12:35,76338.01,76341.1,-0.4,0.24,
23:12:42,76342.08,76334.9,0.9,0.18,
23:12:42,76342.08,76334.9,0.9,0.21,
23:12:57,76349.82,76345.7,0.5,0.15,
23:12:57,76349.82,76345.7,0.5,0.15,
23:13:05,76320.75,76322.6,-0.2,0.16,
23:13:05,76320.75,76322.5,-0.2,0.25,
23:13:12,76327.95,76330.8,-0.4,0.16,
23:13:12,76327.95,76330.9,-0.4,0.18,
23:13:27,76325.67,76322.8,0.4,0.23,
23:13:27,76325.67,76322.8,0.4,0.26,
23:13:35,76327.94,76328.8,-0.1,0.2,
23:13:35,76330.0,76328.8,0.2,0.26,
23:13:42,76349.99,76357.2,-0.9,0.19,
23:13:42,76349.99,76357.2,-0.9,0.23,
23:13:57,76374.99,76382.9,-1.0,0.19,
23:13:57,76374.99,76382.9,-1.0,0.18,
23:14:05,76385.84,76383.5,0.3,0.16,
23:14:05,76385.83,76383.5,0.3,0.42,
23:14:12,76394.19,76392.0,0.3,0.19,
23:14:12,76394.19,76391.9,0.3,0.23,
23:14:27,76439.32,76439.0,0.0,0.27,
23:14:27,76439.32,76439.0,0.0,0.25,
23:14:35,76439.32,76435.1,0.6,0.2,
23:14:35,76439.32,76435.3,0.5,0.38,
23:14:42,76425.0,76417.3,1.0,0.15,
23:14:42,76425.0,76417.3,1.0,0.23,
23:14:57,76423.26,76425.4,-0.3,0.25,
23:14:57,76423.26,76425.4,-0.3,0.32,
23:15:05,76437.18,76429.5,1.0,0.19,
23:15:05,76437.18,76429.5,1.0,0.2,
23:15:12,76416.88,76413.9,0.4,0.15,
23:15:12,76416.88,76410.2,0.9,0.15,
23:15:27,76429.78,76433.1,-0.4,0.14,
23:15:27,76429.78,76433.1,-0.4,0.19,
23:15:35,76429.78,76432.9,-0.4,0.21,
23:15:35,76429.78,76432.0,-0.3,0.26,
23:15:42,76429.77,76433.0,-0.4,0.15,
23:15:42,76429.77,76432.9,-0.4,0.18,
23:15:57,76402.86,76399.7,0.4,0.23,
23:15:57,76402.86,76399.7,0.4,0.25,
23:16:05,76380.0,76373.2,0.9,0.19,
23:16:05,76380.0,76373.1,0.9,0.25,
23:16:13,76370.4,76363.8,0.9,0.17,
23:16:13,76370.4,76363.7,0.9,0.18,
23:16:28,76372.37,76372.4,-0.0,0.15,
23:16:28,76372.37,76372.4,-0.0,0.2,
23:16:35,76385.74,76386.6,-0.1,0.2,
23:16:35,76385.74,76386.6,-0.1,0.28,
23:16:43,76397.31,76392.2,0.7,0.19,
23:16:43,76397.31,76398.6,-0.2,0.23,
23:16:58,76386.51,76379.0,1.0,0.13,
23:16:58,76386.51,76385.5,0.1,0.18,
23:17:05,76371.36,76366.0,0.7,0.18,
23:17:05,76371.36,76366.0,0.7,0.19,
23:17:13,76374.02,76370.7,0.4,0.16,
23:17:13,76374.02,76370.6,0.4,0.19,
23:17:28,76398.59,76405.3,-0.9,0.18,
23:17:28,76398.59,76405.3,-0.9,0.35,
23:17:35,76404.99,76406.8,-0.2,0.24,
23:17:35,76404.99,76406.9,-0.2,0.24,
23:17:43,76407.25,76397.8,1.2,0.2,
23:17:43,76407.25,76397.8,1.2,0.36,
23:17:58,76394.04,76388.5,0.7,0.16,
23:17:58,76394.04,76388.6,0.7,0.16,
23:18:05,76393.2,76390.5,0.4,0.31,
23:18:05,76393.2,76390.6,0.3,0.29,
23:18:13,76383.87,76390.6,-0.9,0.15,
23:18:13,76383.87,76381.9,0.3,0.23,
23:18:28,76388.45,76387.5,0.1,0.16,
23:18:28,76388.45,76387.4,0.1,0.25,
23:18:35,76375.61,76371.0,0.6,0.15,
23:18:35,76375.61,76370.9,0.6,0.27,
23:18:43,76378.47,76384.3,-0.8,0.29,
23:18:43,76378.47,76384.3,-0.8,0.42,
23:18:58,76395.6,76387.5,1.1,0.17,
23:18:58,76395.6,76387.6,1.0,0.19,
23:19:05,76388.94,76383.4,0.7,0.18,
23:19:05,76388.94,76383.4,0.7,0.2,
23:19:13,76388.51,76383.3,0.7,0.15,
23:19:13,76388.52,76383.3,0.7,0.19,
23:19:28,76388.51,76390.6,-0.3,0.15,
23:19:28,76388.94,76390.6,-0.2,0.72,
23:19:35,76391.18,76396.8,-0.7,0.21,
23:19:35,76391.18,76396.8,-0.7,0.35,
23:19:43,76400.05,76397.7,0.3,0.19,
23:19:43,76400.05,76397.8,0.3,0.19,
23:19:58,76438.89,76442.2,-0.4,0.15,
23:19:58,76438.89,76442.2,-0.4,0.22,
23:20:05,76449.14,76445.9,0.4,0.25,
23:20:13,76443.17,76440.6,0.3,0.15,
23:20:13,76443.17,76440.5,0.3,0.27,
23:20:28,76440.62,76434.9,0.7,0.19,
23:20:28,76440.62,76434.8,0.8,0.19,
23:20:35,76440.61,76440.7,-0.0,0.2,
23:20:35,76440.61,76440.7,-0.0,0.23,
23:20:43,76440.61,76444.6,-0.5,0.14,
23:20:43,76440.61,76444.6,-0.5,0.19,
23:20:58,76445.53,76446.5,-0.1,0.18,
23:20:58,76445.53,76436.9,1.1,0.24,
23:21:05,76437.47,76438.1,-0.1,0.15,
23:21:05,76437.47,76439.8,-0.3,0.22,
23:21:13,76437.46,76439.7,-0.3,0.16,
23:21:13,76437.46,76439.7,-0.3,0.21,
23:21:28,76425.25,76418.8,0.8,0.16,
23:21:28,76425.25,76418.8,0.8,0.16,
23:21:35,76406.37,76402.6,0.5,0.18,
23:21:35,76406.37,76402.6,0.5,0.19,
23:21:43,76410.22,76405.4,0.6,0.15,
23:21:43,76410.22,76405.4,0.6,0.21,
23:21:58,76407.38,76397.3,1.3,0.16,
23:21:58,76407.38,76397.3,1.3,0.19,
23:22:05,76407.37,76404.2,0.4,0.33,
23:22:06,76407.37,76404.3,0.4,0.49,
23:22:13,76406.37,76401.1,0.7,0.23,
23:22:13,76406.37,76401.1,0.7,0.22,
23:22:28,76388.36,76392.2,-0.5,0.19,
23:22:28,76388.36,76384.5,0.5,0.28,
23:22:35,76386.71,76389.5,-0.4,0.14,
23:22:35,76386.71,76389.5,-0.4,0.14,
23:22:43,76389.66,76392.2,-0.3,0.15,
23:22:43,76389.66,76392.2,-0.3,0.29,
23:22:58,76400.61,76398.5,0.3,0.33,
23:22:58,76400.61,76398.5,0.3,0.29,
23:23:05,76394.93,76395.0,-0.0,0.19,
23:23:05,76394.93,76395.0,-0.0,0.2,
23:23:13,76396.58,76395.1,0.2,0.2,
23:23:13,76396.58,76398.8,-0.3,0.43,
23:23:28,76403.54,76409.6,-0.8,0.23,
23:23:28,76403.54,76409.5,-0.8,0.35,
23:23:35,76403.55,76409.2,-0.7,0.17,
23:23:35,76403.55,76409.2,-0.7,0.18,
23:23:43,76418.56,76413.3,0.7,0.2,
23:23:43,76418.55,76413.3,0.7,0.35,
23:23:58,76418.55,76414.3,0.6,0.27,
23:23:58,76418.55,76414.3,0.6,0.35,
23:24:05,76417.68,76414.3,0.4,0.16,
23:24:05,76417.68,76414.3,0.4,0.17,
23:24:13,76415.09,76412.8,0.3,0.3,
23:24:13,76415.08,76412.8,0.3,0.25,
23:24:28,76428.64,76422.9,0.8,0.19,
23:24:28,76428.64,76422.9,0.8,0.17,
23:24:35,76427.28,76424.3,0.4,0.16,
23:24:35,76427.28,76424.3,0.4,0.27,
23:24:43,76427.28,76428.0,-0.1,0.28,
23:24:43,76427.28,76427.9,-0.1,0.28,
23:24:58,76445.0,76447.3,-0.3,0.15,
23:24:58,76445.0,76447.2,-0.3,0.2,
23:25:05,76456.54,76454.6,0.3,0.22,
23:25:05,76456.54,76454.6,0.3,0.31,
23:25:13,76431.88,76424.5,1.0,0.19,
23:25:13,76431.88,76424.5,1.0,0.16,
23:25:28,76456.53,76452.9,0.5,0.16,
23:25:28,76456.53,76452.9,0.5,0.16,
23:25:35,76458.42,76452.1,0.8,0.27,
23:25:35,76458.42,76452.1,0.8,0.24,
23:25:43,76458.43,76452.2,0.8,0.24,
23:25:43,76458.43,76452.2,0.8,0.25,
23:25:58,76467.82,76461.8,0.8,0.19,
23:25:58,76467.82,76461.8,0.8,0.26,
23:26:05,76469.21,76462.7,0.9,0.18,
23:26:05,76469.21,76462.7,0.9,0.19,
23:26:13,76458.0,76447.4,1.4,0.26,
23:26:13,76458.0,76447.4,1.4,0.23,
23:26:28,76433.88,76430.7,0.4,0.18,
23:26:28,76433.88,76430.7,0.4,0.2,
23:26:35,76440.8,76439.5,0.2,0.24,
23:26:35,76440.8,76439.5,0.2,0.29,
23:26:43,76454.76,76454.8,-0.0,0.27,
23:26:43,76454.76,76454.9,-0.0,0.25,
23:27:24,76428.65,76425.2,0.5,0.21,
23:27:24,76428.65,76425.2,0.5,0.21,
23:27:24,76428.65,76425.2,0.5,0.33,
23:27:24,76428.65,76425.2,0.5,0.21,
23:27:25,76428.65,76425.2,0.5,0.2,
23:27:25,76428.65,76425.2,0.5,0.26,
23:27:35,76444.0,76442.3,0.2,0.18,
23:27:35,76444.0,76442.3,0.2,0.27,
23:27:39,76447.79,76453.7,-0.8,0.18,
23:27:40,76447.79,76453.7,-0.8,0.2,
23:27:54,76449.13,76443.3,0.8,0.17,
23:27:55,76449.13,76443.4,0.7,0.16,
23:28:05,76445.38,76442.9,0.3,0.22,
23:28:05,76445.38,76442.9,0.3,0.24,
23:28:10,76445.37,76443.0,0.3,0.18,
23:28:10,76445.37,76442.9,0.3,1.14,
23:28:25,76445.39,76442.9,0.3,0.29,
23:28:25,76445.39,76442.9,0.3,0.23,
23:28:36,76445.39,76441.8,0.5,0.2,
23:28:36,76445.39,76441.8,0.5,0.2,
23:28:40,76445.39,76441.8,0.5,0.25,
23:28:40,76445.39,76441.8,0.5,0.2,
23:28:55,76436.41,76434.8,0.2,0.18,
23:28:55,76436.41,76434.8,0.2,0.32,
23:29:06,76428.0,76425.6,0.3,0.15,
23:29:06,76428.0,76425.7,0.3,0.16,
23:29:10,76428.0,76425.7,0.3,0.17,
23:29:10,76428.0,76425.6,0.3,0.28,
23:29:25,76470.68,76466.9,0.5,0.15,
23:29:25,76470.68,76466.9,0.5,0.29,
23:29:36,76472.37,76466.8,0.7,0.15,
23:29:36,76472.37,76475.8,-0.4,0.15,
23:29:40,76482.45,76481.2,0.2,0.26,
23:29:40,76482.45,76481.3,0.2,0.22,
23:29:55,76491.8,76490.8,0.1,0.24,
23:29:55,76491.8,76499.9,-1.1,0.27,
23:30:06,76532.62,76528.6,0.5,0.24,
23:30:06,76532.62,76528.7,0.5,0.25,
23:30:09,76532.62,76528.6,0.5,0.15,
23:30:10,76532.62,76528.6,0.5,0.2,
23:30:24,76520.3,76512.9,1.0,0.17,
23:30:25,76520.3,76512.9,1.0,0.23,
23:30:36,76521.8,76516.5,0.7,0.19,
23:30:36,76521.8,76516.5,0.7,0.25,
23:30:39,76537.7,76533.5,0.5,0.19,
23:30:40,76537.69,76533.9,0.5,0.18,
23:30:54,76524.56,76515.2,1.2,0.17,
23:30:55,76524.56,76515.3,1.2,0.21,
23:31:32,76567.37,76561.6,0.8,0.22,
23:31:32,76567.37,76553.3,1.8,0.22,
23:31:33,76571.33,76563.5,1.0,0.2,
23:31:33,76571.33,76563.4,1.0,0.32,
23:31:33,76571.34,76566.5,0.6,0.15,
23:31:34,76571.33,76566.4,0.6,0.22,
23:31:36,76574.47,76569.0,0.7,0.24,
23:31:36,76574.47,76568.9,0.7,0.4,
23:31:48,76564.0,76551.6,1.6,0.24,
23:31:49,76564.0,76551.7,1.6,0.19,
23:32:03,76600.0,76596.7,0.4,0.26,
23:32:04,76600.0,76596.7,0.4,0.23,
23:32:06,76602.98,76599.9,0.4,0.2,
23:32:06,76602.98,76599.9,0.4,0.21,
23:32:18,76632.85,76619.5,1.7,0.18,
23:32:19,76631.18,76618.9,1.6,0.22,
23:32:33,76564.0,76551.0,1.7,0.14,
23:32:34,76564.0,76551.0,1.7,0.78,
23:32:36,76564.01,76551.0,1.7,0.18,
23:32:36,76564.01,76551.1,1.7,0.16,
23:32:48,76500.91,76492.9,1.0,0.16,
23:32:49,76500.91,76492.9,1.0,0.23,
23:33:03,76500.0,76494.1,0.8,0.19,
23:33:04,76500.0,76494.1,0.8,0.18,
23:33:06,76500.0,76494.3,0.7,0.21,
23:33:06,76500.0,76494.3,0.7,0.69,
23:33:18,76519.38,76530.9,-1.5,0.18,
23:33:19,76519.38,76509.9,1.2,0.26,
23:33:33,76500.74,76487.5,1.7,0.35,
23:33:34,76500.74,76487.5,1.7,0.21,
23:33:36,76500.74,76494.8,0.8,0.21,
23:33:36,76500.74,76494.9,0.8,0.27,
23:33:48,76476.8,76473.1,0.5,0.23,
23:33:49,76479.81,76473.2,0.9,0.27,
23:34:03,76487.99,76487.3,0.1,0.16,
23:34:04,76487.99,76487.2,0.1,0.23,
23:34:06,76489.44,76487.3,0.3,0.19,
23:34:06,76489.44,76487.3,0.3,0.19,
23:34:18,76495.99,76491.2,0.6,0.18,
23:34:19,76495.99,76491.2,0.6,0.2,
23:34:33,76460.34,76458.5,0.2,0.15,
23:34:34,76460.35,76458.5,0.2,0.19,
23:34:36,76460.34,76449.6,1.4,0.19,
23:34:36,76460.34,76449.6,1.4,0.19,
23:34:48,76429.34,76420.4,1.2,0.17,
23:34:49,76429.33,76413.8,2.0,0.17,
23:35:03,76434.61,76429.4,0.7,0.15,
23:35:04,76434.61,76429.4,0.7,0.19,
23:35:06,76435.0,76429.4,0.7,0.21,
23:35:06,76435.0,76429.4,0.7,0.21,
23:35:18,76414.66,76406.1,1.1,0.16,
23:35:19,76414.65,76406.1,1.1,0.72,
23:35:33,76405.0,76398.2,0.9,0.19,
23:35:35,76404.99,76398.2,0.9,1.5,
23:35:36,76405.0,76398.2,0.9,0.16,
23:35:36,76405.0,76400.0,0.7,0.17,
23:35:48,76400.78,76399.4,0.2,0.25,
23:35:49,76400.78,76399.4,0.2,0.18,
23:36:03,76400.01,76388.8,1.5,0.22,
23:36:04,76400.0,76392.8,0.9,0.29,
23:36:06,76400.01,76392.9,0.9,0.2,
23:36:06,76400.01,76392.9,0.9,0.33,
23:36:18,76400.01,76391.3,1.1,0.2,
23:36:19,76400.01,76389.8,1.3,0.22,
23:36:33,76378.0,76361.9,2.1,0.24,
23:36:34,76378.0,76361.8,2.1,0.19,
23:36:36,76378.0,76371.4,0.9,0.16,
23:36:36,76378.0,76371.4,0.9,0.17,
23:36:48,76409.94,76404.9,0.7,0.26,
23:36:49,76409.93,76404.9,0.7,0.17,
23:37:04,76430.0,76426.6,0.4,0.43,
23:37:04,76430.0,76426.6,0.4,0.28,
23:37:06,76430.0,76424.2,0.8,0.32,
23:37:06,76430.0,76424.2,0.8,0.53,
23:37:18,76430.0,76426.2,0.5,0.27,
23:37:19,76430.0,76426.2,0.5,0.29,
23:37:33,76418.5,76409.9,1.1,0.15,
23:37:33,76418.5,76409.9,1.1,0.14,
23:37:36,76417.88,76409.8,1.1,0.15,
23:37:36,76417.88,76409.8,1.1,0.18,
23:37:48,76416.93,76414.1,0.4,0.17,
23:37:48,76416.93,76414.1,0.4,0.14,
23:38:03,76416.94,76413.7,0.4,0.31,
23:38:04,76416.94,76413.7,0.4,0.22,
23:38:06,76411.33,76410.3,0.1,0.2,
23:38:06,76411.33,76410.3,0.1,0.22,
23:38:18,76411.34,76409.4,0.3,0.27,
23:38:19,76411.33,76409.4,0.3,0.19,
23:38:34,76445.1,76436.7,1.1,0.19,
23:38:34,76445.1,76436.7,1.1,0.68,
23:38:36,76445.11,76439.3,0.8,0.22,
23:38:36,76445.11,76439.3,0.8,0.24,
23:38:48,76473.23,76471.8,0.2,0.19,
23:38:49,76473.23,76471.8,0.2,0.3,
23:39:03,76478.04,76468.3,1.3,0.19,
23:39:04,76478.04,76468.3,1.3,0.24,
23:39:06,76471.57,76465.3,0.8,0.22,
23:39:06,76471.57,76465.4,0.8,0.26,
23:39:18,76468.79,76465.7,0.4,0.16,
23:39:19,76468.79,76465.7,0.4,0.21,
23:39:33,76468.27,76459.7,1.1,0.22,
23:39:34,76468.27,76459.7,1.1,0.18,
23:39:36,76468.26,76459.7,1.1,0.16,
23:39:36,76468.26,76462.6,0.7,0.2,
23:39:48,76468.26,76468.2,0.0,0.15,
23:39:49,76468.26,76468.2,0.0,0.24,
23:40:03,76479.69,76478.7,0.1,0.26,
23:40:04,76479.69,76478.7,0.1,0.22,
23:40:06,76460.34,76463.7,-0.4,0.15,
23:40:06,76460.34,76463.8,-0.5,0.18,
23:40:18,76460.01,76456.2,0.5,0.16,
23:40:19,76460.01,76456.2,0.5,0.18,
23:40:33,76445.92,76438.8,0.9,0.2,
23:40:34,76445.92,76438.9,0.9,0.19,
23:40:36,76445.92,76438.8,0.9,0.15,
23:40:36,76445.92,76438.8,0.9,0.16,
23:40:48,76433.11,76426.2,0.9,0.3,
23:40:49,76433.11,76426.2,0.9,0.19,
23:41:03,76435.0,76434.3,0.1,0.26,
23:41:03,76435.0,76435.6,-0.1,0.16,
23:41:06,76434.99,76435.7,-0.1,0.16,
23:41:06,76434.99,76435.7,-0.1,0.21,
23:41:18,76434.99,76434.1,0.1,0.26,
23:41:19,76434.99,76434.0,0.1,0.26,
23:41:33,76451.62,76448.7,0.4,0.19,
23:41:34,76451.62,76448.7,0.4,0.25,
23:41:36,76451.61,76447.2,0.6,0.2,
23:41:36,76451.61,76447.2,0.6,0.2,
23:41:48,76451.62,76450.4,0.2,0.34,
23:41:49,76451.61,76450.4,0.2,0.29,
23:42:03,76454.41,76455.9,-0.2,0.19,
23:42:04,76454.41,76455.9,-0.2,0.23,
23:42:06,76454.4,76455.9,-0.2,0.24,
23:42:06,76454.41,76455.9,-0.2,0.37,
23:42:18,76429.39,76425.2,0.5,0.26,
23:42:19,76429.03,76425.1,0.5,0.2,
23:42:33,76397.66,76398.4,-0.1,0.18,
23:42:34,76397.66,76398.4,-0.1,0.33,
23:42:36,76397.65,76394.7,0.4,0.15,
23:42:36,76397.65,76394.7,0.4,0.26,
23:42:48,76402.9,76403.5,-0.1,0.15,
23:42:49,76402.9,76403.5,-0.1,0.16,
23:43:03,76410.0,76410.5,-0.1,0.22,
23:43:04,76410.0,76410.5,-0.1,0.22,
23:43:06,76409.99,76410.6,-0.1,0.15,
23:43:06,76409.99,76410.5,-0.1,0.19,
23:43:18,76416.26,76417.8,-0.2,0.3,
23:43:19,76416.26,76417.8,-0.2,0.16,
23:43:33,76415.48,76421.9,-0.8,0.17,
23:43:34,76415.48,76421.9,-0.8,0.18,
23:43:36,76415.49,76415.0,0.1,0.23,
23:43:36,76415.49,76415.0,0.1,0.24,
23:43:48,76420.99,76421.7,-0.1,0.3,
23:43:49,76416.34,76421.7,-0.7,0.2,
23:44:04,76405.29,76397.4,1.0,0.33,
23:44:04,76405.29,76397.3,1.0,0.31,
23:44:06,76405.29,76397.4,1.0,0.18,
23:44:06,76405.29,76397.4,1.0,0.22,
23:44:18,76382.72,76374.6,1.1,0.15,
23:44:19,76382.72,76374.6,1.1,0.21,
23:44:34,76398.99,76396.8,0.3,0.23,
23:44:34,76398.99,76397.2,0.2,0.32,
23:44:36,76430.0,76422.6,1.0,0.22,
23:44:36,76430.0,76428.8,0.2,0.2,
23:44:49,76468.83,76463.3,0.7,0.18,
23:44:49,76468.83,76463.4,0.7,0.24,
23:45:04,76465.32,76460.5,0.6,0.19,
23:45:04,76465.32,76460.5,0.6,0.2,
23:45:06,76465.31,76460.6,0.6,0.16,
23:45:06,76465.31,76460.6,0.6,0.27,
23:45:19,76443.98,76440.6,0.4,0.2,
23:45:19,76443.98,76440.6,0.4,0.23,
23:45:34,76415.0,76405.4,1.3,0.22,
23:45:34,76415.0,76405.4,1.3,0.35,
23:45:36,76407.38,76405.5,0.2,0.25,
23:45:36,76408.16,76405.5,0.3,0.24,
23:45:49,76400.06,76392.9,0.9,0.19,
23:45:49,76400.06,76392.9,0.9,0.19,
23:46:04,76408.44,76405.3,0.4,0.18,
23:46:04,76408.44,76405.3,0.4,0.18,
23:46:06,76408.44,76405.3,0.4,0.23,
23:46:06,76408.43,76405.3,0.4,0.29,
23:46:44,76377.15,76368.6,1.1,0.2,
23:46:44,76377.15,76368.6,1.1,0.17,
23:46:44,76377.15,76368.6,1.1,0.22,
23:46:44,76377.15,76368.6,1.1,0.26,
23:46:44,76377.15,76368.6,1.1,0.15,
23:46:44,76377.15,76368.7,1.1,0.23,
23:46:59,76341.89,76341.5,0.1,0.16,
23:47:00,76341.89,76340.0,0.2,0.29,
23:47:06,76341.9,76341.7,0.0,0.19,
23:47:06,76341.9,76340.5,0.2,0.27,
23:47:14,76342.65,76338.6,0.5,0.15,
23:47:15,76342.65,76338.6,0.5,0.25,
23:47:29,76338.5,76341.6,-0.4,0.16,
23:47:29,76338.5,76341.9,-0.4,0.16,
23:47:36,76356.81,76349.4,1.0,0.19,
23:47:36,76356.81,76349.4,1.0,0.19,
23:47:44,76359.5,76363.0,-0.5,0.2,
23:47:44,76359.5,76363.0,-0.5,0.19,
23:47:59,76360.81,76359.5,0.2,0.18,
23:47:59,76360.81,76359.5,0.2,0.19,
23:48:06,76363.75,76359.3,0.6,0.22,
23:48:06,76363.75,76365.6,-0.2,0.32,
23:48:14,76369.99,76372.7,-0.4,0.18,
23:48:15,76369.99,76372.6,-0.3,0.26,
23:48:29,76379.99,76379.3,0.1,0.2,
23:48:30,76379.99,76379.3,0.1,0.2,
23:48:36,76372.01,76371.7,0.0,0.19,
23:48:37,76372.01,76371.7,0.0,1.77,
23:48:44,76378.77,76379.3,-0.1,0.27,
23:48:45,76378.77,76382.9,-0.5,0.4,
23:48:59,76416.93,76420.4,-0.5,0.26,
23:49:00,76416.93,76420.4,-0.5,0.22,
23:49:06,76421.65,76423.8,-0.3,0.14,
23:49:06,76421.65,76423.9,-0.3,0.44,
23:49:47,76434.4,76434.7,-0.0,0.21,
23:49:47,76434.4,76434.7,-0.0,0.21,
23:49:59,76439.21,76444.6,-0.7,0.19,
23:49:59,76439.21,76444.6,-0.7,0.2,
23:50:06,76423.07,76423.7,-0.1,0.2,
23:50:06,76423.07,76423.7,-0.1,0.32,
23:50:14,76432.82,76429.2,0.5,0.15,
23:50:14,76432.82,76429.2,0.5,0.19,
23:50:29,76425.46,76420.5,0.6,0.22,
23:50:29,76425.46,76420.5,0.6,0.23,
23:50:36,76421.33,76413.9,1.0,0.19,
23:50:36,76421.33,76414.0,1.0,0.21,
23:50:44,76429.42,76433.8,-0.6,0.21,
23:50:44,76429.42,76433.8,-0.6,0.36,
23:50:59,76429.41,76429.4,0.0,0.21,
23:50:59,76429.41,76429.4,0.0,0.25,
23:51:06,76439.21,76436.2,0.4,0.16,
23:51:06,76439.21,76436.2,0.4,0.19,
23:51:14,76443.22,76442.4,0.1,0.18,
23:51:14,76443.97,76442.4,0.2,0.22,
23:51:29,76483.82,76482.2,0.2,0.24,
23:51:29,76483.82,76482.2,0.2,0.4,
23:51:36,76469.4,76463.5,0.8,0.15,
23:51:36,76469.4,76463.5,0.8,0.15,
23:51:44,76469.4,76469.4,0.0,0.25,
23:51:44,76469.4,76469.4,0.0,0.29,
23:51:59,76469.41,76459.8,1.3,0.22,
23:51:59,76469.41,76459.8,1.3,0.36,
23:52:06,76469.41,76468.4,0.1,0.21,
23:52:06,76469.41,76468.4,0.1,0.3,
23:52:14,76471.2,76468.3,0.4,0.22,
23:52:14,76471.2,76468.3,0.4,0.31,
23:53:02,76472.14,76468.4,0.5,0.26,
23:53:02,76472.14,76468.3,0.5,0.22,
23:53:06,76472.14,76472.4,-0.0,0.19,
23:53:06,76472.14,76472.4,-0.0,0.19,
23:53:14,76472.15,76472.9,-0.1,0.16,
23:53:14,76472.15,76472.9,-0.1,0.23,
23:53:29,76458.0,76451.2,0.9,0.18,
23:53:29,76458.0,76451.2,0.9,0.25,
23:53:36,76458.01,76451.1,0.9,0.23,
23:53:36,76458.01,76451.1,0.9,0.3,
23:53:44,76450.75,76446.2,0.6,0.19,
23:53:44,76450.75,76446.2,0.6,0.17,
23:53:59,76463.23,76452.3,1.4,0.27,
23:53:59,76463.23,76452.2,1.4,0.24,
23:54:06,76463.24,76452.2,1.4,0.26,
23:54:06,76463.24,76452.2,1.4,0.34,
23:54:14,76472.96,76463.6,1.2,0.17,
23:54:14,76472.96,76463.5,1.2,0.27,
23:54:29,76499.57,76497.6,0.3,0.19,
23:54:29,76499.57,76497.6,0.3,0.19,
23:55:09,76499.99,76500.0,-0.0,0.22,
23:55:09,76499.99,76500.0,-0.0,0.29,
23:55:09,76499.99,76499.9,0.0,0.14,
23:55:09,76499.99,76500.0,-0.0,0.26,
23:55:24,76514.73,76517.3,-0.3,0.26,
23:55:24,76514.73,76517.3,-0.3,0.31,
23:55:36,76525.81,76530.5,-0.6,0.19,
23:55:36,76525.81,76530.5,-0.6,0.2,
23:55:39,76525.82,76530.5,-0.6,0.19,
23:55:39,76525.82,76530.5,-0.6,0.25,
23:55:54,76508.65,76503.9,0.6,0.16,
23:55:54,76508.65,76503.9,0.6,0.21,
23:56:06,76508.64,76508.5,0.0,0.19,
23:56:06,76508.64,76508.5,0.0,0.26,
23:56:09,76520.0,76513.6,0.8,0.23,
23:56:09,76520.0,76513.6,0.8,0.3,
23:56:24,76520.0,76522.6,-0.3,0.15,
23:56:24,76520.0,76522.6,-0.3,0.23,
23:56:36,76508.55,76498.2,1.4,0.15,
23:56:36,76508.55,76498.2,1.4,0.21,
23:56:39,76491.1,76492.6,-0.2,0.14,
23:56:39,76491.1,76495.1,-0.5,0.16,
23:56:54,76520.0,76516.0,0.5,0.23,
23:56:54,76524.56,76518.5,0.8,0.23,
23:57:06,76522.86,76527.5,-0.6,0.19,
23:57:06,76522.86,76527.4,-0.6,0.23,
23:57:09,76526.2,76518.8,1.0,0.14,
23:57:09,76526.2,76518.8,1.0,0.18,
23:57:24,76510.71,76501.0,1.3,0.18,
23:57:24,76510.71,76501.0,1.3,0.22,
23:57:36,76508.8,76496.3,1.6,0.18,
23:57:36,76508.8,76496.3,1.6,0.26,
23:57:39,76508.54,76496.3,1.6,0.2,
23:57:39,76508.54,76496.3,1.6,0.2,
23:57:54,76494.76,76484.5,1.3,0.24,
23:57:54,76494.76,76484.4,1.4,0.25,
23:58:06,76496.85,76492.2,0.6,0.18,
23:58:06,76496.85,76491.7,0.7,0.22,
23:58:09,76499.99,76492.2,1.0,0.15,
23:58:09,76499.99,76492.2,1.0,0.15,
23:58:24,76499.99,76492.2,1.0,0.22,
23:58:24,76499.99,76492.2,1.0,0.19,
23:58:36,76491.0,76478.8,1.6,0.19,
23:58:36,76491.0,76478.7,1.6,0.18,
23:58:39,76491.01,76481.8,1.2,0.22,
23:58:39,76491.01,76481.8,1.2,0.15,
23:58:54,76491.0,76481.8,1.2,0.2,
23:58:54,76491.0,76481.8,1.2,0.19,
23:59:06,76490.2,76481.7,1.1,0.16,
23:59:06,76490.2,76481.8,1.1,0.19,
23:59:09,76491.01,76492.1,-0.1,0.15,
23:59:09,76491.01,76492.1,-0.1,0.15,
23:59:24,76497.85,76492.1,0.8,0.15,
23:59:24,76497.85,76492.1,0.8,0.18,
23:59:36,76497.84,76492.1,0.8,0.15,
23:59:36,76497.84,76492.1,0.8,0.18,
23:59:39,76497.84,76491.8,0.8,0.23,
23:59:39,76497.84,76491.8,0.8,0.17,
23:59:54,76473.61,76465.7,1.0,0.15,
23:59:54,76473.61,76465.7,1.0,0.23,
00:00:06,76462.19,76464.4,-0.3,0.48,
00:00:07,76473.75,76465.7,1.1,1.74,
00:00:09,76473.75,76465.7,1.1,0.24,
00:00:09,76473.75,76465.7,1.1,0.28,
00:00:24,76465.0,76464.6,0.1,0.18,
00:00:24,76465.0,76464.6,0.1,0.16,
00:00:36,76457.59,76455.0,0.3,0.15,
00:00:36,76457.59,76459.7,-0.3,0.27,
00:00:39,76457.59,76459.7,-0.3,0.16,
00:00:39,76457.59,76459.7,-0.3,0.32,
00:00:54,76457.59,76451.7,0.8,0.26,
00:00:54,76457.59,76451.6,0.8,0.3,
00:01:06,76445.99,76438.2,1.0,0.34,
00:01:06,76445.99,76438.3,1.0,0.34,
00:01:09,76442.16,76432.5,1.3,0.19,
00:01:09,76442.16,76432.5,1.3,0.26,
00:01:24,76390.43,76377.5,1.7,0.21,
00:01:24,76390.42,76377.5,1.7,0.3,
00:01:36,76374.66,76368.2,0.8,0.17,
00:01:36,76374.67,76368.3,0.8,0.28,
00:01:39,76375.01,76368.3,0.9,0.19,
00:01:54,76372.7,76368.4,0.6,0.15,
00:01:54,76372.7,76368.4,0.6,0.18,
00:02:06,76362.6,76368.9,-0.8,0.18,
00:02:06,76362.6,76361.0,0.2,0.79,
00:02:09,76362.6,76360.9,0.2,0.2,
00:02:09,76362.6,76360.9,0.2,0.27,
00:02:24,76369.79,76368.7,0.1,0.15,
00:02:24,76369.78,76368.8,0.1,0.21,
00:02:36,76381.43,76385.0,-0.5,0.18,
00:02:36,76381.43,76385.0,-0.5,0.17,
00:02:39,76381.43,76384.9,-0.5,0.14,
00:02:39,76381.43,76384.9,-0.5,0.18,
00:02:54,76385.53,76381.5,0.5,0.14,
00:02:54,76385.53,76382.6,0.4,0.16,
00:03:06,76387.08,76384.9,0.3,0.39,
00:03:06,76387.08,76384.9,0.3,0.39,
00:03:09,76394.0,76392.2,0.2,0.15,
00:03:09,76394.0,76392.2,0.2,0.24,
00:03:24,76408.25,76405.9,0.3,0.19,
00:03:24,76408.25,76405.9,0.3,0.23,
00:03:36,76417.31,76406.8,1.4,0.19,
00:03:36,76417.31,76406.8,1.4,0.22,
00:03:39,76417.31,76410.3,0.9,0.16,
00:03:39,76417.31,76410.3,0.9,0.18,
00:03:54,76425.23,76420.2,0.7,0.18,
00:03:54,76425.23,76420.2,0.7,0.2,
00:04:06,76430.0,76437.8,-1.0,0.15,
00:04:06,76430.0,76437.7,-1.0,0.21,
00:04:09,76439.48,76437.7,0.2,0.22,
00:04:09,76439.48,76437.8,0.2,0.25,
00:04:24,76439.03,76436.0,0.4,0.18,
00:04:24,76439.03,76436.0,0.4,0.26,
00:04:36,76445.98,76451.3,-0.7,0.16,
00:04:36,76445.98,76451.3,-0.7,0.24,
00:04:39,76445.97,76447.0,-0.1,0.16,
00:04:39,76445.97,76447.0,-0.1,0.18,
00:04:54,76445.03,76442.9,0.3,0.19,
00:04:54,76445.03,76442.9,0.3,0.22,
00:05:06,76469.13,76458.5,1.4,0.22,
00:05:06,76469.13,76458.5,1.4,0.29,
00:05:09,76469.13,76466.8,0.3,0.23,
00:05:09,76469.13,76466.8,0.3,0.45,
00:05:24,76469.44,76466.7,0.4,0.17,
00:05:24,76469.44,76466.8,0.3,0.18,
00:05:36,76458.0,76452.7,0.7,0.25,
00:05:36,76458.0,76452.7,0.7,0.25,
00:05:39,76456.22,76452.8,0.4,0.16,
00:05:39,76456.22,76452.8,0.4,0.21,
00:05:54,76446.6,76444.4,0.3,0.19,
00:05:54,76446.6,76444.4,0.3,0.17,
00:06:06,76460.0,76458.6,0.2,0.23,
00:06:06,76460.0,76458.6,0.2,0.33,
00:06:09,76455.12,76447.6,1.0,0.15,
00:06:09,76455.12,76447.6,1.0,0.34,
00:06:24,76455.11,76453.9,0.2,0.21,
00:06:25,76455.12,76453.9,0.2,0.78,
00:06:36,76459.99,76458.5,0.2,0.31,
00:06:36,76459.99,76458.5,0.2,0.31,
00:06:39,76459.99,76458.5,0.2,0.26,
00:06:40,76459.99,76458.4,0.2,0.81,
00:06:54,76459.99,76462.0,-0.3,0.27,
00:06:55,76459.99,76462.1,-0.3,0.75,
00:07:06,76458.01,76458.5,-0.1,0.28,
00:07:06,76458.01,76458.5,-0.1,0.31,
00:07:09,76455.69,76447.1,1.1,0.29,
00:07:10,76450.94,76447.1,0.5,0.73,
00:07:24,76452.79,76450.6,0.3,0.19,
00:07:24,76452.79,76450.6,0.3,0.19,
00:07:36,76452.78,76450.6,0.3,0.2,
00:07:36,76452.78,76450.6,0.3,0.22,
00:07:39,76460.0,76458.4,0.2,0.19,
00:07:39,76460.0,76458.4,0.2,0.25,
00:07:54,76458.12,76457.5,0.1,0.18,
00:07:54,76458.12,76457.5,0.1,0.17,
00:08:06,76470.0,76470.0,0.0,0.22,
00:08:06,76469.99,76470.0,-0.0,0.28,
00:08:09,76470.0,76471.6,-0.2,0.19,
00:08:09,76470.0,76471.7,-0.2,0.26,
00:08:24,76469.99,76470.1,-0.0,0.19,
00:08:24,76469.99,76470.1,-0.0,0.2,
00:08:36,76468.47,76464.3,0.5,0.2,
00:08:36,76468.47,76464.3,0.5,0.32,
00:08:39,76462.88,76464.3,-0.2,0.18,
00:08:39,76462.88,76464.3,-0.2,0.21,
00:08:54,76458.0,76452.2,0.8,0.25,
00:08:54,76458.0,76452.1,0.8,0.29,
00:09:06,76430.7,76429.7,0.1,0.24,
00:09:06,76430.7,76427.0,0.5,0.21,
00:09:09,76423.55,76416.6,0.9,0.16,
00:09:09,76423.55,76416.6,0.9,0.21,
00:09:24,76422.99,76414.1,1.2,0.15,
00:09:24,76423.0,76414.1,1.2,0.34,
00:09:36,76410.06,76411.6,-0.2,0.14,
00:09:36,76410.05,76408.8,0.2,0.7,
00:09:39,76410.05,76408.7,0.2,0.2,
00:09:39,76410.05,76408.7,0.2,0.27,
00:09:54,76410.06,76407.7,0.3,0.18,
00:09:54,76410.06,76407.3,0.4,0.15,
00:10:06,76395.53,76384.6,1.4,0.27,
00:10:06,76390.01,76384.6,0.7,0.7,
00:10:09,76390.01,76384.6,0.7,0.19,
00:10:09,76390.01,76384.6,0.7,0.26,
00:10:24,76416.87,76416.4,0.1,0.2,
00:10:24,76416.87,76416.4,0.1,0.25,
00:10:36,76429.95,76432.9,-0.4,0.16,
00:10:36,76429.95,76433.0,-0.4,0.18,
00:10:39,76429.96,76421.9,1.1,0.16,
00:10:39,76429.96,76421.9,1.1,0.25,
00:10:54,76427.34,76428.1,-0.1,0.19,
00:10:54,76427.34,76428.1,-0.1,0.18,
00:11:06,76429.2,76428.0,0.2,0.15,
00:11:06,76429.2,76428.0,0.2,0.24,
00:11:09,76433.78,76432.8,0.1,0.18,
00:11:09,76433.78,76432.8,0.1,0.19,
00:11:24,76435.78,76437.7,-0.3,0.16,
00:11:24,76435.79,76437.7,-0.2,0.15,
00:11:36,76417.55,76416.9,0.1,0.18,
00:11:36,76417.55,76416.9,0.1,0.19,
00:11:39,76417.55,76417.0,0.1,0.21,
00:11:39,76417.55,76416.9,0.1,0.19,
00:11:54,76417.55,76420.4,-0.4,0.15,
00:11:54,76417.55,76420.4,-0.4,0.15,
00:12:06,76444.1,76447.1,-0.4,0.36,
00:12:06,76444.1,76447.1,-0.4,0.39,
00:12:09,76444.1,76447.0,-0.4,0.15,
00:12:09,76444.1,76447.0,-0.4,0.15,
00:12:24,76422.41,76421.8,0.1,0.17,
00:12:24,76422.41,76421.8,0.1,0.24,
00:12:36,76422.41,76423.6,-0.2,0.17,
00:12:36,76422.41,76423.6,-0.2,0.26,
00:12:39,76427.68,76430.0,-0.3,0.15,
00:12:39,76427.69,76430.0,-0.3,0.2,
00:12:54,76438.31,76438.9,-0.1,0.16,
00:12:54,76438.31,76438.9,-0.1,0.25,
00:13:06,76440.95,76446.0,-0.7,0.16,
00:13:06,76440.95,76446.0,-0.7,0.2,
00:13:10,76440.96,76445.9,-0.6,0.62,
00:13:10,76440.96,76445.9,-0.6,0.28,
00:13:24,76455.0,76459.4,-0.6,0.2,
00:13:25,76455.0,76459.4,-0.6,0.24,
00:13:36,76465.01,76466.4,-0.2,0.18,
00:13:36,76465.01,76466.5,-0.2,0.21,
00:13:39,76463.92,76458.3,0.7,0.24,
00:13:40,76463.92,76458.3,0.7,0.18,
00:13:54,76463.93,76465.1,-0.2,0.16,
00:13:55,76463.92,76465.2,-0.2,0.31,
00:14:06,76463.93,76465.1,-0.2,0.19,
00:14:06,76463.93,76465.1,-0.2,0.18,
00:14:09,76463.93,76465.2,-0.2,0.28,
00:14:10,76463.92,76465.2,-0.2,0.34,
00:14:24,76463.92,76463.9,0.0,0.15,
00:14:25,76463.92,76463.9,0.0,0.69,
00:14:36,76463.93,76463.9,0.0,0.22,
00:14:36,76463.93,76463.9,0.0,0.22,
00:15:11,76436.34,76431.8,0.6,0.13,
00:15:11,76436.34,76431.8,0.6,0.13,
00:15:23,76426.83,76423.7,0.4,0.17,
00:15:23,76426.83,76423.7,0.4,0.15,
00:15:36,76432.07,76434.5,-0.3,0.14,
00:15:36,76432.07,76434.5,-0.3,0.2,
00:15:38,76432.08,76434.6,-0.3,0.18,
00:15:38,76432.08,76434.6,-0.3,0.14,
00:15:53,76432.07,76434.5,-0.3,0.17,
00:15:53,76432.07,76434.5,-0.3,0.2,
00:16:06,76425.01,76420.2,0.6,0.18,
00:16:06,76425.01,76420.2,0.6,0.32,
00:16:08,76425.0,76420.1,0.6,0.16,
00:16:08,76425.0,76420.1,0.6,0.16,
00:16:23,76425.01,76423.4,0.2,0.16,
00:16:24,76425.01,76423.4,0.2,0.8,
00:16:36,76391.49,76388.0,0.5,0.17,
00:16:36,76396.73,76388.0,1.1,0.7,
00:16:38,76402.23,76400.0,0.3,0.14,
00:16:39,76402.23,76400.0,0.3,0.68,
00:16:53,76411.4,76407.8,0.5,0.14,
00:16:53,76411.4,76407.9,0.5,0.2,
00:17:06,76411.4,76406.3,0.7,0.17,
00:17:06,76411.4,76406.2,0.7,0.26,
00:17:08,76411.39,76406.2,0.7,0.13,
00:17:08,76411.39,76406.3,0.7,0.17,
00:17:23,76419.99,76425.6,-0.7,0.19,
00:17:23,76419.99,76425.5,-0.7,0.38,
00:17:36,76422.98,76426.8,-0.5,0.16,
00:17:36,76422.98,76426.9,-0.5,0.19,
00:17:38,76422.98,76428.5,-0.7,0.13,
00:17:38,76422.98,76428.5,-0.7,0.18,
00:17:53,76405.0,76393.9,1.5,0.17,
00:17:53,76405.0,76393.8,1.5,0.29,
00:18:06,76405.0,76400.7,0.6,0.2,
00:18:06,76405.0,76400.7,0.6,0.18,
00:18:08,76405.0,76400.7,0.6,0.18,
00:18:08,76404.99,76400.7,0.6,0.26,
00:18:23,76401.32,76400.5,0.1,0.22,
00:18:23,76401.32,76400.5,0.1,0.19,
00:18:36,76402.36,76400.5,0.2,0.16,
00:18:36,76402.36,76400.5,0.2,0.28,
00:18:38,76402.36,76400.6,0.2,0.14,
00:18:38,76402.36,76400.6,0.2,0.16,
00:19:19,76392.09,76384.0,1.1,0.21,
00:19:19,76392.09,76387.0,0.7,0.17,
00:19:19,76392.08,76387.0,0.7,0.18,
00:19:19,76392.08,76387.0,0.7,0.18,
00:19:20,76392.08,76387.0,0.7,0.14,
00:19:20,76392.08,76387.0,0.7,0.16,
00:19:35,76390.0,76382.2,1.0,0.13,
00:19:35,76390.0,76382.3,1.0,0.19,
00:19:36,76381.15,76381.5,-0.0,0.17,
00:19:36,76381.15,76382.2,-0.1,0.19,
00:19:50,76377.14,76369.2,1.0,0.16,
00:19:50,76377.14,76369.2,1.0,0.25,
00:20:04,76381.13,76381.3,-0.0,0.13,
00:20:05,76381.13,76381.3,-0.0,0.19,
00:20:06,76381.14,76381.4,-0.0,0.16,
00:20:06,76381.14,76381.4,-0.0,0.2,
00:20:20,76380.12,76366.4,1.8,0.17,
00:20:20,76380.12,76366.4,1.8,0.19,
00:20:35,76374.37,76372.7,0.2,0.18,
00:20:35,76374.37,76372.6,0.2,0.22,
00:20:36,76380.87,76379.5,0.2,0.17,
00:20:36,76380.87,76379.5,0.2,0.16,
00:20:50,76396.58,76398.5,-0.3,0.17,
00:20:50,76396.58,76398.5,-0.3,0.17,
00:21:05,76376.01,76370.1,0.8,0.16,
00:21:05,76376.01,76370.2,0.8,0.17,
00:21:06,76376.0,76370.2,0.8,0.13,
00:21:06,76376.01,76370.2,0.8,0.2,
00:21:20,76371.08,76368.0,0.4,0.14,
00:21:20,76371.08,76368.0,0.4,0.19,
00:21:35,76373.53,76369.5,0.5,0.17,
00:21:35,76373.53,76369.5,0.5,0.22,
00:21:36,76373.53,76369.5,0.5,0.14,
00:21:36,76373.53,76369.4,0.5,0.17,
00:21:50,76373.53,76363.8,1.3,0.21,
00:21:50,76373.53,76363.8,1.3,0.18,
00:22:05,76366.55,76364.5,0.3,0.17,
00:22:05,76366.55,76364.5,0.3,0.18,
00:22:06,76366.55,76358.4,1.1,0.16,
00:22:06,76366.55,76358.4,1.1,0.15,
00:22:20,76366.19,76369.0,-0.4,0.15,
00:22:20,76366.19,76369.0,-0.4,0.16,
00:22:35,76373.51,76376.9,-0.4,0.13,
00:22:35,76373.51,76376.9,-0.4,0.16,
00:22:36,76373.52,76376.8,-0.4,0.19,
00:22:36,76373.52,76376.8,-0.4,0.19,
00:22:50,76387.82,76391.8,-0.5,0.13,
00:22:50,76387.82,76391.8,-0.5,0.71,
00:23:05,76396.76,76395.4,0.2,0.3,
00:23:05,76396.76,76395.4,0.2,0.88,
00:23:06,76396.76,76395.5,0.2,0.15,
00:23:06,76396.75,76395.5,0.2,0.2,
00:23:20,76394.48,76383.0,1.5,0.13,
00:23:20,76394.48,76383.0,1.5,0.16,
00:23:35,76359.64,76353.0,0.9,0.17,
00:23:35,76359.64,76353.0,0.9,0.17,
00:23:36,76359.63,76353.0,0.9,0.19,
00:23:36,76359.63,76360.4,-0.1,0.32,
00:23:50,76357.04,76350.2,0.9,0.17,
00:23:50,76357.04,76350.1,0.9,0.16,
00:24:05,76357.04,76350.1,0.9,0.17,
00:24:05,76357.04,76352.6,0.6,0.16,
00:24:06,76357.04,76359.4,-0.3,0.19,
00:24:20,76367.92,76368.8,-0.1,0.18,
00:24:20,76367.92,76368.8,-0.1,0.16,
00:24:35,76362.06,76357.0,0.7,0.18,
00:24:35,76362.06,76357.1,0.6,0.21,
00:24:36,76362.05,76357.0,0.7,0.16,
00:24:36,76362.05,76357.1,0.6,0.25,
00:24:50,76368.0,76363.9,0.5,0.21,
00:24:50,76368.0,76363.9,0.5,0.2,
00:25:05,76362.05,76361.6,0.1,0.16,
00:25:05,76362.05,76361.6,0.1,0.27,
00:25:06,76362.05,76361.6,0.1,0.15,
00:25:06,76362.05,76350.9,1.5,0.26,
00:25:20,76364.59,76363.8,0.1,0.19,
00:25:20,76364.59,76363.8,0.1,0.32,
00:25:35,76366.41,76359.2,0.9,0.16,
00:25:35,76366.41,76359.2,0.9,0.17,
00:25:36,76363.65,76359.2,0.6,0.28,
00:25:36,76363.64,76359.2,0.6,0.7,
00:25:50,76363.64,76362.9,0.1,0.16,
00:25:50,76363.64,76362.9,0.1,0.18,
00:26:05,76370.58,76363.0,1.0,0.15,
00:26:05,76371.46,76365.5,0.8,0.68,
00:26:06,76371.46,76365.5,0.8,0.16,
00:26:06,76371.45,76376.2,-0.6,0.32,
00:26:20,76371.46,76373.4,-0.3,0.17,
00:26:20,76371.46,76373.4,-0.3,0.21,
00:26:35,76373.29,76372.1,0.2,0.15,
00:26:35,76373.29,76372.1,0.2,0.18,
00:26:36,76373.28,76367.2,0.8,0.17,
00:26:36,76373.28,76367.2,0.8,0.19,
00:26:50,76373.29,76366.0,1.0,0.13,
00:26:50,76373.29,76366.0,1.0,0.16,
00:27:05,76373.29,76371.4,0.2,0.2,
00:27:05,76373.29,76371.4,0.2,0.26,
00:27:06,76373.28,76371.4,0.2,0.16,
00:27:06,76373.28,76371.4,0.2,0.19,
00:27:20,76373.29,76371.4,0.2,0.15,
00:27:20,76373.29,76371.4,0.2,0.17,
00:27:35,76373.29,76369.8,0.5,0.17,
00:27:35,76373.29,76369.8,0.5,0.26,
00:27:36,76373.29,76369.7,0.5,0.15,
00:27:36,76373.29,76369.7,0.5,0.26,
00:27:50,76332.67,76329.6,0.4,0.19,
00:27:50,76332.67,76329.6,0.4,0.26,
00:28:05,76313.5,76316.2,-0.4,0.16,
00:28:05,76313.5,76316.2,-0.4,0.26,
00:28:06,76313.49,76307.8,0.7,0.17,
00:28:06,76313.49,76307.8,0.7,0.19,
00:28:20,76300.01,76300.0,0.0,0.21,
00:28:20,76300.01,76300.0,0.0,0.16,
00:28:35,76300.01,76295.8,0.6,0.16,
00:28:35,76300.01,76295.8,0.6,0.15,
00:28:36,76300.0,76295.8,0.6,0.21,
00:28:36,76300.0,76295.8,0.6,0.33,
00:28:50,76300.01,76296.6,0.4,0.2,
00:28:50,76300.01,76296.6,0.4,0.19,
00:29:05,76317.94,76313.9,0.5,0.13,
00:29:05,76317.94,76314.0,0.5,0.17,
00:29:06,76317.95,76313.9,0.5,0.14,
00:29:06,76317.95,76313.9,0.5,0.17,
00:29:20,76314.79,76313.9,0.1,0.17,
00:29:20,76314.78,76313.9,0.1,0.72,
00:29:35,76327.12,76324.6,0.3,0.21,
00:29:35,76327.12,76324.5,0.3,0.15,
00:29:36,76327.12,76324.5,0.3,0.16,
00:29:36,76327.12,76324.5,0.3,0.21,
00:29:50,76327.12,76324.6,0.3,0.18,
00:29:50,76327.12,76324.6,0.3,0.25,
00:30:05,76361.8,76364.0,-0.3,0.34,
00:30:05,76361.8,76364.0,-0.3,0.79,
00:30:06,76361.8,76364.0,-0.3,0.24,
00:30:06,76361.8,76363.9,-0.3,0.83,
00:30:20,76369.73,76363.9,0.8,0.15,
00:30:20,76369.73,76363.9,0.8,0.29,
00:30:35,76377.13,76377.1,0.0,0.29,
00:30:35,76377.13,76377.0,0.0,0.94,
00:30:36,76377.13,76377.0,0.0,0.17,
00:30:36,76377.13,76375.4,0.2,0.25,
00:30:50,76378.2,76377.1,0.1,0.14,
00:30:50,76378.2,76377.1,0.1,0.16,
00:31:05,76373.79,76375.2,-0.2,0.14,
00:31:05,76373.78,76375.2,-0.2,0.27,
00:31:06,76373.79,76373.8,-0.0,0.16,
00:31:06,76373.79,76373.8,-0.0,0.16,
00:31:20,76369.75,76361.5,1.1,0.16,
00:31:20,76369.75,76361.6,1.1,0.17,
00:31:35,76354.23,76357.3,-0.4,0.2,
00:31:35,76354.23,76357.3,-0.4,0.72,
00:31:36,76354.23,76357.3,-0.4,0.18,
00:31:36,76354.23,76357.3,-0.4,0.15,
00:31:50,76347.61,76344.8,0.4,0.17,
00:31:50,76347.61,76344.7,0.4,0.2,
00:32:05,76335.25,76335.0,0.0,0.13,
00:32:05,76335.25,76335.0,0.0,0.16,
00:32:06,76335.25,76335.0,0.0,0.23,
00:32:06,76335.25,76335.1,0.0,0.72,
00:32:20,76335.25,76335.0,0.0,0.13,
00:32:20,76335.25,76335.0,0.0,0.21,
00:32:35,76330.54,76332.8,-0.3,0.14,
00:32:35,76330.54,76327.8,0.4,0.2,
00:32:36,76330.01,76327.8,0.3,0.14,
00:32:36,76330.01,76327.8,0.3,0.14,
00:32:50,76335.25,76333.0,0.3,0.18,
00:32:50,76335.25,76332.9,0.3,0.3,
00:33:05,76354.2,76345.5,1.1,0.16,
00:33:05,76354.2,76345.5,1.1,0.28,
00:33:06,76352.01,76345.6,0.8,0.16,
00:33:06,76352.01,76345.6,0.8,0.19,
00:33:20,76345.0,76340.6,0.6,0.17,
00:33:20,76345.0,76340.6,0.6,0.24,
00:33:35,76345.01,76345.4,-0.1,0.17,
00:33:35,76345.01,76345.4,-0.1,0.18,
00:33:36,76345.01,76345.5,-0.1,0.19,
00:33:36,76345.01,76345.5,-0.1,0.16,
00:33:50,76345.0,76345.5,-0.1,0.16,
00:33:50,76345.01,76345.4,-0.1,0.2,
00:34:05,76342.81,76336.2,0.9,0.21,
00:34:05,76342.8,76336.1,0.9,0.22,
00:34:06,76342.8,76336.1,0.9,0.13,
00:34:06,76342.8,76336.1,0.9,0.16,
00:34:20,76354.21,76345.0,1.2,0.16,
00:34:20,76354.21,76344.9,1.2,0.16,
00:34:35,76352.01,76339.0,1.7,0.16,
00:34:35,76352.01,76339.0,1.7,0.18,
00:34:36,76352.0,76339.0,1.7,0.14,
00:34:36,76352.0,76339.0,1.7,0.24,
00:34:50,76356.27,76351.0,0.7,0.16,
00:34:50,76356.27,76351.0,0.7,0.2,
00:35:29,76390.64,76391.4,-0.1,0.2,
00:35:29,76390.64,76391.4,-0.1,0.22,
00:35:29,76390.64,76391.4,-0.1,0.28,
00:35:29,76390.65,76391.4,-0.1,0.15,
00:35:29,76390.65,76391.3,-0.1,0.18,
00:35:30,76390.64,76391.3,-0.1,0.83,
00:35:36,76390.64,76391.4,-0.1,0.15,
00:35:36,76390.65,76391.4,-0.1,0.25,
00:35:44,76390.64,76382.5,1.1,0.15,
00:35:44,76390.64,76382.5,1.1,0.17,
00:35:59,76397.91,76391.8,0.8,0.15,
00:35:59,76397.91,76391.9,0.8,0.18,
00:36:06,76397.91,76395.7,0.3,0.16,
00:36:06,76397.91,76395.7,0.3,0.22,
00:36:14,76397.91,76395.7,0.3,0.2,
00:36:14,76397.91,76395.6,0.3,0.27,
00:36:29,76405.0,76402.0,0.4,0.18,
00:36:29,76405.0,76402.0,0.4,0.19,
00:36:36,76405.0,76402.2,0.4,0.18,
00:36:36,76405.0,76402.2,0.4,0.23,
00:36:44,76411.86,76413.7,-0.2,0.18,
00:36:44,76411.86,76413.7,-0.2,0.18,
00:36:59,76419.55,76416.1,0.5,0.14,
00:36:59,76419.55,76416.1,0.5,0.15,
00:37:06,76419.55,76416.0,0.5,0.19,
00:37:06,76419.55,76416.1,0.5,0.19,
00:37:14,76405.24,76402.9,0.3,0.18,
00:37:14,76405.25,76402.9,0.3,0.26,
00:37:29,76402.0,76395.0,0.9,0.2,
00:37:29,76402.0,76402.6,-0.1,0.2,
00:37:36,76402.01,76397.6,0.6,0.15,
00:37:36,76402.01,76397.6,0.6,0.19,
00:37:44,76395.69,76393.4,0.3,0.18,
00:37:44,76395.69,76393.3,0.3,0.23,
00:37:59,76369.92,76358.7,1.5,0.15,
00:37:59,76369.92,76358.7,1.5,0.15,
00:38:06,76369.91,76358.7,1.5,0.16,
00:38:06,76369.91,76358.7,1.5,0.27,
00:38:15,76369.31,76358.7,1.4,0.22,
00:38:15,76369.31,76358.7,1.4,0.45,
00:38:29,76372.11,76361.3,1.4,0.15,
00:38:29,76372.11,76361.3,1.4,0.18,
00:38:36,76369.53,76361.2,1.1,0.15,
00:38:36,76369.53,76361.2,1.1,0.2,
00:38:45,76369.52,76361.2,1.1,0.29,
00:38:45,76369.52,76361.2,1.1,0.27,
00:39:00,76369.53,76361.2,1.1,0.31,
00:39:00,76369.53,76361.3,1.1,0.3,
00:39:06,76362.42,76358.0,0.6,0.17,
00:39:06,76362.42,76358.0,0.6,0.2,
00:39:15,76365.98,76366.3,-0.0,0.33,
00:39:15,76365.99,76366.3,-0.0,0.84,
00:39:30,76368.68,76371.8,-0.4,0.27,
00:39:30,76368.68,76371.8,-0.4,0.42,
00:39:36,76368.68,76370.2,-0.2,0.15,
00:39:36,76368.68,76370.3,-0.2,0.15,
00:39:44,76368.67,76370.3,-0.2,0.18,
00:39:44,76368.67,76370.2,-0.2,0.16,
00:39:59,76368.68,76370.3,-0.2,0.23,
00:39:59,76368.68,76370.3,-0.2,0.25,
00:40:06,76363.87,76362.7,0.2,0.16,
00:40:06,76363.87,76362.7,0.2,0.3,
00:40:14,76355.55,76345.7,1.3,0.15,
00:40:14,76355.55,76345.7,1.3,0.18,
00:40:29,76363.88,76362.6,0.2,0.18,
00:40:29,76363.88,76362.6,0.2,0.19,
00:40:36,76363.88,76361.5,0.3,0.17,
00:40:36,76363.88,76361.5,0.3,0.29,
00:40:44,76331.91,76323.8,1.1,0.18,
00:40:44,76331.91,76323.8,1.1,0.19,
00:40:59,76341.84,76339.9,0.3,0.16,
00:40:59,76341.84,76339.9,0.3,0.16,
00:41:06,76341.84,76339.6,0.3,0.16,
00:41:06,76341.84,76339.7,0.3,0.24,
00:41:15,76341.84,76345.9,-0.5,0.28,
00:41:15,76341.84,76345.9,-0.5,0.28,
00:41:29,76328.76,76326.7,0.3,0.21,
00:41:29,76328.76,76326.7,0.3,0.25,
00:41:36,76328.76,76326.7,0.3,0.15,
00:41:36,76328.76,76326.8,0.3,0.17,
00:41:44,76328.76,76326.7,0.3,0.17,
00:41:44,76328.76,76326.7,0.3,0.28,
00:41:59,76328.76,76326.8,0.3,0.14,
00:41:59,76328.76,76326.8,0.3,0.18,
00:42:06,76326.03,76326.7,-0.1,0.16,
00:42:06,76326.03,76326.7,-0.1,0.18,
00:42:14,76325.15,76320.8,0.6,0.15,
00:42:14,76325.14,76326.7,-0.2,0.28,
00:42:29,76340.0,76345.4,-0.7,0.18,
00:42:29,76340.0,76345.4,-0.7,0.18,
00:42:36,76340.0,76345.1,-0.7,0.18,
00:42:36,76340.0,76345.3,-0.7,0.2,
00:42:44,76340.0,76345.7,-0.7,0.16,
00:42:44,76340.0,76345.7,-0.7,0.22,
00:43:00,76340.0,76336.1,0.5,0.31,
00:43:00,76339.99,76336.1,0.5,0.42,
00:43:39,76343.65,76342.2,0.2,0.26,
00:43:39,76343.65,76342.2,0.2,0.16,
00:43:39,76343.65,76342.2,0.2,0.81,
00:43:40,76343.65,76342.2,0.2,0.73,
00:43:54,76341.83,76342.0,-0.0,0.29,
00:43:55,76341.83,76342.1,-0.0,0.26,
00:44:06,76345.82,76355.4,-1.3,0.28,
00:44:06,76352.01,76345.7,0.8,0.69,
00:44:09,76354.2,76362.4,-1.1,0.27,
00:44:10,76354.2,76362.4,-1.1,0.36,
00:44:24,76357.86,76355.5,0.3,0.27,
00:44:25,76357.86,76355.5,0.3,0.33,
00:44:36,76353.85,76354.2,-0.0,0.15,
00:44:36,76353.85,76354.2,-0.0,0.14,
00:44:40,76353.85,76354.3,-0.1,0.73,
00:44:40,76353.85,76354.2,-0.0,0.32,
00:44:54,76335.0,76337.2,-0.3,0.34,
00:44:55,76335.0,76337.2,-0.3,0.3,
00:45:06,76342.61,76345.9,-0.4,0.38,
00:45:06,76342.61,76345.9,-0.4,0.46,
00:45:10,76340.77,76340.2,0.1,0.74,
00:45:10,76340.77,76340.2,0.1,0.28,
00:45:24,76340.76,76336.0,0.6,0.33,
00:45:25,76340.76,76336.0,0.6,0.21,
00:45:36,76340.76,76340.1,0.1,0.25,
00:45:36,76340.76,76340.1,0.1,0.27,
00:45:39,76340.77,76340.2,0.1,0.15,
00:45:40,76340.76,76340.1,0.1,0.22,
00:45:55,76343.97,76342.8,0.2,0.39,
00:45:55,76343.97,76337.6,0.8,0.73,
00:46:06,76341.64,76336.0,0.7,0.26,
00:46:09,76341.64,76341.2,0.1,0.25,
00:46:10,76341.64,76341.3,0.0,0.22,
00:46:24,76337.84,76336.1,0.2,0.15,
00:46:25,76337.85,76336.1,0.2,0.24,
00:46:36,76343.01,76345.5,-0.3,0.24,
00:46:36,76343.01,76345.5,-0.3,0.23,
00:46:39,76345.0,76354.1,-1.2,0.21,
00:46:40,76345.0,76354.1,-1.2,0.53,
00:46:54,76350.0,76347.0,0.4,0.28,
00:46:55,76350.0,76347.0,0.4,0.28,
00:47:06,76350.0,76350.2,-0.0,0.17,
00:47:06,76350.0,76350.2,-0.0,0.21,
00:47:09,76350.0,76350.3,-0.0,0.21,
00:47:10,76349.99,76350.2,-0.0,0.2,
00:47:24,76350.0,76346.3,0.5,0.16,
00:47:25,76350.0,76346.2,0.5,0.2,
00:47:36,76349.99,76346.2,0.5,0.2,
00:47:36,76349.99,76346.3,0.5,0.85,
00:47:40,76335.06,76337.4,-0.3,0.18,
00:47:40,76335.06,76337.4,-0.3,0.69,
00:47:54,76333.19,76336.0,-0.4,0.32,
00:47:55,76333.19,76336.0,-0.4,0.2,
00:48:06,76333.2,76336.0,-0.4,0.17,
00:48:06,76333.2,76336.1,-0.4,0.28,
00:48:09,76333.19,76336.0,-0.4,0.26,
00:48:10,76333.2,76336.0,-0.4,0.19,
00:48:24,76350.0,76348.7,0.2,0.17,
00:48:25,76350.0,76348.7,0.2,0.34,
00:48:36,76349.03,76348.7,0.0,0.18,
00:48:36,76349.03,76344.8,0.6,0.15,
00:48:39,76349.02,76348.8,0.0,0.28,
00:48:41,76349.02,76348.7,0.0,0.84,
00:48:54,76362.99,76361.4,0.2,0.24,
00:48:55,76362.99,76361.4,0.2,0.27,
00:49:06,76357.87,76353.7,0.5,0.66,
00:49:06,76357.87,76353.8,0.5,0.66,
00:49:09,76357.86,76358.4,-0.1,0.2,
00:49:10,76357.86,76358.4,-0.1,0.16,
00:49:25,76368.08,76368.5,-0.1,0.47,
00:49:25,76368.08,76368.5,-0.1,0.36,
00:49:36,76368.07,76368.4,-0.0,0.17,
00:49:36,76368.07,76368.4,-0.0,0.22,
00:49:39,76368.07,76368.4,-0.0,0.16,
00:49:40,76368.08,76368.5,-0.1,0.14,
00:49:54,76368.08,76368.0,0.0,0.2,
00:49:55,76368.08,76368.1,-0.0,0.22,
00:50:06,76360.02,76363.4,-0.4,0.16,
00:50:06,76360.02,76363.4,-0.4,0.16,
00:50:10,76360.01,76363.4,-0.4,0.34,
00:50:10,76360.01,76363.4,-0.4,0.2,
00:50:24,76376.85,76371.9,0.6,0.21,
00:50:25,76376.85,76372.0,0.6,0.21,
00:50:36,76368.09,76369.3,-0.2,0.19,
00:50:36,76368.09,76369.3,-0.2,0.2,
00:50:39,76368.08,76369.3,-0.2,0.2,
00:50:40,76368.08,76369.3,-0.2,0.35,
00:50:54,76360.08,76361.9,-0.2,0.26,
00:50:56,76360.08,76361.8,-0.2,0.95,
00:51:06,76352.01,76349.7,0.3,0.34,
00:51:06,76352.01,76349.7,0.3,0.46,
00:51:09,76352.0,76349.7,0.3,0.34,
00:51:10,76350.01,76349.7,0.0,0.22,
00:51:24,76350.0,76344.2,0.8,0.33,
00:51:25,76350.01,76344.2,0.8,0.25,
00:51:36,76341.39,76336.1,0.7,0.21,
00:51:36,76341.39,76336.0,0.7,0.3,
00:51:40,76335.01,76336.0,-0.1,0.46,
00:51:40,76335.01,76336.0,-0.1,0.27,
00:51:54,76325.64,76336.0,-1.4,0.24,
00:51:55,76325.65,76336.0,-1.4,0.33,
00:52:06,76330.19,76336.1,-0.8,0.2,
00:52:06,76330.19,76336.1,-0.8,0.27,
00:52:09,76324.82,76323.9,0.1,0.35,
00:52:10,76324.31,76319.3,0.7,0.34,
00:52:24,76318.0,76313.4,0.6,0.29,
00:52:26,76318.0,76313.3,0.6,0.85,
00:52:36,76314.79,76308.6,0.8,0.41,
00:52:36,76314.79,76308.6,0.8,0.33,
00:52:40,76314.78,76308.6,0.8,0.28,
00:52:40,76314.78,76308.6,0.8,0.82,
00:52:54,76314.78,76315.2,-0.1,0.2,
00:52:55,76314.78,76315.2,-0.1,0.18,
00:53:06,76304.0,76307.8,-0.5,0.15,
00:53:06,76304.0,76307.8,-0.5,0.15,
00:53:09,76300.0,76304.4,-0.6,0.22,
00:53:10,76300.01,76300.2,-0.0,0.26,
00:53:24,76285.01,76287.0,-0.3,0.16,
00:53:25,76285.01,76287.1,-0.3,0.25,
00:53:36,76285.31,76284.1,0.2,0.21,
00:53:36,76285.31,76284.1,0.2,0.25,
00:53:39,76285.3,76286.2,-0.1,0.33,
00:53:40,76285.3,76287.4,-0.3,0.38,
00:53:54,76306.13,76304.3,0.2,0.21,
00:53:55,76306.13,76304.3,0.2,0.21,
00:54:06,76300.05,76295.5,0.6,0.19,
00:54:06,76300.05,76295.5,0.6,0.2,
00:54:09,76300.06,76295.5,0.6,0.24,
00:54:10,76300.06,76304.0,-0.5,0.23,
00:54:24,76308.41,76304.3,0.5,0.3,
00:54:25,76308.41,76304.3,0.5,0.31,
00:54:36,76308.4,76310.4,-0.3,0.18,
00:54:36,76308.4,76310.4,-0.3,0.23,
00:54:39,76311.1,76315.1,-0.5,0.23,
00:54:40,76311.1,76315.1,-0.5,0.42,
00:54:54,76313.99,76319.1,-0.7,0.15,
00:54:55,76313.99,76319.1,-0.7,0.3,
00:55:06,76298.67,76297.1,0.2,0.19,
00:55:06,76298.67,76291.4,1.0,0.22,
00:55:09,76283.0,76283.7,-0.1,0.15,
00:55:10,76283.0,76283.7,-0.1,0.2,
00:55:24,76283.01,76283.8,-0.1,0.25,
00:55:25,76283.01,76283.7,-0.1,0.2,
00:55:36,76274.74,76275.4,-0.1,0.19,
00:55:36,76274.74,76275.4,-0.1,0.32,
00:55:39,76274.74,76278.0,-0.4,0.16,
00:55:40,76274.75,76279.9,-0.7,0.21,
00:55:54,76274.75,76272.6,0.3,0.17,
00:55:55,76274.75,76272.7,0.3,0.19,
00:56:06,76265.3,76259.8,0.7,0.16,
00:56:06,76265.3,76259.9,0.7,0.27,
00:56:09,76265.3,76265.2,0.0,0.27,
00:56:10,76265.3,76265.2,0.0,0.2,
00:56:24,76270.0,76271.4,-0.2,0.23,
00:56:25,76270.0,76271.4,-0.2,0.29,
00:56:36,76277.2,76274.3,0.4,0.42,
00:56:36,76277.2,76274.3,0.4,0.39,
00:56:40,76276.57,76273.9,0.4,0.3,
00:56:40,76276.57,76273.9,0.4,0.2,
00:56:54,76276.56,76274.3,0.3,0.2,
00:56:55,76276.56,76274.2,0.3,0.23,
00:57:06,76245.27,76241.9,0.4,0.16,
00:57:06,76245.27,76241.9,0.4,0.23,
00:57:09,76228.27,76230.0,-0.2,0.18,
00:57:10,76228.27,76230.0,-0.2,0.19,
00:57:24,76233.43,76233.4,0.0,0.24,
00:57:25,76234.46,76233.4,0.1,0.25,
00:57:36,76245.01,76241.5,0.5,0.2,
00:57:36,76245.01,76241.5,0.5,0.2,
00:57:39,76245.01,76241.5,0.5,0.21,
00:57:41,76245.0,76241.5,0.5,0.94,
00:57:54,76258.0,76260.3,-0.3,0.18,
00:57:55,76258.0,76260.2,-0.3,0.16,
00:58:06,76257.99,76258.2,-0.0,0.2,
00:58:06,76257.99,76258.2,-0.0,0.23,
00:58:09,76258.0,76258.2,-0.0,0.2,
00:58:10,76258.0,76258.2,-0.0,0.2,
00:58:24,76250.01,76242.5,1.0,0.21,
00:58:25,76250.0,76242.5,1.0,0.18,
00:58:36,76250.0,76247.7,0.3,0.18,
00:58:36,76250.0,76247.8,0.3,0.21,
00:58:39,76250.01,76247.7,0.3,0.21,
00:58:40,76250.01,76247.8,0.3,0.19,
00:58:54,76246.0,76247.6,-0.2,0.19,
00:58:55,76246.0,76247.6,-0.2,0.16,
00:59:06,76255.0,76257.4,-0.3,0.16,
00:59:06,76255.0,76257.4,-0.3,0.23,
00:59:09,76255.0,76257.4,-0.3,0.17,
00:59:10,76255.0,76257.5,-0.3,0.35,
00:59:24,76261.02,76260.8,0.0,0.15,
00:59:25,76261.03,76260.9,0.0,0.2,
00:59:36,76261.03,76266.3,-0.7,0.16,
00:59:36,76261.03,76266.3,-0.7,0.18,
00:59:39,76261.03,76266.3,-0.7,0.29,
00:59:40,76261.02,76266.3,-0.7,0.22,
00:59:54,76265.28,76268.4,-0.4,0.18,
00:59:55,76265.28,76268.4,-0.4,0.19,
01:00:06,76245.7,76237.5,1.1,0.2,
01:00:06,76245.7,76237.4,1.1,0.36,
01:00:09,76239.77,76230.4,1.2,0.29,
01:00:10,76239.77,76230.4,1.2,0.29,
01:00:24,76269.99,76261.0,1.2,0.2,
01:00:25,76269.99,76261.0,1.2,0.3,
01:00:36,76276.82,76280.8,-0.5,0.37,
01:00:36,76276.82,76280.8,-0.5,0.75,
01:00:39,76290.0,76289.9,0.0,0.29,
01:00:40,76290.0,76283.2,0.9,0.2,
01:00:54,76283.45,76282.0,0.2,0.23,
01:00:55,76283.45,76282.1,0.2,0.23,
01:01:06,76286.56,76289.9,-0.4,0.16,
01:01:06,76286.56,76290.0,-0.5,0.19,
01:01:09,76291.8,76296.4,-0.6,0.24,
01:01:10,76291.8,76296.4,-0.6,0.14,
01:01:24,76297.28,76289.5,1.0,0.19,
01:01:25,76297.28,76289.5,1.0,0.3,
01:01:36,76281.9,76275.4,0.9,0.17,
01:01:36,76281.9,76281.0,0.1,0.2,
01:01:39,76281.9,76283.5,-0.2,0.2,
01:01:40,76281.9,76283.5,-0.2,0.16,
01:01:54,76293.74,76296.5,-0.4,0.22,
01:01:55,76293.75,76296.5,-0.4,0.31,
01:02:06,76298.0,76302.6,-0.6,0.15,
01:02:06,76298.0,76302.6,-0.6,0.2,
01:02:09,76297.99,76302.7,-0.6,0.15,
01:02:10,76297.99,76290.0,1.0,0.2,
01:02:24,76285.19,76286.4,-0.2,0.34,
01:02:25,76285.19,76286.4,-0.2,0.24,
01:02:36,76276.77,76276.0,0.1,0.24,
01:02:36,76276.77,76270.0,0.9,0.47,
01:02:39,76275.48,76269.4,0.8,0.2,
01:02:40,76275.08,76269.4,0.7,0.19,
01:02:54,76271.9,76270.5,0.2,0.15,
01:02:55,76271.9,76270.5,0.2,0.15,
01:03:06,76250.3,76251.4,-0.1,0.17,
01:03:06,76250.3,76251.4,-0.1,0.4,
01:03:42,76250.69,76250.0,0.1,0.15,
01:03:54,76243.06,76234.4,1.1,0.2,
01:03:54,76243.06,76234.4,1.1,0.27,
01:04:06,76243.06,76237.0,0.8,0.2,
01:04:06,76243.06,76237.0,0.8,0.28,
01:04:09,76243.06,76236.9,0.8,0.15,
01:04:09,76243.06,76236.9,0.8,0.17,
01:04:24,76246.91,76250.5,-0.5,0.16,
01:04:24,76246.91,76250.5,-0.5,0.27,
01:04:36,76246.0,76240.8,0.7,0.28,
01:04:36,76246.0,76240.8,0.7,0.28,
01:04:39,76239.77,76240.7,-0.1,0.16,
01:04:39,76239.76,76237.4,0.3,0.3,
01:04:54,76234.49,76240.0,-0.7,0.16,
01:04:54,76234.49,76240.0,-0.7,0.2,
01:05:06,76261.85,76250.0,1.6,0.15,
01:05:06,76261.85,76250.0,1.6,0.21,
01:05:09,76261.85,76258.2,0.5,0.15,
01:05:09,76261.84,76258.2,0.5,0.23,
01:05:24,76261.85,76258.1,0.5,0.14,
01:05:24,76261.85,76258.1,0.5,0.2,
01:05:36,76261.84,76258.1,0.5,0.19,
01:05:36,76261.84,76258.1,0.5,0.22,
01:05:39,76255.06,76250.4,0.6,0.18,
01:05:39,76255.06,76250.4,0.6,0.17,
01:05:54,76248.51,76246.0,0.3,0.15,
01:05:54,76248.51,76241.6,0.9,0.19,
01:06:06,76248.52,76246.1,0.3,0.19,
01:06:06,76248.52,76246.1,0.3,0.22,
01:06:09,76248.51,76246.0,0.3,0.14,
01:06:09,76248.51,76246.0,0.3,0.18,
01:06:24,76224.06,76218.7,0.7,0.19,
01:06:24,76224.06,76218.8,0.7,0.28,
01:06:36,76240.93,76237.7,0.4,0.14,
01:06:36,76240.93,76242.3,-0.2,0.69,
01:06:39,76240.92,76243.4,-0.3,0.18,
01:06:39,76240.92,76243.4,-0.3,0.23,
01:06:54,76246.18,76242.5,0.5,0.2,
01:06:54,76246.18,76242.5,0.5,0.19,
01:07:06,76255.09,76252.6,0.3,0.17,
01:07:06,76255.09,76252.6,0.3,0.21,
01:07:09,76255.09,76252.5,0.3,0.18,
01:07:09,76255.09,76252.5,0.3,0.18,
01:07:24,76285.0,76281.1,0.5,0.18,
01:07:24,76285.0,76281.3,0.5,0.18,
01:07:36,76284.97,76270.1,1.9,0.2,
01:07:36,76284.97,76277.1,1.0,0.69,
01:07:39,76284.97,76281.0,0.5,0.22,
01:07:39,76284.97,76281.0,0.5,0.27,
01:07:54,76284.95,76274.9,1.3,0.15,
01:07:54,76284.95,76266.9,2.4,0.16,
01:08:06,76284.78,76274.5,1.3,0.32,
01:08:06,76284.78,76274.5,1.3,0.36,
01:08:09,76284.77,76274.5,1.3,0.22,
01:08:09,76284.77,76274.5,1.3,0.24,
01:08:24,76297.24,76295.8,0.2,0.24,
01:08:24,76297.24,76295.8,0.2,0.27,
01:08:36,76311.99,76310.9,0.1,0.21,
01:08:36,76311.99,76310.9,0.1,0.28,
01:08:39,76313.66,76310.9,0.4,0.19,
01:08:39,76313.78,76310.9,0.4,0.2,
01:08:54,76323.28,76314.1,1.2,0.17,
01:08:54,76323.28,76314.1,1.2,0.2,
01:09:06,76319.63,76314.4,0.7,0.41,
01:09:06,76319.63,76314.4,0.7,0.45,
01:09:10,76319.63,76314.3,0.7,0.36,
01:09:10,76319.63,76314.3,0.7,0.31,
01:09:24,76324.25,76319.0,0.7,0.22,
01:09:24,76324.25,76319.0,0.7,0.28,
01:09:36,76324.25,76330.6,-0.8,0.21,
01:09:36,76324.25,76330.6,-0.8,0.26,
01:09:39,76328.7,76322.4,0.8,0.16,
01:09:39,76328.71,76322.4,0.8,0.24,
01:09:54,76328.7,76322.3,0.8,0.2,
01:09:54,76328.7,76322.3,0.8,0.23,
01:10:06,76324.78,76308.8,2.1,0.25,
01:10:06,76324.78,76308.8,2.1,0.39,
01:10:09,76324.78,76316.7,1.1,0.25,
01:10:09,76324.78,76316.7,1.1,0.28,
01:10:24,76320.51,76308.9,1.5,0.26,
01:10:24,76320.51,76308.9,1.5,0.27,
01:10:36,76301.96,76290.8,1.5,0.26,
01:10:39,76301.97,76298.5,0.5,0.18,
01:10:39,76301.97,76298.5,0.5,0.23,
01:10:54,76308.1,76305.5,0.3,0.19,
01:10:54,76308.1,76305.5,0.3,0.21,
01:11:06,76307.44,76294.8,1.7,0.14,
01:11:09,76290.5,76281.8,1.1,0.18,
01:11:09,76290.5,76281.8,1.1,0.16,
01:11:24,76280.76,76270.1,1.4,0.2,
01:11:24,76280.76,76270.1,1.4,0.27,
01:11:36,76263.42,76253.3,1.3,0.15,
01:11:36,76263.42,76253.3,1.3,0.26,
01:11:39,76263.41,76253.4,1.3,0.14,
01:11:39,76263.41,76253.4,1.3,0.15,
01:11:54,76252.96,76236.9,2.1,0.15,
01:11:54,76252.96,76237.0,2.1,0.23,
01:12:06,76252.97,76250.7,0.3,0.18,
01:12:06,76252.97,76250.7,0.3,0.2,
01:12:10,76252.95,76238.8,1.9,0.27,
01:12:10,76252.96,76238.8,1.9,0.79,
01:12:24,76252.0,76234.5,2.3,0.15,
01:12:24,76252.0,76234.5,2.3,0.25,
01:12:36,76238.41,76231.8,0.9,0.24,
01:12:36,76218.27,76231.8,-1.8,0.81,
01:12:39,76218.27,76216.3,0.3,0.15,
01:12:39,76218.27,76216.3,0.3,0.2,
01:12:54,76215.0,76200.2,1.9,0.15,
01:12:54,76215.0,76200.2,1.9,0.22,
01:13:06,76223.22,76208.0,2.0,0.19,
01:13:06,76223.22,76216.3,0.9,0.25,
01:13:09,76225.9,76224.9,0.1,0.2,
01:13:09,76225.9,76224.9,0.1,0.26,
01:13:24,76239.75,76238.3,0.2,0.18,
01:13:24,76239.75,76238.3,0.2,0.18,
01:13:36,76229.38,76223.1,0.8,0.19,
01:13:36,76229.38,76223.1,0.8,0.18,
01:13:39,76229.38,76223.1,0.8,0.15,
01:13:39,76229.38,76223.1,0.8,0.24,
01:13:55,76239.74,76230.3,1.2,0.43,
01:13:55,76239.74,76230.3,1.2,0.48,
01:14:06,76237.93,76227.7,1.3,0.45,
01:14:06,76237.93,76227.7,1.3,0.47,
01:14:09,76237.94,76227.8,1.3,0.21,
01:14:09,76237.94,76227.8,1.3,0.22,
01:14:24,76230.0,76210.8,2.5,0.36,
01:14:25,76230.0,76210.8,2.5,0.76,
01:14:36,76230.0,76210.7,2.5,0.19,
01:14:36,76230.0,76210.7,2.5,0.16,
01:14:39,76230.01,76219.2,1.4,0.2,
01:14:40,76230.01,76219.2,1.4,0.7,
01:14:54,76224.26,76219.1,0.7,0.19,
01:14:54,76224.26,76219.1,0.7,0.26,
01:15:06,76219.14,76201.2,2.4,0.16,
01:15:06,76219.14,76201.2,2.4,0.15,
01:15:09,76206.59,76201.1,0.7,0.16,
01:15:10,76204.77,76192.0,1.7,0.68,
01:15:24,76195.29,76189.7,0.7,0.26,
01:15:24,76195.29,76189.7,0.7,0.26,
01:15:36,76195.3,76182.7,1.7,0.3,
01:15:36,76195.3,76182.7,1.7,0.33,
01:15:39,76195.29,76182.7,1.7,0.2,
01:15:39,76195.29,76182.7,1.7,0.28,
01:15:54,76195.29,76182.7,1.7,0.16,
01:15:54,76195.29,76182.7,1.7,0.24,
01:16:06,76183.86,76163.6,2.7,0.17,
01:16:06,76183.86,76163.6,2.7,0.2,
01:16:10,76183.85,76174.0,1.3,0.32,
01:16:10,76183.85,76174.0,1.3,0.54,
01:16:24,76183.86,76174.0,1.3,0.16,
01:16:24,76183.86,76178.4,0.7,0.16,
01:16:36,76195.3,76192.1,0.4,0.15,
01:16:36,76195.3,76192.1,0.4,0.35,
01:16:40,76195.29,76192.0,0.4,0.32,
01:16:40,76195.29,76192.1,0.4,0.75,
01:16:54,76191.77,76185.1,0.9,0.18,
01:16:54,76191.77,76185.2,0.9,0.21,
01:17:06,76191.77,76185.1,0.9,0.2,
01:17:06,76191.77,76185.1,0.9,0.24,
01:17:09,76191.76,76185.2,0.9,0.31,
01:17:09,76191.76,76185.2,0.9,0.31,
01:17:24,76151.09,76139.3,1.5,0.15,
01:17:24,76151.09,76144.0,0.9,0.18,
01:17:36,76126.09,76114.1,1.6,0.2,
01:17:36,76126.09,76114.1,1.6,0.28,
01:17:39,76126.1,76114.0,1.6,0.17,
01:17:40,76126.1,76114.0,1.6,0.26,
01:17:54,76117.0,76099.8,2.3,0.19,
01:17:54,76117.0,76099.8,2.3,0.21,
01:18:06,76123.48,76118.8,0.6,0.31,
01:18:06,76123.48,76118.7,0.6,0.4,
01:18:09,76120.53,76104.5,2.1,0.18,
01:18:09,76120.53,76104.4,2.1,0.18,
01:18:24,76117.43,76108.8,1.1,0.22,
01:18:24,76117.43,76108.8,1.1,0.22,
01:18:36,76117.44,76111.2,0.8,0.15,
01:18:36,76117.44,76111.2,0.8,0.23,
01:18:39,76117.44,76114.6,0.4,0.21,
01:18:39,76117.44,76114.6,0.4,0.22,
01:18:54,76135.81,76130.8,0.7,0.26,
01:18:55,76135.81,76130.8,0.7,0.68,
01:19:06,76141.01,76142.4,-0.2,0.14,
01:19:06,76141.01,76141.6,-0.1,0.26,
01:19:09,76156.44,76142.3,1.9,0.17,
01:19:09,76156.44,76142.3,1.9,0.18,
01:19:24,76128.19,76120.4,1.0,0.22,
01:19:24,76128.19,76120.3,1.0,0.18,
01:19:36,76145.65,76138.3,1.0,0.21,
01:19:36,76145.65,76138.3,1.0,0.33,
01:19:40,76145.65,76145.7,-0.0,0.45,
01:19:40,76145.65,76145.7,-0.0,0.43,
01:19:55,76161.26,76150.8,1.4,0.33,
01:19:55,76161.26,76150.8,1.4,0.82,
01:20:06,76159.36,76150.7,1.1,0.26,
01:20:06,76159.36,76150.7,1.1,0.34,
01:20:10,76155.0,76148.2,0.9,0.5,
01:20:10,76155.0,76148.2,0.9,0.5,
01:20:24,76150.36,76141.9,1.1,0.21,
01:20:25,76150.37,76141.9,1.1,0.3,
01:20:36,76150.37,76147.1,0.4,0.15,
01:20:36,76150.37,76141.9,1.1,0.19,
01:20:39,76149.22,76147.2,0.3,0.14,
01:20:39,76149.22,76147.2,0.3,0.17,
01:20:54,76170.6,76170.9,-0.0,0.18,
01:20:54,76170.6,76170.9,-0.0,0.22,
01:21:06,76167.7,76151.2,2.2,0.18,
01:21:06,76167.7,76151.2,2.2,0.17,
01:21:09,76167.69,76159.3,1.1,0.18,
01:21:09,76167.69,76159.3,1.1,0.15,
01:21:24,76149.21,76151.0,-0.2,0.15,
01:21:24,76149.21,76151.0,-0.2,0.21,
01:21:36,76140.01,76128.7,1.5,0.29,
01:21:36,76140.01,76128.7,1.5,0.47,
01:21:39,76146.75,76141.3,0.7,0.24,
01:21:40,76146.75,76141.3,0.7,0.38,
01:21:54,76138.93,76128.9,1.3,0.2,
01:21:54,76138.93,76128.9,1.3,0.25,
01:22:06,76123.81,76121.2,0.3,0.16,
01:22:06,76123.81,76121.2,0.3,0.16,
01:22:09,76123.81,76121.3,0.3,0.25,
01:22:10,76123.8,76121.3,0.3,0.74,
01:22:24,76120.0,76110.2,1.3,0.16,
01:22:24,76120.0,76110.2,1.3,0.27,
01:22:36,76120.0,76113.2,0.9,0.19,
01:22:36,76120.0,76113.2,0.9,0.2,
01:22:40,76120.0,76113.2,0.9,0.28,
01:22:40,76120.0,76113.2,0.9,0.27,
01:22:54,76152.0,76147.8,0.6,0.16,
01:22:54,76152.0,76147.8,0.6,0.2,
01:23:06,76151.99,76144.1,1.0,0.19,
01:23:06,76151.99,76144.1,1.0,0.25,
01:23:09,76152.0,76144.2,1.0,0.24,
01:23:09,76152.0,76144.2,1.0,0.24,
01:23:24,76124.14,76121.1,0.4,0.17,
01:23:24,76124.14,76121.1,0.4,0.19,
01:23:36,76147.6,76138.1,1.2,0.18,
01:23:36,76147.6,76129.9,2.3,0.37,
01:23:39,76147.59,76146.8,0.1,0.14,
01:23:39,76147.59,76146.8,0.1,0.15,
01:23:54,76153.22,76146.8,0.8,0.22,
01:23:54,76153.22,76146.8,0.8,0.25,
01:24:06,76153.21,76146.7,0.9,0.18,
01:24:06,76153.21,76146.7,0.9,0.18,
01:24:10,76150.3,76145.6,0.6,0.61,
01:24:10,76146.67,76145.5,0.2,1.04,
01:24:24,76158.93,76152.9,0.8,0.18,
01:24:24,76158.93,76152.9,0.8,0.31,
01:24:36,76153.22,76150.2,0.4,0.18,
01:24:36,76153.22,76150.2,0.4,0.28,
01:24:39,76153.23,76134.4,2.5,0.15,
01:24:39,76153.23,76141.3,1.6,0.21,
01:24:54,76143.18,76134.5,1.1,0.15,
01:24:54,76143.18,76134.5,1.1,0.15,
01:25:06,76143.18,76134.6,1.1,0.17,
01:25:06,76143.18,76134.6,1.1,0.24,
01:25:09,76143.18,76134.6,1.1,0.15,
01:25:09,76143.18,76134.6,1.1,0.25,
01:25:24,76143.18,76139.2,0.5,0.33,
01:25:25,76143.18,76139.3,0.5,0.26,
01:25:36,76149.39,76146.2,0.4,0.15,
01:25:36,76149.39,76146.2,0.4,0.18,
01:25:39,76149.4,76146.1,0.4,0.15,
01:25:39,76149.4,76146.2,0.4,0.18,
01:25:54,76143.19,76138.8,0.6,0.2,
01:25:54,76143.19,76138.8,0.6,0.3,
01:26:06,76143.18,76139.3,0.5,0.17,
01:26:06,76143.18,76139.3,0.5,0.68,
01:26:09,76143.18,76139.3,0.5,0.19,
01:26:09,76143.18,76139.3,0.5,0.18,
01:26:24,76128.15,76136.5,-1.1,0.23,
01:26:24,76128.15,76136.5,-1.1,0.33,
01:26:36,76128.14,76120.5,1.0,0.2,
01:26:36,76128.14,76120.5,1.0,0.23,
01:26:39,76125.43,76117.8,1.0,0.19,
01:26:39,76125.43,76117.8,1.0,0.22,
01:26:54,76123.65,76117.8,0.8,0.22,
01:26:54,76123.65,76117.7,0.8,0.21,
01:27:06,76133.2,76127.9,0.7,0.22,
01:27:06,76133.2,76128.0,0.7,0.25,
01:27:09,76125.57,76120.8,0.6,0.19,
01:27:09,76125.57,76120.8,0.6,0.2,
01:27:24,76131.53,76132.0,-0.1,0.14,
01:27:24,76131.53,76132.0,-0.1,0.2,
01:27:36,76131.54,76129.9,0.2,0.15,
01:27:36,76131.54,76129.9,0.2,0.21,
01:27:39,76131.53,76124.7,0.9,0.15,
01:27:39,76131.53,76124.7,0.9,0.24,
01:27:54,76131.54,76133.8,-0.3,0.15,
01:27:54,76131.54,76133.8,-0.3,0.22,
01:28:06,76131.53,76119.9,1.5,0.16,
01:28:06,76131.53,76119.9,1.5,0.16,
01:28:09,76131.53,76119.8,1.5,0.15,
01:28:09,76131.53,76119.8,1.5,0.17,
01:28:24,76131.54,76120.0,1.5,0.23,
01:28:24,76131.54,76120.0,1.5,0.26,
01:28:36,76131.54,76120.0,1.5,0.26,
01:28:36,76131.54,76119.9,1.5,0.45,
01:28:39,76131.54,76119.9,1.5,0.21,
01:28:39,76131.54,76119.9,1.5,0.25,
01:28:54,76131.54,76119.9,1.5,0.15,
01:28:55,76131.54,76119.9,1.5,0.74,
01:29:06,76136.0,76132.0,0.5,0.2,
01:29:06,76136.0,76132.0,0.5,0.7,
01:29:09,76135.99,76132.1,0.5,0.22,
01:29:09,76135.99,76131.4,0.6,0.27,
01:29:24,76136.0,76131.5,0.6,0.21,
01:29:25,76136.0,76131.5,0.6,0.24,
01:29:36,76136.0,76131.4,0.6,0.28,
01:29:36,76136.0,76131.4,0.6,0.24,
01:29:39,76135.99,76131.4,0.6,0.16,
01:29:39,76135.99,76131.4,0.6,0.19,
01:29:54,76149.39,76140.6,1.2,0.25,
01:29:55,76140.01,76140.6,-0.1,0.78,
01:30:06,76160.01,76153.6,0.8,0.34,
01:30:07,76161.84,76154.6,1.0,0.86,
01:30:09,76152.52,76161.3,-1.2,0.16,
01:30:24,76173.65,76173.4,0.0,0.19,
01:30:24,76173.65,76173.4,0.0,0.26,
01:30:36,76215.84,76216.4,-0.1,0.18,
01:30:36,76215.84,76216.4,-0.1,0.19,
01:30:39,76210.0,76199.1,1.4,0.18,
01:30:39,76210.0,76199.1,1.4,0.21,
01:30:54,76236.21,76234.2,0.3,0.21,
01:30:54,76236.21,76234.2,0.3,0.21,
01:31:06,76250.1,76243.6,0.9,0.18,
01:31:06,76250.1,76242.7,1.0,0.18,
01:31:09,76251.44,76250.2,0.2,0.17,
01:31:09,76251.44,76250.2,0.2,0.18,
01:31:24,76210.91,76208.0,0.4,0.15,
01:31:24,76210.91,76208.1,0.4,0.21,
01:31:36,76196.05,76192.4,0.5,0.15,
01:31:36,76196.05,76192.4,0.5,0.15,
01:31:39,76200.69,76192.4,1.1,0.17,
01:31:39,76200.69,76192.4,1.1,0.18,
01:31:54,76203.81,76194.5,1.2,0.14,
01:31:54,76203.81,76194.5,1.2,0.14,
01:32:06,76196.06,76191.5,0.6,0.15,
01:32:06,76196.06,76191.5,0.6,0.21,
01:32:09,76186.98,76180.2,0.9,0.18,
01:32:09,76186.98,76180.2,0.9,0.21,
01:32:57,76166.77,76155.2,1.5,0.22,
01:32:58,76166.77,76155.2,1.5,0.75,
01:33:06,76160.38,76155.1,0.7,0.13,
01:33:06,76160.38,76155.1,0.7,0.2,
01:33:09,76157.43,76143.8,1.8,0.19,
01:33:09,76157.43,76150.2,0.9,0.16,
01:33:24,76153.73,76145.3,1.1,0.15,
01:33:24,76153.73,76145.3,1.1,0.19,
01:33:36,76153.73,76149.9,0.5,0.14,
01:33:36,76153.73,76149.9,0.5,0.23,
01:33:39,76153.73,76146.3,1.0,0.13,
01:33:39,76153.73,76146.3,1.0,0.15,
01:33:54,76143.43,76137.5,0.8,0.13,
01:33:54,76143.43,76137.5,0.8,0.15,
01:34:06,76149.99,76141.8,1.1,0.16,
01:34:06,76149.99,76141.8,1.1,0.19,
01:34:09,76150.0,76141.1,1.2,0.16,
01:34:09,76150.0,76141.0,1.2,0.16,
01:34:24,76156.93,76152.6,0.6,0.15,
01:34:24,76156.93,76152.7,0.6,0.18,
01:34:36,76166.02,76160.0,0.8,0.19,
01:34:36,76166.02,76160.0,0.8,0.27,
01:34:39,76166.01,76159.9,0.8,0.18,
01:34:39,76166.01,76159.9,0.8,0.23,
01:34:54,76169.12,76169.1,0.0,0.14,
01:34:54,76169.12,76169.1,0.0,0.38,
01:35:06,76192.38,76186.4,0.8,0.15,
01:35:06,76192.38,76186.4,0.8,0.16,
01:35:09,76194.01,76194.9,-0.1,0.24,
01:35:09,76194.01,76194.9,-0.1,0.31,
01:35:24,76208.59,76204.3,0.6,0.17,
01:35:24,76208.59,76204.3,0.6,0.22,
01:35:36,76208.6,76204.3,0.6,0.14,
01:35:36,76208.6,76204.3,0.6,0.16,
01:35:39,76208.6,76204.4,0.6,0.16,
01:35:39,76208.6,76204.4,0.6,0.29,
01:35:54,76195.01,76185.4,1.3,0.16,
01:35:54,76195.01,76185.4,1.3,0.17,
01:36:06,76182.64,76177.8,0.6,0.14,
01:36:06,76182.64,76177.8,0.6,0.19,
01:36:09,76182.63,76185.8,-0.4,0.15,
01:36:09,76182.63,76180.3,0.3,0.19,
01:36:24,76186.91,76178.8,1.1,0.18,
01:36:24,76186.91,76178.8,1.1,0.21,
01:36:36,76186.91,76184.3,0.3,0.16,
01:36:36,76186.91,76184.3,0.3,0.26,
01:36:39,76186.91,76184.2,0.4,0.15,
01:36:39,76186.9,76184.2,0.4,0.16,
01:36:54,76198.98,76193.0,0.8,0.16,
01:36:54,76198.98,76193.0,0.8,0.21,
01:37:06,76195.03,76191.3,0.5,0.15,
01:37:06,76195.03,76191.3,0.5,0.2,
01:37:09,76195.02,76191.2,0.5,0.18,
01:37:09,76195.02,76191.2,0.5,0.2,
01:37:24,76186.04,76181.8,0.6,0.25,
01:37:24,76186.03,76181.8,0.6,0.69,
01:37:36,76186.03,76181.8,0.6,0.13,
01:37:36,76186.03,76181.8,0.6,0.19,
01:37:39,76186.04,76181.7,0.6,0.22,
01:37:39,76186.04,76181.7,0.6,0.2,
01:37:54,76173.34,76169.1,0.6,0.15,
01:37:54,76173.34,76169.1,0.6,0.17,
01:38:06,76168.31,76167.2,0.1,0.16,
01:38:06,76168.31,76167.2,0.1,0.19,
01:38:09,76168.31,76167.3,0.1,0.19,
01:38:09,76168.31,76167.3,0.1,0.23,
01:38:24,76173.34,76174.8,-0.2,0.19,
01:38:24,76173.34,76174.7,-0.2,0.27,
01:38:36,76186.04,76187.7,-0.2,0.17,
01:38:36,76186.04,76187.7,-0.2,0.2,
01:38:39,76186.04,76187.7,-0.2,0.15,
01:38:39,76186.04,76187.7,-0.2,0.2,
01:38:54,76178.01,76172.0,0.8,0.21,
01:38:54,76178.01,76172.0,0.8,0.24,
01:39:06,76178.0,76172.1,0.8,0.13,
01:39:06,76178.01,76172.1,0.8,0.37,
01:39:09,76178.01,76172.1,0.8,0.16,
01:39:09,76178.01,76172.1,0.8,0.16,
01:39:24,76178.01,76172.1,0.8,0.17,
01:39:24,76178.01,76172.1,0.8,0.17,
01:39:36,76187.99,76180.3,1.0,0.15,
01:39:36,76187.99,76180.3,1.0,0.17,
01:39:39,76194.25,76190.0,0.6,0.18,
01:39:39,76194.25,76190.0,0.6,0.16,
01:39:54,76194.25,76194.0,0.0,0.16,
01:39:54,76194.25,76194.5,-0.0,0.16,
01:40:06,76161.6,76154.2,1.0,0.17,
01:40:06,76161.6,76154.2,1.0,0.17,
01:40:09,76161.59,76154.1,1.0,0.13,
01:40:09,76161.59,76154.1,1.0,0.21,
01:40:24,76152.03,76141.6,1.4,0.23,
01:40:24,76152.03,76141.6,1.4,0.25,
01:40:36,76143.43,76139.6,0.5,0.16,
01:40:36,76143.43,76139.6,0.5,0.17,
01:40:39,76143.42,76139.6,0.5,0.13,
01:40:39,76143.42,76139.6,0.5,0.18,
01:40:54,76143.43,76139.6,0.5,0.16,
01:40:54,76143.43,76139.7,0.5,0.22,
01:41:06,76148.34,76152.3,-0.5,0.15,
01:41:06,76148.34,76152.3,-0.5,0.15,
01:41:09,76153.18,76152.4,0.1,0.13,
01:41:09,76153.18,76152.4,0.1,0.16,
01:41:24,76153.18,76150.1,0.4,0.15,
01:41:24,76153.18,76150.1,0.4,0.28,
01:41:36,76153.18,76152.5,0.1,0.17,
01:41:36,76153.18,76152.5,0.1,0.26,
01:41:39,76153.18,76152.5,0.1,0.28,
01:41:39,76153.18,76152.4,0.1,0.35,
01:41:54,76165.0,76159.3,0.7,0.16,
01:41:54,76165.0,76159.3,0.7,0.29,
01:42:06,76165.0,76159.3,0.7,0.18,
01:42:06,76165.0,76159.3,0.7,0.19,
01:42:09,76163.32,76153.0,1.4,0.2,
01:42:09,76163.32,76153.0,1.4,0.27,
01:42:24,76163.32,76159.3,0.5,0.16,
01:42:24,76163.32,76159.3,0.5,0.21,
01:42:36,76158.09,76153.7,0.6,0.14,
01:42:36,76158.09,76153.7,0.6,0.17,
01:42:39,76158.08,76153.7,0.6,0.15,
01:42:39,76158.08,76153.7,0.6,0.24,
01:42:54,76158.08,76151.3,0.9,0.15,
01:42:54,76158.08,76151.3,0.9,0.16,
01:43:06,76151.75,76143.1,1.1,0.15,
01:43:06,76151.75,76143.1,1.1,0.14,
01:43:09,76151.75,76143.1,1.1,0.13,
01:43:09,76151.75,76143.1,1.1,0.15,
01:43:24,76145.2,76141.3,0.5,0.16,
01:43:24,76145.2,76141.3,0.5,0.18,
01:43:36,76145.2,76138.3,0.9,0.2,
01:43:36,76145.2,76138.4,0.9,0.2,
01:43:39,76145.2,76141.0,0.6,0.15,
01:43:39,76145.2,76141.0,0.6,0.18,
01:43:54,76150.64,76152.1,-0.2,0.15,
01:43:54,76150.64,76152.0,-0.2,0.21,
01:44:06,76154.28,76157.6,-0.4,0.17,
01:44:06,76154.28,76157.7,-0.4,0.17,
01:44:09,76154.28,76157.6,-0.4,0.16,
01:44:09,76154.28,76157.6,-0.4,0.16,
01:44:24,76154.28,76156.6,-0.3,0.16,
01:44:24,76154.28,76156.6,-0.3,0.16,
01:44:36,76156.71,76159.9,-0.4,0.69,
01:44:36,76156.71,76159.9,-0.4,0.68,
01:44:39,76160.0,76159.9,0.0,0.18,
01:44:39,76160.0,76160.0,0.0,0.26,
01:44:54,76160.86,76159.9,0.1,0.13,
01:44:54,76160.86,76158.8,0.3,0.17,
01:45:06,76160.87,76157.2,0.5,0.15,
01:45:06,76160.87,76157.2,0.5,0.16,
01:45:09,76160.86,76157.1,0.5,0.14,
01:45:24,76160.87,76161.5,-0.1,0.15,
01:45:24,76160.87,76162.1,-0.2,0.15,
01:45:36,76160.86,76162.7,-0.2,0.14,
01:45:36,76160.86,76162.7,-0.2,0.18,
01:45:39,76160.86,76162.7,-0.2,0.13,
01:45:39,76160.86,76162.7,-0.2,0.2,
01:45:54,76160.87,76162.8,-0.3,0.16,
01:45:54,76160.87,76162.8,-0.3,0.21,
01:46:06,76182.94,76174.8,1.1,0.14,
01:46:06,76182.94,76174.8,1.1,0.15,
01:46:09,76184.13,76182.3,0.2,0.18,
01:46:09,76184.13,76182.3,0.2,0.3,
01:46:24,76196.0,76199.7,-0.5,0.13,
01:46:24,76196.0,76199.7,-0.5,0.16,
01:46:36,76198.01,76199.6,-0.2,0.17,
01:46:36,76198.01,76199.6,-0.2,0.19,
01:46:39,76198.0,76199.7,-0.2,0.13,
01:46:39,76198.0,76199.6,-0.2,0.15,
01:46:54,76214.72,76208.0,0.9,0.13,
01:46:54,76214.72,76208.0,0.9,0.18,
01:47:06,76210.02,76208.0,0.3,0.14,
01:47:06,76210.02,76208.0,0.3,0.19,
01:47:09,76209.24,76203.5,0.8,0.13,
01:47:09,76209.24,76203.5,0.8,0.18,
01:47:24,76231.11,76221.9,1.2,0.14,
01:47:24,76231.11,76221.9,1.2,0.21,
01:47:36,76231.12,76224.6,0.9,0.14,
01:47:36,76231.12,76224.6,0.9,0.18,
01:47:39,76231.11,76224.6,0.9,0.14,
01:47:39,76231.11,76224.6,0.9,0.18,
01:47:54,76207.28,76206.9,0.0,0.16,
01:47:54,76207.28,76206.9,0.0,0.19,
01:48:06,76207.28,76203.1,0.5,0.14,
01:48:06,76207.28,76203.0,0.6,0.72,
01:48:09,76207.27,76203.0,0.6,0.14,
01:48:09,76207.27,76203.0,0.6,0.14,
01:48:24,76207.28,76202.2,0.7,0.14,
01:48:24,76207.28,76202.2,0.7,0.26,
01:48:36,76207.28,76202.3,0.7,0.13,
01:48:36,76207.28,76202.3,0.7,0.25,
01:48:39,76207.29,76202.3,0.7,0.13,
01:48:39,76207.29,76202.3,0.7,0.25,
01:48:54,76214.9,76212.5,0.3,0.13,
01:48:54,76214.9,76212.5,0.3,0.14,
01:49:06,76214.92,76212.5,0.3,0.17,
01:49:06,76214.92,76212.5,0.3,0.69,
01:49:09,76214.93,76220.3,-0.7,0.14,
01:49:09,76214.93,76220.3,-0.7,0.14,
01:49:24,76214.95,76212.7,0.3,0.14,
01:49:24,76214.95,76212.7,0.3,0.13,
01:49:36,76214.96,76209.2,0.8,0.14,
01:49:36,76214.96,76209.2,0.8,0.16,
01:49:39,76214.95,76209.2,0.8,0.15,
01:49:39,76214.95,76209.2,0.8,0.14,
01:49:54,76214.95,76209.3,0.7,0.14,
01:49:54,76214.95,76209.3,0.7,0.22,
01:50:06,76185.01,76180.0,0.7,0.16,
01:50:06,76185.01,76190.0,-0.7,0.24,
01:50:09,76185.0,76178.7,0.8,0.15,
01:50:09,76185.0,76178.6,0.8,0.15,
01:50:57,76195.37,76196.9,-0.2,0.24,
01:50:57,76195.37,76196.9,-0.2,0.32,
01:51:06,76200.21,76195.3,0.6,0.14,
01:51:06,76200.21,76195.4,0.6,0.14,
01:51:09,76196.34,76195.3,0.1,0.28,
01:51:09,76196.34,76195.3,0.1,0.23,
01:51:24,76196.34,76195.0,0.2,0.15,
01:51:24,76196.34,76195.0,0.2,0.16,
01:51:36,76196.34,76195.0,0.2,0.18,
01:51:36,76196.34,76195.0,0.2,0.26,
01:51:39,76196.34,76195.1,0.2,0.19,
01:51:39,76196.34,76195.1,0.2,0.15,
01:51:54,76196.34,76195.0,0.2,0.13,
01:51:54,76196.34,76195.0,0.2,0.15,
01:52:06,76196.34,76195.0,0.2,0.17,
01:52:06,76196.34,76195.0,0.2,0.17,
01:52:09,76196.33,76195.1,0.2,0.24,
01:52:09,76196.33,76195.0,0.2,0.25,
01:52:24,76196.34,76195.1,0.2,0.25,
01:52:24,76196.34,76195.1,0.2,0.25,
01:52:36,76196.34,76195.1,0.2,0.14,
01:52:36,76196.34,76195.1,0.2,0.15,
01:52:39,76196.34,76195.1,0.2,0.13,
01:52:39,76196.34,76195.1,0.2,0.25,
01:52:54,76196.31,76195.4,0.1,0.16,
01:52:54,76196.31,76195.4,0.1,0.2,
01:53:06,76196.31,76195.5,0.1,0.15,
01:53:06,76196.31,76195.5,0.1,0.15,
01:53:09,76196.31,76195.5,0.1,0.15,
01:53:09,76196.31,76195.5,0.1,0.22,
01:53:24,76233.3,76224.3,1.2,0.13,
01:53:24,76233.3,76233.8,-0.1,0.18,
01:53:36,76237.63,76239.3,-0.2,0.2,
01:53:36,76239.06,76240.0,-0.1,0.75,
01:53:39,76239.75,76240.0,-0.0,0.18,
01:53:39,76239.75,76240.0,-0.0,0.25,
01:53:54,76240.63,76236.9,0.5,0.23,
01:53:54,76240.63,76236.9,0.5,0.24,
01:54:06,76240.64,76237.0,0.5,0.18,
01:54:06,76240.64,76236.9,0.5,0.17,
01:54:09,76240.64,76237.0,0.5,0.23,
01:54:09,76240.64,76236.9,0.5,0.32,
01:54:24,76240.64,76240.2,0.1,0.15,
01:54:24,76240.64,76240.2,0.1,0.19,
01:54:36,76246.22,76247.1,-0.1,0.15,
01:54:36,76246.22,76247.1,-0.1,0.15,
01:54:39,76246.22,76247.0,-0.1,0.28,
01:54:39,76246.22,76247.0,-0.1,0.32,
01:54:54,76246.21,76251.0,-0.6,0.19,
01:54:54,76246.21,76251.0,-0.6,0.23,
01:55:06,76250.0,76250.9,-0.1,0.15,
01:55:06,76250.0,76250.9,-0.1,0.15,
01:55:09,76250.01,76250.9,-0.1,0.19,
01:55:09,76250.01,76250.9,-0.1,0.21,
01:55:24,76260.66,76258.2,0.3,0.14,
01:55:24,76260.66,76258.2,0.3,0.14,
01:56:05,76275.92,76276.4,-0.1,0.55,
01:56:06,76275.92,76276.4,-0.1,0.76,
01:56:06,76275.91,76276.4,-0.1,0.73,
01:56:07,76275.91,76276.4,-0.1,0.69,
01:56:21,76269.38,76267.9,0.2,0.25,
01:56:21,76269.37,76267.9,0.2,0.19,
01:56:33,76269.38,76263.1,0.8,0.25,
01:56:34,76269.38,76263.1,0.8,0.79,
01:56:36,76269.37,76263.2,0.8,0.7,
01:56:36,76269.37,76263.2,0.8,0.68,
01:56:51,76269.37,76263.2,0.8,0.25,
01:56:52,76269.37,76263.2,0.8,0.71,
01:57:03,76264.01,76255.3,1.1,0.14,
01:57:03,76264.01,76255.3,1.1,0.14,
01:57:06,76264.01,76255.3,1.1,0.16,
01:57:06,76264.01,76255.3,1.1,0.13,
01:57:21,76269.21,76270.4,-0.2,0.14,
01:57:21,76269.21,76270.4,-0.2,0.13,
01:57:33,76269.37,76275.1,-0.8,0.16,
01:57:33,76269.37,76275.1,-0.8,0.16,
01:58:08,76269.37,76273.7,-0.6,0.17,
01:58:08,76269.37,76273.7,-0.6,0.19,
01:58:20,76278.83,76275.7,0.4,0.14,
01:58:20,76278.83,76275.7,0.4,0.14,
01:58:33,76280.75,76276.8,0.5,0.17,
01:58:33,76280.75,76276.8,0.5,0.18,
01:58:35,76280.74,76276.7,0.5,0.18,
01:58:36,76280.74,76276.8,0.5,0.21,
01:58:50,76271.62,76271.6,0.0,0.15,
01:58:50,76271.62,76272.2,-0.1,0.15,
01:59:03,76271.63,76270.6,0.1,0.15,
01:59:03,76271.63,76270.6,0.1,0.15,
01:59:05,76271.63,76278.1,-0.8,0.18,
01:59:05,76271.63,76278.1,-0.8,0.18,
01:59:20,76283.51,76285.4,-0.2,0.16,
01:59:20,76283.92,76280.6,0.4,0.19,
01:59:33,76300.19,76296.0,0.5,0.14,
01:59:33,76300.19,76296.0,0.5,0.14,
01:59:35,76300.19,76296.0,0.5,0.14,
01:59:35,76300.19,76296.0,0.5,0.15,
01:59:50,76269.56,76257.7,1.6,0.14,
01:59:51,76269.57,76257.7,1.6,0.26,
02:00:03,76246.0,76244.3,0.2,0.18,
02:00:03,76246.0,76244.3,0.2,0.36,
02:00:05,76254.42,76250.3,0.5,0.16,
02:00:05,76254.42,76250.3,0.5,0.19,
02:00:20,76281.88,76283.2,-0.2,0.14,
02:00:20,76281.88,76283.3,-0.2,0.17,
02:00:33,76309.22,76300.0,1.2,0.18,
02:00:33,76309.22,76300.0,1.2,0.17,
02:00:35,76315.99,76318.3,-0.3,0.14,
02:00:35,76315.99,76318.2,-0.3,0.14,
02:00:51,76324.94,76327.0,-0.3,0.23,
02:00:51,76324.94,76327.0,-0.3,0.24,
02:01:03,76367.2,76359.6,1.0,0.24,
02:01:03,76367.2,76359.6,1.0,0.24,
02:01:05,76372.27,76359.7,1.6,0.15,
02:01:05,76372.27,76359.7,1.6,0.21,
02:01:20,76357.6,76348.5,1.2,0.16,
02:01:20,76357.6,76348.5,1.2,0.18,
02:01:33,76337.44,76333.2,0.6,0.15,
02:01:33,76337.44,76333.2,0.6,0.15,
02:01:35,76337.45,76333.3,0.5,0.15,
02:01:35,76337.45,76333.2,0.6,0.18,
02:01:50,76337.45,76337.5,-0.0,0.19,
02:01:50,76337.45,76337.5,-0.0,0.19,
02:02:03,76346.89,76344.8,0.3,0.18,
02:02:03,76346.89,76353.0,-0.8,0.18,
02:02:05,76357.15,76364.0,-0.9,0.15,
02:02:06,76357.15,76364.0,-0.9,0.25,
02:02:21,76360.48,76355.5,0.7,0.21,
02:02:21,76360.48,76355.4,0.7,0.72,
02:02:33,76360.92,76359.9,0.1,0.22,
02:02:33,76360.91,76359.9,0.1,0.29,
02:02:35,76360.92,76359.9,0.1,0.16,
02:02:35,76360.92,76359.9,0.1,0.16,
02:02:51,76355.01,76349.5,0.7,0.28,
02:02:51,76355.01,76349.5,0.7,0.34,
02:03:03,76352.01,76347.3,0.6,0.2,
02:03:03,76352.01,76347.3,0.6,0.2,
02:03:06,76352.01,76347.2,0.6,0.17,
02:03:06,76352.01,76347.2,0.6,0.21,
02:03:20,76361.42,76359.7,0.2,0.16,
02:03:21,76361.42,76359.7,0.2,0.24,
02:03:33,76364.0,76361.4,0.3,0.3,
02:03:33,76364.0,76365.0,-0.1,0.48,
02:03:36,76366.79,76365.1,0.2,0.34,
02:03:36,76366.79,76365.1,0.2,0.33,
02:03:51,76366.79,76363.9,0.4,0.21,
02:03:51,76366.79,76363.9,0.4,0.24,
02:04:03,76361.45,76357.0,0.6,0.26,
02:04:03,76361.45,76357.0,0.6,0.28,
02:04:05,76355.41,76348.7,0.9,0.16,
02:04:06,76355.41,76346.2,1.2,0.25,
02:04:20,76341.74,76330.7,1.4,0.21,
02:04:21,76341.74,76330.7,1.4,0.28,
02:04:33,76322.71,76321.0,0.2,0.16,
02:04:33,76322.71,76321.0,0.2,0.2,
02:04:35,76318.06,76312.4,0.7,0.16,
02:04:36,76318.06,76312.4,0.7,0.28,
02:04:51,76333.33,76331.1,0.3,0.27,
02:04:51,76333.33,76331.1,0.3,0.29,
02:05:03,76308.43,76305.9,0.3,0.19,
02:05:03,76308.43,76305.9,0.3,0.37,
02:05:06,76308.43,76301.8,0.9,0.34,
02:05:06,76308.43,76301.8,0.9,0.34,
02:05:21,76308.43,76299.5,1.2,0.2,
02:05:21,76308.43,76299.5,1.2,0.23,
02:05:33,76306.25,76294.7,1.5,0.24,
02:05:33,76306.25,76294.7,1.5,0.25,
02:05:36,76301.94,76294.7,0.9,0.23,
02:05:36,76301.94,76294.7,0.9,0.23,
02:05:51,76291.33,76293.1,-0.2,0.25,
02:05:51,76291.33,76292.9,-0.2,0.33,
02:06:03,76299.95,76301.0,-0.1,0.18,
02:06:03,76299.95,76301.0,-0.1,0.16,
02:06:05,76302.01,76301.8,0.0,0.15,
02:06:06,76302.01,76301.8,0.0,0.18,
02:06:20,76314.24,76310.0,0.6,0.18,
02:06:20,76314.24,76310.0,0.6,0.18,
02:06:33,76317.33,76309.4,1.0,0.15,
02:06:33,76317.33,76309.5,1.0,0.18,
02:06:35,76317.32,76309.4,1.0,0.15,
02:06:35,76317.32,76309.5,1.0,0.16,
02:06:50,76317.33,76308.0,1.2,0.15,
02:06:51,76317.33,76307.9,1.2,0.25,
02:07:03,76305.26,76296.6,1.1,0.18,
02:07:03,76305.26,76305.9,-0.1,0.22,
02:07:05,76305.26,76296.6,1.1,0.15,
02:07:06,76305.26,76294.5,1.4,0.19,
02:07:21,76305.27,76299.4,0.8,0.23,
02:07:21,76305.27,76299.5,0.8,0.24,
02:07:33,76305.27,76295.7,1.3,0.21,
02:07:33,76305.27,76295.6,1.3,0.21,
02:07:35,76305.26,76295.6,1.3,0.14,
02:07:35,76305.26,76295.7,1.3,0.14,
02:07:50,76305.26,76295.5,1.3,0.16,
02:07:50,76305.26,76295.6,1.3,0.19,
02:08:03,76305.26,76295.6,1.3,0.17,
02:08:03,76305.26,76295.6,1.3,0.17,
02:08:05,76305.26,76295.6,1.3,0.15,
02:08:20,76282.48,76269.5,1.7,0.14,
02:08:20,76282.48,76269.4,1.7,0.14,
02:08:33,76282.1,76269.2,1.7,0.25,
02:08:33,76282.1,76269.1,1.7,0.29,
02:08:35,76282.08,76269.1,1.7,0.16,
02:08:35,76282.08,76269.1,1.7,0.16,
02:08:50,76274.71,76263.3,1.5,0.14,
02:08:51,76274.71,76263.3,1.5,0.26,
02:09:03,76294.72,76289.9,0.6,0.14,
02:09:03,76294.72,76289.9,0.6,0.15,
02:09:05,76294.71,76289.8,0.6,0.14,
02:09:05,76294.71,76289.8,0.6,0.17,
02:09:20,76308.41,76307.8,0.1,0.15,
02:09:21,76308.41,76307.8,0.1,0.16,
02:09:33,76308.41,76301.4,0.9,0.13,
02:09:33,76308.4,76301.5,0.9,0.32,
02:09:35,76308.41,76301.4,0.9,0.19,
02:09:35,76308.41,76301.5,0.9,0.15,
02:09:50,76308.4,76301.4,0.9,0.15,
02:09:50,76308.4,76301.4,0.9,0.15,
02:10:03,76300.0,76291.1,1.2,0.15,
02:10:03,76300.0,76291.1,1.2,0.42,
02:10:05,76288.04,76275.3,1.7,0.14,
02:10:05,76288.04,76291.0,-0.4,0.15,
02:10:20,76262.64,76254.4,1.1,0.15,
02:10:21,76262.64,76254.4,1.1,0.21,
02:10:33,76265.93,76261.6,0.6,0.15,
02:10:33,76265.93,76261.6,0.6,0.15,
02:10:35,76265.93,76261.7,0.6,0.14,
02:10:35,76265.93,76261.7,0.6,0.15,
02:10:50,76265.93,76261.6,0.6,0.14,
02:10:50,76265.93,76261.6,0.6,0.15,
02:11:03,76265.64,76253.3,1.6,0.13,
02:11:03,76265.64,76253.2,1.6,0.2,
02:11:05,76265.64,76253.2,1.6,0.16,
02:11:05,76265.64,76253.2,1.6,0.18,
02:11:20,76258.47,76253.3,0.7,0.16,
02:11:21,76258.47,76253.3,0.7,0.24,
02:11:33,76258.46,76253.3,0.7,0.15,
02:11:33,76258.46,76253.3,0.7,0.17,
02:11:35,76258.47,76253.2,0.7,0.15,
02:11:35,76258.47,76253.2,0.7,0.15,
02:11:51,76258.47,76253.3,0.7,0.19,
02:11:51,76258.47,76253.3,0.7,0.19,
02:12:03,76258.47,76254.3,0.5,0.14,
02:12:03,76258.47,76254.2,0.6,0.14,
02:12:05,76258.46,76254.2,0.6,0.14,
02:12:05,76258.46,76254.3,0.5,0.14,
02:12:20,76250.01,76243.9,0.8,0.15,
02:12:20,76250.01,76243.9,0.8,0.18,
02:12:33,76250.01,76248.1,0.3,0.18,
02:12:33,76250.01,76248.1,0.3,0.18,
02:12:36,76250.01,76248.0,0.3,0.22,
02:12:36,76250.01,76248.0,0.3,0.28,
02:12:50,76264.99,76261.5,0.5,0.15,
02:12:51,76264.99,76261.5,0.5,0.22,
02:13:03,76265.0,76261.5,0.5,0.13,
02:13:03,76265.0,76261.5,0.5,0.15,
02:13:06,76264.99,76261.4,0.5,0.26,
02:13:06,76264.99,76261.4,0.5,0.29,
02:13:20,76264.99,76261.4,0.5,0.18,
02:13:21,76264.99,76261.4,0.5,0.24,
02:13:33,76279.06,76279.3,-0.0,0.14,
02:13:33,76279.06,76279.3,-0.0,0.15,
02:13:35,76279.05,76279.2,-0.0,0.15,
02:13:35,76279.05,76279.3,-0.0,0.15,
02:13:50,76279.06,76279.3,-0.0,0.15,
02:13:50,76279.06,76279.3,-0.0,0.15,
02:14:03,76279.06,76269.7,1.2,0.15,
02:14:03,76279.06,76269.7,1.2,0.17,
02:14:05,76279.06,76269.7,1.2,0.15,
02:14:05,76279.06,76269.7,1.2,0.15,
02:14:20,76269.6,76261.8,1.0,0.14,
02:14:21,76269.6,76261.8,1.0,0.18,
02:14:33,76269.6,76267.2,0.3,0.14,
02:14:33,76269.6,76267.2,0.3,0.14,
02:14:35,76269.6,76267.2,0.3,0.15,
02:14:36,76269.6,76267.1,0.3,0.19,
02:14:50,76269.59,76264.9,0.6,0.16,
02:15:03,76269.6,76265.0,0.6,0.18,
02:15:03,76269.6,76264.9,0.6,0.18,
02:15:05,76269.6,76264.9,0.6,0.14,
02:15:05,76269.6,76264.9,0.6,0.17,
02:15:20,76281.14,76285.6,-0.6,0.14,
02:15:20,76281.14,76285.6,-0.6,0.14,
02:15:33,76295.91,76299.9,-0.5,0.15,
02:15:33,76295.91,76299.3,-0.4,0.15,
02:15:35,76319.54,76313.5,0.8,0.14,
02:15:36,76319.54,76316.6,0.4,0.19,
02:15:51,76327.29,76318.8,1.1,0.19,
02:15:51,76327.28,76322.6,0.6,0.29,
02:16:03,76338.92,76337.8,0.1,0.25,
02:16:03,76340.8,76337.8,0.4,0.28,
02:16:05,76348.45,76344.7,0.5,0.14,
02:16:05,76348.45,76344.7,0.5,0.14,
02:16:20,76389.14,76388.8,0.0,0.15,
02:16:33,76414.79,76405.8,1.2,0.13,
02:16:33,76414.79,76405.8,1.2,0.13,
02:16:35,76414.79,76405.9,1.2,0.15,
02:16:35,76414.79,76410.4,0.6,0.14,
02:17:16,76450.65,76443.1,1.0,0.15,
02:17:16,76450.65,76443.1,1.0,0.22,
02:17:16,76450.65,76443.1,1.0,0.24,
02:17:16,76450.65,76443.1,1.0,0.25,
02:17:16,76445.01,76443.1,0.2,0.17,
02:17:16,76445.0,76435.2,1.3,0.23,
02:17:31,76440.49,76436.4,0.5,0.2,
02:17:31,76440.49,76436.4,0.5,0.15,
02:17:33,76440.49,76436.5,0.5,0.15,
02:17:33,76440.49,76436.4,0.5,0.18,
02:17:46,76447.4,76443.0,0.6,0.15,
02:17:46,76447.4,76445.4,0.3,0.19,
02:18:01,76468.27,76464.4,0.5,0.15,
02:18:01,76468.27,76464.4,0.5,0.19,
02:18:03,76468.26,76464.5,0.5,0.15,
02:18:03,76468.26,76464.5,0.5,0.18,
02:18:16,76452.35,76446.6,0.8,0.14,
02:18:16,76452.35,76446.6,0.8,0.14,
02:18:31,76460.0,76454.5,0.7,0.14,
02:18:31,76460.0,76454.5,0.7,0.15,
02:18:33,76460.0,76455.0,0.7,0.15,
02:18:33,76460.0,76457.7,0.3,0.19,
02:18:46,76452.46,76445.5,0.9,0.14,
02:18:46,76452.46,76445.5,0.9,0.16,
02:19:01,76441.19,76438.6,0.3,0.13,
02:19:01,76440.49,76434.8,0.7,0.14,
02:19:03,76440.49,76434.6,0.8,0.15,
02:19:16,76435.59,76426.7,1.2,0.18,
02:19:16,76435.59,76426.7,1.2,0.19,
02:19:31,76429.1,76424.9,0.5,0.15,
02:19:31,76429.1,76424.9,0.5,0.17,
02:19:33,76429.1,76424.8,0.6,0.14,
02:19:33,76429.1,76424.8,0.6,0.14,
02:20:19,76424.7,76422.6,0.3,0.28,
02:20:19,76424.7,76422.6,0.3,0.28,
02:20:31,76424.7,76422.6,0.3,0.18,
02:20:31,76424.7,76422.6,0.3,0.18,
02:20:33,76429.71,76429.5,0.0,0.13,
02:20:33,76429.71,76425.0,0.6,0.13,
02:20:46,76429.99,76431.0,-0.1,0.15,
02:20:46,76429.99,76431.0,-0.1,0.16,
02:21:01,76422.14,76414.3,1.0,0.13,
02:21:01,76420.67,76419.3,0.2,0.17,
02:21:03,76416.89,76411.2,0.7,0.13,
02:21:03,76416.89,76411.2,0.7,0.13,
02:21:16,76408.12,76402.8,0.7,0.22,
02:21:16,76408.12,76398.0,1.3,0.21,
02:21:31,76397.39,76389.7,1.0,0.14,
02:21:31,76397.39,76389.7,1.0,0.14,
02:21:33,76396.77,76388.5,1.1,0.13,
02:21:46,76396.0,76388.0,1.0,0.14,
02:22:46,76409.99,76407.9,0.3,0.25,
02:22:46,76409.99,76407.9,0.3,0.25,
02:23:01,76417.89,76418.4,-0.1,0.14,
02:23:01,76417.89,76418.4,-0.1,0.14,
02:23:01,76417.89,76418.4,-0.1,0.14,
02:23:01,76417.89,76418.4,-0.1,0.14,
02:23:35,76400.82,76399.1,0.2,0.14,
02:23:35,76400.82,76399.1,0.2,0.14,
02:23:35,76400.83,76399.1,0.2,0.19,
02:23:35,76400.83,76399.2,0.2,0.19,
02:23:35,76400.83,76399.1,0.2,0.16,
02:23:35,76400.83,76399.1,0.2,0.21,
02:23:50,76400.82,76399.1,0.2,0.15,
02:23:50,76400.82,76399.1,0.2,0.23,
02:24:01,76405.55,76397.2,1.1,0.16,
02:24:01,76405.55,76399.1,0.8,0.3,
02:24:05,76400.82,76394.3,0.9,0.14,
02:24:05,76400.82,76394.4,0.8,0.15,
02:24:20,76400.83,76390.4,1.4,0.16,
02:24:20,76400.83,76390.4,1.4,0.14,
02:24:31,76397.08,76390.3,0.9,0.15,
02:24:31,76397.08,76390.4,0.9,0.15,
02:24:35,76397.07,76397.9,-0.1,0.14,
02:24:35,76397.07,76397.9,-0.1,0.15,
02:24:50,76397.07,76397.8,-0.1,0.15,
02:24:50,76397.07,76397.8,-0.1,0.18,
02:25:01,76397.08,76395.0,0.3,0.19,
02:25:01,76397.08,76388.9,1.1,0.25,
02:25:05,76380.25,76375.1,0.7,0.13,
02:25:05,76382.0,76373.0,1.2,0.14,
02:25:44,76329.12,76326.9,0.3,0.16,
02:25:44,76329.12,76326.9,0.3,0.16,
02:25:44,76329.12,76326.9,0.3,0.18,
02:25:44,76329.12,76326.9,0.3,0.21,
02:25:44,76329.13,76326.9,0.3,0.16,
02:25:44,76329.13,76326.9,0.3,0.14,
02:25:59,76320.23,76310.2,1.3,0.13,
02:25:59,76320.23,76310.2,1.3,0.13,
02:26:01,76320.23,76310.1,1.3,0.15,
02:26:01,76320.23,76310.1,1.3,0.17,
02:26:14,76296.39,76298.8,-0.3,0.16,
02:26:14,76296.39,76298.8,-0.3,0.16,
02:26:29,76318.41,76323.7,-0.7,0.13,
02:26:29,76318.41,76323.7,-0.7,0.13,
02:26:31,76318.4,76323.6,-0.7,0.14,
02:26:31,76318.4,76323.6,-0.7,0.14,
02:26:44,76332.18,76333.9,-0.2,0.13,
02:26:44,76332.18,76333.9,-0.2,0.13,
02:26:59,76334.95,76333.9,0.1,0.14,
02:26:59,76334.95,76333.9,0.1,0.13,
02:27:01,76329.01,76325.9,0.4,0.13,
02:27:01,76329.02,76325.9,0.4,0.24,
02:27:14,76329.01,76323.8,0.7,0.16,
02:27:14,76329.01,76323.8,0.7,0.14,
02:27:29,76329.01,76323.7,0.7,0.14,
02:27:29,76329.01,76323.7,0.7,0.13,
02:27:31,76329.02,76323.8,0.7,0.14,
02:27:31,76329.02,76323.8,0.7,0.14,
02:27:44,76329.02,76323.8,0.7,0.16,
02:27:44,76329.02,76323.8,0.7,0.14,
02:27:59,76329.01,76327.1,0.3,0.14,
02:27:59,76329.01,76327.1,0.3,0.13,
02:28:01,76329.02,76327.0,0.3,0.14,
02:28:01,76329.02,76327.1,0.3,0.19,
02:28:14,76327.11,76323.4,0.5,0.13,
02:28:14,76327.11,76323.4,0.5,0.13,
02:28:29,76330.76,76325.5,0.7,0.14,
02:28:29,76330.76,76325.5,0.7,0.14,
02:28:31,76330.76,76325.5,0.7,0.13,
02:28:31,76330.76,76325.6,0.7,0.13,
02:28:44,76330.76,76325.6,0.7,0.13,
02:28:44,76330.76,76325.6,0.7,0.14,
02:28:59,76330.77,76325.6,0.7,0.13,
02:28:59,76330.77,76325.6,0.7,0.14,
02:29:01,76330.76,76325.6,0.7,0.13,
02:29:01,76330.76,76325.6,0.7,0.13,
02:29:14,76320.65,76315.4,0.7,0.14,
02:29:14,76320.65,76315.4,0.7,0.13,
02:29:29,76281.25,76283.3,-0.3,0.14,
02:29:29,76281.25,76283.3,-0.3,0.13,
02:29:31,76281.26,76283.3,-0.3,0.13,
02:29:31,76281.26,76283.3,-0.3,0.13,
02:29:44,76281.25,76278.1,0.4,0.14,
02:29:44,76281.25,76278.1,0.4,0.14,
02:29:59,76281.25,76284.8,-0.5,0.15,
02:29:59,76281.25,76284.8,-0.5,0.14,
02:30:01,76281.26,76284.8,-0.5,0.16,
02:30:01,76281.26,76284.8,-0.5,0.16,
02:30:14,76281.26,76278.0,0.4,0.14,
02:30:14,76281.26,76278.0,0.4,0.14,
02:30:29,76278.83,76278.0,0.1,0.13,
02:30:29,76278.83,76278.0,0.1,0.14,
02:30:31,76319.02,76323.7,-0.6,0.14,
02:30:31,76319.02,76325.6,-0.9,0.13,
02:30:44,76301.82,76293.3,1.1,0.13,
02:30:44,76301.82,76293.3,1.1,0.13,
02:30:59,76301.82,76295.2,0.9,0.29,
02:31:00,76301.81,76295.2,0.9,1.2,
02:31:01,76301.81,76295.2,0.9,0.15,
02:31:01,76301.81,76295.2,0.9,0.16,
02:31:14,76300.15,76294.4,0.8,0.33,
02:31:15,76300.15,76294.4,0.8,0.6,
02:31:29,76297.9,76287.9,1.3,0.14,
02:31:29,76297.9,76287.9,1.3,0.14,
02:31:31,76297.91,76288.0,1.3,0.13,
02:31:44,76271.63,76266.4,0.7,0.13,
02:31:44,76271.63,76266.4,0.7,0.14,
02:31:59,76275.71,76266.3,1.2,0.14,
02:31:59,76275.71,76266.4,1.2,0.24,
02:32:01,76276.03,76281.2,-0.7,0.13,
02:32:01,76276.03,76281.2,-0.7,0.13,
02:32:14,76282.59,76281.2,0.2,0.13,
02:32:14,76282.59,76281.2,0.2,0.26,
02:32:29,76302.62,76296.4,0.8,0.13,
02:32:29,76302.62,76296.4,0.8,0.14,
02:32:31,76302.62,76296.4,0.8,0.13,
02:32:31,76302.62,76296.4,0.8,0.13,
02:32:44,76265.0,76265.1,-0.0,0.16,
02:32:44,76265.0,76265.0,0.0,0.14,
02:32:59,76257.39,76258.9,-0.2,0.13,
02:32:59,76257.39,76258.9,-0.2,0.14,
02:33:01,76257.38,76255.0,0.3,0.14,
02:33:14,76261.8,76260.3,0.2,0.14,
02:33:14,76261.8,76260.3,0.2,0.13,
02:33:29,76226.37,76232.7,-0.8,0.14,
02:33:29,76226.37,76218.8,1.0,0.14,
02:33:31,76215.55,76218.8,-0.4,0.15,
02:33:31,76215.55,76208.8,0.9,0.15,
02:33:44,76211.6,76213.0,-0.2,0.13,
02:33:44,76211.6,76213.0,-0.2,0.14,
02:33:59,76237.24,76238.2,-0.1,0.16,
02:33:59,76237.24,76245.3,-1.1,0.14,
02:34:01,76244.74,76245.3,-0.1,0.13,
02:34:01,76244.74,76248.8,-0.5,0.13,
02:34:14,76251.67,76245.6,0.8,0.14,
02:34:14,76251.67,76245.6,0.8,0.15,
02:34:29,76262.63,76266.6,-0.5,0.15,
02:34:29,76262.63,76266.6,-0.5,0.13,
02:34:31,76262.62,76266.6,-0.5,0.13,
02:34:31,76262.62,76264.3,-0.2,0.13,
02:34:44,76262.63,76262.0,0.1,0.13,
02:34:44,76262.63,76262.0,0.1,0.14,
02:34:59,76262.63,76261.9,0.1,0.13,
02:34:59,76262.63,76261.9,0.1,0.13,
02:35:01,76262.62,76262.0,0.1,0.16,
02:35:01,76262.62,76261.9,0.1,0.23,
02:35:14,76276.2,76270.2,0.8,0.13,
02:35:14,76276.2,76272.2,0.5,0.13,
02:35:29,76282.58,76286.6,-0.5,0.15,
02:35:29,76282.58,76286.6,-0.5,0.19,
02:35:31,76282.58,76286.6,-0.5,0.13,
02:35:31,76282.58,76286.6,-0.5,0.13,
02:35:44,76282.57,76283.1,-0.1,0.14,
02:35:44,76282.57,76283.1,-0.1,0.13,
02:35:59,76301.04,76297.0,0.5,0.19,
02:35:59,76301.04,76291.7,1.2,0.18,
02:36:01,76295.01,76291.6,0.4,0.14,
02:36:01,76295.01,76291.6,0.4,0.14,
02:36:14,76294.93,76291.5,0.4,0.13,
02:36:14,76294.93,76291.6,0.4,0.13,
02:36:29,76302.18,76299.8,0.3,0.14,
02:36:29,76302.18,76299.8,0.3,0.13,
02:36:31,76299.68,76295.4,0.6,0.13,
02:36:31,76299.68,76295.3,0.6,0.16,
02:36:44,76295.42,76294.0,0.2,0.13,
02:36:44,76295.42,76294.0,0.2,0.14,
02:36:59,76295.01,76284.3,1.4,0.18,
02:36:59,76295.01,76284.3,1.4,0.16,
02:37:01,76295.02,76284.3,1.4,0.13,
02:37:14,76298.01,76299.9,-0.2,0.14,
02:37:14,76298.01,76299.9,-0.2,0.13,
02:37:29,76300.9,76302.9,-0.3,0.13,
02:37:29,76300.9,76302.9,-0.3,0.14,
02:37:31,76300.91,76302.8,-0.2,0.13,
02:37:31,76300.91,76302.8,-0.2,0.15,
02:37:44,76295.0,76281.3,1.8,0.14,
02:37:44,76286.0,76286.2,-0.0,0.19,
02:37:59,76275.5,76269.8,0.7,0.13,
02:37:59,76275.5,76269.8,0.7,0.24,
02:38:01,76275.5,76269.8,0.7,0.14,
02:38:01,76275.5,76269.8,0.7,0.15,
02:38:14,76270.74,76271.2,-0.1,0.13,
02:38:14,76270.74,76271.2,-0.1,0.15,
02:38:29,76284.0,76286.2,-0.3,0.13,
02:38:29,76283.99,76286.3,-0.3,0.14,
02:38:31,76283.99,76286.3,-0.3,0.13,
02:38:31,76283.99,76286.3,-0.3,0.13,
02:38:44,76285.0,76286.2,-0.2,0.14,
02:38:44,76284.99,76286.2,-0.2,0.13,
02:38:59,76297.26,76298.1,-0.1,0.14,
02:38:59,76297.26,76298.1,-0.1,0.14,
02:39:01,76297.27,76298.1,-0.1,0.14,
02:39:01,76297.27,76298.1,-0.1,0.14,
02:39:14,76297.27,76294.9,0.3,0.14,
02:39:14,76297.27,76295.0,0.3,0.13,
02:39:29,76297.27,76294.9,0.3,0.13,
02:39:29,76297.27,76294.9,0.3,0.13,
02:39:31,76297.27,76294.9,0.3,0.13,
02:39:44,76301.93,76304.3,-0.3,0.13,
02:39:44,76301.93,76304.3,-0.3,0.17,
02:39:59,76307.23,76305.5,0.2,0.14,
02:39:59,76307.23,76305.5,0.2,0.13,
02:40:01,76307.23,76305.5,0.2,0.24,
02:40:01,76307.23,76305.5,0.2,0.24,
02:40:14,76307.24,76304.9,0.3,0.13,
02:40:14,76307.24,76304.9,0.3,0.14,
02:40:29,76307.24,76304.9,0.3,0.13,
02:40:29,76307.24,76304.9,0.3,0.13,
02:40:31,76307.23,76304.8,0.3,0.13,
02:40:31,76307.23,76304.8,0.3,0.13,
02:40:44,76307.24,76304.9,0.3,0.13,
02:40:44,76307.23,76304.9,0.3,0.14,
02:40:59,76308.4,76304.9,0.5,0.13,
02:40:59,76308.41,76304.8,0.5,0.14,
02:41:01,76308.41,76304.9,0.5,0.13,
02:41:01,76308.41,76304.8,0.5,0.16,
02:41:14,76308.41,76304.9,0.5,0.14,
02:41:14,76308.41,76304.9,0.5,0.13,
02:41:29,76309.68,76304.8,0.6,0.16,
02:41:29,76310.0,76310.7,-0.1,0.14,
02:41:31,76319.32,76312.0,1.0,0.13,
02:41:31,76319.32,76312.0,1.0,0.13,
02:41:44,76319.32,76320.0,-0.1,0.13,
02:41:44,76319.32,76320.0,-0.1,0.14,
02:41:59,76319.32,76317.9,0.2,0.13,
02:41:59,76319.32,76317.9,0.2,0.14,
02:42:01,76319.32,76317.9,0.2,0.13,
02:42:01,76319.32,76317.9,0.2,0.24,
02:42:14,76323.99,76325.4,-0.2,0.14,
02:42:14,76323.99,76325.4,-0.2,0.14,
02:42:29,76323.99,76325.5,-0.2,0.14,
02:42:29,76323.99,76325.6,-0.2,0.13,
02:42:31,76323.98,76319.3,0.6,0.12,
02:42:31,76323.98,76319.3,0.6,0.14,
02:42:44,76315.01,76310.9,0.5,0.13,
02:42:44,76315.01,76310.8,0.6,0.14,
02:42:59,76322.96,76327.5,-0.6,0.13,
02:42:59,76322.96,76327.4,-0.6,0.13,
02:43:01,76329.58,76327.4,0.3,0.13,
02:43:01,76329.58,76327.4,0.3,0.13,
02:43:14,76343.11,76334.9,1.1,0.2,
02:43:14,76343.11,76334.9,1.1,0.13,
02:43:29,76352.0,76355.5,-0.5,0.14,
02:43:29,76352.0,76355.5,-0.5,0.13,
02:43:31,76352.0,76355.5,-0.5,0.13,
02:43:31,76352.0,76355.6,-0.5,0.13,
02:43:44,76383.0,76375.0,1.0,0.14,
02:43:44,76383.0,76375.0,1.0,0.13,
02:43:59,76404.82,76405.1,-0.0,0.14,
02:43:59,76404.82,76405.0,-0.0,0.13,
02:44:01,76404.83,76398.0,0.9,0.12,
02:44:01,76404.83,76398.0,0.9,0.13,
02:44:14,76398.64,76402.6,-0.5,0.14,
02:44:14,76398.64,76402.6,-0.5,0.13,
02:44:29,76398.64,76387.8,1.4,0.13,
02:44:29,76398.64,76387.8,1.4,0.13,
02:44:31,76398.64,76387.8,1.4,0.14,
02:44:31,76398.64,76387.8,1.4,0.15,
02:44:44,76398.64,76394.3,0.6,0.14,
02:44:44,76398.64,76394.3,0.6,0.16,
02:44:59,76398.65,76391.3,1.0,0.14,
02:44:59,76398.65,76391.3,1.0,0.13,
02:45:01,76398.64,76391.3,1.0,0.13,
02:45:01,76398.64,76391.3,1.0,0.16,
02:45:14,76398.65,76390.3,1.1,0.14,
02:45:14,76398.65,76390.4,1.1,0.16,
02:45:29,76398.64,76397.9,0.1,0.13,
02:45:29,76398.64,76397.9,0.1,0.17,
02:45:31,76398.65,76397.8,0.1,0.12,
02:45:31,76398.65,76397.8,0.1,0.14,
02:45:44,76398.64,76397.9,0.1,0.12,
02:45:44,76398.64,76397.9,0.1,0.14,
02:45:59,76392.2,76385.9,0.8,0.13,
02:45:59,76392.2,76385.9,0.8,0.14,
02:46:01,76392.19,76385.8,0.8,0.14,
02:46:01,76392.19,76385.8,0.8,0.14,
02:46:14,76392.2,76385.8,0.8,0.14,
02:46:14,76392.2,76385.8,0.8,0.13,
02:46:29,76384.94,76376.2,1.1,0.13,
02:46:29,76384.94,76376.3,1.1,0.13,
02:46:31,76384.93,76376.2,1.1,0.13,
02:46:31,76384.93,76376.2,1.1,0.16,
02:46:44,76384.94,76376.2,1.1,0.13,
02:46:44,76384.94,76376.2,1.1,0.14,
02:46:59,76372.64,76371.9,0.1,0.13,
02:46:59,76372.64,76371.9,0.1,0.14,
02:47:01,76372.64,76371.9,0.1,0.13,
02:47:01,76372.64,76368.0,0.6,0.13,
02:47:14,76372.64,76368.0,0.6,0.13,
02:47:14,76372.64,76368.0,0.6,0.13,
02:47:29,76372.65,76371.0,0.2,0.14,
02:47:29,76372.65,76371.0,0.2,0.13,
02:47:31,76372.64,76371.0,0.2,0.14,
02:47:31,76372.64,76371.0,0.2,0.16,
02:47:44,76372.65,76371.0,0.2,0.13,
02:47:44,76372.65,76371.0,0.2,0.13,
02:47:59,76372.64,76368.5,0.5,0.13,
02:47:59,76372.64,76368.5,0.5,0.14,
02:48:01,76364.35,76357.4,0.9,0.13,
02:48:01,76364.35,76365.8,-0.2,0.14,
02:48:14,76360.01,76352.0,1.0,0.13,
02:48:14,76360.01,76352.0,1.0,0.14,
02:48:29,76369.43,76371.0,-0.2,0.14,
02:48:29,76369.43,76371.0,-0.2,0.13,
02:48:31,76369.43,76370.9,-0.2,0.13,
02:48:31,76369.43,76370.9,-0.2,0.15,
02:48:44,76372.37,76371.0,0.2,0.13,
02:48:44,76372.37,76371.8,0.1,0.14,
02:48:59,76379.99,76379.5,0.1,0.14,
02:48:59,76379.99,76379.9,0.0,0.13,
02:49:01,76388.72,76386.0,0.4,0.14,
02:49:01,76388.72,76386.0,0.4,0.14,
02:49:14,76396.94,76397.0,-0.0,0.13,
02:49:14,76396.94,76397.0,-0.0,0.13,
02:49:29,76417.14,76408.0,1.2,0.13,
02:49:29,76417.14,76408.0,1.2,0.13,
02:49:31,76417.13,76407.9,1.2,0.13,
02:49:31,76417.13,76407.9,1.2,0.14,
02:49:44,76420.67,76415.1,0.7,0.14,
02:49:44,76420.67,76415.1,0.7,0.15,
02:49:59,76417.29,76411.1,0.8,0.13,
02:49:59,76417.29,76411.1,0.8,0.14,
02:50:01,76417.29,76411.2,0.8,0.13,
02:50:01,76417.29,76411.1,0.8,0.13,
02:50:14,76417.29,76411.1,0.8,0.13,
02:50:14,76417.29,76411.1,0.8,0.27,
02:50:29,76438.16,76434.1,0.5,0.13,
02:50:29,76438.16,76434.1,0.5,0.14,
02:50:31,76438.16,76434.1,0.5,0.14,
02:50:31,76438.16,76434.0,0.5,0.2,
02:50:44,76425.01,76422.3,0.4,0.14,
02:50:44,76425.01,76419.8,0.7,0.13,
02:50:59,76425.0,76414.1,1.4,0.13,
02:50:59,76425.0,76414.1,1.4,0.13,
02:51:01,76429.3,76424.1,0.7,0.12,
02:51:01,76429.3,76424.1,0.7,0.14,
02:51:14,76437.52,76430.5,0.9,0.14,
02:51:14,76437.52,76430.5,0.9,0.12,
02:51:29,76441.38,76432.1,1.2,0.13,
02:51:29,76441.38,76432.1,1.2,0.13,
02:51:31,76441.39,76432.1,1.2,0.13,
02:51:44,76441.39,76432.0,1.2,0.14,
02:51:44,76441.39,76432.0,1.2,0.13,
02:51:59,76441.39,76435.1,0.8,0.14,
02:51:59,76441.39,76435.0,0.8,0.14,
02:52:01,76441.39,76435.0,0.8,0.14,
02:52:01,76441.39,76435.1,0.8,0.14,
02:52:14,76456.04,76445.1,1.4,0.13,
02:52:14,76456.04,76445.1,1.4,0.14,
02:52:29,76464.33,76470.2,-0.8,0.13,
02:52:29,76464.33,76470.2,-0.8,0.12,
02:52:31,76464.33,76470.2,-0.8,0.13,
02:52:44,76455.99,76444.5,1.5,0.14,
02:52:44,76455.99,76444.5,1.5,0.13,
02:52:59,76441.4,76432.1,1.2,0.13,
02:52:59,76441.4,76432.2,1.2,0.13,
02:53:01,76441.4,76432.1,1.2,0.14,
02:53:01,76441.4,76432.1,1.2,0.14,
02:53:14,76417.36,76414.3,0.4,0.14,
02:53:14,76417.36,76414.2,0.4,0.15,
02:53:29,76417.35,76414.2,0.4,0.13,
02:53:29,76417.35,76414.1,0.4,0.13,
02:53:31,76417.35,76412.3,0.7,0.13,
02:53:31,76417.35,76414.1,0.4,0.13,
02:53:44,76413.5,76407.2,0.8,0.13,
02:53:44,76413.5,76407.2,0.8,0.19,
02:53:59,76405.01,76400.3,0.6,0.13,
02:53:59,76405.01,76399.2,0.8,0.15,
02:54:01,76405.0,76396.9,1.1,0.15,
02:54:01,76405.0,76396.9,1.1,0.13,
02:54:14,76405.0,76404.7,0.0,0.14,
02:54:14,76405.0,76404.7,0.0,0.23,
02:54:29,76405.01,76400.2,0.6,0.13,
02:54:29,76405.01,76400.2,0.6,0.14,
02:54:31,76405.0,76400.2,0.6,0.14,
02:54:31,76405.0,76400.3,0.6,0.14,
02:54:44,76400.07,76393.2,0.9,0.14,
02:54:44,76400.07,76393.3,0.9,0.13,
02:54:59,76396.01,76387.7,1.1,0.13,
02:54:59,76396.01,76387.7,1.1,0.12,
02:55:01,76396.01,76387.8,1.1,0.13,
02:55:02,76396.01,76387.7,1.1,0.82,
02:55:14,76380.0,76370.6,1.2,0.14,
02:55:14,76380.0,76376.2,0.5,0.13,
02:55:29,76380.01,76371.8,1.1,0.13,
02:55:29,76380.0,76371.8,1.1,0.13,
02:55:31,76380.01,76371.8,1.1,0.13,
02:55:44,76380.01,76370.8,1.2,0.12,
02:55:44,76380.01,76370.8,1.2,0.13,
02:55:59,76380.0,76381.2,-0.2,0.13,
02:55:59,76380.0,76381.2,-0.2,0.13,
02:56:01,76380.01,76380.0,0.0,0.14,
02:56:01,76380.01,76380.0,0.0,0.14,
02:56:14,76367.76,76363.5,0.6,0.14,
02:56:14,76367.76,76363.6,0.5,0.13,
02:56:29,76367.76,76363.6,0.5,0.14,
02:56:29,76367.76,76363.6,0.5,0.13,
02:56:31,76367.76,76359.4,1.1,0.13,
02:56:31,76367.76,76359.5,1.1,0.14,
02:56:44,76367.77,76359.4,1.1,0.19,
02:56:44,76367.77,76359.4,1.1,0.13,
02:56:59,76367.77,76359.5,1.1,0.13,
02:56:59,76367.77,76359.5,1.1,0.13,
02:57:01,76367.77,76359.4,1.1,0.14,
02:57:01,76367.77,76359.4,1.1,0.14,
02:57:14,76374.97,76370.8,0.5,0.13,
02:57:14,76374.97,76370.8,0.5,0.14,
02:57:29,76374.97,76367.6,1.0,0.14,
02:57:29,76374.97,76367.6,1.0,0.13,
02:57:31,76374.97,76367.6,1.0,0.13,
02:57:31,76374.97,76367.6,1.0,0.13,
02:57:44,76374.98,76368.1,0.9,0.14,
02:57:44,76374.98,76368.1,0.9,0.13,
02:57:59,76378.1,76376.7,0.2,0.12,
02:57:59,76378.1,76375.9,0.3,0.14,
02:58:01,76378.11,76375.9,0.3,0.13,
02:58:01,76378.11,76375.9,0.3,0.13,
02:58:14,76375.63,76368.0,1.0,0.13,
02:58:14,76375.63,76368.0,1.0,0.14,
02:58:29,76356.66,76347.7,1.2,0.13,
02:58:29,76356.66,76347.7,1.2,0.14,
02:58:31,76356.66,76347.7,1.2,0.13,
02:58:31,76356.66,76347.7,1.2,0.13,
02:58:44,76359.0,76350.2,1.2,0.13,
02:58:44,76359.0,76350.2,1.2,0.13,
02:58:59,76352.0,76342.4,1.3,0.13,
02:58:59,76352.0,76342.3,1.3,0.17,
02:59:01,76352.01,76342.4,1.3,0.13,
02:59:44,76350.01,76343.8,0.8,0.16,
02:59:44,76350.01,76343.8,0.8,0.15,
02:59:58,76350.0,76342.2,1.0,0.14,
02:59:58,76350.0,76342.2,1.0,0.14,
03:00:01,76336.04,76330.0,0.8,0.14,
03:00:02,76328.0,76335.4,-1.0,0.61,
03:00:13,76315.9,76306.4,1.2,0.14,
03:00:13,76315.9,76306.4,1.2,0.23,
03:00:28,76319.1,76317.9,0.2,0.14,
03:00:28,76319.1,76317.9,0.2,0.14,
03:00:31,76319.11,76317.9,0.2,0.13,
03:00:31,76319.11,76317.9,0.2,0.13,
03:00:43,76339.2,76338.4,0.1,0.13,
03:00:43,76339.2,76338.4,0.1,0.13,
03:00:58,76354.2,76356.0,-0.2,0.13,
03:00:58,76354.2,76356.0,-0.2,0.13,
03:01:01,76354.2,76355.5,-0.2,0.13,
03:01:13,76358.0,76355.4,0.3,0.13,
03:01:13,76358.0,76355.4,0.3,0.12,
03:01:28,76359.03,76349.4,1.3,0.13,
03:01:28,76359.03,76349.4,1.3,0.13,
03:01:31,76354.0,76342.8,1.5,0.12,
03:01:31,76354.0,76342.8,1.5,0.12,
03:01:43,76354.0,76350.4,0.5,0.14,
03:01:43,76354.0,76350.3,0.5,0.14,
03:01:58,76369.48,76369.8,-0.0,0.12,
03:01:58,76369.48,76369.8,-0.0,0.14,
03:02:01,76369.48,76367.1,0.3,0.13,
03:02:13,76366.08,76359.2,0.9,0.13,
03:02:13,76366.08,76359.3,0.9,0.13,
03:02:28,76359.97,76353.4,0.9,0.14,
03:02:28,76359.97,76353.4,0.9,0.15,
03:02:31,76359.99,76361.8,-0.2,0.14,
03:02:43,76354.11,76348.0,0.8,0.14,
03:02:43,76354.11,76348.1,0.8,0.14,
03:02:58,76354.11,76348.0,0.8,0.13,
03:02:58,76354.11,76348.0,0.8,0.12,
03:03:01,76354.12,76355.4,-0.2,0.14,
03:03:01,76354.12,76355.4,-0.2,0.13,
03:03:13,76354.12,76354.1,0.0,0.13,
03:03:13,76354.12,76354.1,0.0,0.13,
03:03:28,76333.9,76336.5,-0.3,0.14,
03:03:28,76333.9,76336.5,-0.3,0.14,
03:03:31,76333.89,76335.2,-0.2,0.15,
03:03:43,76327.48,76321.2,0.8,0.14,
03:03:43,76327.48,76321.2,0.8,0.12,
03:03:58,76315.78,76311.3,0.6,0.13,
03:04:01,76315.79,76311.2,0.6,0.14,
03:04:01,76315.79,76311.2,0.6,0.14,
03:04:13,76316.25,76303.1,1.7,0.14,
03:04:13,76316.25,76303.1,1.7,0.13,
03:04:28,76308.33,76303.0,0.7,0.14,
03:04:28,76308.33,76303.0,0.7,0.14,
03:04:31,76318.8,76303.0,2.1,0.14,
03:04:31,76318.8,76303.0,2.1,0.14,
03:04:43,76345.63,76340.3,0.7,0.13,
03:04:43,76345.63,76340.3,0.7,0.13,
03:04:58,76335.05,76326.3,1.1,0.13,
03:04:58,76335.05,76326.3,1.1,0.13,
03:05:01,76335.06,76329.4,0.7,0.13,
03:05:01,76335.06,76329.4,0.7,0.13,
03:05:13,76335.06,76329.5,0.7,0.13,
03:05:13,76335.06,76329.5,0.7,0.14,
03:05:28,76343.79,76335.0,1.2,0.2,
03:05:28,76343.79,76337.8,0.8,0.2,
03:05:31,76336.15,76329.1,0.9,0.15,
03:05:31,76336.15,76329.0,0.9,0.14,
03:05:43,76335.35,76331.7,0.5,0.13,
03:05:43,76335.35,76331.6,0.5,0.14,
03:05:58,76335.34,76335.1,0.0,0.14,
03:05:58,76335.34,76335.1,0.0,0.14,
03:06:01,76335.35,76335.0,0.0,0.13,
03:06:13,76340.71,76338.8,0.3,0.12,
03:06:13,76340.71,76338.7,0.3,0.14,
03:06:54,76399.74,76392.0,1.0,0.17,
03:06:54,76399.74,76392.0,1.0,0.17,
03:06:55,76399.74,76392.0,1.0,0.12,
03:06:55,76399.74,76392.0,1.0,0.12,
03:06:57,76400.74,76400.0,0.1,0.18,
03:06:57,76400.74,76400.0,0.1,0.18,
03:07:01,76400.74,76397.2,0.5,0.13,
03:07:01,76400.74,76397.3,0.5,0.13,
03:07:10,76412.67,76410.2,0.3,0.13,
03:07:10,76412.67,76410.3,0.3,0.13,
03:07:25,76392.66,76382.1,1.4,0.12,
03:07:25,76392.66,76382.1,1.4,0.14,
03:07:31,76389.75,76380.2,1.3,0.2,
03:07:31,76389.75,76380.2,1.3,0.21,
03:07:40,76388.56,76380.2,1.1,0.13,
03:07:40,76388.56,76380.2,1.1,0.12,
03:07:55,76378.8,76372.4,0.8,0.14,
03:07:55,76378.8,76376.8,0.3,0.13,
03:08:01,76384.77,76383.9,0.1,0.14,
03:08:01,76384.77,76383.9,0.1,0.14,
03:08:10,76384.77,76382.4,0.3,0.13,
03:08:10,76384.77,76382.4,0.3,0.13,
03:08:25,76390.3,76385.8,0.6,0.23,
03:08:25,76390.3,76385.8,0.6,0.21,
03:08:31,76390.31,76385.8,0.6,0.13,
03:08:31,76390.31,76385.7,0.6,0.14,
03:08:40,76390.31,76374.3,2.1,0.13,
03:08:40,76390.31,76374.4,2.1,0.13,
03:08:55,76377.69,76372.5,0.7,0.13,
03:08:55,76377.69,76372.5,0.7,0.13,
03:09:01,76377.68,76372.6,0.7,0.12,
03:09:01,76377.68,76372.0,0.7,0.13,
03:09:10,76377.68,76381.5,-0.5,0.14,
03:09:10,76377.68,76381.5,-0.5,0.13,
03:09:25,76404.48,76406.0,-0.2,0.14,
03:09:25,76404.48,76406.0,-0.2,0.13,
03:09:31,76409.28,76406.7,0.3,0.13,
03:09:40,76417.55,76417.3,0.0,0.13,
03:09:40,76417.55,76417.3,0.0,0.13,
03:09:55,76421.01,76417.3,0.5,0.13,
03:09:55,76421.01,76422.1,-0.1,0.13,
03:10:01,76421.0,76422.2,-0.2,0.13,
03:10:01,76421.0,76422.2,-0.2,0.13,
03:10:10,76421.01,76421.9,-0.1,0.14,
03:10:10,76421.01,76421.9,-0.1,0.14,
03:10:25,76421.01,76421.9,-0.1,0.23,
03:10:25,76421.01,76421.8,-0.1,0.21,
03:10:31,76421.0,76421.8,-0.1,0.12,
03:10:31,76421.0,76421.8,-0.1,0.12,
03:10:40,76449.99,76448.5,0.2,0.13,
03:10:40,76449.99,76448.5,0.2,0.13,
03:10:55,76444.11,76441.0,0.4,0.14,
03:10:55,76444.11,76441.0,0.4,0.14,
03:11:01,76444.11,76444.6,-0.1,0.14,
03:11:01,76444.11,76444.6,-0.1,0.14,
03:11:10,76453.41,76451.6,0.2,0.13,
03:11:10,76453.41,76451.6,0.2,0.13,
03:11:57,76482.6,76474.4,1.1,0.17,
03:11:57,76482.6,76474.4,1.1,0.17,
03:12:01,76482.61,76474.5,1.1,0.13,
03:12:01,76482.61,76474.4,1.1,0.13,
03:12:10,76477.08,76466.3,1.4,0.13,
03:12:10,76477.08,76466.2,1.4,0.12,
03:12:25,76458.28,76456.6,0.2,0.13,
03:12:25,76458.28,76456.6,0.2,0.12,
03:12:31,76458.27,76460.2,-0.3,0.14,
03:12:31,76458.27,76460.2,-0.3,0.13,
03:12:40,76458.27,76459.5,-0.2,0.13,
03:12:40,76458.27,76459.5,-0.2,0.13,
03:12:55,76458.28,76452.0,0.8,0.19,
03:12:55,76458.28,76452.0,0.8,0.19,
03:13:01,76463.48,76462.2,0.2,0.13,
03:13:01,76463.48,76463.4,0.0,0.14,
03:13:10,76471.01,76463.7,1.0,0.13,
03:13:10,76471.01,76463.7,1.0,0.13,
03:13:25,76471.01,76463.5,1.0,0.12,
03:13:25,76471.01,76463.5,1.0,0.12,
03:13:31,76471.0,76463.5,1.0,0.13,
03:13:31,76471.0,76463.6,1.0,0.13,
03:13:40,76471.01,76463.5,1.0,0.13,
03:13:40,76471.0,76463.5,1.0,0.23,
03:13:55,76471.01,76463.5,1.0,0.14,
03:13:55,76471.01,76463.5,1.0,0.14,
03:14:01,76464.91,76463.4,0.2,0.12,
03:14:01,76464.91,76463.4,0.2,0.13,
03:14:10,76467.97,76470.9,-0.4,0.14,
03:14:10,76467.97,76470.9,-0.4,0.14,
03:14:25,76461.3,76458.6,0.4,0.12,
03:14:25,76461.3,76458.6,0.4,0.12,
03:14:31,76461.29,76458.7,0.3,0.13,
03:14:31,76461.29,76458.7,0.3,0.13,
03:14:40,76461.3,76458.6,0.4,0.13,
03:14:40,76461.3,76458.6,0.4,0.13,
03:14:55,76461.29,76452.2,1.2,0.13,
03:14:55,76461.29,76452.2,1.2,0.13,
03:15:01,76451.54,76444.3,0.9,0.13,
03:15:10,76446.81,76434.9,1.6,0.13,
03:15:10,76446.81,76435.7,1.5,0.13,
03:15:25,76433.68,76424.6,1.2,0.13,
03:15:25,76433.68,76424.6,1.2,0.23,
03:15:31,76433.68,76431.0,0.4,0.12,
03:15:31,76433.68,76431.0,0.4,0.12,
03:15:40,76433.69,76424.7,1.2,0.12,
03:15:40,76433.69,76424.7,1.2,0.13,
03:15:55,76433.68,76430.2,0.5,0.12,
03:15:55,76433.68,76430.1,0.5,0.13,
03:16:01,76433.77,76437.0,-0.4,0.22,
03:16:10,76437.26,76436.4,0.1,0.12,
03:16:10,76437.26,76436.4,0.1,0.13,
03:16:25,76446.81,76444.7,0.3,0.12,
03:16:31,76446.79,76436.0,1.4,0.13,
03:16:31,76446.79,76436.0,1.4,0.13,
03:16:40,76446.79,76442.6,0.5,0.13,
03:16:40,76446.79,76442.6,0.5,0.13,
03:16:55,76438.38,76430.7,1.0,0.14,
03:16:55,76438.38,76430.7,1.0,0.14,
03:17:01,76438.38,76430.7,1.0,0.13,
03:17:10,76438.38,76440.8,-0.3,0.13,
03:17:10,76438.38,76440.8,-0.3,0.13,
03:17:25,76438.39,76440.5,-0.3,0.12,
03:17:25,76438.39,76440.5,-0.3,0.22,
03:17:31,76441.14,76440.5,0.1,0.14,
03:17:31,76441.14,76440.5,0.1,0.13,
03:17:40,76445.54,76440.5,0.7,0.13,
03:17:40,76445.54,76440.4,0.7,0.13,
03:17:55,76445.54,76440.4,0.7,0.22,
03:17:55,76445.54,76440.4,0.7,0.22,
03:18:01,76448.7,76447.9,0.1,0.13,
03:18:01,76448.7,76448.0,0.1,0.13,
03:18:10,76448.71,76445.9,0.4,0.13,
03:18:10,76448.71,76445.8,0.4,0.13,
03:18:25,76448.71,76444.1,0.6,0.19,
03:18:25,76448.71,76444.1,0.6,0.19,
03:18:31,76448.71,76444.0,0.6,0.13,
03:18:31,76448.71,76444.0,0.6,0.14,
03:18:40,76448.7,76443.5,0.7,0.13,
03:18:40,76448.7,76443.5,0.7,0.13,
03:18:55,76445.74,76438.0,1.0,0.12,
03:18:55,76445.74,76438.0,1.0,0.14,
03:19:01,76439.31,76433.0,0.8,0.12,
03:19:01,76439.31,76443.3,-0.5,0.12,
03:19:10,76439.32,76437.4,0.3,0.13,
03:19:25,76429.49,76423.5,0.8,0.13,
03:19:25,76429.49,76423.5,0.8,0.13,
03:19:31,76429.49,76423.5,0.8,0.13,
03:19:31,76429.49,76423.5,0.8,0.13,
03:19:40,76429.93,76427.7,0.3,0.13,
03:19:55,76435.41,76423.5,1.6,0.13,
03:20:01,76426.64,76419.7,0.9,0.13,
03:20:01,76426.64,76419.7,0.9,0.13,
03:20:10,76426.65,76419.6,0.9,0.14,
03:20:10,76426.65,76419.6,0.9,0.14,
03:20:25,76427.0,76419.7,1.0,0.13,
03:20:25,76427.0,76419.7,1.0,0.13,
03:21:04,76427.0,76423.5,0.5,0.18,
03:21:04,76427.0,76423.5,0.5,0.18,
03:21:05,76427.0,76423.5,0.5,0.14,
03:21:05,76427.0,76423.5,0.5,0.14,
03:21:20,76433.02,76429.6,0.4,0.12,
03:21:20,76433.02,76429.6,0.4,0.13,
03:21:31,76433.02,76429.5,0.5,0.12,
03:21:31,76433.02,76429.5,0.5,0.12,
03:21:35,76433.02,76429.6,0.4,0.13,
03:21:35,76433.02,76429.6,0.4,0.13,
03:21:50,76433.02,76419.4,1.8,0.13,
03:21:50,76433.02,76419.3,1.8,0.13,
03:22:01,76433.02,76420.3,1.7,0.13,
03:22:01,76433.02,76420.3,1.7,0.13,
03:22:05,76433.03,76420.3,1.7,0.12,
03:22:05,76433.03,76420.3,1.7,0.13,
03:22:20,76425.96,76418.8,0.9,0.12,
03:22:20,76425.96,76418.8,0.9,0.12,
03:22:31,76425.96,76423.5,0.3,0.13,
03:22:31,76425.96,76423.5,0.3,0.13,
03:22:35,76425.97,76423.4,0.3,0.13,
03:22:50,76429.76,76423.5,0.8,0.13,
03:23:01,76429.76,76418.8,1.4,0.12,
03:23:01,76429.76,76418.7,1.4,0.12,
03:23:05,76429.77,76418.8,1.4,0.12,
03:23:05,76429.77,76418.8,1.4,0.12,
03:23:20,76428.72,76418.7,1.3,0.23,
03:23:31,76437.74,76433.9,0.5,0.12,
03:23:31,76437.74,76433.9,0.5,0.23,
03:23:35,76438.9,76433.9,0.7,0.12,
03:23:35,76438.9,76434.0,0.6,0.13,
03:23:50,76439.3,76436.3,0.4,0.12,
03:23:50,76439.3,76436.3,0.4,0.13,
03:24:01,76450.01,76443.3,0.9,0.14,
03:24:05,76473.13,76475.5,-0.3,0.14,
03:24:05,76473.97,76475.5,-0.2,0.16,
03:24:20,76492.59,76487.9,0.6,0.14,
03:24:20,76492.59,76487.9,0.6,0.25,
03:24:31,76495.94,76488.9,0.9,0.15,
03:24:31,76495.94,76488.8,0.9,0.16,
03:24:35,76497.31,76488.9,1.1,0.15,
03:24:35,76497.31,76488.9,1.1,0.15,
03:24:50,76499.98,76490.3,1.3,0.15,
03:24:50,76499.98,76490.3,1.3,0.15,
03:25:01,76499.99,76490.2,1.3,0.13,
03:25:01,76499.99,76490.3,1.3,0.13,
03:25:05,76499.99,76490.3,1.3,0.14,
03:25:05,76499.99,76490.3,1.3,0.13,
03:25:20,76499.99,76490.2,1.3,0.13,
03:25:20,76499.99,76490.2,1.3,0.13,
03:25:31,76509.76,76499.9,1.3,0.13,
03:25:31,76509.76,76499.9,1.3,0.13,
03:25:35,76492.64,76483.6,1.2,0.12,
03:25:35,76492.64,76483.6,1.2,0.13,
03:26:13,76475.56,76465.9,1.3,0.13,
03:26:13,76475.56,76465.9,1.3,0.13,
03:26:13,76475.56,76466.0,1.3,0.18,
03:26:13,76475.56,76466.0,1.3,0.18,
03:26:13,76475.56,76465.9,1.3,0.12,
03:26:13,76475.56,76465.9,1.3,0.12,
03:26:28,76475.57,76465.9,1.3,0.14,
03:26:28,76475.57,76465.9,1.3,0.14,
03:26:31,76475.57,76465.9,1.3,0.14,
03:26:31,76475.56,76465.9,1.3,0.12,
03:26:43,76475.57,76475.5,0.0,0.13,
03:26:43,76475.57,76475.5,0.0,0.13,
03:27:27,76477.69,76470.0,1.0,0.18,
03:27:27,76477.69,76470.0,1.0,0.18,
03:27:31,76477.7,76470.0,1.0,0.13,
03:27:42,76483.85,76482.3,0.2,0.13,
03:27:42,76483.85,76482.3,0.2,0.13,
03:27:57,76489.04,76482.4,0.9,0.13,
03:27:57,76489.04,76482.4,0.9,0.13,
03:28:01,76489.04,76482.4,0.9,0.12,
03:28:01,76489.04,76482.4,0.9,0.12,
03:28:12,76481.36,76475.3,0.8,0.13,
03:28:12,76481.36,76475.3,0.8,0.13,
03:28:27,76484.1,76475.2,1.2,0.12,
03:28:27,76484.1,76475.2,1.2,0.13,
03:28:31,76484.1,76475.2,1.2,0.12,
03:28:31,76484.1,76475.2,1.2,0.13,
03:28:42,76486.08,76482.3,0.5,0.13,
03:28:42,76486.08,76482.3,0.5,0.12,
03:28:57,76490.0,76481.0,1.2,0.13,
03:28:57,76490.0,76481.0,1.2,0.13,
03:29:01,76490.0,76480.9,1.2,0.13,
03:29:01,76490.0,76481.0,1.2,0.23,
03:29:12,76490.0,76480.9,1.2,0.12,
03:29:12,76490.0,76480.9,1.2,0.12,
03:29:27,76495.18,76484.3,1.4,0.13,
03:29:27,76495.18,76484.4,1.4,0.13,
03:29:31,76484.58,76479.8,0.6,0.13,
03:29:31,76484.58,76479.8,0.6,0.14,
03:29:42,76469.11,76466.5,0.3,0.13,
03:29:42,76469.11,76472.3,-0.4,0.12,
03:29:57,76471.71,76467.5,0.6,0.12,
03:29:57,76471.71,76467.5,0.6,0.12,
03:30:01,76471.71,76467.6,0.5,0.12,
03:30:01,76471.71,76467.5,0.6,0.13,
03:30:12,76484.92,76479.6,0.7,0.12,
03:30:12,76484.92,76479.6,0.7,0.12,
03:30:27,76484.92,76479.6,0.7,0.13,
03:30:27,76484.92,76479.7,0.7,0.13,
03:30:31,76493.39,76492.1,0.2,0.12,
03:30:31,76493.39,76492.1,0.2,0.12,
03:30:42,76493.42,76492.2,0.2,0.13,
03:30:42,76493.42,76492.2,0.2,0.13,
03:30:57,76493.45,76486.2,0.9,0.13,
03:31:01,76490.2,76475.9,1.9,0.13,
03:31:01,76490.21,76486.2,0.5,0.23,
03:31:12,76490.21,76484.3,0.8,0.12,
03:31:12,76490.21,76484.4,0.8,0.12,
03:31:27,76490.2,76484.3,0.8,0.12,
03:31:27,76490.2,76484.4,0.8,0.13,
03:31:31,76493.49,76486.2,1.0,0.13,
03:31:31,76493.49,76490.3,0.4,0.13,
03:31:42,76508.11,76499.9,1.1,0.12,
03:31:42,76508.11,76499.9,1.1,0.12,
03:31:57,76508.11,76499.9,1.1,0.14,
03:31:57,76508.11,76499.9,1.1,0.14,
03:32:01,76499.99,76492.8,0.9,0.13,
03:32:01,76499.99,76492.8,0.9,0.13,
03:32:12,76500.0,76492.9,0.9,0.13,
03:32:12,76500.0,76492.8,0.9,0.13,
03:32:27,76500.0,76492.9,0.9,0.13,
03:32:27,76500.0,76492.9,0.9,0.13,
03:32:31,76488.5,76483.1,0.7,0.12,
03:32:42,76496.17,76490.7,0.7,0.12,
03:32:42,76496.17,76490.7,0.7,0.12,
03:32:57,76500.62,76490.7,1.3,0.13,
03:33:01,76500.61,76490.7,1.3,0.13,
03:33:01,76500.61,76490.7,1.3,0.13,
03:33:12,76500.62,76490.7,1.3,0.12,
03:33:27,76500.62,76490.6,1.3,0.13,
03:33:27,76500.62,76490.6,1.3,0.13,
03:33:31,76500.61,76490.7,1.3,0.11,
03:33:31,76500.61,76490.6,1.3,0.14,
03:33:42,76500.19,76492.2,1.0,0.13,
03:33:57,76504.43,76499.5,0.6,0.13,
03:34:01,76504.44,76499.5,0.6,0.13,
03:34:01,76504.44,76499.5,0.6,0.13,
03:34:12,76504.44,76499.5,0.6,0.12,
03:34:12,76504.44,76499.4,0.7,0.12,
03:34:27,76491.61,76483.6,1.0,0.13,
03:34:27,76491.61,76483.6,1.0,0.13,
03:34:31,76491.6,76487.9,0.5,0.13,
03:34:31,76491.6,76487.8,0.5,0.13,
03:34:42,76491.61,76487.8,0.5,0.23,
03:34:42,76491.61,76487.9,0.5,0.23,
03:34:57,76482.85,76477.6,0.7,0.13,
03:35:01,76482.85,76471.7,1.5,0.12,
03:35:01,76482.85,76471.7,1.5,0.12,
03:35:12,76490.0,76485.4,0.6,0.13,
03:35:12,76490.0,76485.4,0.6,0.13,
03:35:27,76491.05,76485.3,0.8,0.13,
03:35:27,76491.05,76485.3,0.8,0.13,
03:35:31,76503.33,76499.8,0.5,0.13,
03:35:31,76503.33,76499.7,0.5,0.12,
03:35:42,76507.24,76499.9,1.0,0.13,
03:35:42,76507.24,76499.9,1.0,0.13,
03:35:57,76492.61,76499.8,-0.9,0.13,
03:35:57,76492.61,76494.0,-0.2,0.13,
03:36:01,76492.61,76493.9,-0.2,0.13,
03:36:01,76492.61,76493.9,-0.2,0.14,
03:36:12,76492.62,76491.7,0.1,0.13,
03:36:12,76492.62,76491.7,0.1,0.13,
03:36:27,76493.9,76483.1,1.4,0.13,
03:36:27,76493.91,76483.1,1.4,0.23,
03:36:31,76493.9,76483.1,1.4,0.2,
03:36:31,76493.9,76483.1,1.4,0.2,
03:36:42,76490.14,76483.0,0.9,0.13,
03:36:42,76490.14,76483.0,0.9,0.22,
03:36:57,76490.14,76483.1,0.9,0.13,
03:36:57,76490.14,76483.1,0.9,0.12,
03:37:01,76490.15,76491.7,-0.2,0.12,
03:37:01,76490.15,76491.6,-0.2,0.12,
03:37:12,76504.0,76499.8,0.5,0.14,
03:37:27,76514.79,76513.2,0.2,0.12,
03:37:27,76514.79,76513.3,0.2,0.12,
03:37:31,76514.79,76513.3,0.2,0.13,
03:37:31,76514.79,76513.3,0.2,0.12,
03:37:42,76500.02,76492.7,1.0,0.13,
03:37:42,76500.02,76492.7,1.0,0.13,
03:37:57,76481.34,76465.3,2.1,0.13,
03:38:01,76481.34,76474.2,0.9,0.13,
03:38:12,76481.33,76474.2,0.9,0.12,
03:38:12,76481.33,76474.2,0.9,0.12,
03:38:27,76484.9,76481.7,0.4,0.23,
03:38:27,76484.9,76481.7,0.4,0.23,
03:38:31,76469.68,76465.9,0.5,0.13,
03:38:31,76469.68,76465.9,0.5,0.13,
03:38:42,76445.92,76435.7,1.3,0.12,
03:38:42,76445.92,76435.7,1.3,0.12,
03:39:27,76479.38,76475.4,0.5,0.18,
03:39:27,76479.38,76475.4,0.5,0.18,
03:39:31,76479.39,76480.0,-0.1,0.13,
03:39:42,76479.4,76480.0,-0.1,0.13,
03:39:42,76479.4,76480.0,-0.1,0.13,
03:39:57,76493.12,76495.9,-0.4,0.13,
03:39:57,76493.12,76495.9,-0.4,0.13,
03:40:34,76488.6,76487.8,0.1,0.16,
03:40:34,76488.6,76487.8,0.1,0.17,
03:40:35,76488.6,76487.8,0.1,0.12,
03:40:35,76488.6,76487.9,0.1,0.12,
03:40:50,76479.4,76465.9,1.8,0.13,
03:40:50,76479.4,76466.0,1.8,0.13,
03:41:01,76471.81,76459.4,1.6,0.14,
03:41:01,76471.81,76459.4,1.6,0.14,
03:41:05,76471.82,76459.5,1.6,0.12,
03:41:05,76471.82,76459.5,1.6,0.12,
03:41:20,76458.0,76448.1,1.3,0.12,
03:41:20,76458.0,76448.1,1.3,0.12,
03:41:31,76453.09,76448.1,0.7,0.12,
03:41:31,76453.09,76448.1,0.7,0.12,
03:41:35,76453.1,76451.9,0.2,0.11,
03:41:35,76453.1,76451.9,0.2,0.12,
03:41:50,76454.51,76452.0,0.3,0.13,
03:41:50,76454.51,76452.0,0.3,0.13,
03:42:01,76465.66,76459.4,0.8,0.12,
03:42:01,76465.66,76459.4,0.8,0.11,
03:42:05,76465.65,76459.4,0.8,0.12,
03:42:05,76465.65,76459.3,0.8,0.12,
03:42:44,76473.12,76477.1,-0.5,0.14,
03:42:44,76473.12,76477.0,-0.5,0.13,
03:42:44,76473.12,76477.1,-0.5,0.18,
03:42:44,76473.12,76477.1,-0.5,0.18,
03:42:44,76473.12,76477.0,-0.5,0.14,
03:42:59,76473.11,76472.4,0.1,0.14,
03:42:59,76473.11,76472.4,0.1,0.15,
03:43:01,76473.11,76472.4,0.1,0.12,
03:43:01,76473.11,76472.4,0.1,0.12,
03:43:14,76480.96,76472.1,1.2,0.14,
03:43:14,76480.96,76477.0,0.5,0.14,
03:43:29,76477.45,76468.8,1.1,0.23,
03:43:29,76477.45,76468.7,1.1,0.24,
03:43:31,76477.46,76468.8,1.1,0.13,
03:43:44,76451.75,76439.8,1.6,0.13,
03:43:44,76451.75,76439.8,1.6,0.14,
03:43:59,76418.46,76405.7,1.7,0.13,
03:43:59,76418.46,76405.7,1.7,0.14,
03:44:01,76418.46,76405.7,1.7,0.13,
03:44:01,76418.46,76405.7,1.7,0.13,
03:44:14,76420.69,76414.8,0.8,0.14,
03:44:14,76420.69,76414.8,0.8,0.14,
03:44:29,76434.3,76433.5,0.1,0.13,
03:44:31,76434.29,76433.5,0.1,0.14,
03:44:31,76434.29,76433.4,0.1,0.14,
03:44:44,76443.28,76439.6,0.5,0.13,
03:44:44,76443.28,76439.6,0.5,0.23,
03:44:59,76443.27,76432.9,1.4,0.13,
03:45:01,76432.11,76432.8,-0.1,0.13,
03:45:02,76429.67,76432.8,-0.4,0.25,
03:45:14,76434.99,76431.6,0.4,0.13,
03:45:14,76434.99,76431.6,0.4,0.13,
03:45:29,76435.0,76430.2,0.6,0.13,
03:45:29,76434.99,76431.6,0.4,0.23,
03:45:31,76440.4,76432.7,1.0,0.13,
03:45:31,76440.4,76432.8,1.0,0.12,
03:45:44,76430.0,76430.7,-0.1,0.13,
03:45:59,76420.67,76415.6,0.7,0.13,
03:45:59,76420.67,76415.6,0.7,0.13,
03:46:01,76420.67,76415.6,0.7,0.13,
03:46:01,76420.67,76415.6,0.7,0.13,
03:46:14,76420.67,76409.7,1.4,0.14,
03:46:14,76420.67,76409.7,1.4,0.13,
03:46:29,76409.29,76409.7,-0.1,0.23,
03:46:29,76409.29,76409.7,-0.1,0.23,
03:46:31,76409.29,76399.8,1.2,0.15,
03:46:32,76409.29,76399.8,1.2,0.23,
03:46:44,76406.62,76404.8,0.2,0.13,
03:46:44,76406.62,76404.9,0.2,0.13,
03:46:59,76409.3,76409.6,-0.0,0.13,
03:46:59,76409.3,76409.6,-0.0,0.13,
03:47:01,76417.47,76415.6,0.2,0.13,
03:47:01,76417.47,76415.6,0.2,0.13,
03:47:14,76424.68,76415.5,1.2,0.13,
03:47:14,76424.68,76415.5,1.2,0.13,
03:47:29,76431.53,76419.8,1.5,0.13,
03:47:29,76431.53,76419.8,1.5,0.13,
03:47:31,76432.17,76430.6,0.2,0.12,
03:47:31,76432.17,76428.8,0.4,0.14,
03:47:44,76443.2,76435.0,1.1,0.13,
03:47:44,76443.2,76435.0,1.1,0.13,
03:47:59,76453.41,76453.9,-0.1,0.13,
03:47:59,76453.41,76446.2,0.9,0.13,
03:48:01,76445.75,76434.5,1.5,0.14,
03:48:01,76445.11,76446.2,-0.1,0.15,
03:48:14,76430.01,76414.9,2.0,0.12,
03:48:14,76430.01,76414.9,2.0,0.13,
03:48:29,76439.22,76434.4,0.6,0.13,
03:48:29,76439.22,76432.5,0.9,0.13,
03:48:32,76439.67,76434.4,0.7,0.24,
03:48:32,76439.67,76434.3,0.7,0.23,
03:48:44,76458.01,76449.1,1.2,0.13,
03:48:44,76458.01,76449.2,1.2,0.13,
03:48:59,76456.2,76448.0,1.1,0.14,
03:48:59,76456.2,76443.2,1.7,0.23,
03:49:01,76452.93,76447.9,0.7,0.13,
03:49:01,76452.93,76448.0,0.6,0.14,
03:49:14,76454.05,76448.4,0.7,0.14,
03:49:14,76454.05,76448.4,0.7,0.14,
03:49:29,76454.05,76440.1,1.8,0.14,
03:49:29,76454.05,76440.1,1.8,0.14,
03:49:31,76454.05,76440.2,1.8,0.13,
03:49:31,76454.05,76440.1,1.8,0.13,
03:49:44,76442.71,76438.7,0.5,0.13,
03:49:44,76442.71,76438.7,0.5,0.13,
03:49:59,76442.71,76433.9,1.2,0.13,
03:49:59,76442.71,76433.9,1.2,0.13,
03:50:01,76426.17,76417.9,1.1,0.11,
03:50:01,76426.17,76407.6,2.4,0.12,
03:50:14,76402.45,76395.1,1.0,0.13,
03:50:14,76402.45,76395.1,1.0,0.13,
03:50:29,76400.0,76393.4,0.9,0.13,
03:50:29,76400.0,76393.5,0.9,0.13,
03:50:31,76400.01,76398.5,0.2,0.13,
03:50:32,76400.0,76398.5,0.2,0.23,
03:50:44,76406.72,76404.0,0.4,0.12,
03:50:44,76406.72,76404.0,0.4,0.14,
03:50:59,76413.15,76404.0,1.2,0.13,
03:51:01,76413.14,76412.1,0.1,0.13,
03:51:01,76413.14,76412.1,0.1,0.13,
03:51:14,76429.95,76428.7,0.2,0.12,
03:51:14,76429.95,76432.8,-0.4,0.12,
03:51:29,76440.0,76435.5,0.6,0.13,
03:51:29,76440.0,76438.8,0.2,0.13,
03:51:31,76445.0,76444.9,0.0,0.11,
03:51:32,76445.0,76444.9,0.0,0.26,
03:51:44,76445.9,76443.4,0.3,0.13,
03:51:44,76445.9,76443.4,0.3,0.13,
03:51:59,76431.8,76428.5,0.4,0.13,
03:52:01,76413.91,76402.8,1.5,0.14,
03:52:01,76413.91,76402.8,1.5,0.13,
03:52:14,76402.38,76390.5,1.6,0.13,
03:52:14,76402.38,76390.5,1.6,0.13,
03:52:29,76410.0,76410.9,-0.1,0.13,
03:52:29,76410.0,76411.0,-0.1,0.13,
03:52:31,76420.0,76411.0,1.2,0.13,
03:52:32,76424.0,76419.1,0.6,0.22,
03:52:44,76423.37,76422.4,0.1,0.14,
03:52:44,76423.37,76422.4,0.1,0.14,
03:52:59,76425.44,76422.2,0.4,0.13,
03:52:59,76425.44,76422.2,0.4,0.13,
03:53:01,76434.99,76433.6,0.2,0.13,
03:53:14,76448.38,76441.7,0.9,0.14,
03:53:14,76448.38,76441.7,0.9,0.14,
03:53:29,76448.37,76441.6,0.9,0.12,
03:53:29,76448.37,76441.6,0.9,0.14,
03:53:31,76448.38,76441.7,0.9,0.13,
03:53:44,76448.37,76444.4,0.5,0.13,
03:53:44,76448.37,76444.4,0.5,0.13,
03:53:59,76449.18,76438.7,1.4,0.13,
03:53:59,76449.18,76438.7,1.4,0.13,
03:54:01,76440.73,76433.6,0.9,0.13,
03:54:01,76440.73,76433.5,0.9,0.13,
03:54:14,76437.08,76438.5,-0.2,0.13,
03:54:14,76437.08,76438.5,-0.2,0.13,
03:54:29,76438.16,76427.4,1.4,0.14,
03:54:29,76438.16,76435.8,0.3,0.15,
03:54:31,76438.16,76437.0,0.2,0.14,
03:54:31,76438.16,76437.0,0.2,0.14,
03:54:44,76437.48,76435.2,0.3,0.13,
03:54:44,76437.48,76427.5,1.3,0.13,
03:54:59,76414.99,76407.9,0.9,0.14,
03:54:59,76414.99,76407.9,0.9,0.14,
03:55:01,76387.21,76383.4,0.5,0.14,
03:55:02,76387.21,76381.9,0.7,0.41,
03:55:14,76384.07,76376.9,0.9,0.13,
03:55:29,76377.15,76375.0,0.3,0.13,
03:55:29,76377.15,76375.0,0.3,0.13,
03:55:31,76377.15,76375.1,0.3,0.12,
03:55:31,76377.15,76375.0,0.3,0.14,
03:55:44,76377.14,76370.9,0.8,0.13,
03:55:44,76377.14,76371.0,0.8,0.14,
03:55:59,76384.07,76381.9,0.3,0.13,
03:55:59,76384.07,76381.9,0.3,0.13,
03:56:01,76384.08,76381.9,0.3,0.14,
03:56:01,76384.08,76381.9,0.3,0.14,
03:56:14,76392.89,76389.1,0.5,0.13,
03:56:14,76392.89,76389.0,0.5,0.13,
03:56:29,76393.4,76389.9,0.5,0.13,
03:56:29,76393.4,76389.9,0.5,0.13,
03:56:31,76396.27,76390.0,0.8,0.14,
03:56:44,76396.3,76389.9,0.8,0.13,
03:56:59,76402.08,76399.0,0.4,0.13,
03:56:59,76402.08,76398.9,0.4,0.13,
03:57:01,76405.0,76399.7,0.7,0.14,
03:57:04,76405.0,76402.0,0.4,2.67,
03:57:14,76410.0,76402.0,1.0,0.14,
03:57:29,76429.4,76431.8,-0.3,0.13,
03:57:29,76429.4,76431.8,-0.3,0.13,
03:57:31,76429.4,76431.8,-0.3,0.13,
03:57:31,76429.4,76431.8,-0.3,0.13,
03:57:44,76439.09,76440.5,-0.2,0.13,
03:57:44,76439.09,76440.6,-0.2,0.23,
03:57:59,76434.99,76426.0,1.2,0.13,
03:57:59,76434.99,76426.0,1.2,0.13,
03:58:01,76434.99,76426.1,1.2,0.13,
03:58:01,76434.99,76426.1,1.2,0.14,
03:58:14,76418.04,76413.9,0.5,0.13,
03:58:14,76418.04,76413.9,0.5,0.13,
03:58:29,76406.16,76398.6,1.0,0.14,
03:58:29,76406.16,76398.6,1.0,0.14,
03:58:31,76406.17,76409.0,-0.4,0.13,
03:58:31,76406.17,76409.0,-0.4,0.14,
03:58:44,76411.27,76409.0,0.3,0.13,
03:58:59,76411.27,76409.2,0.3,0.13,
03:58:59,76411.27,76409.2,0.3,0.13,
03:59:01,76411.26,76409.2,0.3,0.13,
03:59:01,76411.26,76409.2,0.3,0.13,
03:59:14,76421.51,76417.9,0.5,0.13,
03:59:14,76421.51,76417.9,0.5,0.13,
03:59:29,76421.5,76418.1,0.4,0.14,
03:59:29,76421.5,76418.1,0.4,0.14,
03:59:31,76421.51,76418.0,0.5,0.13,
03:59:31,76421.51,76418.0,0.5,0.13,
03:59:44,76423.71,76424.2,-0.1,0.13,
03:59:44,76423.71,76424.1,-0.1,0.13,
03:59:59,76419.2,76418.1,0.1,0.13,
03:59:59,76419.2,76418.1,0.1,0.13,
04:00:01,76411.27,76404.3,0.9,0.13,
04:00:01,76411.27,76404.3,0.9,0.15,
04:00:14,76392.39,76389.8,0.3,0.13,
04:00:29,76395.0,76385.4,1.3,0.13,
04:00:29,76395.0,76385.3,1.3,0.13,
04:00:31,76395.0,76389.8,0.7,0.12,
04:00:31,76395.0,76389.8,0.7,0.13,
04:00:44,76408.13,76404.2,0.5,0.14,
04:00:44,76408.13,76404.2,0.5,0.24,
04:00:59,76425.12,76417.8,1.0,0.14,
04:01:01,76387.58,76384.5,0.4,0.14,
04:01:01,76387.58,76384.5,0.4,0.15,
04:01:14,76395.0,76399.3,-0.6,0.12,
04:01:14,76395.0,76399.3,-0.6,0.13,
04:01:29,76410.17,76409.2,0.1,0.13,
04:01:29,76410.17,76409.3,0.1,0.13,
04:01:31,76410.17,76409.2,0.1,0.13,
04:01:31,76410.17,76409.3,0.1,0.13,
04:01:44,76423.92,76418.9,0.7,0.13,
04:01:59,76423.99,76429.4,-0.7,0.12,
04:01:59,76423.99,76429.3,-0.7,0.13,
04:02:01,76425.35,76429.3,-0.5,0.14,
04:02:01,76425.35,76429.3,-0.5,0.14,
04:02:14,76410.62,76405.4,0.7,0.14,
04:02:29,76414.99,76419.8,-0.6,0.13,
04:02:29,76414.99,76419.8,-0.6,0.13,
04:02:31,76415.0,76419.8,-0.6,0.13,
04:02:31,76415.0,76419.8,-0.6,0.13,
04:02:44,76415.0,76415.0,0.0,0.13,
04:02:44,76415.0,76415.0,0.0,0.13,
04:02:59,76404.0,76399.3,0.6,0.13,
04:02:59,76404.0,76410.0,-0.8,0.14,
04:03:01,76402.7,76397.5,0.7,0.12,
04:03:01,76402.7,76397.5,0.7,0.14,
04:03:14,76404.0,76408.2,-0.5,0.12,
04:03:14,76404.0,76408.2,-0.5,0.13,
04:03:29,76409.09,76409.8,-0.1,0.14,
04:03:29,76409.09,76409.8,-0.1,0.13,
04:03:31,76409.08,76409.9,-0.1,0.13,
04:03:31,76409.08,76409.8,-0.1,0.13,
04:03:44,76414.98,76414.9,0.0,0.13,
04:03:44,76414.98,76414.9,0.0,0.24,
04:03:59,76422.0,76421.5,0.1,0.13,
04:03:59,76422.0,76421.5,0.1,0.13,
04:04:01,76421.99,76421.5,0.1,0.13,
04:04:01,76421.99,76421.5,0.1,0.13,
04:04:14,76406.41,76406.2,0.0,0.13,
04:04:29,76404.01,76404.0,0.0,0.13,
04:04:29,76404.01,76404.0,0.0,0.13,
04:04:31,76404.01,76403.9,0.0,0.12,
04:04:31,76404.01,76403.9,0.0,0.12,
04:04:44,76404.01,76403.9,0.0,0.14,
04:04:44,76404.01,76403.9,0.0,0.14,
04:04:59,76404.01,76396.4,1.0,0.12,
04:04:59,76404.01,76397.1,0.9,0.14,
04:05:01,76406.24,76403.8,0.3,0.13,
04:05:02,76406.24,76403.8,0.3,0.23,
04:05:14,76404.02,76395.6,1.1,0.13,
04:05:14,76404.02,76395.5,1.1,0.14,
04:05:29,76410.0,76411.9,-0.2,0.13,
04:05:29,76410.0,76401.9,1.1,0.14,
04:05:31,76410.62,76411.9,-0.2,0.14,
04:05:31,76410.62,76411.9,-0.2,0.14,
04:05:44,76418.2,76420.3,-0.3,0.13,
04:05:44,76418.2,76420.3,-0.3,0.13,
04:05:59,76418.21,76420.2,-0.3,0.13,
04:05:59,76418.21,76420.2,-0.3,0.13,
04:06:01,76418.21,76420.2,-0.3,0.12,
04:06:01,76418.21,76420.2,-0.3,0.12,
04:06:14,76418.2,76410.8,1.0,0.13,
04:06:14,76418.2,76410.8,1.0,0.13,
04:06:58,76396.31,76397.4,-0.1,0.17,
04:06:58,76396.31,76397.4,-0.1,0.17,
04:07:01,76386.44,76390.3,-0.5,0.12,
04:07:01,76386.44,76390.3,-0.5,0.12,
04:07:12,76371.55,76371.8,-0.0,0.13,
04:07:12,76371.55,76371.8,-0.0,0.12,
04:07:27,76374.64,76382.1,-1.0,0.12,
04:07:27,76374.64,76382.1,-1.0,0.12,
04:08:02,76379.99,76379.9,0.0,0.18,
04:08:02,76379.99,76379.9,0.0,0.28,
04:08:02,76379.99,76379.9,0.0,0.13,
04:08:02,76379.99,76380.0,-0.0,0.12,
04:08:17,76384.47,76380.0,0.6,0.13,
04:08:17,76384.47,76380.0,0.6,0.13,
04:08:29,76384.47,76382.0,0.3,0.13,
04:08:29,76384.47,76382.0,0.3,0.13,
04:08:32,76384.47,76382.0,0.3,0.13,
04:08:32,76384.47,76382.1,0.3,0.13,
04:08:47,76396.3,76392.1,0.5,0.14,
04:08:47,76396.3,76392.1,0.5,0.13,
04:08:59,76403.22,76409.4,-0.8,0.12,
04:09:02,76403.23,76409.4,-0.8,0.12,
04:09:02,76403.23,76409.4,-0.8,0.13,
04:09:17,76403.23,76400.0,0.4,0.13,
04:09:17,76403.23,76400.0,0.4,0.13,
04:09:29,76403.22,76400.0,0.4,0.13,
04:09:29,76403.22,76400.0,0.4,0.13,
04:09:32,76403.23,76400.1,0.4,0.13,
04:09:32,76403.23,76400.1,0.4,0.13,
04:09:47,76405.9,76408.8,-0.4,0.13,
04:09:47,76405.9,76408.9,-0.4,0.13,
04:09:59,76408.0,76408.9,-0.1,0.12,
04:09:59,76408.0,76408.9,-0.1,0.12,
04:10:02,76407.99,76408.9,-0.1,0.13,
04:10:02,76407.99,76408.9,-0.1,0.12,
04:10:17,76407.99,76408.8,-0.1,0.13,
04:10:17,76407.99,76408.8,-0.1,0.14,
04:10:29,76408.0,76408.8,-0.1,0.14,
04:10:29,76408.0,76408.8,-0.1,0.13,
04:10:33,76407.99,76408.9,-0.1,0.13,
04:10:33,76407.99,76408.9,-0.1,0.13,
04:10:48,76407.99,76406.4,0.2,0.14,
04:10:48,76407.99,76406.4,0.2,0.13,
04:10:59,76407.99,76406.4,0.2,0.14,
04:10:59,76407.99,76406.4,0.2,0.14,
04:11:03,76408.0,76406.4,0.2,0.13,
04:11:03,76408.0,76406.4,0.2,0.13,
04:11:18,76407.99,76406.3,0.2,0.14,
04:11:18,76407.99,76406.3,0.2,0.14,
04:11:29,76391.89,76397.4,-0.7,0.13,
04:11:29,76391.89,76397.5,-0.7,0.14,
04:11:33,76391.9,76391.1,0.1,0.12,
04:11:33,76391.9,76391.1,0.1,0.11,
04:11:48,76391.89,76391.1,0.1,0.14,
04:11:48,76391.89,76391.1,0.1,0.13,
04:11:59,76391.89,76397.3,-0.7,0.13,
04:11:59,76391.89,76397.3,-0.7,0.13,
04:12:03,76400.92,76403.3,-0.3,0.13,
04:12:18,76408.0,76408.2,-0.0,0.13,
04:12:18,76408.0,76408.2,-0.0,0.13,
04:12:29,76414.45,76414.9,-0.1,0.12,
04:12:29,76414.45,76414.9,-0.1,0.14,
04:12:33,76414.45,76414.8,-0.0,0.13,
04:12:33,76414.45,76414.8,-0.0,0.13,
04:12:48,76440.46,76443.8,-0.4,0.13,
04:12:48,76440.46,76438.7,0.2,0.13,
04:12:59,76459.65,76467.4,-1.0,0.14,
04:12:59,76459.65,76467.3,-1.0,0.14,
04:13:03,76459.99,76464.5,-0.6,0.13,
04:13:03,76459.99,76464.4,-0.6,0.12,
04:13:18,76472.96,76477.6,-0.6,0.13,
04:13:18,76472.96,76478.4,-0.7,0.13,
04:13:29,76448.76,76447.5,0.2,0.13,
04:13:29,76448.76,76447.5,0.2,0.13,
04:13:33,76441.94,76441.3,0.1,0.13,
04:13:33,76441.94,76441.3,0.1,0.13,
04:13:48,76436.37,76435.0,0.2,0.12,
04:13:48,76436.37,76435.0,0.2,0.12,
04:13:59,76441.99,76441.2,0.1,0.13,
04:13:59,76441.99,76441.1,0.1,0.13,
04:14:03,76442.0,76441.2,0.1,0.12,
04:14:03,76442.0,76441.1,0.1,0.12,
04:14:18,76450.01,76451.7,-0.2,0.13,
04:14:18,76450.01,76451.7,-0.2,0.13,
04:14:29,76450.0,76451.7,-0.2,0.13,
04:14:29,76450.0,76451.7,-0.2,0.13,
04:14:33,76450.01,76447.9,0.3,0.12,
04:14:48,76450.0,76447.9,0.3,0.12,
04:14:48,76450.0,76447.9,0.3,0.13,
04:14:59,76447.85,76447.7,0.0,0.13,
04:14:59,76447.85,76447.7,0.0,0.13,
04:15:03,76452.91,76451.7,0.2,0.14,
04:15:03,76452.91,76451.7,0.2,0.14,
04:15:18,76450.95,76441.3,1.3,0.12,
04:15:18,76450.95,76441.3,1.3,0.12,
04:15:29,76442.35,76441.2,0.2,0.14,
04:15:29,76442.35,76441.2,0.2,0.14,
04:15:33,76421.39,76426.5,-0.7,0.13,
04:15:33,76421.39,76426.5,-0.7,0.13,
04:15:48,76379.43,76384.6,-0.7,0.12,
04:15:48,76379.43,76379.1,0.0,0.12,
04:15:59,76357.3,76341.1,2.1,0.13,
04:15:59,76357.3,76346.5,1.4,0.13,
04:16:03,76364.36,76365.9,-0.2,0.12,
04:16:18,76373.03,76374.5,-0.2,0.12,
04:16:18,76373.03,76374.5,-0.2,0.13,
04:16:29,76388.27,76382.5,0.8,0.12,
04:16:29,76388.27,76382.5,0.8,0.12,
04:16:33,76399.6,76402.1,-0.3,0.13,
04:16:33,76399.6,76402.0,-0.3,0.13,
04:16:48,76395.72,76405.5,-1.3,0.13,
04:16:48,76395.72,76390.8,0.6,0.13,
04:16:59,76337.36,76325.7,1.5,0.12,
04:16:59,76337.36,76325.7,1.5,0.12,
04:17:03,76328.86,76325.8,0.4,0.12,
04:17:03,76328.86,76325.8,0.4,0.13,
04:17:18,76339.09,76339.7,-0.1,0.13,
04:17:18,76339.09,76339.7,-0.1,0.13,
04:17:29,76349.24,76346.4,0.4,0.19,
04:17:33,76354.21,76359.2,-0.7,0.12,
04:17:33,76354.21,76359.2,-0.7,0.14,
04:17:48,76374.66,76379.3,-0.6,0.13,
04:17:48,76374.66,76379.3,-0.6,0.13,
04:17:59,76386.32,76386.5,-0.0,0.14,
04:18:03,76387.69,76386.4,0.2,0.13,
04:18:03,76387.69,76386.5,0.2,0.13,
04:18:18,76383.88,76376.8,0.9,0.13,
04:18:29,76383.88,76385.6,-0.2,0.13,
04:18:29,76383.88,76385.7,-0.2,0.13,
04:18:33,76383.89,76385.6,-0.2,0.13,
04:18:33,76383.89,76385.7,-0.2,0.13,
04:18:48,76388.9,76385.6,0.4,0.12,
04:18:48,76384.87,76385.6,-0.1,0.22,
04:18:59,76376.46,76380.7,-0.6,0.12,
04:19:03,76376.47,76380.7,-0.6,0.14,
04:19:03,76376.47,76380.7,-0.6,0.14,
04:19:18,76381.83,76382.4,-0.1,0.13,
04:19:18,76381.83,76382.5,-0.1,0.24,
04:19:29,76381.84,76382.4,-0.1,0.13,
04:19:29,76381.84,76382.5,-0.1,0.13,
04:19:33,76386.27,76385.5,0.1,0.13,
04:19:33,76386.27,76385.4,0.1,0.13,
04:20:12,76397.9,76395.5,0.3,0.13,
04:20:12,76397.9,76395.5,0.3,0.13,
04:20:13,76397.89,76395.5,0.3,0.18,
04:20:13,76397.89,76395.5,0.3,0.19,
04:20:13,76397.89,76395.6,0.3,0.12,
04:20:13,76397.89,76395.6,0.3,0.13,
04:20:28,76397.89,76394.2,0.5,0.12,
04:20:28,76397.89,76394.2,0.5,0.13,
04:20:29,76397.89,76394.2,0.5,0.13,
04:20:29,76397.89,76394.3,0.5,0.13,
04:20:43,76397.9,76401.1,-0.4,0.13,
04:20:43,76397.9,76401.1,-0.4,0.14,
04:20:58,76409.45,76413.4,-0.5,0.13,
04:20:58,76409.45,76413.5,-0.5,0.13,
04:20:59,76424.0,76413.5,1.4,0.13,
04:20:59,76424.0,76418.7,0.7,0.12,
04:21:13,76510.71,76501.0,1.3,0.12,
04:21:13,76510.71,76501.0,1.3,0.13,
04:21:28,76475.27,76463.8,1.5,0.13,
04:21:29,76475.27,76463.8,1.5,0.12,
04:21:43,76464.52,76463.7,0.1,0.13,
04:21:43,76464.52,76463.7,0.1,0.13,
04:21:58,76526.47,76518.2,1.1,0.13,
04:21:59,76526.48,76518.2,1.1,0.14,
04:21:59,76526.48,76518.2,1.1,0.14,
04:22:13,76509.3,76498.4,1.4,0.12,
04:22:13,76509.3,76498.4,1.4,0.13,
04:22:28,76510.0,76510.1,-0.0,0.13,
04:22:28,76510.0,76510.1,-0.0,0.13,
04:22:29,76510.0,76510.1,-0.0,0.13,
04:22:29,76510.0,76510.2,-0.0,0.13,
04:23:12,76510.0,76504.5,0.7,0.13,
04:23:12,76510.0,76504.5,0.7,0.13,
04:23:27,76490.31,76489.6,0.1,0.13,
04:23:27,76490.31,76489.5,0.1,0.13,
04:23:29,76490.31,76489.5,0.1,0.12,
04:23:29,76490.31,76489.5,0.1,0.13,
04:23:42,76499.69,76504.3,-0.6,0.12,
04:23:42,76499.69,76504.3,-0.6,0.12,
04:23:57,76500.0,76501.4,-0.2,0.14,
04:23:59,76499.99,76501.3,-0.2,0.13,
04:23:59,76499.99,76501.4,-0.2,0.13,
04:24:12,76499.99,76501.3,-0.2,0.13,
04:24:12,76499.99,76501.3,-0.2,0.13,
04:24:27,76486.0,76479.2,0.9,0.14,
04:24:27,76486.0,76479.2,0.9,0.14,
04:24:29,76484.53,76479.2,0.7,0.12,
04:24:29,76484.53,76479.2,0.7,0.13,
04:24:42,76477.41,76479.3,-0.2,0.12,
04:24:42,76477.41,76479.3,-0.2,0.13,
04:24:57,76468.86,76460.2,1.1,0.13,
04:24:57,76468.86,76460.2,1.1,0.13,
04:24:59,76467.39,76460.2,0.9,0.13,
04:24:59,76467.39,76460.2,0.9,0.13,
04:25:12,76450.01,76440.7,1.2,0.13,
04:25:12,76450.01,76440.7,1.2,0.13,
04:25:27,76450.01,76452.6,-0.3,0.13,
04:25:27,76450.01,76453.3,-0.4,0.13,
04:25:29,76450.0,76453.2,-0.4,0.12,
04:25:29,76450.0,76453.2,-0.4,0.13,
04:25:42,76450.0,76444.3,0.7,0.14,
04:25:57,76450.01,76444.2,0.8,0.13,
04:25:57,76450.01,76444.2,0.8,0.13,
04:25:59,76450.01,76444.3,0.7,0.13,
04:25:59,76450.01,76444.3,0.7,0.13,
04:26:12,76462.96,76468.6,-0.7,0.14,
04:26:12,76462.96,76468.5,-0.7,0.14,
04:26:27,76469.07,76461.3,1.0,0.13,
04:26:27,76469.07,76461.3,1.0,0.13,
04:26:29,76469.07,76461.2,1.0,0.11,
04:26:29,76469.07,76461.2,1.0,0.13,
04:26:42,76469.08,76456.0,1.7,0.13,
04:26:57,76469.08,76461.2,1.0,0.14,
04:26:57,76469.08,76461.2,1.0,0.13,
04:26:59,76469.07,76461.2,1.0,0.12,
04:26:59,76469.07,76461.2,1.0,0.12,
04:27:12,76469.08,76461.3,1.0,0.13,
04:27:12,76469.08,76461.3,1.0,0.14,
04:27:27,76474.84,76470.9,0.5,0.13,
04:27:27,76474.84,76471.0,0.5,0.13,
04:27:29,76474.85,76471.0,0.5,0.13,
04:27:29,76474.85,76471.0,0.5,0.13,
04:27:42,76473.53,76468.0,0.7,0.12,
04:27:42,76473.53,76468.0,0.7,0.12,
04:27:57,76473.53,76468.1,0.7,0.32,
04:27:57,76473.53,76468.1,0.7,0.32,
04:27:59,76473.54,76468.0,0.7,0.13,
04:28:12,76473.54,76468.0,0.7,0.14,
04:28:12,76473.54,76468.1,0.7,0.14,
04:28:27,76473.53,76468.1,0.7,0.12,
04:28:27,76473.53,76468.1,0.7,0.12,
04:28:29,76473.53,76468.0,0.7,0.12,
04:28:29,76473.53,76468.0,0.7,0.13,
04:28:42,76473.53,76468.2,0.7,0.13,
04:28:42,76473.53,76468.3,0.7,0.13,
04:28:57,76473.53,76468.2,0.7,0.13,
04:28:59,76473.53,76468.2,0.7,0.12,
04:28:59,76473.53,76468.2,0.7,0.12,
04:29:12,76473.54,76468.3,0.7,0.13,
04:29:12,76473.54,76468.3,0.7,0.13,
04:29:27,76473.54,76468.3,0.7,0.13,
04:29:27,76473.54,76468.3,0.7,0.13,
04:29:29,76473.54,76468.3,0.7,0.13,
04:29:29,76473.54,76468.3,0.7,0.12,
04:29:42,76473.53,76468.3,0.7,0.12,
04:29:42,76473.53,76468.3,0.7,0.12,
04:29:57,76476.43,76468.3,1.1,0.13,
04:29:57,76476.43,76468.3,1.1,0.13,
04:29:59,76476.42,76468.2,1.1,0.13,
04:29:59,76476.42,76468.2,1.1,0.13,
04:30:12,76461.43,76465.7,-0.6,0.13,
04:30:12,76461.43,76457.4,0.5,0.13,
04:30:27,76465.72,76465.3,0.1,0.13,
04:30:27,76465.72,76465.3,0.1,0.13,
04:30:29,76462.13,76457.3,0.6,0.13,
04:30:29,76462.13,76457.2,0.6,0.14,
04:30:42,76473.19,76475.2,-0.3,0.13,
04:30:42,76473.19,76475.3,-0.3,0.13,
04:30:57,76483.43,76477.8,0.7,0.12,
04:30:57,76483.43,76477.9,0.7,0.13,
04:30:59,76483.43,76477.8,0.7,0.12,
04:31:12,76483.43,76479.0,0.6,0.14,
04:31:27,76477.4,76471.2,0.8,0.12,
04:31:27,76477.4,76471.2,0.8,0.13,
04:31:29,76477.4,76471.2,0.8,0.12,
04:31:29,76477.4,76471.2,0.8,0.12,
04:31:42,76475.01,76467.1,1.0,0.13,
04:31:57,76475.01,76467.2,1.0,0.13,
04:31:59,76475.0,76471.1,0.5,0.13,
04:31:59,76475.0,76471.1,0.5,0.14,
04:32:12,76477.41,76474.8,0.3,0.19,
04:32:27,76481.08,76478.8,0.3,0.13,
04:32:27,76481.08,76478.8,0.3,0.13,
04:32:29,76481.09,76478.8,0.3,0.12,
04:32:29,76481.09,76478.8,0.3,0.12,
04:32:42,76491.18,76487.4,0.5,0.13,
04:32:42,76491.18,76484.1,0.9,0.14,
04:32:57,76486.44,76479.4,0.9,0.13,
04:32:57,76486.44,76479.4,0.9,0.13,
04:32:59,76486.45,76479.4,0.9,0.12,
04:32:59,76486.45,76479.4,0.9,0.14,
04:33:12,76500.3,76503.5,-0.4,0.13,
04:33:12,76500.3,76503.5,-0.4,0.13,
04:33:27,76501.74,76502.7,-0.1,0.12,
04:33:27,76501.74,76502.7,-0.1,0.14,
04:33:29,76501.75,76502.6,-0.1,0.13,
04:33:29,76501.75,76502.7,-0.1,0.14,
04:33:42,76501.74,76509.1,-1.0,0.12,
04:33:42,76501.74,76509.1,-1.0,0.13,
04:33:57,76509.4,76509.1,0.0,0.13,
04:33:57,76509.4,76509.1,0.0,0.13,
04:33:59,76509.4,76509.1,0.0,0.13,
04:33:59,76509.4,76509.2,0.0,0.13,
04:34:12,76502.67,76503.5,-0.1,0.12,
04:34:12,76502.67,76494.7,1.0,0.12,
04:34:27,76491.56,76486.9,0.6,0.13,
04:34:27,76491.56,76486.8,0.6,0.13,
04:34:29,76491.55,76486.8,0.6,0.14,
04:34:29,76491.55,76486.8,0.6,0.13,
04:34:42,76491.56,76486.9,0.6,0.13,
04:34:42,76491.56,76486.9,0.6,0.13,
04:34:57,76485.32,76479.9,0.7,0.13,
04:34:57,76485.32,76479.9,0.7,0.12,
04:34:59,76485.33,76479.9,0.7,0.14,
04:34:59,76485.33,76479.9,0.7,0.13,
04:35:12,76485.33,76480.0,0.7,0.13,
04:35:27,76488.92,76479.9,1.2,0.12,
04:35:27,76488.92,76479.9,1.2,0.13,
04:35:29,76488.91,76486.5,0.3,0.11,
04:35:29,76488.91,76486.5,0.3,0.12,
04:35:42,76509.99,76509.0,0.1,0.13,
04:35:42,76509.99,76509.0,0.1,0.13,
04:35:57,76509.99,76504.0,0.8,0.11,
04:35:57,76509.99,76503.9,0.8,0.12,
04:35:59,76509.99,76503.9,0.8,0.13,
04:35:59,76509.99,76503.9,0.8,0.13,
04:36:12,76509.99,76504.0,0.8,0.13,
04:36:27,76510.0,76504.0,0.8,0.14,
04:36:27,76510.0,76504.0,0.8,0.13,
04:36:29,76509.99,76504.0,0.8,0.13,
04:36:29,76509.99,76503.9,0.8,0.13,
04:36:42,76509.99,76504.0,0.8,0.13,
04:36:42,76509.99,76504.0,0.8,0.14,
04:36:57,76514.74,76517.3,-0.3,0.12,
04:36:57,76514.74,76517.2,-0.3,0.13,
04:36:59,76514.74,76517.2,-0.3,0.13,
04:36:59,76514.74,76517.2,-0.3,0.13,
04:37:12,76502.96,76496.1,0.9,0.13,
04:37:12,76502.96,76496.1,0.9,0.13,
04:37:27,76502.95,76500.8,0.3,0.13,
04:37:29,76502.96,76500.7,0.3,0.12,
04:37:29,76502.96,76500.7,0.3,0.12,
04:37:42,76513.59,76518.6,-0.7,0.13,
04:37:57,76513.6,76513.5,0.0,0.12,
04:37:57,76513.6,76513.5,0.0,0.12,
04:37:59,76513.6,76513.6,0.0,0.13,
04:37:59,76513.6,76513.6,0.0,0.13,
04:38:12,76521.09,76523.9,-0.4,0.13,
04:38:27,76521.08,76524.0,-0.4,0.14,
04:38:27,76521.08,76523.9,-0.4,0.14,
04:38:29,76521.08,76524.0,-0.4,0.13,
04:38:29,76521.08,76524.0,-0.4,0.13,
04:38:42,76522.67,76526.0,-0.4,0.13,
04:38:42,76522.67,76526.0,-0.4,0.13,
04:38:57,76522.66,76525.9,-0.4,0.12,
04:38:57,76522.66,76526.0,-0.4,0.12,
04:38:59,76522.66,76526.0,-0.4,0.12,
04:38:59,76522.66,76526.0,-0.4,0.12,
04:39:12,76522.67,76526.0,-0.4,0.13,
04:39:12,76522.67,76526.0,-0.4,0.14,
04:39:27,76522.67,76525.9,-0.4,0.13,
04:39:27,76522.67,76525.9,-0.4,0.13,
04:39:29,76522.67,76526.0,-0.4,0.13,
04:39:29,76522.67,76526.0,-0.4,0.12,
04:39:42,76522.67,76525.9,-0.4,0.13,
04:39:42,76522.67,76525.9,-0.4,0.13,
04:39:57,76522.67,76528.4,-0.7,0.13,
04:39:57,76522.67,76528.4,-0.7,0.13,
04:39:59,76522.67,76528.5,-0.8,0.13,
04:39:59,76522.67,76528.5,-0.8,0.13,
04:40:12,76522.67,76528.4,-0.7,0.13,
04:40:12,76522.67,76528.5,-0.8,0.13,
04:40:27,76522.66,76528.4,-0.8,0.14,
04:40:27,76522.66,76528.4,-0.8,0.13,
04:40:29,76522.67,76528.5,-0.8,0.13,
04:40:29,76522.67,76528.4,-0.7,0.13,
04:40:42,76507.41,76513.1,-0.7,0.13,
04:40:42,76507.41,76513.1,-0.7,0.13,
04:40:57,76506.14,76507.6,-0.2,0.13,
04:40:57,76506.14,76507.6,-0.2,0.23,
04:40:59,76506.14,76507.7,-0.2,0.14,
04:40:59,76506.14,76507.6,-0.2,0.13,
04:41:12,76511.06,76512.9,-0.2,0.14,
04:41:12,76511.06,76512.9,-0.2,0.13,
04:41:27,76518.57,76528.3,-1.3,0.13,
04:41:27,76518.57,76528.3,-1.3,0.13,
04:41:29,76518.56,76528.2,-1.3,0.14,
04:41:29,76518.56,76528.2,-1.3,0.13,
04:41:42,76518.57,76528.3,-1.3,0.13,
04:41:42,76518.57,76528.2,-1.3,0.14,
04:42:23,76518.56,76525.7,-0.9,0.17,
04:42:23,76518.56,76525.7,-0.9,0.17,
04:42:23,76518.56,76525.7,-0.9,0.17,
04:42:23,76518.56,76525.7,-0.9,0.17,
04:42:23,76518.56,76525.8,-0.9,0.12,
04:42:29,76518.57,76525.7,-0.9,0.13,
04:42:29,76518.57,76525.7,-0.9,0.13,
04:42:38,76518.57,76525.8,-0.9,0.12,
04:42:38,76518.57,76525.7,-0.9,0.12,
04:42:53,76518.56,76525.8,-0.9,0.12,
04:42:53,76518.56,76525.8,-0.9,0.12,
04:42:59,76519.87,76525.8,-0.8,0.16,
04:42:59,76519.87,76525.8,-0.8,0.16,
04:43:08,76519.87,76525.7,-0.8,0.13,
04:43:08,76519.87,76525.7,-0.8,0.13,
04:43:23,76547.21,76547.6,-0.1,0.12,
04:43:23,76547.21,76547.6,-0.1,0.13,
04:43:29,76550.96,76547.6,0.4,0.13,
04:43:29,76550.96,76547.6,0.4,0.13,
04:43:38,76522.37,76524.0,-0.2,0.12,
04:43:38,76522.37,76524.0,-0.2,0.12,
04:43:53,76535.95,76529.4,0.9,0.12,
04:43:53,76535.95,76529.4,0.9,0.12,
04:43:59,76535.94,76529.3,0.9,0.12,
04:43:59,76535.94,76529.3,0.9,0.12,
04:44:08,76522.37,76522.5,-0.0,0.13,
04:44:23,76533.97,76528.4,0.7,0.13,
04:44:23,76533.97,76528.4,0.7,0.14,
04:44:29,76533.96,76529.3,0.6,0.14,
04:44:38,76533.96,76529.2,0.6,0.11,
04:44:38,76533.96,76529.2,0.6,0.13,
04:44:53,76527.37,76525.2,0.3,0.13,
04:44:53,76527.37,76525.2,0.3,0.13,
04:44:59,76521.96,76525.2,-0.4,0.12,
04:44:59,76521.96,76525.2,-0.4,0.12,
04:45:08,76521.2,76522.4,-0.2,0.19,
04:45:08,76521.2,76522.4,-0.2,0.19,
04:45:23,76521.2,76522.4,-0.2,0.12,
04:45:23,76521.2,76522.4,-0.2,0.12,
04:45:29,76521.2,76522.4,-0.2,0.14,
04:45:29,76521.2,76522.4,-0.2,0.14,
04:45:38,76524.06,76525.2,-0.1,0.13,
04:45:38,76524.06,76525.2,-0.1,0.13,
04:45:53,76524.09,76524.1,-0.0,0.12,
04:45:53,76524.09,76524.1,-0.0,0.12,
04:46:30,76522.38,76523.5,-0.1,0.18,
04:46:30,76522.38,76522.9,-0.1,0.17,
04:46:30,76522.38,76522.9,-0.1,0.12,
04:46:30,76522.38,76522.9,-0.1,0.13,
04:46:45,76522.38,76518.5,0.5,0.13,
04:46:45,76522.38,76518.5,0.5,0.14,
04:46:57,76522.38,76518.6,0.5,0.13,
04:46:57,76522.38,76518.6,0.5,0.13,
04:47:00,76522.39,76518.5,0.5,0.14,
04:47:00,76522.39,76518.5,0.5,0.13,
04:47:15,76515.62,76518.5,-0.4,0.13,
04:47:15,76515.62,76518.0,-0.3,0.14,
04:47:27,76515.62,76518.4,-0.4,0.14,
04:47:30,76515.62,76518.5,-0.4,0.14,
04:47:30,76515.62,76518.5,-0.4,0.13,
04:47:45,76515.78,76519.1,-0.4,0.13,
04:47:45,76515.78,76519.1,-0.4,0.13,
04:47:57,76519.9,76522.2,-0.3,0.12,
04:47:57,76519.9,76522.2,-0.3,0.14,
04:48:00,76519.91,76522.3,-0.3,0.13,
04:48:00,76519.91,76522.3,-0.3,0.13,
04:48:15,76519.91,76523.4,-0.5,0.13,
04:48:15,76519.91,76523.4,-0.5,0.14,
04:48:27,76519.9,76523.3,-0.4,0.13,
04:48:30,76519.9,76523.4,-0.5,0.13,
04:48:30,76519.9,76523.4,-0.5,0.12,
04:48:45,76519.9,76523.5,-0.5,0.13,
04:48:45,76519.9,76523.4,-0.5,0.13,
04:48:57,76554.49,76551.5,0.4,0.13,
04:48:57,76554.49,76551.5,0.4,0.13,
04:49:00,76554.5,76551.4,0.4,0.12,
04:49:00,76554.5,76551.4,0.4,0.14,
04:49:15,76566.5,76567.8,-0.2,0.12,
04:49:15,76566.5,76567.8,-0.2,0.14,
04:49:27,76564.01,76560.0,0.5,0.13,
04:49:27,76564.01,76559.9,0.5,0.13,
04:49:30,76564.01,76560.0,0.5,0.13,
04:49:30,76564.01,76559.9,0.5,0.14,
04:49:45,76564.0,76557.0,0.9,0.14,
04:49:45,76564.0,76557.0,0.9,0.13,
04:49:57,76564.0,76559.6,0.6,0.13,
04:49:57,76564.0,76559.6,0.6,0.14,
04:50:00,76564.0,76559.6,0.6,0.14,
04:50:00,76564.0,76559.6,0.6,0.2,
04:50:15,76549.28,76546.1,0.4,0.12,
04:50:15,76549.28,76546.1,0.4,0.14,
04:50:27,76549.28,76546.1,0.4,0.13,
04:50:27,76549.28,76546.1,0.4,0.13,
04:50:30,76549.28,76546.0,0.4,0.13,
04:50:30,76549.28,76546.0,0.4,0.13,
04:50:45,76537.74,76538.4,-0.1,0.14,
04:50:45,76537.74,76538.4,-0.1,0.13,
04:50:57,76537.74,76538.5,-0.1,0.14,
04:50:57,76537.74,76538.5,-0.1,0.17,
04:51:00,76537.73,76538.5,-0.1,0.14,
04:51:00,76537.73,76538.4,-0.1,0.13,
04:51:15,76537.73,76536.3,0.2,0.13,
04:51:15,76537.73,76536.3,0.2,0.13,
04:51:27,76537.73,76536.2,0.2,0.13,
04:51:30,76537.73,76536.3,0.2,0.13,
04:51:30,76537.73,76536.2,0.2,0.13,
04:51:45,76537.73,76536.2,0.2,0.14,
04:51:45,76537.73,76536.2,0.2,0.13,
04:51:57,76539.81,76543.2,-0.4,0.13,
04:52:00,76539.81,76545.9,-0.8,0.13,
04:52:00,76539.81,76545.9,-0.8,0.12,
04:52:36,76539.81,76540.3,-0.1,0.13,
04:52:36,76539.81,76540.3,-0.1,0.17,
04:52:36,76539.81,76540.3,-0.1,0.13,
04:52:36,76539.81,76540.3,-0.1,0.13,
04:52:51,76535.0,76536.0,-0.1,0.13,
04:52:51,76535.0,76536.0,-0.1,0.13,
04:52:57,76535.0,76535.0,0.0,0.23,
04:53:06,76535.01,76535.0,0.0,0.12,
04:53:06,76535.01,76535.0,0.0,0.12,
04:53:40,76537.28,76535.9,0.2,0.12,
04:53:40,76537.28,76535.9,0.2,0.13,
04:53:41,76537.28,76535.9,0.2,0.18,
04:53:41,76537.28,76535.9,0.2,0.18,
04:53:41,76537.28,76535.9,0.2,0.13,
04:53:41,76537.28,76535.9,0.2,0.13,
04:53:56,76537.28,76535.0,0.3,0.14,
04:53:57,76537.28,76535.0,0.3,0.13,
04:54:11,76537.28,76535.0,0.3,0.13,
04:54:11,76537.28,76535.0,0.3,0.13,
04:54:26,76537.28,76535.1,0.3,0.12,
04:54:26,76537.28,76535.1,0.3,0.14,
04:54:27,76537.28,76535.0,0.3,0.13,
04:54:41,76537.28,76539.6,-0.3,0.11,
04:54:41,76537.28,76539.5,-0.3,0.12,
04:54:56,76537.29,76539.5,-0.3,0.13,
04:54:57,76537.29,76539.6,-0.3,0.13,
04:54:57,76537.29,76539.6,-0.3,0.13,
04:55:11,76538.27,76539.7,-0.2,0.13,
04:55:11,76538.27,76539.7,-0.2,0.13,
04:55:26,76538.28,76539.7,-0.2,0.12,
04:55:26,76538.28,76539.7,-0.2,0.14,
04:55:27,76538.27,76539.7,-0.2,0.12,
04:55:27,76538.27,76539.7,-0.2,0.13,
04:55:41,76538.27,76539.7,-0.2,0.13,
04:55:41,76538.27,76539.7,-0.2,0.13,
04:55:56,76538.28,76539.8,-0.2,0.13,
04:55:56,76538.28,76539.8,-0.2,0.12,
04:55:57,76538.27,76539.8,-0.2,0.12,
04:55:57,76538.27,76539.7,-0.2,0.14,
04:56:11,76538.27,76539.6,-0.2,0.12,
04:56:26,76538.28,76539.5,-0.2,0.13,
04:56:26,76538.28,76539.5,-0.2,0.12,
04:56:27,76538.27,76539.5,-0.2,0.12,
04:56:27,76538.27,76539.5,-0.2,0.15,
04:56:41,76538.28,76539.5,-0.2,0.13,
04:56:41,76538.28,76539.6,-0.2,0.13,
04:56:56,76538.28,76539.5,-0.2,0.13,
04:56:56,76538.28,76539.5,-0.2,0.13,
04:56:57,76538.28,76539.5,-0.2,0.13,
04:56:57,76538.28,76539.5,-0.2,0.13,
04:57:11,76538.27,76534.5,0.5,0.14,
04:57:11,76538.27,76534.5,0.5,0.14,
04:57:26,76538.27,76534.5,0.5,0.13,
04:57:26,76538.27,76534.5,0.5,0.13,
04:57:27,76538.28,76534.5,0.5,0.13,
04:57:41,76535.0,76532.1,0.4,0.12,
04:57:56,76528.19,76532.2,-0.5,0.13,
04:57:56,76528.19,76532.1,-0.5,0.14,
04:57:57,76528.19,76532.1,-0.5,0.12,
04:57:57,76528.19,76532.1,-0.5,0.13,
04:58:11,76525.01,76528.5,-0.5,0.13,
04:58:11,76525.01,76528.5,-0.5,0.13,
04:58:26,76529.87,76532.1,-0.3,0.14,
04:58:26,76529.87,76532.0,-0.3,0.13,
04:58:27,76529.86,76532.0,-0.3,0.13,
04:58:41,76517.51,76517.4,0.0,0.12,
04:58:41,76517.51,76517.4,0.0,0.14,
04:58:56,76515.01,76513.7,0.2,0.13,
04:58:56,76515.01,76513.7,0.2,0.12,
04:58:57,76515.0,76513.7,0.2,0.13,
04:59:11,76492.46,76491.0,0.2,0.12,
04:59:11,76492.46,76491.0,0.2,0.12,
04:59:26,76492.45,76491.0,0.2,0.13,
04:59:26,76492.45,76491.0,0.2,0.13,
04:59:27,76492.46,76491.1,0.2,0.13,
04:59:27,76492.46,76491.1,0.2,0.13,
04:59:41,76492.45,76491.0,0.2,0.13,
04:59:41,76492.45,76491.1,0.2,0.13,
04:59:56,76492.45,76493.0,-0.1,0.13,
04:59:56,76492.45,76493.0,-0.1,0.13,
04:59:57,76492.46,76493.1,-0.1,0.13,
04:59:57,76492.46,76493.1,-0.1,0.13,
05:00:11,76492.46,76497.2,-0.6,0.13,
05:00:11,76492.46,76497.2,-0.6,0.13,
05:00:52,76497.28,76501.9,-0.6,0.18,
05:00:52,76497.28,76501.9,-0.6,0.18,
05:00:53,76497.28,76501.9,-0.6,0.13,
05:00:53,76497.28,76502.0,-0.6,0.13,
05:00:53,76497.28,76501.9,-0.6,0.17,
05:00:53,76497.28,76501.9,-0.6,0.17,
05:00:57,76497.27,76501.9,-0.6,0.14,
05:00:57,76497.27,76502.0,-0.6,0.13,
05:01:08,76497.27,76502.0,-0.6,0.22,
05:01:08,76497.27,76501.9,-0.6,0.22,
05:01:23,76509.95,76508.1,0.2,0.11,
05:01:23,76509.95,76508.1,0.2,0.12,
05:01:27,76509.95,76508.2,0.2,0.12,
05:01:27,76509.95,76508.2,0.2,0.14,
05:01:38,76509.96,76508.2,0.2,0.12,
05:01:38,76509.95,76508.1,0.2,0.14,
05:01:53,76509.95,76508.2,0.2,0.14,
05:01:53,76509.95,76508.2,0.2,0.13,
05:01:57,76509.96,76508.1,0.2,0.13,
05:01:57,76509.96,76508.2,0.2,0.13,
05:02:08,76509.96,76508.2,0.2,0.13,
05:02:23,76509.96,76508.2,0.2,0.13,
05:02:27,76509.96,76508.1,0.2,0.11,
05:02:27,76509.96,76508.1,0.2,0.13,
05:02:38,76509.95,76513.0,-0.4,0.13,
05:02:38,76509.95,76512.9,-0.4,0.13,
05:02:53,76509.95,76513.0,-0.4,0.13,
05:02:53,76509.95,76513.0,-0.4,0.13,
05:02:57,76510.71,76515.0,-0.6,0.13,
05:02:57,76510.71,76515.0,-0.6,0.13,
05:03:08,76510.71,76515.0,-0.6,0.14,
05:03:08,76510.71,76515.0,-0.6,0.13,
05:03:23,76510.71,76518.9,-1.1,0.14,
05:03:23,76510.71,76518.9,-1.1,0.14,
05:03:27,76510.71,76518.9,-1.1,0.13,
05:03:27,76510.71,76518.9,-1.1,0.13,
05:03:38,76510.72,76518.9,-1.1,0.12,
05:03:38,76510.72,76518.9,-1.1,0.13,
05:03:53,76518.43,76523.6,-0.7,0.14,
05:03:53,76518.43,76523.6,-0.7,0.14,
05:03:57,76518.43,76523.5,-0.7,0.13,
05:03:57,76518.43,76523.5,-0.7,0.13,
05:04:08,76518.42,76523.5,-0.7,0.12,
05:04:08,76518.42,76523.5,-0.7,0.12,
05:04:23,76518.43,76524.0,-0.7,0.13,
05:04:23,76518.43,76524.0,-0.7,0.13,
05:05:00,76518.42,76525.7,-1.0,0.17,
05:05:00,76518.42,76525.7,-1.0,0.17,
05:05:00,76518.42,76525.7,-1.0,0.12,
05:05:00,76518.42,76525.7,-1.0,0.12,
05:05:15,76518.42,76524.4,-0.8,0.13,
05:05:15,76518.42,76524.4,-0.8,0.13,
05:05:27,76527.77,76534.6,-0.9,0.13,
05:05:27,76527.77,76534.6,-0.9,0.13,
05:05:30,76527.76,76534.6,-0.9,0.14,
05:05:30,76527.76,76534.6,-0.9,0.12,
05:05:45,76530.94,76535.7,-0.6,0.13,
05:05:45,76530.94,76535.7,-0.6,0.13,
05:05:57,76529.88,76531.4,-0.2,0.13,
05:06:00,76529.88,76531.4,-0.2,0.13,
05:06:00,76529.88,76531.4,-0.2,0.16,
05:06:15,76530.95,76535.6,-0.6,0.13,
05:06:15,76530.95,76535.6,-0.6,0.13,
05:06:27,76535.42,76535.7,-0.0,0.13,
05:06:27,76535.42,76535.7,-0.0,0.13,
05:06:30,76535.41,76535.8,-0.1,0.19,
05:06:30,76535.41,76535.7,-0.0,0.19,
05:06:45,76535.41,76544.1,-1.1,0.13,
05:06:57,76518.41,76513.0,0.7,0.13,
05:06:57,76518.41,76513.0,0.7,0.13,
05:07:00,76509.95,76513.1,-0.4,0.12,
05:07:00,76509.95,76513.1,-0.4,0.12,
05:07:15,76509.95,76513.0,-0.4,0.13,
05:07:15,76509.95,76513.0,-0.4,0.13,
05:07:27,76509.96,76517.7,-1.0,0.13,
05:07:27,76509.96,76517.7,-1.0,0.13,
05:07:30,76509.96,76517.6,-1.0,0.13,
05:07:30,76509.96,76517.6,-1.0,0.13,
05:07:45,76513.4,76523.9,-1.4,0.13,
05:07:45,76513.4,76519.5,-0.8,0.12,
05:07:57,76513.4,76517.6,-0.5,0.12,
05:07:57,76513.4,76517.6,-0.5,0.12,
05:08:00,76513.4,76517.7,-0.6,0.13,
05:08:00,76513.4,76517.6,-0.5,0.13,
05:08:15,76501.58,76517.7,-2.1,0.13,
05:08:27,76502.99,76506.5,-0.5,0.13,
05:08:27,76502.99,76506.4,-0.4,0.12,
05:08:30,76502.99,76506.5,-0.5,0.13,
05:08:30,76502.99,76506.4,-0.4,0.13,
05:08:45,76503.19,76509.5,-0.8,0.12,
05:08:45,76503.19,76509.5,-0.8,0.12,
05:08:57,76504.39,76506.5,-0.3,0.11,
05:08:57,76504.39,76506.5,-0.3,0.13,
05:09:00,76500.69,76498.0,0.4,0.13,
05:09:00,76500.69,76498.0,0.4,0.13,
05:09:15,76500.0,76495.7,0.6,0.13,
05:09:15,76500.0,76495.7,0.6,0.13,
05:09:27,76476.25,76473.2,0.4,0.13,
05:09:30,76476.25,76473.3,0.4,0.13,
05:09:30,76476.25,76473.3,0.4,0.13,
05:09:45,76471.56,76469.1,0.3,0.12,
05:09:45,76471.56,76469.1,0.3,0.12,
05:09:57,76458.0,76460.0,-0.3,0.13,
05:09:57,76458.0,76460.0,-0.3,0.13,
05:10:00,76458.0,76458.0,0.0,0.13,
05:10:00,76458.0,76458.0,0.0,0.13,
05:10:15,76458.01,76458.0,0.0,0.13,
05:10:27,76458.01,76459.9,-0.2,0.22,
05:10:27,76458.01,76459.9,-0.2,0.22,
05:10:30,76458.01,76459.9,-0.2,0.14,
05:10:30,76458.01,76459.9,-0.2,0.13,
05:10:45,76458.0,76459.8,-0.2,0.13,
05:10:57,76458.01,76459.9,-0.2,0.13,
05:10:57,76458.01,76459.9,-0.2,0.13,
05:11:00,76458.01,76459.9,-0.2,0.12,
05:11:15,76458.0,76459.9,-0.2,0.13,
05:11:15,76458.0,76459.9,-0.2,0.13,
05:11:27,76458.01,76459.9,-0.2,0.15,
05:11:27,76458.01,76459.8,-0.2,0.24,
05:11:30,76458.01,76459.9,-0.2,0.12,
05:11:30,76458.01,76459.9,-0.2,0.12,
05:11:45,76458.0,76459.8,-0.2,0.12,
05:11:45,76458.0,76459.8,-0.2,0.12,
05:11:57,76458.01,76459.9,-0.2,0.14,
05:11:57,76458.01,76459.8,-0.2,0.14,
05:12:00,76458.0,76459.8,-0.2,0.13,
05:12:00,76458.0,76459.9,-0.2,0.13,
05:12:15,76462.55,76452.2,1.4,0.13,
05:12:15,76462.55,76465.9,-0.4,0.13,
05:12:27,76464.36,76468.3,-0.5,0.13,
05:12:27,76464.36,76468.3,-0.5,0.13,
05:12:30,76464.35,76468.3,-0.5,0.13,
05:12:45,76464.35,76468.3,-0.5,0.13,
05:12:45,76464.35,76468.3,-0.5,0.13,
05:12:57,76464.35,76468.3,-0.5,0.12,
05:12:57,76464.35,76468.3,-0.5,0.12,
05:13:00,76464.35,76468.3,-0.5,0.12,
05:13:00,76464.35,76468.3,-0.5,0.13,
05:13:15,76480.72,76479.9,0.1,0.11,
05:13:15,76480.72,76479.9,0.1,0.13,
05:13:27,76489.72,76489.4,0.0,0.13,

05:13:30,76489.72,76491.0,-0.2,0.13,
05:14:10,76489.58,76491.0,-0.2,0.24,
05:14:11,76489.57,76490.9,-0.2,0.17,
05:14:11,76489.57,76491.0,-0.2,0.17,
05:14:12,76489.57,76490.9,-0.2,0.12,
05:14:12,76489.57,76490.9,-0.2,0.12,
05:14:27,76493.46,76499.2,-0.8,0.12,
05:14:27,76493.46,76499.2,-0.8,0.12,
05:14:27,76494.41,76499.2,-0.6,0.12,
05:14:27,76494.41,76499.2,-0.6,0.12,
05:14:42,76494.59,76496.0,-0.2,0.13,
05:14:42,76494.59,76496.0,-0.2,0.13,
05:14:57,76494.59,76495.9,-0.2,0.12,
05:14:57,76494.59,76496.0,-0.2,0.13,
05:14:57,76494.59,76496.0,-0.2,0.12,
05:14:57,76494.59,76496.0,-0.2,0.12,
05:15:12,76482.91,76482.1,0.1,0.13,
05:15:12,76482.91,76482.1,0.1,0.13,
05:15:27,76482.52,76482.1,0.1,0.12,
05:15:27,76482.52,76482.0,0.1,0.12,
05:15:27,76482.53,76482.1,0.1,0.12,
05:15:27,76482.53,76482.1,0.1,0.12,
05:15:42,76482.53,76482.0,0.1,0.13,
05:15:42,76482.53,76482.0,0.1,0.13,
05:15:57,76461.84,76459.2,0.3,0.13,
05:15:57,76461.84,76459.2,0.3,0.13,
05:15:57,76461.85,76459.2,0.3,0.18,
05:15:57,76461.85,76459.2,0.3,0.18,
05:16:12,76461.85,76459.4,0.3,0.12,
05:16:12,76461.85,76459.4,0.3,0.13,
05:16:27,76461.84,76462.5,-0.1,0.17,
05:16:27,76461.84,76462.5,-0.1,0.22,
05:16:42,76461.84,76462.7,-0.1,0.13,
05:16:42,76461.84,76462.7,-0.1,0.12,
05:16:57,76450.0,76448.0,0.3,0.13,
05:16:57,76450.0,76448.0,0.3,0.14,
05:16:57,76450.01,76447.9,0.3,0.12,
05:17:12,76450.0,76447.7,0.3,0.13,
05:17:27,76452.41,76451.9,0.1,0.13,
05:17:27,76452.41,76451.9,0.1,0.14,
05:17:27,76452.41,76451.9,0.1,0.13,
05:17:27,76452.41,76452.8,-0.1,0.38,
05:17:42,76452.41,76455.5,-0.4,0.13,
05:17:57,76450.0,76445.8,0.5,0.12,
05:17:57,76450.0,76445.8,0.5,0.23,
05:17:57,76450.0,76445.8,0.5,0.13,
05:17:57,76450.0,76445.8,0.5,0.12,
05:18:12,76448.56,76445.8,0.4,0.13,
05:18:12,76448.56,76445.7,0.4,0.23,
05:18:27,76447.78,76441.8,0.8,0.12,
05:18:27,76447.78,76441.7,0.8,0.13,
05:18:27,76447.78,76441.7,0.8,0.13,
05:18:42,76447.77,76442.5,0.7,0.13,
05:18:42,76447.77,76442.5,0.7,0.13,
05:18:57,76447.78,76444.3,0.5,0.13,
05:18:57,76447.78,76444.3,0.5,0.13,
05:18:57,76447.78,76444.3,0.5,0.13,
05:18:57,76447.78,76444.2,0.5,0.13,
05:19:12,76447.77,76442.6,0.7,0.13,
05:19:12,76447.77,76442.5,0.7,0.13,
05:19:27,76442.61,76435.7,0.9,0.13,
05:19:27,76442.61,76435.7,0.9,0.13,
05:19:27,76442.61,76435.7,0.9,0.13,
05:19:27,76442.61,76435.7,0.9,0.13,
05:19:42,76442.6,76438.4,0.5,0.19,
05:19:42,76442.6,76438.4,0.5,0.19,
05:19:57,76442.6,76441.3,0.2,0.22,
05:19:57,76442.6,76441.3,0.2,0.13,
05:19:57,76442.6,76441.3,0.2,0.13,
05:20:12,76442.6,76441.3,0.2,0.13,
05:20:12,76442.6,76441.3,0.2,0.13,
05:20:27,76448.57,76454.9,-0.8,0.12,
05:20:27,76448.57,76454.9,-0.8,0.12,
05:20:27,76448.57,76454.9,-0.8,0.13,
05:20:27,76448.57,76454.9,-0.8,0.13,
05:21:10,76457.57,76461.4,-0.5,0.13,
05:21:25,76390.76,76391.3,-0.1,0.12,
05:21:27,76390.75,76391.3,-0.1,0.13,
05:21:27,76390.75,76391.2,-0.1,0.13,
05:21:40,76390.76,76391.3,-0.1,0.13,
05:21:40,76390.76,76391.4,-0.1,0.12,
05:21:55,76394.66,76395.1,-0.1,0.12,
05:21:55,76394.66,76395.1,-0.1,0.12,
05:21:57,76394.66,76399.0,-0.6,0.14,
05:21:57,76394.66,76399.0,-0.6,0.14,
05:22:10,76395.83,76399.9,-0.5,0.13,
05:22:10,76395.83,76399.9,-0.5,0.13,
05:22:25,76372.21,76375.1,-0.4,0.12,
05:22:25,76372.21,76375.1,-0.4,0.12,
05:22:27,76372.21,76380.4,-1.1,0.12,
05:22:27,76372.21,76380.4,-1.1,0.12,
05:22:40,76381.67,76381.4,0.0,0.13,
05:22:40,76381.67,76381.4,0.0,0.13,
05:23:16,76373.26,76375.1,-0.2,0.18,
05:23:16,76373.26,76375.1,-0.2,0.19,
05:23:16,76373.26,76375.1,-0.2,0.19,
05:23:16,76373.26,76375.0,-0.2,0.14,
05:23:16,76373.26,76375.1,-0.2,0.14,
05:23:27,76373.26,76373.5,-0.0,0.13,
05:23:31,76370.13,76369.6,0.1,0.13,
05:23:31,76370.13,76369.5,0.1,0.14,
05:23:46,76378.32,76377.4,0.1,0.14,
05:24:28,76384.51,76388.2,-0.5,0.18,
05:24:28,76384.51,76388.1,-0.5,0.18,
05:24:28,76384.52,76388.1,-0.5,0.13,
05:24:28,76384.52,76388.1,-0.5,0.16,
05:24:43,76384.52,76388.2,-0.5,0.21,
05:24:57,76384.52,76388.3,-0.5,0.13,
05:24:58,76384.52,76388.3,-0.5,0.13,
05:24:58,76384.52,76388.2,-0.5,0.13,
05:25:13,76396.73,76401.3,-0.6,0.13,
05:25:13,76396.73,76401.3,-0.6,0.23,
05:25:27,76396.74,76402.5,-0.8,0.12,
05:25:27,76396.74,76402.5,-0.8,0.12,
05:25:28,76396.74,76402.4,-0.7,0.14,
05:25:28,76396.74,76402.4,-0.7,0.13,
05:25:43,76396.73,76402.4,-0.7,0.12,
05:25:43,76396.73,76402.4,-0.7,0.12,
05:25:57,76396.73,76387.5,1.2,0.13,
05:25:57,76396.73,76387.5,1.2,0.13,
05:25:58,76396.73,76387.5,1.2,0.13,
05:26:13,76396.74,76393.2,0.5,0.11,
05:26:13,76396.74,76393.2,0.5,0.13,
05:26:27,76396.73,76397.3,-0.1,0.13,
05:26:27,76396.73,76397.3,-0.1,0.13,
05:26:28,76396.74,76397.3,-0.1,0.13,
05:26:28,76396.74,76397.3,-0.1,0.12,
05:26:43,76394.83,76391.2,0.5,0.13,
05:26:43,76394.83,76391.2,0.5,0.13,
05:26:57,76393.89,76391.3,0.3,0.13,
05:26:57,76393.89,76391.3,0.3,0.13,
05:26:58,76393.89,76391.3,0.3,0.13,
05:26:58,76393.89,76391.2,0.4,0.13,
05:27:13,76393.89,76391.2,0.4,0.13,
05:27:13,76393.89,76391.3,0.3,0.23,
05:27:27,76393.89,76391.2,0.4,0.12,
05:27:27,76393.89,76391.2,0.4,0.12,
05:27:28,76393.88,76391.3,0.3,0.13,
05:27:28,76393.88,76391.3,0.3,0.13,
05:27:43,76393.89,76391.3,0.3,0.13,
05:27:43,76393.89,76391.3,0.3,0.13,
05:27:57,76393.88,76391.3,0.3,0.13,
05:27:57,76393.88,76391.3,0.3,0.13,
05:27:58,76393.88,76391.3,0.3,0.12,
05:27:58,76393.88,76391.2,0.4,0.12,
05:28:13,76363.61,76364.8,-0.2,0.12,
05:28:13,76363.6,76364.7,-0.1,0.22,
05:28:27,76352.0,76350.6,0.2,0.14,
05:28:27,76352.0,76353.6,-0.2,0.13,
05:28:28,76352.01,76350.6,0.2,0.13,
05:28:28,76352.01,76350.6,0.2,0.13,
05:28:43,76343.88,76341.9,0.3,0.14,
05:28:43,76343.88,76341.9,0.3,0.14,
05:28:57,76337.11,76337.6,-0.1,0.12,
05:28:57,76337.11,76337.7,-0.1,0.12,
05:28:58,76337.1,76337.6,-0.1,0.13,
05:28:58,76337.1,76337.6,-0.1,0.15,
05:29:13,76337.11,76337.6,-0.1,0.12,
05:29:13,76337.11,76337.6,-0.1,0.12,
05:29:27,76337.11,76337.7,-0.1,0.13,
05:29:27,76337.11,76337.7,-0.1,0.13,
05:29:28,76337.11,76337.7,-0.1,0.13,
05:29:43,76323.04,76329.6,-0.9,0.19,
05:29:43,76323.04,76329.6,-0.9,0.19,
05:29:57,76329.29,76333.5,-0.6,0.13,
05:29:57,76329.29,76333.5,-0.6,0.13,
05:29:58,76329.29,76333.5,-0.6,0.12,
05:29:58,76329.29,76333.5,-0.6,0.12,
05:30:13,76337.51,76337.6,-0.0,0.13,
05:30:13,76337.51,76337.6,-0.0,0.13,
05:30:27,76344.29,76345.5,-0.2,0.14,
05:30:27,76344.29,76345.6,-0.2,0.14,
05:30:28,76344.29,76346.5,-0.3,0.13,
05:30:43,76359.73,76357.4,0.3,0.12,
05:30:43,76359.73,76357.4,0.3,0.12,
05:30:57,76359.73,76365.4,-0.7,0.14,
05:30:58,76359.74,76365.4,-0.7,0.14,
05:30:58,76359.74,76365.4,-0.7,0.14,
05:31:13,76359.74,76369.1,-1.2,0.14,
05:31:13,76359.74,76369.1,-1.2,0.13,
05:31:27,76359.73,76369.2,-1.2,0.12,
05:31:27,76359.73,76369.1,-1.2,0.13,
05:31:28,76359.74,76369.1,-1.2,0.13,
05:31:28,76359.74,76369.1,-1.2,0.13,
05:31:43,76359.74,76365.9,-0.8,0.12,
05:31:43,76359.74,76365.9,-0.8,0.13,
05:31:57,76359.74,76366.0,-0.8,0.12,
05:31:57,76359.74,76366.0,-0.8,0.12,
05:31:58,76359.74,76366.0,-0.8,0.13,
05:31:58,76359.74,76366.0,-0.8,0.13,
05:32:13,76359.74,76366.0,-0.8,0.14,
05:32:13,76359.74,76365.9,-0.8,0.13,
05:32:27,76359.74,76364.9,-0.7,0.12,
05:32:27,76359.74,76365.0,-0.7,0.12,
05:32:28,76359.75,76364.9,-0.7,0.13,
05:32:43,76374.0,76369.4,0.6,0.14,
05:32:43,76374.0,76369.4,0.6,0.14,
05:32:57,76374.0,76377.2,-0.4,0.14,
05:32:58,76373.99,76377.2,-0.4,0.13,
05:32:58,76373.99,76377.2,-0.4,0.14,
05:33:13,76375.99,76377.4,-0.2,0.14,
05:33:13,76375.99,76377.4,-0.2,0.14,
05:33:27,76381.87,76389.4,-1.0,0.13,
05:33:27,76381.87,76389.5,-1.0,0.14,
05:33:28,76381.87,76389.5,-1.0,0.13,
05:33:28,76381.87,76389.5,-1.0,0.13,
05:33:43,76394.77,76394.3,0.1,0.13,
05:33:43,76394.77,76394.3,0.1,0.16,
05:33:57,76394.77,76405.4,-1.4,0.13,
05:33:57,76394.77,76405.3,-1.4,0.13,
05:33:58,76394.77,76405.3,-1.4,0.14,
05:33:58,76394.77,76405.4,-1.4,0.13,
05:34:13,76402.92,76411.6,-1.1,0.12,
05:34:13,76402.92,76413.2,-1.3,0.12,
05:34:27,76412.77,76413.8,-0.1,0.13,
05:34:28,76412.77,76417.3,-0.6,0.13,
05:34:28,76412.77,76413.8,-0.1,0.13,
05:34:43,76417.87,76422.2,-0.6,0.13,
05:34:43,76417.87,76422.1,-0.6,0.14,
05:34:57,76417.88,76422.1,-0.6,0.11,
05:34:57,76417.88,76422.1,-0.6,0.12,
05:34:58,76417.88,76422.1,-0.6,0.13,
05:34:58,76417.88,76422.1,-0.6,0.13,
05:35:13,76427.96,76425.4,0.3,0.13,
05:35:13,76427.96,76425.4,0.3,0.12,
05:35:27,76427.95,76433.3,-0.7,0.13,
05:35:27,76427.95,76433.3,-0.7,0.14,
05:35:28,76427.95,76433.3,-0.7,0.13,
05:35:28,76427.95,76433.2,-0.7,0.13,
05:35:43,76437.05,76433.4,0.5,0.13,
05:35:43,76437.05,76433.4,0.5,0.13,
05:35:57,76441.38,76444.7,-0.4,0.13,
05:35:57,76441.38,76444.7,-0.4,0.12,
05:35:58,76441.39,76444.7,-0.4,0.13,
05:35:58,76441.39,76444.6,-0.4,0.13,
05:36:13,76447.77,76445.3,0.3,0.13,
05:36:13,76447.77,76445.3,0.3,0.14,
05:36:27,76447.77,76455.1,-1.0,0.14,
05:36:27,76447.77,76455.1,-1.0,0.14,
05:36:28,76447.77,76455.2,-1.0,0.12,
05:36:28,76447.76,76455.2,-1.0,0.13,
05:36:43,76443.12,76441.5,0.2,0.13,
05:36:57,76443.11,76445.3,-0.3,0.13,
05:36:57,76443.11,76445.3,-0.3,0.14,
05:36:58,76443.12,76445.3,-0.3,0.12,
05:36:58,76443.12,76445.3,-0.3,0.13,
05:37:13,76445.08,76449.3,-0.6,0.24,
05:37:13,76445.08,76449.3,-0.6,0.24,
05:37:27,76445.08,76449.2,-0.5,0.12,
05:37:27,76445.08,76449.2,-0.5,0.12,
05:37:28,76445.08,76449.3,-0.6,0.13,
05:37:28,76445.07,76449.2,-0.5,0.15,
05:37:43,76445.07,76443.3,0.2,0.13,
05:37:43,76445.07,76443.3,0.2,0.14,
05:37:57,76445.07,76448.5,-0.4,0.13,
05:37:58,76445.08,76448.5,-0.4,0.12,
05:37:58,76445.08,76448.5,-0.4,0.12,
05:38:13,76451.48,76449.4,0.3,0.12,
05:38:13,76451.48,76449.5,0.3,0.12,
05:38:27,76451.48,76449.5,0.3,0.13,
05:38:27,76451.48,76449.5,0.3,0.13,
05:38:28,76451.48,76449.5,0.3,0.13,
05:38:28,76451.48,76449.5,0.3,0.13,
05:38:43,76451.48,76449.5,0.3,0.13,
05:38:43,76451.48,76449.5,0.3,0.13,
05:39:40,76421.45,76421.9,-0.1,0.13,
05:39:55,76421.45,76421.9,-0.1,0.13,
05:39:55,76421.45,76421.9,-0.1,0.13,
05:39:55,76421.45,76421.9,-0.1,0.13,
05:40:10,76421.45,76421.6,-0.0,0.11,
05:40:10,76421.45,76421.7,-0.0,0.13,
05:40:25,76421.45,76421.7,-0.0,0.22,
05:40:25,76421.45,76421.6,-0.0,0.22,
05:40:25,76421.45,76421.7,-0.0,0.22,
05:40:25,76421.45,76421.7,-0.0,0.22,
05:40:40,76421.45,76421.6,-0.0,0.14,
05:40:40,76421.45,76421.6,-0.0,0.14,
05:40:55,76421.46,76421.7,-0.0,0.14,
05:40:55,76421.46,76421.7,-0.0,0.14,
05:40:55,76421.46,76421.8,-0.0,0.14,
05:40:55,76421.46,76421.8,-0.0,0.14,
05:41:10,76421.45,76421.7,-0.0,0.11,
05:41:10,76421.45,76421.8,-0.0,0.12,
05:41:25,76423.73,76427.8,-0.5,0.13,
05:41:25,76423.73,76427.8,-0.5,0.13,
05:41:25,76423.73,76427.8,-0.5,0.24,
05:41:40,76435.75,76429.4,0.8,0.24,
05:41:40,76435.75,76429.4,0.8,0.24,
05:41:55,76435.75,76432.9,0.4,0.13,
05:41:55,76435.75,76433.0,0.4,0.12,
05:41:55,76435.75,76432.9,0.4,0.12,
05:42:10,76435.76,76435.9,-0.0,0.13,
05:42:10,76435.76,76435.8,-0.0,0.13,
05:42:25,76438.45,76440.2,-0.2,0.14,
05:42:25,76438.45,76440.2,-0.2,0.13,
05:42:25,76438.45,76440.2,-0.2,0.13,
05:42:25,76438.45,76440.2,-0.2,0.23,
05:42:40,76438.45,76440.2,-0.2,0.12,
05:42:40,76438.45,76440.2,-0.2,0.12,
05:42:55,76438.45,76440.3,-0.2,0.12,
05:42:55,76438.45,76440.3,-0.2,0.13,
05:42:55,76438.45,76440.3,-0.2,0.12,
05:42:55,76438.45,76440.3,-0.2,0.13,
05:43:43,76418.15,76419.9,-0.2,0.17,
05:43:43,76418.15,76420.0,-0.2,0.19,
05:43:55,76410.03,76413.4,-0.4,0.13,
05:43:55,76410.03,76413.4,-0.4,0.13,
05:43:55,76410.03,76413.3,-0.4,0.14,
05:43:55,76410.03,76413.3,-0.4,0.14,
05:44:10,76411.02,76413.2,-0.3,0.22,
05:44:10,76411.02,76413.2,-0.3,0.22,
05:44:25,76401.92,76407.7,-0.8,0.14,
05:44:25,76401.92,76407.7,-0.8,0.14,
05:44:25,76401.92,76407.8,-0.8,0.13,
05:44:25,76401.92,76407.8,-0.8,0.13,
05:44:40,76400.06,76397.0,0.4,0.13,
05:44:40,76400.06,76397.0,0.4,0.13,
05:44:55,76390.56,76391.3,-0.1,0.14,
05:44:55,76390.55,76391.3,-0.1,0.13,
05:44:55,76390.55,76391.3,-0.1,0.13,
05:44:55,76390.55,76391.3,-0.1,0.13,
05:45:10,76389.83,76390.7,-0.1,0.14,
05:45:10,76389.83,76390.6,-0.1,0.14,
05:45:25,76386.87,76387.0,-0.0,0.14,
05:45:25,76386.87,76387.0,-0.0,0.12,
05:45:25,76386.87,76387.0,-0.0,0.12,
05:45:40,76385.01,76385.0,0.0,0.14,
05:45:40,76385.01,76385.0,0.0,0.13,
05:45:55,76365.01,76368.0,-0.4,0.14,
05:45:55,76365.01,76368.0,-0.4,0.14,
05:45:55,76365.01,76368.0,-0.4,0.12,
05:46:10,76356.65,76362.3,-0.7,0.14,
05:46:10,76356.65,76362.3,-0.7,0.14,
05:46:25,76352.01,76356.5,-0.6,0.14,
05:46:25,76352.01,76356.6,-0.6,0.14,
05:46:25,76352.0,76356.6,-0.6,0.14,
05:46:25,76352.0,76356.5,-0.6,0.14,
05:46:40,76317.42,76327.8,-1.4,0.13,
05:46:40,76317.42,76327.8,-1.4,0.13,
05:46:55,76352.0,76350.9,0.1,0.13,
05:46:55,76352.0,76350.9,0.1,0.13,
05:46:55,76352.0,76350.9,0.1,0.13,
05:46:55,76352.0,76350.9,0.1,0.12,
05:47:10,76339.92,76345.3,-0.7,0.14,
05:47:10,76339.92,76345.3,-0.7,0.14,
05:47:25,76321.03,76322.6,-0.2,0.14,
05:47:25,76321.03,76322.6,-0.2,0.14,
05:47:25,76321.03,76322.6,-0.2,0.14,
05:47:25,76321.03,76322.6,-0.2,0.14,
05:47:40,76334.99,76337.8,-0.4,0.14,
05:47:40,76334.99,76337.8,-0.4,0.14,
05:47:55,76315.02,76325.7,-1.4,0.14,
05:47:55,76315.02,76325.7,-1.4,0.14,
05:47:55,76315.02,76322.6,-1.0,0.14,
05:47:55,76315.02,76325.7,-1.4,0.14,
05:48:10,76331.99,76339.5,-1.0,0.13,
05:48:10,76331.99,76339.5,-1.0,0.14,
05:48:25,76306.72,76306.7,0.0,0.13,
05:48:25,76306.72,76306.7,0.0,0.13,
05:48:25,76306.72,76306.7,0.0,0.13,
05:48:25,76306.72,76306.7,0.0,0.13,
05:48:40,76297.01,76299.8,-0.4,0.13,
05:48:55,76302.31,76294.7,1.0,0.13,
05:48:55,76302.31,76294.7,1.0,0.13,
05:48:55,76302.31,76294.7,1.0,0.16,
05:48:55,76302.31,76294.7,1.0,0.16,
05:49:10,76324.79,76322.5,0.3,0.13,
05:49:10,76324.79,76322.5,0.3,0.13,
05:49:25,76326.8,76328.1,-0.2,0.13,
05:49:25,76326.8,76328.1,-0.2,0.12,
05:49:25,76326.8,76328.1,-0.2,0.13,
05:49:25,76326.8,76328.1,-0.2,0.23,
05:49:40,76326.79,76328.2,-0.2,0.22,
05:49:40,76326.79,76328.2,-0.2,0.22,
05:49:55,76326.8,76323.8,0.4,0.13,
05:49:55,76326.8,76323.8,0.4,0.13,
05:49:55,76326.8,76323.8,0.4,0.13,
05:49:55,76326.8,76323.7,0.4,0.12,
05:50:10,76326.79,76327.9,-0.1,0.14,
05:50:10,76326.79,76327.9,-0.1,0.14,
05:50:25,76326.8,76328.1,-0.2,0.12,
05:50:25,76326.8,76328.1,-0.2,0.14,
05:50:25,76326.8,76328.2,-0.2,0.13,
05:50:25,76326.8,76328.2,-0.2,0.14,
05:50:40,76336.81,76333.9,0.4,0.14,
05:50:40,76336.81,76333.9,0.4,0.13,
05:50:55,76340.74,76344.9,-0.5,0.12,
05:50:55,76340.74,76344.9,-0.5,0.12,
05:50:55,76340.74,76344.9,-0.5,0.13,
05:50:55,76340.74,76344.9,-0.5,0.13,
05:51:10,76340.73,76348.4,-1.0,0.14,
05:51:10,76340.73,76348.4,-1.0,0.14,
05:51:25,76345.75,76348.5,-0.4,0.13,
05:51:25,76345.75,76348.5,-0.4,0.13,
05:51:25,76345.75,76348.5,-0.4,0.23,
05:51:40,76338.75,76348.3,-1.3,0.13,
05:51:55,76333.65,76339.7,-0.8,0.14,
05:51:55,76333.65,76339.7,-0.8,0.14,
05:51:55,76333.65,76339.6,-0.8,0.14,
05:52:10,76328.0,76334.0,-0.8,0.14,
05:52:10,76328.0,76334.0,-0.8,0.14,
05:52:45,76299.08,76305.6,-0.9,0.19,
05:52:45,76299.08,76305.6,-0.9,0.18,
05:52:45,76299.08,76305.6,-0.9,0.18,
05:52:45,76299.08,76305.6,-0.9,0.18,
05:52:46,76299.08,76305.6,-0.9,0.13,
05:52:46,76299.08,76305.6,-0.9,0.14,
05:52:55,76268.1,76277.8,-1.3,0.13,
05:53:01,76268.1,76277.8,-1.3,0.14,
05:53:01,76268.1,76277.8,-1.3,0.13,
05:53:16,76277.08,76284.6,-1.0,0.14,
05:53:16,76277.08,76284.6,-1.0,0.14,
05:53:25,76288.94,76288.6,0.0,0.23,
05:53:25,76288.94,76288.6,0.0,0.33,
05:53:31,76308.41,76305.5,0.4,0.13,
05:53:31,76308.41,76305.5,0.4,0.14,
05:53:46,76307.39,76305.7,0.2,0.19,
05:53:46,76307.39,76305.7,0.2,0.18,
05:53:55,76295.62,76305.6,-1.3,0.13,
05:53:55,76295.62,76305.6,-1.3,0.13,
05:54:01,76295.63,76299.9,-0.6,0.14,
05:54:16,76285.53,76288.6,-0.4,0.14,
05:54:16,76285.53,76283.0,0.3,0.14,
05:54:25,76275.98,76283.0,-0.9,0.23,
05:54:25,76275.98,76283.0,-0.9,0.24,
05:54:31,76275.97,76284.0,-1.1,0.12,
05:54:31,76275.97,76284.1,-1.1,0.13,
05:54:46,76262.92,76265.7,-0.4,0.13,
05:54:55,76240.79,76247.2,-0.8,0.13,
05:54:55,76240.79,76247.3,-0.9,0.14,
05:55:01,76248.5,76253.3,-0.6,0.14,
05:55:01,76248.5,76253.3,-0.6,0.13,
05:55:16,76254.99,76253.4,0.2,0.23,
05:55:16,76254.99,76253.4,0.2,0.23,
05:55:25,76267.54,76265.9,0.2,0.22,
05:55:25,76267.54,76264.3,0.4,0.24,
05:55:31,76271.57,76269.5,0.3,0.14,
05:55:31,76271.57,76271.5,0.0,0.14,
05:55:46,76280.0,76282.7,-0.4,0.14,
05:55:46,76280.0,76282.7,-0.4,0.14,
05:55:55,76279.99,76282.7,-0.4,0.13,
05:55:55,76279.99,76282.7,-0.4,0.13,
05:56:01,76279.99,76282.6,-0.3,0.14,
05:56:01,76279.99,76282.7,-0.4,0.14,
05:56:16,76280.0,76282.6,-0.3,0.14,
05:56:16,76280.0,76282.6,-0.3,0.14,
05:56:25,76280.0,76282.7,-0.4,0.14,
05:56:25,76280.0,76282.7,-0.4,0.13,
05:56:31,76280.0,76282.6,-0.3,0.14,
05:56:31,76280.0,76282.7,-0.4,0.13,
05:56:46,76279.99,76279.3,0.1,0.13,
05:56:46,76279.99,76279.3,0.1,0.13,
05:56:55,76276.91,76282.9,-0.8,0.13,
05:57:01,76276.9,76282.8,-0.8,0.14,
05:57:01,76276.9,76282.8,-0.8,0.13,
05:57:16,76267.39,76273.8,-0.8,0.14,
05:57:16,76267.39,76273.8,-0.8,0.14,
05:57:25,76267.38,76272.2,-0.6,0.14,
05:57:25,76267.38,76272.2,-0.6,0.14,
05:57:31,76267.39,76272.3,-0.6,0.14,
05:57:31,76267.39,76272.3,-0.6,0.14,
05:57:46,76265.0,76271.6,-0.9,0.13,
05:57:46,76265.0,76271.6,-0.9,0.13,
05:57:55,76265.01,76266.1,-0.1,0.14,
05:57:55,76265.01,76266.1,-0.1,0.13,
05:58:01,76265.0,76266.0,-0.1,0.14,
05:58:01,76265.0,76266.0,-0.1,0.14,
05:58:16,76265.01,76266.9,-0.2,0.13,
05:58:16,76265.01,76266.9,-0.2,0.13,
05:58:25,76265.0,76266.9,-0.2,0.15,
05:58:31,76265.01,76267.0,-0.3,0.12,
05:58:31,76265.01,76267.0,-0.3,0.12,
05:58:46,76265.01,76266.9,-0.2,0.14,
05:58:46,76265.01,76266.9,-0.2,0.14,
05:58:55,76265.0,76267.0,-0.3,0.29,
05:59:01,76265.0,76267.0,-0.3,0.14,
05:59:16,76281.86,76278.0,0.5,0.12,
05:59:16,76281.86,76278.0,0.5,0.13,
05:59:25,76281.86,76279.7,0.3,0.13,
05:59:25,76281.86,76279.6,0.3,0.14,
05:59:31,76281.85,76279.6,0.3,0.13,
05:59:31,76281.85,76279.6,0.3,0.13,
05:59:46,76285.59,76288.6,-0.4,0.15,
05:59:46,76285.59,76288.6,-0.4,0.15,
05:59:55,76241.78,76243.8,-0.3,0.13,
05:59:55,76241.78,76243.8,-0.3,0.13,
06:00:01,76259.88,76243.7,2.1,0.21,
06:00:16,76271.39,76271.6,-0.0,0.13,
06:00:16,76271.39,76271.6,-0.0,0.13,
06:00:25,76290.68,76288.6,0.3,0.14,
06:00:25,76290.68,76288.6,0.3,0.14,
06:00:31,76278.93,76285.6,-0.9,0.13,
06:00:31,76278.93,76285.6,-0.9,0.14,
06:00:46,76300.0,76299.6,0.1,0.13,
06:00:46,76300.0,76299.6,0.1,0.25,
06:00:55,76299.99,76299.7,0.0,0.23,
06:00:55,76299.99,76299.7,0.0,0.22,
06:01:01,76299.99,76299.8,0.0,0.13,
06:01:01,76299.99,76299.8,0.0,0.13,
06:01:16,76300.0,76299.9,0.0,0.13,
06:01:16,76300.0,76299.9,0.0,0.13,
06:01:25,76311.46,76311.1,0.0,0.13,
06:01:25,76311.46,76311.1,0.0,0.13,
06:01:31,76310.97,76311.1,-0.0,0.12,
06:01:31,76310.97,76311.1,-0.0,0.13,
06:01:46,76298.33,76294.3,0.5,0.14,
06:01:46,76298.33,76294.3,0.5,0.13,
06:01:55,76292.79,76294.2,-0.2,0.13,
06:01:55,76292.79,76294.2,-0.2,0.14,
06:02:01,76292.8,76296.5,-0.5,0.14,
06:02:01,76292.8,76296.5,-0.5,0.14,
06:02:16,76307.65,76315.4,-1.0,0.14,
06:02:25,76307.6,76305.7,0.2,0.14,
06:02:25,76307.6,76315.1,-1.0,0.14,
06:02:31,76306.45,76312.1,-0.7,0.12,
06:02:31,76306.45,76312.1,-0.7,0.13,
06:02:46,76306.45,76308.1,-0.2,0.23,
06:02:46,76306.45,76308.1,-0.2,0.23,
06:02:55,76306.45,76308.1,-0.2,0.13,
06:02:55,76306.45,76308.1,-0.2,0.13,
06:03:01,76306.45,76308.2,-0.2,0.14,
06:03:01,76306.45,76308.2,-0.2,0.23,
06:03:16,76286.32,76288.7,-0.3,0.13,
06:03:16,76286.32,76288.7,-0.3,0.12,
06:03:25,76286.31,76288.7,-0.3,0.14,
06:03:25,76286.31,76288.7,-0.3,0.14,
06:03:31,76272.01,76277.4,-0.7,0.15,
06:03:31,76272.01,76277.4,-0.7,0.15,
06:03:46,76269.54,76276.0,-0.8,0.12,
06:03:46,76269.54,76276.0,-0.8,0.14,
06:03:55,76258.7,76260.4,-0.2,0.13,
06:03:55,76258.7,76260.4,-0.2,0.13,
06:04:01,76267.01,76271.5,-0.6,0.13,
06:04:01,76267.01,76260.3,0.9,0.13,
06:04:16,76271.66,76271.6,0.0,0.13,
06:04:16,76271.66,76271.6,0.0,0.13,
06:04:57,76278.0,76281.5,-0.5,0.18,
06:04:57,76278.0,76281.5,-0.5,0.18,
06:04:57,76278.0,76281.6,-0.5,0.13,
06:04:57,76278.0,76281.5,-0.5,0.13,
06:05:12,76293.02,76288.5,0.6,0.13,
06:05:12,76293.02,76288.5,0.6,0.12,
06:05:25,76288.55,76288.5,0.0,0.13,
06:05:25,76288.55,76288.6,-0.0,0.13,
06:05:27,76288.56,76288.6,-0.0,0.12,
06:05:27,76288.56,76288.6,-0.0,0.12,
06:05:42,76306.13,76305.5,0.1,0.13,
06:05:42,76306.13,76305.5,0.1,0.13,
06:05:55,76308.41,76311.0,-0.3,0.12,
06:05:55,76308.41,76311.0,-0.3,0.13,
06:05:57,76308.41,76311.1,-0.4,0.14,
06:05:57,76308.41,76311.1,-0.4,0.14,
06:06:12,76325.83,76322.6,0.4,0.13,
06:06:12,76325.83,76322.6,0.4,0.13,
06:07:10,76336.05,76328.3,1.0,0.12,
06:07:10,76336.05,76328.3,1.0,0.14,
06:07:25,76350.0,76350.9,-0.1,0.12,
06:07:25,76350.0,76350.9,-0.1,0.12,
06:07:25,76350.0,76350.8,-0.1,0.13,
06:07:25,76350.0,76350.8,-0.1,0.12,
06:07:40,76340.21,76339.7,0.1,0.13,
06:07:40,76340.21,76339.7,0.1,0.13,
06:07:55,76340.21,76339.6,0.1,0.13,
06:07:55,76340.21,76339.6,0.1,0.13,
06:07:55,76340.21,76339.6,0.1,0.13,
06:07:55,76340.21,76339.6,0.1,0.13,
06:08:10,76340.2,76339.7,0.1,0.14,
06:08:10,76340.2,76339.7,0.1,0.13,
06:08:25,76340.21,76339.7,0.1,0.13,
06:08:25,76340.21,76339.7,0.1,0.13,
06:08:25,76340.21,76339.7,0.1,0.13,
06:08:25,76340.21,76339.7,0.1,0.14,
06:08:40,76349.99,76344.8,0.7,0.12,
06:08:55,76353.42,76356.5,-0.4,0.13,
06:08:55,76353.42,76356.5,-0.4,0.13,
06:08:55,76353.42,76356.5,-0.4,0.13,
06:09:10,76356.86,76351.0,0.8,0.12,
06:09:10,76356.86,76351.0,0.8,0.13,
06:09:25,76346.5,76339.6,0.9,0.13,
06:09:25,76346.5,76339.6,0.9,0.13,
06:09:25,76346.5,76339.6,0.9,0.13,
06:09:25,76346.5,76339.6,0.9,0.13,
06:10:05,76318.53,76311.4,0.9,0.13,
06:10:05,76318.53,76311.4,0.9,0.13,
06:10:05,76318.53,76311.4,0.9,0.18,
06:10:05,76318.53,76313.2,0.7,0.18,
06:10:05,76318.53,76311.4,0.9,0.12,
06:10:05,76318.53,76311.4,0.9,0.12,
06:10:20,76316.72,76317.2,-0.1,0.12,
06:10:20,76316.72,76317.2,-0.1,0.14,
06:10:25,76316.72,76317.2,-0.1,0.14,
06:10:25,76316.72,76317.2,-0.1,0.14,
06:10:35,76312.45,76311.3,0.2,0.14,
06:10:50,76323.18,76316.8,0.8,0.12,
06:10:50,76323.18,76316.8,0.8,0.12,
06:10:55,76323.17,76330.2,-0.9,0.14,
06:10:55,76323.17,76330.2,-0.9,0.13,
06:11:05,76323.18,76331.7,-1.1,0.13,
06:11:05,76323.18,76331.7,-1.1,0.13,
06:11:20,76323.17,76330.1,-0.9,0.13,
06:11:20,76323.17,76330.1,-0.9,0.13,
06:11:25,76323.17,76330.1,-0.9,0.14,
06:11:25,76323.17,76330.1,-0.9,0.13,
06:11:35,76329.99,76336.3,-0.8,0.13,
06:11:35,76329.99,76336.3,-0.8,0.13,
06:11:50,76329.99,76336.3,-0.8,0.13,
06:11:50,76329.99,76336.3,-0.8,0.2,
06:11:55,76334.79,76337.8,-0.4,0.13,
06:11:55,76334.79,76337.8,-0.4,0.13,
06:12:05,76343.13,76337.9,0.7,0.12,
06:12:20,76352.81,76345.8,0.9,0.12,
06:12:20,76352.81,76345.8,0.9,0.13,
06:12:25,76352.81,76345.9,0.9,0.13,
06:12:25,76352.81,76345.9,0.9,0.14,
06:12:35,76352.81,76347.7,0.7,0.13,
06:12:35,76352.81,76347.7,0.7,0.15,
06:12:50,76354.2,76353.9,0.0,0.13,
06:12:55,76354.21,76359.8,-0.7,0.11,
06:12:55,76354.21,76359.8,-0.7,0.12,
06:13:05,76361.25,76361.8,-0.1,0.14,
06:13:20,76355.0,76351.5,0.5,0.12,
06:13:20,76355.0,76351.6,0.4,0.13,
06:13:25,76355.0,76351.5,0.5,0.13,
06:13:25,76355.0,76351.5,0.5,0.13,
06:13:35,76352.0,76351.6,0.1,0.12,
06:13:35,76352.0,76351.6,0.1,0.12,
06:13:50,76352.01,76354.6,-0.3,0.14,
06:13:50,76352.01,76354.6,-0.3,0.13,
06:13:55,76352.0,76354.6,-0.3,0.13,
06:13:55,76352.0,76354.5,-0.3,0.13,
06:14:05,76352.0,76354.5,-0.3,0.13,
06:14:05,76352.0,76354.5,-0.3,0.13,
06:14:20,76352.01,76354.5,-0.3,0.13,
06:14:20,76352.01,76354.5,-0.3,0.13,
06:14:25,76360.0,76379.3,-2.5,0.13,
06:14:25,76360.0,76354.5,0.7,0.13,
06:14:35,76366.78,76372.0,-0.7,0.12,
06:14:35,76366.78,76372.0,-0.7,0.12,
06:14:50,76366.78,76364.9,0.2,0.13,
06:14:50,76366.78,76364.9,0.2,0.13,
06:14:55,76366.79,76371.6,-0.6,0.13,
06:14:55,76366.79,76371.5,-0.6,0.13,
06:15:05,76366.79,76368.4,-0.2,0.13,
06:15:05,76366.79,76368.4,-0.2,0.13,
06:15:20,76366.2,76362.0,0.6,0.12,
06:15:20,76366.2,76362.0,0.6,0.12,
06:15:25,76366.2,76361.9,0.6,0.14,
06:15:25,76366.2,76361.9,0.6,0.13,
06:15:35,76366.19,76361.9,0.6,0.13,
06:15:50,76366.19,76364.6,0.2,0.13,
06:15:50,76366.19,76364.6,0.2,0.13,
06:15:55,76366.19,76369.3,-0.4,0.12,
06:16:05,76366.19,76371.6,-0.7,0.13,
06:16:05,76366.19,76371.6,-0.7,0.13,
06:16:20,76366.2,76371.6,-0.7,0.13,
06:16:20,76366.2,76371.6,-0.7,0.13,
06:16:25,76374.43,76377.9,-0.5,0.13,
06:16:25,76374.43,76377.8,-0.4,0.13,
06:16:35,76375.6,76377.8,-0.3,0.27,
06:16:50,76391.22,76385.8,0.7,0.14,
06:16:50,76391.22,76385.8,0.7,0.13,
06:16:55,76391.23,76385.8,0.7,0.12,
06:16:55,76391.23,76385.8,0.7,0.12,
06:17:05,76388.41,76393.6,-0.7,0.12,
06:17:05,76388.41,76393.6,-0.7,0.13,
06:17:20,76395.01,76399.3,-0.6,0.12,
06:17:20,76395.01,76401.7,-0.9,0.12,
06:17:25,76395.01,76401.8,-0.9,0.13,
06:17:25,76395.01,76401.8,-0.9,0.13,
06:17:35,76395.0,76401.8,-0.9,0.13,
06:17:50,76420.51,76417.8,0.4,0.12,
06:17:50,76420.51,76417.8,0.4,0.12,
06:17:55,76410.0,76407.4,0.3,0.13,
06:17:55,76410.0,76407.4,0.3,0.14,
06:18:05,76416.1,76417.8,-0.2,0.14,
06:18:05,76416.1,76417.8,-0.2,0.14,
06:18:20,76420.52,76425.7,-0.7,0.13,
06:18:25,76420.51,76425.7,-0.7,0.12,
06:18:25,76420.51,76425.7,-0.7,0.12,
06:18:35,76420.51,76425.7,-0.7,0.22,
06:18:35,76420.51,76425.8,-0.7,0.24,
06:18:50,76427.19,76429.7,-0.3,0.14,
06:18:50,76427.19,76429.7,-0.3,0.14,
06:18:55,76427.18,76427.2,-0.0,0.11,
06:18:55,76427.18,76427.2,-0.0,0.13,
06:19:05,76427.18,76427.1,0.0,0.12,
06:19:05,76427.18,76427.1,0.0,0.12,
06:19:20,76409.43,76409.8,-0.0,0.12,
06:19:25,76409.43,76409.9,-0.1,0.12,
06:19:25,76409.43,76409.9,-0.1,0.14,
06:19:35,76409.44,76409.8,-0.0,0.12,
06:19:35,76409.43,76409.8,-0.0,0.23,
06:19:50,76409.44,76409.8,-0.0,0.13,
06:19:50,76409.44,76409.8,-0.0,0.13,
06:19:55,76409.43,76409.9,-0.1,0.13,
06:19:55,76409.43,76409.8,-0.0,0.13,
06:20:05,76393.37,76401.8,-1.1,0.13,
06:20:20,76393.36,76401.9,-1.1,0.14,
06:20:20,76393.36,76401.9,-1.1,0.13,
06:20:25,76393.36,76401.8,-1.1,0.13,
06:20:25,76393.36,76401.8,-1.1,0.14,
06:20:35,76393.37,76401.9,-1.1,0.13,
06:20:35,76393.37,76401.9,-1.1,0.14,
06:20:50,76414.94,76417.7,-0.4,0.13,
06:20:50,76414.94,76417.8,-0.4,0.13,
06:20:55,76414.94,76417.7,-0.4,0.14,
06:20:55,76414.94,76417.8,-0.4,0.14,
06:21:05,76414.94,76417.8,-0.4,0.15,
06:21:05,76414.94,76417.8,-0.4,0.13,
06:21:20,76414.95,76417.7,-0.4,0.13,
06:21:20,76414.95,76417.7,-0.4,0.13,
06:21:25,76414.95,76417.8,-0.4,0.13,
06:21:35,76404.96,76409.8,-0.6,0.23,
06:21:35,76404.96,76409.9,-0.6,0.23,
06:21:50,76404.95,76409.9,-0.6,0.13,
06:21:50,76404.95,76409.9,-0.6,0.13,
06:21:55,76404.94,76409.8,-0.6,0.13,
06:21:55,76404.94,76409.8,-0.6,0.13,
06:22:05,76404.95,76409.9,-0.6,0.13,
06:22:20,76404.95,76409.8,-0.6,0.13,
06:22:25,76404.95,76409.8,-0.6,0.12,
06:22:25,76404.95,76409.8,-0.6,0.12,
06:22:35,76404.95,76409.8,-0.6,0.12,
06:22:35,76404.95,76409.8,-0.6,0.12,
06:22:50,76404.95,76410.0,-0.7,0.13,
06:22:50,76404.95,76410.0,-0.7,0.13,
06:22:55,76404.95,76410.6,-0.7,0.13,
06:22:55,76404.95,76410.6,-0.7,0.12,
06:23:05,76404.95,76401.8,0.4,0.13,
06:23:05,76404.95,76401.8,0.4,0.13,
06:23:20,76404.96,76407.2,-0.3,0.13,
06:23:25,76404.95,76407.3,-0.3,0.13,
06:23:35,76404.95,76407.3,-0.3,0.13,
06:23:35,76404.95,76407.3,-0.3,0.13,
06:23:50,76404.95,76402.2,0.4,0.13,
06:23:50,76404.95,76402.1,0.4,0.13,
06:23:55,76404.95,76402.2,0.4,0.13,
06:23:55,76404.95,76402.1,0.4,0.13,
06:24:05,76404.96,76402.1,0.4,0.12,
06:24:05,76404.96,76402.2,0.4,0.12,
06:24:20,76404.96,76412.0,-0.9,0.12,
06:24:20,76404.96,76412.0,-0.9,0.12,
06:24:25,76407.86,76413.0,-0.7,0.13,
06:24:35,76407.85,76417.5,-1.3,0.13,
06:24:35,76407.85,76417.5,-1.3,0.13,
06:24:50,76408.46,76417.6,-1.2,0.13,
06:24:50,76408.46,76417.6,-1.2,0.13,
06:24:55,76404.95,76417.6,-1.7,0.13,
06:24:55,76404.95,76417.6,-1.7,0.13,
06:25:05,76404.96,76406.0,-0.1,0.14,
06:25:05,76404.96,76406.0,-0.1,0.13,
06:25:20,76404.96,76406.1,-0.1,0.12,
06:25:20,76404.96,76406.1,-0.1,0.14,
06:25:25,76404.95,76407.5,-0.3,0.12,
06:25:25,76404.95,76407.5,-0.3,0.13,
06:25:35,76404.96,76407.6,-0.3,0.13,
06:25:35,76404.96,76407.6,-0.3,0.13,
06:25:50,76404.95,76407.6,-0.3,0.12,
06:25:50,76404.95,76407.6,-0.3,0.12,
06:25:55,76404.96,76409.8,-0.6,0.13,
06:25:55,76404.96,76409.7,-0.6,0.16,
06:26:05,76412.58,76416.7,-0.5,0.13,
06:26:05,76412.58,76416.7,-0.5,0.13,
06:26:20,76414.95,76417.7,-0.4,0.12,
06:26:20,76414.95,76417.7,-0.4,0.12,
06:26:25,76414.95,76417.8,-0.4,0.13,
06:26:35,76414.94,76421.5,-0.9,0.13,
06:26:50,76414.95,76418.2,-0.4,0.13,
06:26:50,76414.95,76418.2,-0.4,0.13,
06:26:55,76414.94,76418.2,-0.4,0.12,
06:26:55,76414.94,76418.1,-0.4,0.12,
06:27:05,76408.81,76409.8,-0.1,0.12,
06:27:05,76408.81,76409.8,-0.1,0.12,
06:27:20,76414.61,76414.9,-0.0,0.12,
06:27:25,76414.95,76423.4,-1.1,0.12,
06:27:25,76414.95,76423.4,-1.1,0.13,
06:27:35,76418.67,76424.0,-0.7,0.13,
06:27:35,76418.67,76424.0,-0.7,0.13,
06:27:50,76419.45,76425.8,-0.8,0.13,
06:27:55,76419.45,76427.6,-1.1,0.13,
06:27:55,76419.45,76427.6,-1.1,0.13,
06:28:05,76419.46,76429.6,-1.3,0.14,
06:28:05,76419.46,76429.6,-1.3,0.13,
06:28:20,76419.46,76429.5,-1.3,0.13,
06:28:25,76419.46,76429.5,-1.3,0.13,
06:28:25,76419.46,76429.5,-1.3,0.13,
06:28:35,76419.45,76429.5,-1.3,0.13,
06:28:35,76419.45,76429.5,-1.3,0.13,
06:28:50,76419.45,76429.5,-1.3,0.13,
06:28:50,76419.45,76429.5,-1.3,0.13,
06:28:55,76419.45,76427.0,-1.0,0.13,
06:29:05,76419.45,76426.9,-1.0,0.11,
06:29:05,76419.45,76426.9,-1.0,0.13,
06:29:20,76424.28,76429.4,-0.7,0.12,
06:29:20,76424.28,76429.4,-0.7,0.13,
06:29:25,76424.28,76429.4,-0.7,0.13,
06:29:25,76424.28,76429.4,-0.7,0.13,
06:29:35,76431.98,76433.7,-0.2,0.12,
06:29:50,76440.0,76444.1,-0.5,0.13,
06:29:55,76440.0,76444.0,-0.5,0.18,
06:30:05,76439.54,76444.0,-0.6,0.13,
06:30:05,76439.54,76444.0,-0.6,0.13,
06:30:20,76439.54,76449.0,-1.2,0.12,
06:30:20,76439.54,76449.0,-1.2,0.12,
06:30:25,76442.02,76449.1,-0.9,0.12,
06:30:25,76442.02,76449.1,-0.9,0.12,
06:30:35,76442.02,76449.1,-0.9,0.12,
06:30:35,76442.02,76449.1,-0.9,0.13,
06:30:50,76442.02,76449.0,-0.9,0.13,
06:30:50,76442.02,76449.0,-0.9,0.13,
06:30:55,76442.02,76449.0,-0.9,0.14,
06:30:55,76442.02,76449.0,-0.9,0.14,
06:31:05,76442.02,76441.9,0.0,0.14,
06:31:05,76442.02,76441.9,0.0,0.13,
06:31:20,76439.54,76444.0,-0.6,0.13,
06:31:20,76439.54,76444.0,-0.6,0.14,
06:31:25,76439.54,76443.9,-0.6,0.13,
06:31:25,76439.54,76443.9,-0.6,0.13,
06:31:35,76439.54,76444.0,-0.6,0.13,
06:31:35,76439.54,76444.0,-0.6,0.13,
06:31:50,76439.53,76443.3,-0.5,0.14,
06:31:55,76439.53,76441.7,-0.3,0.13,
06:31:55,76439.53,76441.7,-0.3,0.23,
06:32:05,76439.54,76444.1,-0.6,0.13,
06:32:05,76439.54,76444.1,-0.6,0.24,
06:32:20,76439.53,76444.1,-0.6,0.13,
06:32:20,76439.53,76444.1,-0.6,0.13,
06:32:25,76439.54,76444.0,-0.6,0.12,
06:32:25,76439.54,76444.0,-0.6,0.12,
06:32:35,76435.32,76436.3,-0.1,0.13,
06:32:35,76435.32,76436.3,-0.1,0.13,
06:32:50,76435.31,76436.3,-0.1,0.12,
06:32:50,76435.31,76436.2,-0.1,0.12,
06:32:55,76435.31,76436.2,-0.1,0.14,
06:32:55,76435.31,76436.2,-0.1,0.14,
06:33:05,76425.01,76427.7,-0.4,0.13,
06:33:05,76425.01,76427.7,-0.4,0.13,
06:33:20,76404.01,76402.0,0.3,0.13,
06:33:20,76404.01,76402.0,0.3,0.13,
06:33:25,76377.61,76381.1,-0.5,0.14,
06:33:25,76377.61,76381.3,-0.5,0.14,
06:33:35,76352.09,76344.7,1.0,0.13,
06:33:35,76352.09,76370.2,-2.4,0.13,
06:34:13,76345.0,76349.6,-0.6,0.18,
06:34:13,76345.0,76349.6,-0.6,0.18,
06:34:13,76345.0,76349.6,-0.6,0.21,
06:34:13,76345.0,76349.6,-0.6,0.21,
06:34:13,76345.0,76349.6,-0.6,0.13,
06:34:13,76345.0,76349.6,-0.6,0.12,
06:34:25,76349.68,76354.4,-0.6,0.13,
06:34:28,76349.68,76354.4,-0.6,0.13,
06:34:28,76349.68,76354.4,-0.6,0.13,
06:34:43,76349.68,76345.5,0.5,0.13,
06:34:43,76349.68,76345.5,0.5,0.13,
06:34:55,76349.68,76354.1,-0.6,0.14,
06:34:55,76349.68,76354.1,-0.6,0.14,
06:34:58,76350.61,76354.0,-0.4,0.14,
06:34:58,76350.61,76354.1,-0.5,0.13,
06:35:13,76354.73,76354.1,0.1,0.13,
06:35:13,76354.73,76354.1,0.1,0.13,
06:35:25,76355.83,76354.4,0.2,0.14,
06:35:28,76352.0,76354.4,-0.3,0.13,
06:35:28,76352.0,76354.4,-0.3,0.12,
06:35:43,76352.01,76354.4,-0.3,0.23,
06:35:43,76352.01,76354.4,-0.3,0.23,
06:35:55,76352.0,76352.6,-0.1,0.13,
06:35:58,76352.0,76352.6,-0.1,0.12,
06:35:58,76352.0,76352.5,-0.1,0.12,
06:36:13,76311.85,76305.4,0.8,0.14,
06:36:13,76311.85,76305.5,0.8,0.13,
06:36:25,76300.01,76305.4,-0.7,0.14,
06:36:25,76300.01,76305.4,-0.7,0.14,
06:36:28,76306.58,76313.8,-0.9,0.13,
06:36:28,76306.58,76313.8,-0.9,0.13,
06:36:43,76309.42,76313.8,-0.6,0.12,
06:36:43,76309.42,76313.8,-0.6,0.12,
06:36:55,76314.79,76322.2,-1.0,0.12,
06:36:55,76314.79,76322.2,-1.0,0.12,
06:36:58,76314.79,76306.6,1.1,0.13,
06:36:58,76314.79,76321.3,-0.9,0.14,
06:37:13,76280.67,76276.5,0.5,0.13,
06:37:13,76280.67,76276.5,0.5,0.13,
06:37:25,76302.71,76299.3,0.4,0.11,
06:37:25,76302.71,76299.2,0.5,0.13,
06:37:28,76302.7,76299.2,0.5,0.12,
06:37:28,76302.7,76299.2,0.5,0.12,
06:37:43,76302.71,76299.2,0.5,0.13,
06:37:43,76302.71,76299.2,0.5,0.23,
06:37:55,76304.3,76306.4,-0.3,0.13,
06:37:55,76304.3,76306.4,-0.3,0.13,
06:37:58,76304.3,76312.2,-1.0,0.12,
06:37:58,76304.3,76312.2,-1.0,0.12,
06:38:13,76304.29,76306.3,-0.3,0.14,
06:38:13,76304.29,76306.3,-0.3,0.13,
06:38:25,76304.29,76306.4,-0.3,0.13,
06:38:28,76304.3,76306.4,-0.3,0.13,
06:38:28,76304.3,76306.4,-0.3,0.13,
06:38:43,76324.81,76323.2,0.2,0.13,
06:38:43,76324.81,76318.0,0.9,0.13,
06:38:55,76330.83,76335.5,-0.6,0.12,
06:38:55,76330.83,76335.4,-0.6,0.12,
06:38:58,76330.84,76335.5,-0.6,0.12,
06:38:58,76330.84,76335.5,-0.6,0.12,
06:39:13,76331.11,76335.4,-0.6,0.13,
06:39:13,76331.11,76335.4,-0.6,0.13,
06:39:25,76329.87,76335.5,-0.7,0.13,
06:39:25,76329.87,76335.5,-0.7,0.12,
06:39:28,76329.86,76335.4,-0.7,0.14,
06:39:28,76329.86,76335.4,-0.7,0.13,
06:39:43,76329.87,76335.4,-0.7,0.13,
06:39:43,76329.87,76335.4,-0.7,0.13,
06:39:55,76318.16,76311.6,0.9,0.12,
06:39:55,76318.16,76311.6,0.9,0.13,
06:39:58,76318.17,76311.6,0.9,0.18,
06:39:58,76318.17,76311.6,0.9,0.21,
06:40:13,76315.21,76311.6,0.5,0.14,
06:40:13,76315.21,76311.6,0.5,0.13,
06:40:25,76315.21,76311.6,0.5,0.14,
06:40:25,76315.21,76311.6,0.5,0.13,
06:40:28,76315.21,76311.5,0.5,0.12,
06:40:28,76315.21,76311.5,0.5,0.12,
06:40:43,76306.43,76305.9,0.1,0.13,
06:40:43,76306.43,76305.9,0.1,0.13,
06:40:55,76306.43,76311.4,-0.7,0.13,
06:40:55,76306.43,76311.4,-0.7,0.13,
06:40:58,76306.43,76311.4,-0.7,0.13,
06:40:58,76306.43,76311.4,-0.7,0.13,
06:41:13,76315.2,76320.9,-0.7,0.13,
06:41:13,76315.2,76320.9,-0.7,0.13,
06:41:25,76315.2,76320.9,-0.7,0.14,
06:41:25,76315.2,76320.9,-0.7,0.13,
06:41:28,76315.2,76320.9,-0.7,0.14,
06:41:28,76315.2,76320.8,-0.7,0.13,
06:41:43,76315.2,76320.9,-0.7,0.13,
06:41:43,76315.2,76320.9,-0.7,0.13,
06:41:55,76315.2,76320.9,-0.7,0.13,
06:41:55,76315.2,76320.9,-0.7,0.13,
06:41:58,76315.21,76320.9,-0.7,0.13,
06:41:58,76315.21,76320.9,-0.7,0.13,
06:42:13,76315.2,76320.8,-0.7,0.13,
06:42:13,76315.2,76320.8,-0.7,0.13,
06:42:25,76315.21,76320.9,-0.7,0.13,
06:42:25,76315.21,76320.9,-0.7,0.13,
06:42:28,76315.21,76320.8,-0.7,0.12,
06:42:28,76315.21,76320.8,-0.7,0.13,
06:42:43,76311.79,76311.8,-0.0,0.12,
06:42:43,76311.79,76311.8,-0.0,0.12,
06:42:55,76311.78,76311.7,0.0,0.14,
06:42:55,76311.78,76311.7,0.0,0.14,
06:42:58,76311.78,76311.7,0.0,0.13,
06:42:58,76311.78,76311.7,0.0,0.13,
06:43:13,76314.03,76320.7,-0.9,0.14,
06:43:13,76314.03,76320.7,-0.9,0.13,
06:43:25,76315.21,76320.7,-0.7,0.13,
06:43:25,76315.21,76320.7,-0.7,0.13,
06:43:28,76315.22,76320.8,-0.7,0.13,
06:43:28,76315.22,76320.8,-0.7,0.13,
06:43:43,76315.22,76320.7,-0.7,0.13,
06:43:43,76315.22,76320.7,-0.7,0.13,
06:43:55,76315.22,76320.7,-0.7,0.12,
06:43:58,76315.22,76320.8,-0.7,0.12,
06:43:58,76315.22,76320.8,-0.7,0.12,
06:44:13,76315.22,76320.8,-0.7,0.12,
06:44:13,76315.22,76320.8,-0.7,0.12,
06:44:25,76315.22,76320.7,-0.7,0.13,
06:44:25,76315.22,76320.7,-0.7,0.13,
06:44:28,76315.22,76320.8,-0.7,0.13,
06:44:28,76315.22,76320.8,-0.7,0.13,
06:44:43,76315.22,76320.8,-0.7,0.13,
06:44:43,76315.22,76320.8,-0.7,0.13,
06:44:55,76334.96,76334.6,0.0,0.13,
06:44:55,76334.96,76334.6,0.0,0.13,
06:44:58,76334.96,76335.3,-0.0,0.12,
06:44:58,76334.96,76335.3,-0.0,0.13,
06:45:13,76323.29,76323.2,0.0,0.13,
06:45:13,76323.29,76323.2,0.0,0.13,
06:45:25,76323.29,76323.1,0.0,0.12,
06:45:25,76323.29,76323.1,0.0,0.13,
06:45:28,76323.29,76323.1,0.0,0.12,
06:45:28,76323.29,76323.1,0.0,0.13,
06:45:43,76313.97,76318.0,-0.5,0.14,
06:45:43,76313.97,76318.0,-0.5,0.12,
06:45:55,76313.96,76318.1,-0.5,0.13,
06:45:58,76313.96,76318.0,-0.5,0.13,
06:45:58,76313.96,76318.0,-0.5,0.13,
06:46:13,76313.96,76318.1,-0.5,0.12,
06:46:13,76313.96,76318.0,-0.5,0.22,
06:46:25,76313.96,76316.9,-0.4,0.14,
06:46:25,76313.96,76316.9,-0.4,0.14,
06:46:28,76313.96,76316.8,-0.4,0.13,
06:46:28,76313.96,76316.8,-0.4,0.12,
06:46:43,76311.79,76310.7,0.1,0.13,
06:46:43,76311.79,76310.7,0.1,0.14,
06:46:55,76311.78,76310.7,0.1,0.12,
06:46:55,76311.78,76310.7,0.1,0.12,
06:46:58,76311.78,76310.6,0.2,0.13,
06:46:58,76311.78,76310.6,0.2,0.13,
06:47:13,76307.69,76306.7,0.1,0.14,
06:47:13,76307.69,76306.7,0.1,0.13,
06:47:25,76307.69,76310.5,-0.4,0.14,
06:47:25,76307.69,76310.5,-0.4,0.16,
06:47:28,76307.69,76310.6,-0.4,0.13,
06:47:28,76307.69,76310.6,-0.4,0.13,
06:47:43,76311.75,76315.6,-0.5,0.13,
06:47:43,76311.75,76315.6,-0.5,0.14,
06:47:55,76311.76,76312.4,-0.1,0.13,
06:47:55,76311.76,76312.4,-0.1,0.13,
06:47:58,76311.75,76312.4,-0.1,0.12,
06:47:58,76311.75,76312.4,-0.1,0.13,
06:48:13,76298.8,76305.0,-0.8,0.13,
06:48:13,76298.8,76305.0,-0.8,0.12,
06:48:25,76298.79,76293.0,0.8,0.13,
06:48:25,76298.79,76293.0,0.8,0.13,
06:48:28,76298.8,76293.0,0.8,0.12,
06:48:28,76298.8,76293.0,0.8,0.13,
06:48:43,76298.8,76303.2,-0.6,0.12,
06:48:43,76298.8,76303.2,-0.6,0.15,
06:48:55,76303.55,76304.8,-0.2,0.13,
06:48:58,76303.56,76304.8,-0.2,0.13,
06:48:58,76303.56,76304.8,-0.2,0.13,
06:49:13,76311.76,76313.7,-0.3,0.12,
06:49:13,76311.76,76313.7,-0.3,0.13,
06:49:25,76315.96,76316.0,-0.0,0.13,
06:49:28,76315.95,76316.7,-0.1,0.13,
06:49:28,76315.95,76316.7,-0.1,0.13,
06:49:43,76319.54,76320.6,-0.1,0.13,
06:49:43,76319.54,76320.6,-0.1,0.13,
06:49:55,76329.36,76334.9,-0.7,0.13,
06:49:55,76329.36,76334.9,-0.7,0.13,
06:49:58,76329.36,76335.0,-0.7,0.12,
06:49:58,76329.36,76335.0,-0.7,0.13,
06:50:13,76329.37,76335.3,-0.8,0.13,
06:50:13,76329.37,76335.3,-0.8,0.13,
06:50:25,76345.87,76348.9,-0.4,0.13,
06:50:25,76345.87,76348.9,-0.4,0.13,
06:50:28,76345.87,76349.0,-0.4,0.14,
06:50:28,76345.87,76348.9,-0.4,0.13,
06:50:43,76357.61,76361.1,-0.5,0.12,
06:50:43,76357.61,76361.1,-0.5,0.13,
06:50:55,76357.58,76357.0,0.1,0.13,
06:50:55,76357.58,76357.0,0.1,0.13,
06:50:58,76357.59,76357.1,0.1,0.12,
06:50:58,76357.59,76357.1,0.1,0.12,
06:51:13,76352.71,76354.0,-0.2,0.13,
06:51:13,76353.22,76354.0,-0.1,0.13,
06:51:25,76366.24,76375.8,-1.3,0.12,
06:51:25,76366.24,76375.8,-1.3,0.12,
06:51:28,76366.24,76375.8,-1.3,0.13,
06:51:28,76366.24,76375.9,-1.3,0.12,
06:51:43,76373.16,76380.3,-0.9,0.13,
06:51:43,76373.16,76380.2,-0.9,0.12,
06:51:55,76352.0,76353.2,-0.2,0.13,
06:51:55,76352.0,76353.2,-0.2,0.13,
06:51:58,76352.0,76355.5,-0.5,0.13,
06:51:58,76352.0,76355.5,-0.5,0.13,
06:52:13,76352.01,76357.7,-0.7,0.13,
06:52:13,76352.01,76357.7,-0.7,0.13,
06:52:25,76352.0,76360.3,-1.1,0.12,
06:52:25,76352.0,76358.4,-0.8,0.12,
06:52:28,76352.01,76360.3,-1.1,0.14,
06:52:28,76352.01,76360.3,-1.1,0.12,
06:52:43,76352.0,76360.3,-1.1,0.12,
06:52:43,76352.0,76360.3,-1.1,0.13,
06:52:55,76352.0,76353.8,-0.2,0.13,
06:52:55,76352.0,76353.8,-0.2,0.13,
06:52:58,76352.0,76353.8,-0.2,0.13,
06:52:58,76352.0,76353.8,-0.2,0.13,
06:53:13,76352.0,76353.8,-0.2,0.13,
06:53:13,76352.0,76353.8,-0.2,0.13,
06:53:25,76300.37,76298.0,0.3,0.13,
06:53:25,76300.37,76298.0,0.3,0.13,
06:53:28,76288.91,76288.6,0.0,0.13,
06:53:28,76288.91,76298.1,-1.2,0.13,
06:53:43,76276.46,76273.4,0.4,0.13,
06:53:43,76276.46,76273.4,0.4,0.12,
06:53:55,76269.99,76273.6,-0.5,0.13,
06:53:55,76269.99,76273.6,-0.5,0.13,
06:53:58,76269.99,76273.6,-0.5,0.12,
06:53:58,76269.99,76273.6,-0.5,0.13,
06:54:13,76269.98,76273.7,-0.5,0.13,
06:54:13,76269.98,76273.7,-0.5,0.14,
06:54:25,76269.99,76273.6,-0.5,0.13,
06:54:25,76269.99,76273.6,-0.5,0.13,
06:54:28,76269.98,76273.7,-0.5,0.12,
06:54:28,76269.98,76273.7,-0.5,0.13,
06:54:43,76269.98,76273.6,-0.5,0.13,
06:54:43,76269.98,76273.6,-0.5,0.13,
06:54:55,76269.98,76273.7,-0.5,0.13,
06:54:55,76269.98,76273.7,-0.5,0.13,
06:54:58,76265.01,76273.7,-1.1,0.13,
06:54:58,76265.01,76273.7,-1.1,0.12,
06:55:13,76265.0,76273.6,-1.1,0.12,
06:55:13,76265.0,76273.6,-1.1,0.13,
06:55:25,76265.0,76273.7,-1.1,0.12,
06:55:25,76265.0,76273.7,-1.1,0.12,
06:55:28,76265.01,76273.6,-1.1,0.12,
06:55:28,76265.01,76273.6,-1.1,0.13,
06:55:43,76267.11,76273.6,-0.9,0.13,
06:55:43,76267.11,76273.6,-0.9,0.14,
06:55:55,76267.11,76273.7,-0.9,0.14,
06:55:55,76267.11,76273.6,-0.9,0.14,
06:55:58,76267.1,76273.7,-0.9,0.14,
06:55:58,76267.1,76273.7,-0.9,0.12,
06:56:13,76258.7,76264.3,-0.7,0.13,
06:56:13,76258.7,76264.3,-0.7,0.13,
06:56:25,76261.86,76271.0,-1.2,0.14,
06:56:25,76261.86,76271.0,-1.2,0.14,
06:56:28,76261.86,76270.9,-1.2,0.13,
06:56:28,76261.86,76270.9,-1.2,0.13,
06:56:43,76261.86,76260.4,0.2,0.14,
06:56:43,76261.86,76260.4,0.2,0.13,
06:56:55,76261.85,76260.4,0.2,0.13,
06:56:55,76261.85,76260.4,0.2,0.23,
06:56:58,76261.86,76260.4,0.2,0.14,
06:56:58,76261.86,76260.4,0.2,0.13,
06:57:13,76261.86,76265.3,-0.5,0.13,
06:57:13,76261.86,76265.3,-0.5,0.13,
06:57:25,76261.85,76265.4,-0.5,0.13,
06:57:28,76261.85,76268.1,-0.8,0.12,
06:57:28,76261.86,76268.1,-0.8,0.13,
06:57:43,76259.27,76260.4,-0.1,0.13,
06:57:43,76259.27,76260.5,-0.2,0.14,
06:57:55,76250.51,76254.1,-0.5,0.13,
06:57:55,76250.51,76254.1,-0.5,0.13,
06:57:58,76250.51,76254.2,-0.5,0.13,
06:57:58,76250.51,76254.1,-0.5,0.14,
06:58:13,76246.01,76250.1,-0.5,0.13,
06:58:13,76246.01,76250.1,-0.5,0.12,
06:58:25,76238.52,76233.4,0.7,0.12,
06:58:25,76238.52,76233.4,0.7,0.12,
06:58:28,76238.51,76236.0,0.3,0.13,
06:58:28,76238.51,76236.0,0.3,0.13,
06:58:43,76208.85,76208.7,0.0,0.13,
06:58:43,76208.85,76208.7,0.0,0.14,
06:58:55,76206.02,76208.8,-0.4,0.13,
06:58:55,76206.02,76208.8,-0.4,0.13,
06:58:58,76206.03,76208.8,-0.4,0.13,
06:58:58,76206.03,76208.8,-0.4,0.14,
06:59:13,76215.0,76214.5,0.1,0.12,
06:59:13,76215.0,76214.5,0.1,0.13,
06:59:25,76223.21,76226.2,-0.4,0.13,
06:59:28,76223.21,76226.4,-0.4,0.13,
06:59:28,76223.21,76226.4,-0.4,0.14,
06:59:43,76231.29,76238.3,-0.9,0.13,
06:59:43,76231.29,76238.3,-0.9,0.12,
06:59:55,76234.41,76242.1,-1.0,0.13,
06:59:55,76234.41,76242.1,-1.0,0.22,
06:59:58,76237.05,76242.0,-0.6,0.12,
06:59:58,76237.05,76242.0,-0.6,0.12,
07:00:13,76226.05,76225.5,0.1,0.13,
07:00:13,76226.05,76225.5,0.1,0.13,
07:00:25,76246.51,76251.3,-0.6,0.12,
07:00:25,76246.51,76251.3,-0.6,0.14,
07:00:28,76246.51,76251.3,-0.6,0.13,
07:00:28,76246.51,76251.3,-0.6,0.13,
07:00:43,76246.51,76243.8,0.4,0.12,
07:00:43,76246.51,76243.8,0.4,0.13,
07:00:55,76246.5,76254.6,-1.1,0.14,
07:00:55,76246.5,76254.6,-1.1,0.14,
07:00:58,76246.51,76254.6,-1.1,0.12,
07:00:58,76246.51,76254.6,-1.1,0.12,
07:01:13,76268.76,76279.3,-1.4,0.13,
07:01:13,76268.76,76279.3,-1.4,0.13,
07:01:25,76258.21,76262.8,-0.6,0.23,
07:01:28,76258.21,76262.7,-0.6,0.12,
07:01:28,76258.21,76262.7,-0.6,0.12,
07:01:43,76255.55,76262.8,-1.0,0.13,
07:01:43,76255.54,76262.8,-1.0,0.13,
07:01:55,76255.54,76258.0,-0.3,0.13,
07:01:55,76255.54,76258.0,-0.3,0.23,
07:01:58,76255.55,76258.0,-0.3,0.12,
07:01:58,76255.55,76258.0,-0.3,0.12,
07:02:13,76255.54,76253.5,0.3,0.13,
07:02:13,76255.54,76253.5,0.3,0.13,
07:02:25,76256.85,76265.9,-1.2,0.13,
07:02:28,76256.85,76265.8,-1.2,0.13,
07:02:28,76256.85,76265.8,-1.2,0.13,
07:02:43,76256.85,76260.8,-0.5,0.14,
07:02:43,76256.85,76260.8,-0.5,0.14,
07:02:55,76256.84,76260.9,-0.5,0.11,
07:02:55,76256.84,76260.9,-0.5,0.13,
07:02:58,76256.84,76260.9,-0.5,0.13,
07:02:58,76256.84,76260.9,-0.5,0.13,
07:03:13,76255.54,76250.3,0.7,0.13,
07:03:13,76255.54,76250.3,0.7,0.13,
07:03:25,76255.54,76255.0,0.1,0.13,
07:03:25,76255.54,76255.0,0.1,0.13,
07:03:28,76255.54,76255.1,0.1,0.14,
07:03:28,76255.54,76255.1,0.1,0.12,
07:03:43,76255.55,76261.4,-0.8,0.13,
07:03:43,76255.55,76261.5,-0.8,0.13,
07:04:24,76223.17,76228.9,-0.8,0.17,
07:04:24,76223.17,76229.0,-0.8,0.17,
07:04:25,76223.17,76229.0,-0.8,0.12,
07:04:25,76223.17,76229.0,-0.8,0.12,
07:04:40,76255.33,76260.0,-0.6,0.13,
07:04:40,76255.33,76256.6,-0.2,0.13,
07:04:53,76261.22,76267.1,-0.8,0.12,
07:04:54,76261.22,76267.1,-0.8,0.21,
07:04:55,76261.22,76267.1,-0.8,0.14,
07:04:55,76261.22,76267.2,-0.8,0.13,
07:05:10,76261.35,76268.8,-1.0,0.13,
07:05:10,76261.35,76268.8,-1.0,0.13,
07:05:23,76278.82,76282.9,-0.5,0.12,
07:05:23,76278.82,76282.9,-0.5,0.12,
07:05:24,76278.82,76282.8,-0.5,0.13,
07:05:25,76278.82,76282.8,-0.5,0.13,
07:05:39,76307.39,76317.2,-1.3,0.13,
07:05:40,76307.39,76317.2,-1.3,0.13,
07:05:53,76303.91,76307.4,-0.5,0.13,
07:05:54,76303.91,76307.4,-0.5,0.23,
07:05:55,76303.91,76311.2,-1.0,0.13,
07:05:55,76303.91,76311.1,-0.9,0.23,
07:06:10,76303.91,76308.8,-0.6,0.13,
07:06:10,76303.91,76308.8,-0.6,0.12,
07:06:23,76303.91,76308.8,-0.6,0.12,
07:06:23,76303.91,76308.8,-0.6,0.12,
07:06:25,76303.91,76308.8,-0.6,0.13,
07:06:25,76303.91,76308.8,-0.6,0.12,
07:06:39,76313.78,76316.3,-0.3,0.12,
07:06:40,76313.78,76316.3,-0.3,0.12,
07:06:54,76315.82,76314.0,0.2,0.22,
07:06:54,76315.82,76314.0,0.2,0.22,
07:06:55,76315.81,76314.0,0.2,0.13,
07:06:55,76315.81,76314.0,0.2,0.23,
07:07:10,76315.81,76318.1,-0.3,0.12,
07:07:10,76315.81,76318.1,-0.3,0.12,
07:07:23,76310.62,76315.3,-0.6,0.13,
07:07:23,76310.62,76315.3,-0.6,0.13,
07:07:25,76310.62,76315.2,-0.6,0.13,
07:07:25,76310.62,76315.3,-0.6,0.11,
07:07:40,76310.63,76315.2,-0.6,0.12,
07:07:40,76310.63,76315.2,-0.6,0.13,
07:07:53,76313.33,76321.0,-1.0,0.12,
07:07:53,76313.33,76321.0,-1.0,0.13,
07:07:55,76313.34,76320.9,-1.0,0.12,
07:07:55,76313.34,76320.9,-1.0,0.12,
07:08:10,76313.34,76314.1,-0.1,0.12,
07:08:10,76313.34,76314.1,-0.1,0.12,
07:08:23,76313.33,76316.7,-0.4,0.11,
07:08:23,76313.33,76316.7,-0.4,0.13,
07:08:25,76313.33,76316.7,-0.4,0.11,
07:08:25,76313.33,76316.7,-0.4,0.12,
07:08:40,76313.34,76319.5,-0.8,0.13,
07:08:40,76313.34,76319.5,-0.8,0.13,
07:08:53,76313.33,76319.5,-0.8,0.12,
07:08:53,76313.33,76319.5,-0.8,0.12,
07:08:55,76313.34,76315.3,-0.3,0.22,
07:08:55,76313.34,76315.3,-0.3,0.23,
07:09:10,76313.34,76315.1,-0.2,0.12,
07:09:10,76313.34,76315.1,-0.2,0.12,
07:09:23,76300.98,76300.9,0.0,0.13,
07:09:23,76300.98,76300.9,0.0,0.13,
07:09:25,76300.98,76301.0,-0.0,0.12,
07:09:25,76300.98,76301.0,-0.0,0.12,
07:09:40,76295.91,76293.8,0.3,0.12,
07:09:40,76295.91,76293.8,0.3,0.12,
07:10:39,76233.61,76244.2,-1.4,0.13,
07:10:39,76233.61,76244.2,-1.4,0.14,
07:10:54,76233.6,76244.2,-1.4,0.13,
07:10:54,76233.6,76244.1,-1.4,0.13,
07:10:54,76233.6,76244.1,-1.4,0.13,
07:10:54,76233.6,76244.2,-1.4,0.13,
07:11:09,76233.6,76233.7,-0.0,0.13,
07:11:09,76233.6,76233.7,-0.0,0.13,
07:11:24,76233.6,76236.6,-0.4,0.13,
07:11:24,76233.6,76236.7,-0.4,0.13,
07:11:24,76233.6,76236.7,-0.4,0.13,
07:11:24,76233.6,76236.6,-0.4,0.13,
07:11:39,76233.61,76236.6,-0.4,0.13,
07:11:54,76242.39,76248.2,-0.8,0.12,
07:11:54,76242.39,76248.2,-0.8,0.12,
07:11:54,76242.39,76248.2,-0.8,0.12,
07:11:54,76242.39,76248.2,-0.8,0.12,
07:12:09,76249.99,76255.8,-0.8,0.12,
07:12:09,76249.99,76255.8,-0.8,0.12,
07:12:24,76255.28,76258.1,-0.4,0.12,
07:12:24,76255.28,76258.2,-0.4,0.12,
07:12:24,76255.28,76258.2,-0.4,0.12,
07:12:24,76255.28,76258.1,-0.4,0.13,
07:12:39,76261.8,76264.7,-0.4,0.13,
07:12:39,76261.8,76264.7,-0.4,0.13,
07:12:54,76265.26,76267.1,-0.2,0.13,
07:12:54,76265.26,76267.1,-0.2,0.13,
07:12:54,76265.26,76267.1,-0.2,0.13,
07:12:54,76265.26,76267.1,-0.2,0.13,
07:13:09,76260.0,76264.0,-0.5,0.13,
07:13:24,76265.25,76274.3,-1.2,0.14,
07:13:24,76265.25,76274.3,-1.2,0.14,
07:13:24,76265.25,76274.3,-1.2,0.13,
07:13:24,76265.25,76274.3,-1.2,0.14,
07:13:39,76279.17,76274.3,0.6,0.13,
07:13:39,76279.17,76274.3,0.6,0.16,
07:13:54,76282.18,76291.8,-1.3,0.13,
07:13:54,76282.18,76291.8,-1.3,0.13,
07:13:54,76282.18,76291.8,-1.3,0.13,
07:13:54,76282.18,76291.8,-1.3,0.13,
07:14:09,76285.0,76297.0,-1.6,0.14,
07:14:09,76285.0,76297.1,-1.6,0.13,
07:14:24,76295.83,76300.0,-0.5,0.12,
07:14:24,76295.83,76299.9,-0.5,0.13,
07:14:24,76295.83,76300.0,-0.5,0.22,
07:14:24,76295.83,76300.0,-0.5,0.22,
07:14:39,76299.08,76311.5,-1.6,0.13,
07:14:39,76299.08,76311.5,-1.6,0.13,
07:14:54,76299.07,76300.4,-0.2,0.14,
07:14:54,76299.07,76300.4,-0.2,0.13,
07:14:54,76299.07,76300.4,-0.2,0.13,
07:14:54,76299.07,76300.4,-0.2,0.14,
07:15:09,76297.41,76304.0,-0.9,0.13,
07:15:09,76297.41,76295.8,0.2,0.14,
07:15:24,76295.52,76294.2,0.2,0.14,
07:15:24,76295.52,76294.2,0.2,0.13,
07:15:24,76295.52,76294.2,0.2,0.14,
07:15:24,76295.52,76294.2,0.2,0.13,
07:15:39,76295.52,76298.8,-0.4,0.13,
07:15:39,76295.52,76294.4,0.1,0.13,
07:15:54,76310.0,76316.1,-0.8,0.14,
07:15:54,76310.0,76316.1,-0.8,0.13,
07:15:54,76310.0,76316.1,-0.8,0.13,
07:15:54,76310.0,76316.1,-0.8,0.13,
07:16:09,76319.53,76329.9,-1.4,0.15,
07:16:09,76319.53,76329.9,-1.4,0.15,
07:16:24,76321.42,76326.8,-0.7,0.13,
07:16:24,76321.42,76326.8,-0.7,0.13,
07:16:24,76321.42,76326.7,-0.7,0.14,
07:16:24,76321.42,76326.7,-0.7,0.14,
07:16:39,76326.83,76330.0,-0.4,0.35,
07:16:39,76326.83,76330.1,-0.4,0.35,
07:16:54,76326.84,76330.0,-0.4,0.13,
07:16:54,76326.84,76330.0,-0.4,0.13,
07:16:54,76326.84,76330.0,-0.4,0.12,
07:16:54,76326.84,76330.1,-0.4,0.14,
07:17:09,76328.86,76342.0,-1.7,0.14,
07:17:09,76328.86,76342.0,-1.7,0.14,
07:17:24,76322.99,76325.3,-0.3,0.13,
07:17:24,76322.99,76325.3,-0.3,0.13,
07:17:24,76322.99,76325.3,-0.3,0.13,
07:17:24,76322.99,76325.2,-0.3,0.14,
07:17:39,76323.0,76330.9,-1.0,0.13,
07:17:39,76323.0,76330.9,-1.0,0.13,
07:17:54,76331.23,76338.3,-0.9,0.13,
07:17:54,76331.23,76338.3,-0.9,0.14,
07:17:54,76331.23,76338.3,-0.9,0.13,
07:17:54,76331.23,76338.3,-0.9,0.14,
07:18:09,76312.63,76310.7,0.3,0.13,
07:18:09,76312.63,76310.8,0.2,0.13,
07:18:24,76312.63,76310.8,0.2,0.12,
07:18:24,76312.63,76310.8,0.2,0.13,
07:18:24,76312.63,76310.7,0.3,0.13,
07:18:24,76312.63,76310.8,0.2,0.13,
07:18:39,76312.63,76313.0,-0.0,0.13,
07:18:39,76312.63,76313.0,-0.0,0.13,
07:18:54,76317.38,76328.9,-1.5,0.13,
07:18:54,76317.38,76328.8,-1.5,0.13,
07:18:54,76317.38,76328.9,-1.5,0.14,
07:18:54,76317.38,76328.9,-1.5,0.13,
07:19:09,76323.25,76329.6,-0.8,0.12,
07:19:09,76323.25,76327.7,-0.6,0.12,
07:19:24,76323.24,76327.7,-0.6,0.13,
07:19:24,76323.24,76327.7,-0.6,0.13,
07:19:24,76323.24,76327.7,-0.6,0.13,
07:19:24,76323.24,76327.7,-0.6,0.13,
07:19:39,76315.61,76314.3,0.2,0.13,
07:19:39,76315.61,76314.2,0.2,0.15,
07:19:54,76315.6,76314.2,0.2,0.13,
07:19:54,76315.6,76314.2,0.2,0.13,
07:19:54,76315.6,76314.2,0.2,0.13,
07:19:54,76315.6,76314.2,0.2,0.13,
07:20:09,76315.61,76321.7,-0.8,0.11,
07:20:09,76315.61,76321.7,-0.8,0.13,
07:20:24,76314.01,76312.7,0.2,0.13,
07:20:24,76314.01,76312.6,0.2,0.13,
07:20:24,76314.01,76312.7,0.2,0.13,
07:20:39,76290.85,76300.0,-1.2,0.12,
07:20:39,76290.85,76300.0,-1.2,0.14,
07:20:54,76290.85,76297.1,-0.8,0.13,
07:20:54,76290.85,76297.2,-0.8,0.13,
07:20:54,76290.85,76297.2,-0.8,0.13,
07:20:54,76290.85,76297.1,-0.8,0.13,
07:21:09,76297.79,76301.6,-0.5,0.12,
07:21:09,76297.79,76301.6,-0.5,0.13,
07:21:24,76306.2,76314.1,-1.0,0.13,
07:21:24,76306.2,76314.5,-1.1,0.14,
07:21:24,76306.2,76314.5,-1.1,0.13,
07:21:39,76306.2,76314.4,-1.1,0.12,
07:21:39,76306.2,76314.4,-1.1,0.12,
07:21:54,76306.2,76314.5,-1.1,0.13,
07:21:54,76306.2,76314.5,-1.1,0.13,
07:21:54,76306.2,76314.5,-1.1,0.13,
07:21:54,76306.2,76314.4,-1.1,0.13,
07:22:09,76306.2,76314.5,-1.1,0.14,
07:22:09,76306.2,76314.5,-1.1,0.14,
07:22:24,76311.52,76317.9,-0.8,0.13,
07:22:24,76311.52,76318.0,-0.8,0.13,
07:22:24,76311.52,76318.0,-0.8,0.13,
07:22:24,76311.52,76318.0,-0.8,0.13,
07:22:39,76311.53,76318.0,-0.8,0.13,
07:22:39,76311.53,76317.9,-0.8,0.13,
07:22:54,76311.52,76316.1,-0.6,0.12,
07:22:54,76311.52,76316.1,-0.6,0.12,
07:22:54,76311.52,76316.1,-0.6,0.14,
07:22:54,76311.52,76316.1,-0.6,0.14,
07:23:09,76311.53,76316.1,-0.6,0.14,
07:23:09,76311.53,76316.1,-0.6,0.22,
07:23:24,76311.53,76316.1,-0.6,0.13,
07:23:24,76311.53,76316.1,-0.6,0.13,
07:23:24,76311.53,76316.1,-0.6,0.13,
07:23:24,76311.53,76316.1,-0.6,0.13,
07:23:39,76311.53,76316.1,-0.6,0.13,
07:23:39,76311.53,76316.2,-0.6,0.13,
07:23:54,76312.48,76321.9,-1.2,0.14,
07:23:54,76312.48,76321.8,-1.2,0.14,
07:23:54,76312.48,76321.8,-1.2,0.13,
07:23:54,76312.48,76321.9,-1.2,0.13,
07:24:09,76312.47,76321.9,-1.2,0.13,
07:24:09,76312.47,76321.8,-1.2,0.13,
07:24:24,76316.91,76321.9,-0.7,0.13,
07:24:24,76316.91,76321.9,-0.7,0.14,
07:24:24,76316.91,76321.9,-0.7,0.13,
07:24:24,76316.91,76321.9,-0.7,0.24,
07:24:39,76326.66,76335.0,-1.1,0.13,
07:24:39,76326.66,76335.0,-1.1,0.13,
07:24:54,76326.66,76335.0,-1.1,0.13,
07:24:54,76326.66,76335.0,-1.1,0.13,
07:24:54,76326.66,76335.0,-1.1,0.23,
07:25:09,76311.54,76302.7,1.2,0.14,
07:25:09,76311.54,76302.6,1.2,0.13,
07:25:24,76305.14,76302.6,0.3,0.13,
07:25:24,76305.14,76302.6,0.3,0.13,
07:25:24,76305.14,76302.6,0.3,0.13,
07:25:24,76305.14,76302.7,0.3,0.13,
07:25:39,76301.21,76309.7,-1.1,0.12,
07:25:39,76301.22,76309.7,-1.1,0.12,
07:25:54,76301.21,76309.7,-1.1,0.12,
07:25:54,76301.21,76309.7,-1.1,0.12,
07:25:54,76301.21,76309.6,-1.1,0.13,
07:25:54,76301.21,76309.6,-1.1,0.13,
07:26:09,76301.21,76309.7,-1.1,0.12,
07:26:09,76301.21,76309.7,-1.1,0.12,
07:26:24,76301.22,76304.9,-0.5,0.14,
07:26:24,76301.22,76304.9,-0.5,0.11,
07:26:24,76301.22,76304.9,-0.5,0.13,
07:26:39,76296.4,76307.8,-1.5,0.13,
07:26:39,76296.4,76307.8,-1.5,0.14,
07:26:54,76296.41,76307.8,-1.5,0.13,
07:26:54,76296.41,76307.9,-1.5,0.12,
07:26:54,76296.41,76307.9,-1.5,0.12,
07:27:09,76297.4,76307.9,-1.4,0.14,
07:27:09,76297.4,76307.9,-1.4,0.13,
07:27:24,76297.41,76307.9,-1.4,0.12,
07:27:24,76297.41,76307.9,-1.4,0.13,
07:27:24,76297.41,76307.9,-1.4,0.13,
07:27:24,76297.41,76307.9,-1.4,0.13,
07:27:39,76297.41,76307.9,-1.4,0.14,
07:27:39,76297.41,76307.9,-1.4,0.14,
07:27:54,76299.93,76307.9,-1.0,0.13,
07:27:54,76299.93,76307.9,-1.0,0.13,
07:27:54,76299.93,76307.9,-1.0,0.14,
07:28:09,76299.92,76307.9,-1.0,0.14,
07:28:09,76299.92,76307.9,-1.0,0.14,
07:28:24,76299.92,76307.8,-1.0,0.14,
07:28:24,76299.92,76307.8,-1.0,0.14,
07:28:24,76299.92,76307.8,-1.0,0.14,
07:28:24,76299.92,76307.8,-1.0,0.14,
07:28:39,76299.92,76307.8,-1.0,0.13,
07:28:39,76299.92,76307.8,-1.0,0.13,
07:28:54,76299.92,76309.9,-1.3,0.13,
07:28:54,76299.92,76309.9,-1.3,0.14,
07:28:54,76299.92,76309.9,-1.3,0.14,
07:28:54,76299.92,76309.9,-1.3,0.13,
07:29:09,76305.99,76316.5,-1.4,0.12,
07:29:09,76305.99,76316.5,-1.4,0.13,
07:29:24,76307.61,76319.0,-1.5,0.13,
07:29:24,76307.61,76318.9,-1.5,0.13,
07:29:24,76307.61,76318.9,-1.5,0.13,
07:29:24,76307.61,76318.9,-1.5,0.13,
07:29:39,76320.84,76330.1,-1.2,0.12,
07:29:39,76320.84,76326.8,-0.8,0.12,
07:29:54,76334.72,76344.7,-1.3,0.15,
07:29:54,76334.72,76344.7,-1.3,0.15,
07:29:54,76334.72,76344.7,-1.3,0.14,
07:30:09,76327.97,76331.3,-0.4,0.13,
07:30:24,76330.82,76339.2,-1.1,0.13,
07:30:24,76330.82,76339.2,-1.1,0.13,
07:30:24,76330.82,76339.2,-1.1,0.13,
07:30:24,76330.82,76339.2,-1.1,0.13,
07:30:39,76339.31,76346.6,-1.0,0.13,
07:30:39,76339.31,76346.5,-0.9,0.13,
07:30:54,76350.12,76349.9,0.0,0.13,
07:30:54,76350.12,76350.0,0.0,0.13,
07:30:59,76350.12,76350.1,0.0,5.09,
07:31:09,76351.89,76355.0,-0.4,0.19,
07:31:09,76351.89,76355.0,-0.4,0.19,
07:31:24,76343.16,76342.5,0.1,0.13,
07:31:24,76343.16,76342.5,0.1,0.13,
07:31:24,76343.16,76342.2,0.1,0.13,
07:31:24,76343.16,76342.5,0.1,0.13,
07:31:39,76343.16,76346.3,-0.4,0.13,
07:31:39,76343.16,76346.3,-0.4,0.13,
07:31:54,76327.96,76333.1,-0.7,0.12,
07:31:54,76327.96,76333.1,-0.7,0.12,
07:31:54,76327.96,76333.1,-0.7,0.13,
07:31:54,76327.96,76333.1,-0.7,0.13,
07:32:09,76327.97,76334.6,-0.9,0.12,
07:32:09,76327.97,76334.6,-0.9,0.12,
07:32:24,76327.97,76337.8,-1.3,0.12,
07:32:24,76327.97,76337.8,-1.3,0.13,
07:32:24,76327.97,76337.8,-1.3,0.12,
07:32:24,76327.97,76337.8,-1.3,0.12,
07:32:39,76327.96,76332.4,-0.6,0.14,
07:32:39,76327.96,76332.4,-0.6,0.14,
07:32:54,76327.97,76343.8,-2.1,0.13,
07:32:54,76327.97,76343.8,-2.1,0.13,
07:32:54,76327.97,76343.8,-2.1,0.13,
07:33:09,76343.16,76355.0,-1.6,0.13,
07:33:09,76343.16,76354.5,-1.5,0.13,
07:33:24,76364.99,76375.8,-1.4,0.13,
07:33:24,76364.99,76375.8,-1.4,0.14,
07:33:24,76364.99,76375.8,-1.4,0.13,
07:33:24,76364.99,76375.8,-1.4,0.13,
07:33:39,76360.67,76364.1,-0.4,0.13,
07:33:39,76360.67,76364.1,-0.4,0.13,
07:33:54,76371.73,76382.1,-1.4,0.12,
07:33:54,76371.74,76382.3,-1.4,0.13,
07:33:54,76371.74,76382.3,-1.4,0.14,
07:34:09,76371.73,76376.8,-0.7,0.13,
07:34:24,76375.99,76386.1,-1.3,0.13,
07:34:24,76375.99,76386.0,-1.3,0.12,
07:34:24,76375.99,76386.1,-1.3,0.13,
07:34:39,76375.98,76386.0,-1.3,0.13,
07:34:39,76375.98,76386.1,-1.3,0.13,
07:34:54,76325.92,76328.8,-0.4,0.12,
07:34:54,76325.92,76328.8,-0.4,0.14,
07:34:54,76325.92,76328.8,-0.4,0.14,
07:34:54,76325.92,76328.8,-0.4,0.14,
07:35:09,76339.25,76347.1,-1.0,0.14,
07:35:09,76339.25,76356.5,-2.3,0.14,
07:35:24,76344.0,76356.5,-1.6,0.13,
07:35:24,76344.0,76356.5,-1.6,0.13,
07:35:24,76344.0,76356.5,-1.6,0.13,
07:35:24,76344.0,76356.5,-1.6,0.13,
07:35:39,76343.99,76352.8,-1.2,0.13,
07:35:39,76343.99,76352.7,-1.1,0.13,
07:35:54,76344.0,76353.0,-1.2,0.14,
07:35:54,76344.0,76352.9,-1.2,0.14,
07:35:54,76344.0,76352.9,-1.2,0.14,
07:35:54,76344.0,76352.9,-1.2,0.13,
07:36:42,76349.18,76357.7,-1.1,0.17,
07:36:54,76349.18,76358.7,-1.2,0.13,
07:36:54,76349.18,76358.7,-1.2,0.13,
07:36:54,76349.18,76358.7,-1.2,0.13,
07:36:54,76349.18,76358.7,-1.2,0.13,
07:37:09,76349.18,76358.7,-1.2,0.12,
07:37:09,76349.18,76358.7,-1.2,0.22,
07:37:43,76339.25,76349.5,-1.3,0.18,
07:37:43,76339.25,76349.5,-1.3,0.17,
07:37:43,76339.25,76349.5,-1.3,0.17,
07:37:43,76339.25,76349.5,-1.3,0.17,
07:37:43,76339.25,76349.5,-1.3,0.13,
07:37:43,76339.25,76349.5,-1.3,0.13,
07:37:54,76339.25,76349.5,-1.3,0.12,
07:37:54,76339.25,76349.4,-1.3,0.13,
07:37:58,76339.25,76349.5,-1.3,0.12,
07:37:58,76339.25,76349.5,-1.3,0.13,
07:38:13,76342.8,76349.5,-0.9,0.12,
07:38:13,76342.8,76349.5,-0.9,0.13,
07:38:24,76344.99,76349.5,-0.6,0.13,
07:38:24,76344.99,76349.5,-0.6,0.13,
07:38:28,76345.0,76349.5,-0.6,0.13,
07:38:28,76345.0,76349.5,-0.6,0.14,
07:38:43,76345.0,76349.5,-0.6,0.12,
07:38:43,76345.0,76349.5,-0.6,0.12,
07:38:54,76345.0,76349.4,-0.6,0.13,
07:38:54,76345.0,76349.4,-0.6,0.14,
07:38:58,76344.99,76349.5,-0.6,0.13,
07:38:58,76344.99,76349.5,-0.6,0.13,
07:39:13,76345.0,76354.9,-1.3,0.13,
07:39:13,76345.0,76355.0,-1.3,0.13,
07:39:24,76342.07,76343.9,-0.2,0.13,
07:39:24,76342.07,76344.0,-0.3,0.13,
07:39:28,76342.08,76350.0,-1.0,0.13,
07:39:28,76342.08,76350.0,-1.0,0.13,
07:39:43,76345.0,76355.6,-1.4,0.12,
07:39:43,76345.0,76355.6,-1.4,0.13,
07:39:54,76345.0,76355.6,-1.4,0.12,
07:39:54,76345.0,76355.6,-1.4,0.13,
07:39:58,76345.0,76353.4,-1.1,0.13,
07:39:58,76345.0,76352.4,-1.0,0.13,
07:40:13,76331.47,76333.1,-0.2,0.14,
07:40:13,76331.47,76333.2,-0.2,0.13,
07:40:24,76331.48,76332.2,-0.1,0.13,
07:40:24,76331.48,76332.2,-0.1,0.13,
07:40:28,76331.47,76332.2,-0.1,0.12,
07:40:28,76331.47,76332.2,-0.1,0.24,
07:40:43,76322.15,76321.7,0.1,0.13,
07:40:43,76322.15,76321.7,0.1,0.13,
07:40:54,76322.15,76328.6,-0.8,0.12,
07:40:54,76322.15,76321.7,0.1,0.14,
07:40:58,76322.16,76328.6,-0.8,0.13,
07:40:58,76322.16,76328.6,-0.8,0.13,
07:41:13,76330.42,76337.7,-1.0,0.13,
07:41:24,76330.41,76331.7,-0.2,0.13,
07:41:28,76330.42,76330.4,0.0,0.12,
07:41:28,76330.42,76330.4,0.0,0.13,
07:41:43,76330.42,76338.4,-1.0,0.12,
07:41:43,76330.42,76338.4,-1.0,0.12,
07:41:54,76330.41,76338.3,-1.0,0.12,
07:41:54,76330.41,76338.3,-1.0,0.13,
07:41:58,76330.42,76338.3,-1.0,0.13,
07:41:58,76330.42,76338.3,-1.0,0.12,
07:42:13,76330.42,76338.3,-1.0,0.12,
07:42:13,76330.42,76338.4,-1.0,0.12,
07:42:24,76336.89,76344.5,-1.0,0.12,
07:42:24,76336.89,76344.4,-1.0,0.13,
07:42:28,76336.9,76344.4,-1.0,0.12,
07:42:28,76336.9,76344.4,-1.0,0.13,
07:42:43,76336.9,76344.4,-1.0,0.13,
07:42:43,76336.9,76344.4,-1.0,0.12,
07:42:54,76346.79,76353.3,-0.9,0.12,
07:42:54,76346.79,76353.3,-0.9,0.13,
07:42:58,76346.78,76353.3,-0.9,0.13,
07:42:58,76346.78,76353.3,-0.9,0.13,
07:43:13,76350.0,76358.0,-1.0,0.13,
07:43:13,76350.0,76358.0,-1.0,0.13,
07:43:24,76352.87,76358.0,-0.7,0.13,
07:43:24,76352.87,76358.0,-0.7,0.12,
07:43:28,76355.67,76358.0,-0.3,0.13,
07:43:28,76355.67,76358.0,-0.3,0.13,
07:43:43,76355.68,76358.0,-0.3,0.13,
07:43:43,76355.68,76358.0,-0.3,0.12,
07:43:54,76352.0,76353.3,-0.2,0.12,
07:43:54,76352.0,76353.3,-0.2,0.12,
07:43:58,76352.01,76353.3,-0.2,0.12,
07:43:58,76352.01,76353.4,-0.2,0.14,
07:44:13,76352.01,76349.6,0.3,0.13,
07:44:13,76352.01,76349.6,0.3,0.13,
07:44:24,76352.01,76349.6,0.3,0.13,
07:44:24,76352.01,76349.6,0.3,0.13,
07:44:28,76352.01,76349.6,0.3,0.12,
07:44:28,76352.01,76349.6,0.3,0.12,
07:44:43,76352.01,76347.7,0.6,0.13,
07:44:43,76352.01,76346.8,0.7,0.13,
07:44:54,76333.88,76347.7,-1.8,0.12,
07:44:58,76334.37,76328.4,0.8,0.13,
07:44:58,76334.37,76328.4,0.8,0.13,
07:45:13,76311.57,76303.8,1.0,0.13,
07:45:13,76311.57,76303.9,1.0,0.13,
07:45:54,76306.81,76309.6,-0.4,0.18,
07:45:55,76306.81,76309.7,-0.4,0.13,
07:45:55,76306.81,76309.7,-0.4,0.14,
07:46:10,76311.59,76322.1,-1.4,0.4,
07:46:24,76322.67,76326.0,-0.4,0.12,
07:46:24,76322.67,76326.0,-0.4,0.12,
07:46:25,76322.68,76326.0,-0.4,0.13,
07:46:25,76322.68,76326.0,-0.4,0.13,
07:46:40,76322.68,76332.0,-1.2,0.12,
07:46:40,76322.68,76332.1,-1.2,0.12,
07:46:54,76322.67,76327.8,-0.7,0.13,
07:46:54,76322.67,76327.7,-0.7,0.23,
07:46:55,76322.67,76327.6,-0.6,0.13,
07:46:55,76322.67,76327.6,-0.6,0.13,
07:47:10,76324.27,76327.6,-0.4,0.13,
07:47:10,76324.27,76327.6,-0.4,0.13,
07:48:09,76333.47,76332.9,0.1,0.13,
07:48:09,76333.47,76332.9,0.1,0.13,
07:48:24,76333.47,76336.9,-0.4,0.14,
07:48:24,76333.47,76336.9,-0.4,0.14,
07:48:39,76340.4,76339.0,0.2,0.13,
07:48:39,76340.4,76339.0,0.2,0.13,
07:48:54,76343.97,76344.1,-0.0,0.13,
07:48:54,76343.97,76344.1,-0.0,0.13,
07:48:54,76343.97,76344.1,-0.0,0.13,
07:48:54,76343.97,76344.1,-0.0,0.13,
07:49:09,76343.97,76342.7,0.2,0.12,
07:49:09,76343.97,76342.7,0.2,0.13,
07:49:24,76343.96,76341.9,0.3,0.14,
07:49:24,76343.96,76341.9,0.3,0.13,
07:49:24,76343.96,76341.9,0.3,0.13,
07:49:24,76343.96,76341.9,0.3,0.14,
07:49:39,76344.39,76341.9,0.3,0.13,
07:49:39,76344.39,76341.9,0.3,0.13,
07:49:54,76344.39,76341.9,0.3,0.13,
07:49:54,76344.39,76341.9,0.3,0.13,
07:49:54,76344.39,76341.9,0.3,0.13,
07:49:54,76344.39,76341.9,0.3,0.12,
07:50:09,76346.77,76341.8,0.7,0.13,
07:50:09,76346.77,76341.8,0.7,0.13,
07:50:24,76346.77,76341.8,0.7,0.12,
07:50:24,76346.77,76341.9,0.6,0.12,
07:50:24,76346.77,76341.8,0.7,0.13,
07:50:24,76346.77,76341.9,0.6,0.13,
07:50:39,76346.77,76341.9,0.6,0.14,
07:50:39,76346.77,76341.9,0.6,0.14,
07:50:54,76353.59,76341.8,1.5,0.13,
07:50:54,76353.59,76341.9,1.5,0.13,
07:50:54,76353.59,76341.9,1.5,0.14,
07:51:09,76353.6,76341.8,1.5,0.13,
07:51:09,76353.6,76341.8,1.5,0.13,
07:51:24,76355.53,76355.2,0.0,0.13,
07:51:24,76355.53,76355.2,0.0,0.13,
07:51:24,76355.53,76355.2,0.0,0.14,
07:51:39,76363.76,76368.0,-0.6,0.13,
07:51:39,76363.76,76368.0,-0.6,0.13,
07:51:54,76364.99,76368.0,-0.4,0.21,
07:51:54,76364.99,76368.1,-0.4,0.22,
07:51:54,76364.99,76368.0,-0.4,0.21,
07:52:09,76364.99,76355.3,1.3,0.13,
07:52:09,76364.99,76355.3,1.3,0.12,
07:52:24,76364.99,76368.0,-0.4,0.14,
07:52:24,76364.99,76367.8,-0.4,0.13,
07:52:24,76364.99,76368.0,-0.4,0.13,
07:52:24,76364.99,76368.0,-0.4,0.14,
07:52:39,76364.99,76361.3,0.5,0.12,
07:52:39,76364.99,76361.3,0.5,0.13,
07:52:54,76365.0,76361.4,0.5,0.12,
07:52:54,76365.0,76361.4,0.5,0.13,
07:52:54,76365.0,76361.4,0.5,0.13,
07:52:54,76365.0,76361.4,0.5,0.13,
07:53:09,76365.0,76361.3,0.5,0.13,
07:53:09,76365.0,76361.3,0.5,0.13,
07:53:24,76372.19,76372.9,-0.1,0.14,
07:53:24,76372.19,76372.9,-0.1,0.13,
07:53:24,76372.19,76372.9,-0.1,0.14,
07:53:24,76372.19,76372.9,-0.1,0.12,
07:53:39,76372.19,76372.1,0.0,0.14,
07:53:39,76372.19,76372.1,0.0,0.14,
07:53:54,76372.19,76367.7,0.6,0.13,
07:53:54,76372.19,76367.7,0.6,0.13,
07:53:54,76372.19,76367.7,0.6,0.13,
07:53:54,76372.19,76367.7,0.6,0.13,
07:54:09,76372.18,76366.1,0.8,0.13,
07:54:24,76372.18,76365.8,0.8,0.13,
07:54:24,76372.18,76366.0,0.8,0.12,
07:54:24,76372.18,76366.1,0.8,0.12,
07:54:24,76372.18,76366.0,0.8,0.13,
07:54:39,76372.19,76365.2,0.9,0.13,
07:54:39,76372.19,76365.3,0.9,0.12,
07:54:54,76372.18,76364.5,1.0,0.12,
07:54:54,76372.18,76364.5,1.0,0.13,
07:54:54,76372.18,76364.5,1.0,0.13,
07:54:54,76372.18,76364.5,1.0,0.12,
07:55:09,76359.24,76351.5,1.0,0.14,
07:55:09,76359.24,76351.6,1.0,0.13,
07:55:24,76340.94,76339.4,0.2,0.13,
07:55:24,76340.94,76339.4,0.2,0.13,
07:55:24,76340.94,76339.4,0.2,0.13,
07:55:24,76340.94,76339.4,0.2,0.13,
07:56:12,76347.18,76353.1,-0.8,0.18,
07:56:12,76347.18,76353.1,-0.8,0.18,
07:56:23,76351.01,76353.1,-0.3,0.13,
07:56:24,76351.01,76353.1,-0.3,0.23,
07:56:24,76351.04,76353.1,-0.3,0.12,
07:56:24,76351.04,76353.1,-0.3,0.12,
07:56:38,76351.04,76353.1,-0.3,0.13,
07:56:38,76351.04,76353.1,-0.3,0.13,
07:56:53,76361.87,76353.2,1.1,0.11,
07:56:53,76361.87,76353.1,1.1,0.12,
07:56:54,76361.87,76353.2,1.1,0.12,
07:56:54,76361.87,76353.2,1.1,0.12,
07:57:08,76337.4,76334.7,0.4,0.13,
07:57:08,76337.4,76334.7,0.4,0.13,
07:57:23,76347.72,76355.4,-1.0,0.12,
07:57:24,76347.72,76355.4,-1.0,0.22,
07:57:24,76347.72,76355.4,-1.0,0.13,
07:57:38,76362.14,76360.9,0.2,0.13,
07:57:38,76362.14,76360.9,0.2,0.13,
07:58:13,76372.99,76368.3,0.6,0.18,
07:58:13,76372.99,76368.3,0.6,0.18,
07:58:13,76372.99,76364.5,1.1,0.18,
07:58:13,76372.99,76364.4,1.1,0.18,
07:58:13,76372.99,76368.4,0.6,0.12,
07:58:13,76372.99,76368.3,0.6,0.12,
07:58:24,76373.0,76364.4,1.1,0.13,
07:58:24,76373.0,76364.4,1.1,0.23,
07:58:28,76321.44,76324.3,-0.4,0.13,
07:58:43,76321.45,76318.2,0.4,0.12,
07:58:43,76321.45,76318.2,0.4,0.12,
07:58:54,76321.45,76321.1,0.0,0.12,
07:58:54,76321.45,76321.2,0.0,0.12,
07:58:58,76321.44,76321.1,0.0,0.12,
07:58:58,76321.44,76321.1,0.0,0.14,
07:59:13,76321.45,76321.1,0.0,0.12,
07:59:14,76321.45,76321.1,0.0,0.16,
07:59:24,76321.44,76325.5,-0.5,0.13,
07:59:24,76321.44,76325.5,-0.5,0.13,
07:59:28,76324.78,76325.5,-0.1,0.13,
07:59:28,76324.78,76325.5,-0.1,0.13,
07:59:43,76324.79,76325.5,-0.1,0.13,
07:59:43,76324.79,76325.5,-0.1,0.13,
07:59:54,76329.29,76325.4,0.5,0.13,
07:59:54,76329.29,76325.4,0.5,0.13,
07:59:58,76345.77,76342.5,0.4,0.12,
08:00:13,76372.93,76369.3,0.5,0.12,
08:00:13,76372.93,76369.4,0.5,0.14,
08:00:24,76377.07,76370.6,0.8,0.13,
08:00:24,76377.07,76370.6,0.8,0.13,
08:00:28,76381.98,76378.3,0.5,0.12,
08:00:29,76381.98,76378.2,0.5,0.15,
08:00:43,76381.58,76374.7,0.9,0.14,
08:00:43,76381.58,76374.7,0.9,0.14,
08:00:54,76381.58,76374.7,0.9,0.18,
08:00:58,76381.58,76374.6,0.9,0.13,
08:00:58,76381.58,76374.6,0.9,0.13,
08:01:13,76391.48,76388.8,0.4,0.13,
08:01:24,76422.12,76418.0,0.5,0.14,
08:01:24,76422.12,76418.0,0.5,0.13,
08:01:28,76422.12,76418.0,0.5,0.13,
08:01:28,76422.12,76418.0,0.5,0.13,
08:01:43,76416.74,76412.1,0.6,0.12,
08:01:43,76416.74,76412.1,0.6,0.13,
08:01:54,76416.74,76412.8,0.5,0.13,
08:01:54,76416.74,76412.8,0.5,0.13,
08:01:59,76416.74,76412.9,0.5,0.2,
08:01:59,76416.74,76412.9,0.5,0.19,
08:02:13,76416.74,76409.5,0.9,0.12,
08:02:13,76416.74,76409.5,0.9,0.14,
08:02:24,76434.52,76430.8,0.5,0.13,
08:02:24,76434.52,76430.8,0.5,0.13,
08:02:28,76434.52,76430.8,0.5,0.12,
08:02:28,76434.52,76430.8,0.5,0.13,
08:02:43,76434.52,76430.9,0.5,0.13,
08:02:43,76434.52,76430.9,0.5,0.14,
08:03:20,76420.99,76418.4,0.3,0.19,
08:03:20,76420.99,76418.4,0.3,0.17,
08:03:22,76420.99,76418.3,0.4,0.17,
08:03:22,76420.99,76418.4,0.3,0.13,
08:03:22,76420.99,76418.4,0.3,0.13,
08:03:24,76421.0,76418.4,0.3,0.12,
08:03:24,76421.0,76418.4,0.3,0.14,
08:03:37,76426.58,76418.4,1.1,0.13,
08:03:37,76426.58,76418.4,1.1,0.14,
08:03:52,76458.0,76447.8,1.3,0.13,
08:03:52,76458.0,76447.8,1.3,0.13,
08:03:54,76475.73,76470.5,0.7,0.13,
08:04:07,76489.64,76497.0,-1.0,0.14,
08:04:07,76489.64,76497.0,-1.0,0.14,
08:04:22,76487.15,76479.4,1.0,0.13,
08:04:22,76487.15,76479.4,1.0,0.23,
08:04:24,76487.14,76479.4,1.0,0.13,
08:04:24,76487.14,76479.4,1.0,0.13,
08:04:37,76490.39,76489.8,0.1,0.14,
08:04:37,76490.39,76489.8,0.1,0.14,
08:04:52,76490.4,76489.8,0.1,0.13,
08:04:52,76490.4,76489.8,0.1,0.13,
08:04:54,76490.4,76489.8,0.1,0.23,
08:04:54,76490.4,76489.8,0.1,0.24,
08:05:07,76475.73,76472.2,0.5,0.13,
08:05:07,76475.73,76465.8,1.3,0.12,
08:05:22,76453.03,76446.9,0.8,0.13,
08:05:22,76453.03,76446.9,0.8,0.13,
08:05:24,76453.03,76446.9,0.8,0.14,
08:05:24,76453.03,76446.9,0.8,0.14,
08:05:37,76469.09,76468.7,0.1,0.14,
08:05:37,76469.09,76468.7,0.1,0.13,
08:06:37,76498.37,76500.0,-0.2,0.13,
08:06:37,76498.37,76499.9,-0.2,0.14,
08:06:52,76486.76,76477.9,1.2,0.13,
08:06:52,76486.76,76477.9,1.2,0.13,
08:06:52,76486.76,76477.9,1.2,0.13,
08:06:52,76486.76,76477.9,1.2,0.12,
08:07:07,76471.16,76474.4,-0.4,0.12,
08:07:07,76471.16,76474.5,-0.4,0.12,
08:07:22,76473.7,76469.9,0.5,0.13,
08:07:22,76473.7,76469.9,0.5,0.23,
08:07:22,76473.7,76469.9,0.5,0.23,
08:07:37,76469.1,76473.5,-0.6,0.12,
08:07:37,76469.1,76473.5,-0.6,0.12,
08:07:52,76458.01,76451.7,0.8,0.12,
08:07:52,76458.01,76451.7,0.8,0.12,
08:07:52,76458.01,76451.7,0.8,0.12,
08:07:52,76458.01,76451.7,0.8,0.16,
08:08:07,76458.01,76451.7,0.8,0.12,
08:08:07,76458.01,76451.7,0.8,0.12,
08:08:22,76458.32,76451.8,0.9,0.13,
08:08:22,76458.32,76451.8,0.9,0.13,
08:08:22,76458.32,76451.7,0.9,0.13,
08:08:22,76458.32,76451.8,0.9,0.13,
08:08:37,76458.33,76461.8,-0.5,0.12,
08:08:52,76458.32,76461.9,-0.5,0.12,
08:08:52,76458.32,76461.9,-0.5,0.12,
08:08:52,76458.32,76461.9,-0.5,0.12,
08:08:52,76458.32,76461.9,-0.5,0.12,
08:09:07,76474.91,76484.8,-1.3,0.13,
08:09:07,76474.91,76484.8,-1.3,0.13,
08:09:22,76474.92,76485.1,-1.3,0.12,
08:09:22,76474.92,76485.1,-1.3,0.12,
08:09:22,76474.92,76485.0,-1.3,0.13,
08:09:22,76474.92,76485.1,-1.3,0.13,
08:09:37,76500.0,76499.9,0.0,0.12,
08:09:37,76500.0,76499.9,0.0,0.12,
08:09:52,76513.99,76517.4,-0.4,0.12,
08:09:52,76513.99,76517.4,-0.4,0.13,
08:09:52,76513.99,76517.5,-0.5,0.13,
08:10:07,76506.43,76505.6,0.1,0.12,
08:10:07,76506.43,76505.5,0.1,0.14,
08:10:22,76506.43,76510.2,-0.5,0.12,
08:10:22,76506.43,76510.1,-0.5,0.12,
08:10:22,76506.43,76510.2,-0.5,0.13,
08:10:22,76506.43,76510.1,-0.5,0.13,
08:10:37,76495.21,76494.7,0.1,0.13,
08:10:37,76495.21,76494.7,0.1,0.13,
08:10:52,76486.75,76485.4,0.2,0.12,
08:10:52,76486.75,76485.4,0.2,0.12,
08:10:52,76486.75,76485.3,0.2,0.13,
08:10:52,76486.75,76485.4,0.2,0.13,
08:11:07,76486.75,76485.8,0.1,0.13,
08:11:07,76486.75,76485.8,0.1,0.13,
08:11:22,76486.75,76491.3,-0.6,0.12,
08:11:22,76486.75,76491.3,-0.6,0.13,
08:11:22,76486.75,76491.3,-0.6,0.13,
08:11:22,76486.75,76491.3,-0.6,0.12,
08:11:37,76487.73,76493.3,-0.7,0.13,
08:11:37,76487.73,76493.3,-0.7,0.13,
08:11:52,76496.35,76495.7,0.1,0.12,
08:11:52,76496.35,76495.7,0.1,0.13,
08:11:52,76496.35,76495.7,0.1,0.12,
08:12:33,76480.99,76484.8,-0.5,0.18,
08:12:33,76480.99,76484.8,-0.5,0.18,
08:12:34,76480.99,76484.8,-0.5,0.13,
08:12:34,76480.99,76484.8,-0.5,0.22,
08:12:35,76480.99,76484.8,-0.5,0.13,
08:12:35,76480.99,76484.8,-0.5,0.14,
08:12:49,76486.6,76493.3,-0.9,0.12,
08:12:49,76486.6,76493.3,-0.9,0.12,
08:12:52,76491.91,76493.3,-0.2,0.13,
08:12:52,76491.91,76493.3,-0.2,0.13,
08:13:04,76493.55,76499.0,-0.7,0.13,
08:13:04,76493.55,76499.0,-0.7,0.13,
08:13:19,76470.1,76474.0,-0.5,0.13,
08:13:19,76470.1,76474.0,-0.5,0.13,
08:13:22,76470.09,76474.0,-0.5,0.12,
08:13:22,76470.09,76474.0,-0.5,0.12,
08:13:34,76470.09,76474.1,-0.5,0.14,
08:13:34,76470.09,76474.0,-0.5,0.23,
08:13:49,76470.09,76474.0,-0.5,0.13,
08:13:49,76470.09,76474.0,-0.5,0.12,
08:13:52,76459.54,76474.0,-1.9,0.12,
08:14:04,76456.38,76454.7,0.2,0.13,
08:14:04,76456.38,76454.8,0.2,0.13,
08:14:38,76463.98,76467.4,-0.4,0.18,
08:14:38,76463.98,76467.4,-0.4,0.18,
08:14:38,76463.98,76467.4,-0.4,0.18,
08:14:39,76463.99,76467.4,-0.4,0.14,
08:14:39,76463.99,76467.3,-0.4,0.14,
08:14:52,76464.34,76469.4,-0.7,0.12,
08:14:52,76464.34,76469.4,-0.7,0.12,
08:14:54,76464.35,76469.4,-0.7,0.14,
08:14:54,76464.35,76469.4,-0.7,0.14,
08:15:09,76486.06,76493.1,-0.9,0.13,
08:15:09,76486.06,76493.2,-0.9,0.13,
08:15:22,76495.39,76495.1,0.0,0.13,
08:15:22,76495.39,76495.1,0.0,0.13,
08:15:24,76495.4,76496.1,-0.1,0.13,
08:15:24,76495.4,76496.1,-0.1,0.13,
08:15:39,76501.42,76510.3,-1.2,0.14,
08:15:39,76501.42,76510.3,-1.2,0.14,
08:15:52,76525.47,76527.7,-0.3,0.11,
08:15:52,76525.47,76527.6,-0.3,0.12,
08:15:54,76525.46,76527.6,-0.3,0.13,
08:16:09,76525.47,76527.6,-0.3,0.13,
08:16:09,76525.47,76527.6,-0.3,0.13,
08:16:22,76528.76,76541.9,-1.7,0.13,
08:16:22,76528.76,76541.9,-1.7,0.13,
08:16:24,76529.12,76541.8,-1.7,0.13,
08:16:24,76529.12,76541.9,-1.7,0.14,
08:16:39,76536.94,76542.5,-0.7,0.13,
08:16:39,76536.94,76542.5,-0.7,0.13,
08:16:52,76549.99,76555.7,-0.7,0.13,
08:16:52,76549.99,76555.8,-0.8,0.13,
08:16:54,76550.0,76555.8,-0.8,0.13,
08:16:54,76550.0,76555.8,-0.8,0.13,
08:17:09,76571.53,76571.3,0.0,0.12,
08:17:09,76571.53,76571.4,0.0,0.12,
08:17:22,76548.56,76546.4,0.3,0.13,
08:17:22,76548.56,76546.4,0.3,0.13,
08:17:24,76548.57,76546.4,0.3,0.14,
08:17:24,76548.57,76546.4,0.3,0.14,
08:17:39,76548.57,76546.4,0.3,0.13,
08:17:39,76548.57,76546.3,0.3,0.13,
08:17:52,76548.56,76546.4,0.3,0.13,
08:17:52,76548.56,76546.3,0.3,0.13,
08:17:54,76548.56,76546.3,0.3,0.13,
08:17:54,76548.56,76546.4,0.3,0.13,
08:18:09,76548.57,76546.4,0.3,0.13,
08:18:09,76548.57,76546.4,0.3,0.13,
08:18:22,76559.56,76568.0,-1.1,0.14,
08:18:22,76559.56,76568.0,-1.1,0.14,
08:18:24,76559.56,76568.0,-1.1,0.14,
08:18:24,76559.56,76568.0,-1.1,0.15,
08:18:39,76578.0,76579.5,-0.2,0.13,
08:18:39,76578.0,76579.5,-0.2,0.13,
08:18:52,76549.37,76555.1,-0.7,0.13,
08:18:52,76549.37,76549.3,0.0,0.13,
08:18:54,76549.37,76549.3,0.0,0.13,
08:19:09,76549.38,76549.4,-0.0,0.13,
08:19:09,76549.38,76549.3,0.0,0.12,
08:19:22,76549.38,76552.0,-0.3,0.13,
08:19:22,76549.38,76552.0,-0.3,0.13,
08:19:24,76549.38,76552.0,-0.3,0.13,
08:19:39,76507.3,76505.4,0.2,0.12,
08:19:39,76507.3,76512.3,-0.7,0.13,
08:19:52,76513.58,76511.9,0.2,0.13,
08:19:52,76513.58,76511.9,0.2,0.13,
08:19:54,76513.57,76511.8,0.2,0.13,
08:19:54,76513.57,76511.8,0.2,0.13,
08:20:09,76513.57,76511.9,0.2,0.13,
08:20:09,76513.57,76511.9,0.2,0.14,
08:20:22,76503.53,76500.0,0.5,0.14,
08:20:24,76503.53,76500.2,0.4,0.14,
08:20:24,76503.53,76500.2,0.4,0.13,
08:20:39,76509.43,76514.0,-0.6,0.13,
08:20:39,76509.43,76518.3,-1.2,0.12,
08:20:52,76514.04,76518.4,-0.6,0.13,
08:20:54,76514.05,76518.4,-0.6,0.13,
08:20:54,76514.05,76518.4,-0.6,0.13,
08:21:09,76517.17,76525.2,-1.0,0.14,
08:21:09,76517.17,76525.3,-1.1,0.14,
08:21:22,76521.75,76528.5,-0.9,0.13,
08:21:22,76521.75,76528.4,-0.9,0.13,
08:21:24,76521.75,76528.4,-0.9,0.13,
08:21:24,76521.75,76528.5,-0.9,0.13,
08:21:39,76521.75,76524.0,-0.3,0.14,
08:21:39,76521.75,76524.0,-0.3,0.14,
08:21:52,76521.76,76523.9,-0.3,0.14,
08:21:52,76521.76,76523.9,-0.3,0.14,
08:21:54,76521.75,76516.7,0.7,0.13,
08:22:09,76506.79,76510.4,-0.5,0.13,
08:22:09,76506.79,76510.4,-0.5,0.12,
08:22:22,76498.61,76492.4,0.8,0.13,
08:22:22,76498.61,76492.4,0.8,0.13,
08:22:24,76498.62,76492.4,0.8,0.11,
08:22:24,76498.62,76492.4,0.8,0.13,
08:22:39,76483.48,76487.7,-0.6,0.13,
08:22:52,76484.33,76487.8,-0.5,0.13,
08:22:52,76484.33,76487.8,-0.5,0.23,
08:22:54,76484.33,76487.8,-0.5,0.14,
08:22:54,76484.33,76487.8,-0.5,0.14,
08:23:09,76484.33,76487.7,-0.4,0.12,
08:23:09,76484.33,76487.7,-0.4,0.14,
08:23:22,76486.74,76490.6,-0.5,0.13,
08:23:24,76486.75,76490.6,-0.5,0.14,
08:23:24,76486.75,76490.6,-0.5,0.14,
08:23:39,76480.23,76484.6,-0.6,0.12,
08:23:39,76480.23,76484.6,-0.6,0.14,
08:23:52,76480.22,76483.5,-0.4,0.13,
08:23:52,76480.22,76483.5,-0.4,0.13,
08:23:54,76480.23,76483.4,-0.4,0.24,
08:24:09,76480.23,76483.5,-0.4,0.13,
08:24:09,76480.23,76483.5,-0.4,0.13,
08:24:22,76486.11,76491.3,-0.7,0.13,
08:24:24,76486.1,76491.3,-0.7,0.12,
08:24:24,76486.1,76491.3,-0.7,0.12,
08:24:39,76489.78,76494.9,-0.7,0.13,
08:24:39,76489.78,76494.9,-0.7,0.13,
08:24:52,76489.78,76494.8,-0.7,0.13,
08:24:52,76489.78,76494.9,-0.7,0.13,
08:24:54,76489.78,76494.8,-0.7,0.14,
08:24:54,76489.78,76494.9,-0.7,0.14,
08:25:09,76508.69,76512.6,-0.5,0.13,
08:25:09,76508.69,76512.6,-0.5,0.13,
08:25:22,76513.99,76519.3,-0.7,0.12,
08:25:22,76513.99,76519.3,-0.7,0.12,
08:25:24,76513.99,76519.3,-0.7,0.13,
08:25:24,76513.99,76519.3,-0.7,0.13,
08:25:39,76517.49,76515.5,0.3,0.12,
08:25:39,76517.49,76515.4,0.3,0.12,
08:25:52,76520.66,76525.6,-0.6,0.13,
08:25:54,76520.65,76525.6,-0.6,0.14,
08:26:09,76521.42,76526.2,-0.6,0.13,
08:26:09,76521.42,76526.2,-0.6,0.16,
08:26:22,76521.42,76523.1,-0.2,0.13,
08:26:22,76521.42,76523.1,-0.2,0.13,
08:26:24,76521.42,76523.1,-0.2,0.13,
08:26:24,76521.42,76523.0,-0.2,0.12,
08:26:39,76521.41,76523.1,-0.2,0.15,
08:26:52,76520.01,76511.4,1.1,0.13,
08:26:52,76520.01,76511.4,1.1,0.13,
08:26:54,76520.01,76511.4,1.1,0.15,
08:26:54,76520.01,76511.4,1.1,0.15,
08:27:09,76520.0,76512.5,1.0,0.14,
08:27:09,76520.0,76512.4,1.0,0.14,
08:27:22,76520.01,76521.3,-0.2,0.14,
08:27:24,76520.0,76521.3,-0.2,0.14,
08:27:24,76520.0,76521.2,-0.2,0.14,
08:27:39,76521.49,76517.6,0.5,0.13,
08:27:52,76521.5,76517.6,0.5,0.13,
08:27:52,76521.5,76517.6,0.5,0.13,
08:27:54,76521.5,76517.5,0.5,0.13,
08:27:54,76521.5,76517.5,0.5,0.13,
08:28:09,76521.5,76517.6,0.5,0.14,
08:28:09,76521.5,76517.6,0.5,0.14,
08:28:22,76521.5,76517.6,0.5,0.12,
08:28:24,76521.5,76517.6,0.5,0.13,
08:28:24,76521.5,76517.5,0.5,0.14,
08:28:39,76521.49,76517.5,0.5,0.13,
08:28:39,76521.49,76517.5,0.5,0.13,
08:28:52,76521.49,76517.5,0.5,0.13,
08:28:52,76521.49,76517.5,0.5,0.13,
08:28:54,76521.49,76517.5,0.5,0.12,
08:28:54,76521.49,76517.6,0.5,0.12,
08:29:09,76521.5,76517.6,0.5,0.13,
08:29:09,76521.5,76517.6,0.5,0.23,
08:29:22,76521.5,76517.6,0.5,0.13,
08:29:24,76521.5,76517.6,0.5,0.14,
08:29:24,76521.5,76517.5,0.5,0.14,
08:29:39,76521.49,76529.2,-1.0,0.22,
08:29:39,76521.49,76529.2,-1.0,0.22,
08:29:52,76531.82,76529.2,0.3,0.12,
08:29:52,76531.82,76529.2,0.3,0.12,
08:29:54,76531.82,76529.2,0.3,0.19,
08:29:59,76531.82,76529.1,0.4,5.1,
08:30:09,76531.82,76529.1,0.4,0.14,
08:30:09,76531.82,76529.2,0.3,0.13,
08:30:22,76560.0,76557.3,0.4,0.13,
08:30:24,76560.0,76557.4,0.3,0.12,
08:30:24,76560.0,76557.4,0.3,0.13,
08:30:39,76560.0,76557.3,0.4,0.13,
08:30:39,76560.0,76557.4,0.3,0.13,
08:30:52,76540.86,76535.1,0.8,0.12,
08:30:52,76540.86,76535.2,0.7,0.13,
08:30:54,76537.48,76535.2,0.3,0.14,
08:30:54,76537.48,76535.2,0.3,0.14,
08:31:09,76537.48,76535.2,0.3,0.13,
08:31:22,76537.49,76537.4,0.0,0.13,

08:31:24,76537.96,76538.7,-0.1,0.13,
08:31:24,76537.96,76542.0,-0.5,0.13,
08:31:39,76547.14,76550.1,-0.4,0.14,
08:31:39,76547.14,76550.2,-0.4,0.23,
08:31:52,76547.14,76547.3,-0.0,0.14,
08:31:54,76547.14,76547.2,-0.0,0.13,
08:31:54,76547.14,76547.3,-0.0,0.14,
08:32:09,76534.15,76532.5,0.2,0.14,
08:32:09,76534.15,76532.5,0.2,0.14,
08:32:22,76534.15,76538.7,-0.6,0.12,
08:32:22,76534.15,76538.6,-0.6,0.15,
08:32:24,76534.15,76538.7,-0.6,0.12,
08:32:24,76534.15,76538.6,-0.6,0.12,
08:32:39,76536.52,76545.2,-1.1,0.13,
08:32:39,76536.52,76545.2,-1.1,0.14,
08:32:52,76541.75,76545.2,-0.5,0.13,
08:32:52,76541.75,76545.2,-0.5,0.13,
08:32:54,76541.75,76545.2,-0.5,0.14,
08:32:54,76541.75,76545.2,-0.5,0.14,
08:33:09,76541.75,76541.2,0.1,0.13,
08:33:22,76541.76,76541.1,0.1,0.13,
08:33:22,76541.76,76541.1,0.1,0.12,
08:33:24,76541.76,76541.1,0.1,0.12,
08:33:24,76541.76,76541.1,0.1,0.13,
08:33:39,76541.75,76549.1,-1.0,0.13,
08:33:39,76541.75,76549.1,-1.0,0.18,
08:33:52,76541.75,76549.1,-1.0,0.13,
08:33:52,76541.75,76549.1,-1.0,0.13,
08:33:54,76541.75,76549.1,-1.0,0.13,
08:33:54,76541.75,76549.1,-1.0,0.14,
08:34:09,76541.76,76544.9,-0.4,0.14,
08:34:09,76541.76,76544.9,-0.4,0.17,
08:34:22,76482.72,76480.1,0.3,0.12,
08:34:22,76482.72,76480.1,0.3,0.13,
08:34:24,76482.72,76480.1,0.3,0.15,
08:34:24,76482.72,76480.1,0.3,0.15,
08:34:39,76483.19,76492.8,-1.3,0.13,
08:34:52,76486.15,76494.4,-1.1,0.15,
08:34:52,76486.15,76494.4,-1.1,0.2,
08:34:54,76486.14,76494.5,-1.1,0.13,
08:34:54,76486.14,76494.5,-1.1,0.13,
08:35:09,76487.11,76483.7,0.4,0.12,
08:35:22,76493.85,76504.6,-1.4,0.13,
08:35:24,76493.84,76504.6,-1.4,0.13,
08:35:24,76493.84,76504.6,-1.4,0.13,
08:35:39,76495.56,76503.6,-1.1,0.13,
08:35:39,76495.56,76503.6,-1.1,0.13,
08:35:52,76503.99,76507.7,-0.5,0.12,
08:35:54,76503.99,76507.6,-0.5,0.13,
08:35:54,76503.99,76507.6,-0.5,0.13,
08:36:09,76500.01,76503.7,-0.5,0.13,
08:36:09,76500.01,76503.7,-0.5,0.13,
08:36:22,76496.72,76495.6,0.1,0.13,
08:36:24,76496.73,76495.5,0.2,0.13,
08:36:24,76496.73,76495.5,0.2,0.12,
08:36:39,76486.35,76481.3,0.7,0.14,
08:36:39,76486.35,76481.3,0.7,0.14,
08:36:52,76486.36,76480.7,0.7,0.14,
08:36:52,76486.36,76480.7,0.7,0.14,
08:36:54,76486.35,76480.4,0.8,0.13,
08:36:54,76486.35,76480.4,0.8,0.13,
08:37:09,76465.17,76465.5,-0.0,0.14,
08:37:09,76465.17,76465.5,-0.0,0.14,
08:37:22,76468.22,76468.2,0.0,0.15,
08:37:22,76468.22,76468.2,0.0,0.15,
08:37:24,76468.22,76468.2,0.0,0.13,
08:37:39,76468.21,76469.8,-0.2,0.13,
08:37:39,76468.21,76469.8,-0.2,0.13,
08:37:52,76468.21,76475.1,-0.9,0.14,
08:37:52,76468.21,76475.1,-0.9,0.14,
08:37:54,76468.22,76475.1,-0.9,0.16,
08:37:54,76468.22,76475.1,-0.9,0.18,
08:38:09,76469.77,76476.5,-0.9,0.12,
08:38:09,76469.77,76476.5,-0.9,0.12,
08:38:22,76484.44,76482.4,0.3,0.13,
08:38:22,76484.44,76488.0,-0.5,0.13,
08:38:24,76484.43,76488.0,-0.5,0.13,
08:38:24,76484.43,76488.0,-0.5,0.13,
08:38:39,76484.44,76489.0,-0.6,0.14,
08:38:52,76484.43,76489.3,-0.6,0.11,
08:38:52,76484.43,76489.3,-0.6,0.12,
08:38:54,76484.43,76489.3,-0.6,0.13,
08:38:54,76484.43,76489.3,-0.6,0.13,
08:39:09,76484.43,76488.9,-0.6,0.14,
08:39:09,76484.43,76488.9,-0.6,0.15,
08:39:22,76469.16,76466.6,0.3,0.13,
08:39:22,76469.16,76466.6,0.3,0.14,
08:39:24,76469.16,76467.4,0.2,0.13,
08:39:24,76469.16,76467.4,0.2,0.13,
08:39:39,76464.99,76453.9,1.5,0.13,
08:39:39,76464.99,76464.5,0.1,0.12,
08:39:52,76464.99,76466.5,-0.2,0.16,
08:39:52,76464.99,76466.5,-0.2,0.16,
08:39:54,76465.0,76466.6,-0.2,0.13,
08:39:54,76465.0,76466.6,-0.2,0.15,
08:40:09,76465.0,76466.6,-0.2,0.13,
08:40:22,76464.99,76466.5,-0.2,0.13,
08:40:22,76464.99,76466.5,-0.2,0.13,
08:40:24,76464.99,76466.6,-0.2,0.14,
08:40:24,76464.99,76466.6,-0.2,0.13,
08:40:39,76465.0,76467.3,-0.3,0.13,
08:40:39,76465.0,76467.3,-0.3,0.23,
08:40:52,76478.86,76478.2,0.1,0.18,
08:40:52,76478.86,76478.3,0.1,0.15,
08:40:54,76478.86,76478.3,0.1,0.13,
08:40:54,76478.86,76478.3,0.1,0.13,
08:41:09,76478.13,76478.2,-0.0,0.13,
08:41:09,76478.13,76478.2,-0.0,0.13,
08:42:06,76500.01,76507.2,-0.9,0.12,
08:42:06,76500.01,76507.2,-0.9,0.12,
08:42:21,76500.0,76507.2,-0.9,0.23,
08:42:21,76500.0,76507.2,-0.9,0.23,
08:42:21,76500.0,76507.2,-0.9,0.23,
08:42:36,76500.0,76507.3,-1.0,0.14,
08:42:51,76500.01,76507.2,-0.9,0.12,
08:42:51,76500.01,76507.2,-0.9,0.12,
08:42:51,76500.01,76507.2,-0.9,0.12,
08:43:06,76492.78,76495.9,-0.4,0.13,
08:43:06,76492.78,76495.9,-0.4,0.14,
08:43:21,76496.64,76499.0,-0.3,0.13,
08:43:21,76496.64,76499.1,-0.3,0.13,
08:43:21,76496.64,76499.1,-0.3,0.13,
08:43:36,76496.64,76499.1,-0.3,0.13,
08:43:36,76496.64,76499.0,-0.3,0.13,
08:43:51,76499.99,76507.2,-0.9,0.13,
08:43:51,76499.99,76507.2,-0.9,0.13,
08:43:51,76499.99,76507.2,-0.9,0.13,
08:43:51,76499.99,76507.2,-0.9,0.12,
08:44:06,76512.85,76519.4,-0.9,0.14,
08:44:06,76512.85,76519.4,-0.9,0.14,
08:44:21,76529.96,76539.8,-1.3,0.12,
08:44:21,76529.96,76540.7,-1.4,0.13,
08:44:21,76529.96,76540.7,-1.4,0.14,
08:44:21,76529.96,76540.7,-1.4,0.13,
08:44:36,76529.95,76540.7,-1.4,0.12,
08:44:36,76529.95,76540.7,-1.4,0.12,
08:44:51,76528.37,76531.0,-0.3,0.12,
08:44:51,76528.37,76530.9,-0.3,0.14,
08:44:51,76528.37,76530.9,-0.3,0.12,
08:45:06,76528.37,76534.3,-0.8,0.12,
08:45:06,76528.37,76534.3,-0.8,0.15,
08:46:06,76558.99,76580.4,-2.8,0.12,
08:46:06,76558.99,76580.4,-2.8,0.12,
08:46:21,76591.0,76596.8,-0.8,0.13,
08:46:21,76591.0,76596.8,-0.8,0.13,
08:46:21,76591.0,76596.8,-0.8,0.13,
08:46:21,76591.0,76596.7,-0.7,0.13,
08:46:36,76564.0,76565.4,-0.2,0.13,
08:46:36,76564.0,76565.4,-0.2,0.12,
08:46:51,76544.94,76549.3,-0.6,0.14,
08:46:51,76544.94,76549.3,-0.6,0.13,
08:46:51,76544.94,76549.3,-0.6,0.13,
08:46:51,76544.94,76549.3,-0.6,0.13,
08:47:06,76540.11,76547.6,-1.0,0.13,
08:47:06,76540.11,76547.6,-1.0,0.13,
08:47:21,76528.65,76533.9,-0.7,0.11,
08:47:21,76528.65,76533.9,-0.7,0.12,
08:47:21,76528.65,76533.9,-0.7,0.12,
08:47:21,76528.65,76533.9,-0.7,0.12,
08:47:36,76524.97,76524.1,0.1,0.13,
08:47:36,76524.97,76524.1,0.1,0.13,
08:47:51,76523.52,76524.4,-0.1,0.13,
08:47:51,76523.52,76524.4,-0.1,0.13,
08:47:51,76523.52,76524.4,-0.1,0.14,
08:48:06,76515.3,76520.1,-0.6,0.13,
08:48:06,76515.3,76520.1,-0.6,0.12,
08:48:21,76522.2,76520.3,0.2,0.13,
08:48:21,76522.2,76520.3,0.2,0.13,
08:48:21,76522.2,76520.3,0.2,0.13,
08:48:36,76515.35,76522.7,-1.0,0.14,
08:48:36,76515.35,76522.7,-1.0,0.13,
08:48:51,76515.81,76522.6,-0.9,0.13,
08:48:51,76515.81,76522.6,-0.9,0.13,
08:48:51,76515.81,76522.6,-0.9,0.13,
08:48:51,76515.81,76522.6,-0.9,0.14,
08:49:06,76520.83,76526.8,-0.8,0.12,
08:49:06,76520.83,76526.8,-0.8,0.12,
08:49:21,76518.07,76516.4,0.2,0.13,
08:49:21,76518.07,76516.4,0.2,0.13,
08:49:21,76518.07,76516.4,0.2,0.13,
08:49:21,76518.07,76516.4,0.2,0.13,
08:49:36,76518.06,76516.3,0.2,0.12,
08:49:36,76518.06,76516.3,0.2,0.12,
08:49:51,76493.91,76494.8,-0.1,0.11,
08:49:51,76493.91,76494.8,-0.1,0.13,
08:49:51,76493.91,76494.8,-0.1,0.13,
08:49:51,76493.91,76494.8,-0.1,0.13,
08:50:06,76490.15,76494.1,-0.5,0.12,
08:50:06,76490.15,76494.1,-0.5,0.12,
08:50:21,76492.54,76498.0,-0.7,0.12,
08:50:21,76492.54,76498.0,-0.7,0.13,
08:50:21,76492.54,76498.0,-0.7,0.12,
08:50:21,76492.54,76498.1,-0.7,0.14,
08:50:36,76479.28,76484.1,-0.6,0.12,
08:50:36,76479.28,76484.1,-0.6,0.12,
08:50:51,76492.55,76494.8,-0.3,0.14,
08:50:51,76492.55,76494.8,-0.3,0.14,
08:50:51,76492.55,76494.8,-0.3,0.13,
08:50:51,76492.55,76494.8,-0.3,0.16,
08:51:06,76492.54,76494.9,-0.3,0.12,
08:51:06,76492.54,76494.9,-0.3,0.12,
08:51:21,76492.54,76494.8,-0.3,0.12,
08:51:21,76492.54,76494.9,-0.3,0.13,
08:51:21,76492.54,76494.9,-0.3,0.12,
08:51:36,76470.48,76477.1,-0.9,0.13,
08:51:51,76470.47,76473.6,-0.4,0.13,
08:51:51,76470.47,76473.6,-0.4,0.13,
08:51:51,76470.47,76473.6,-0.4,0.14,
08:52:06,76456.38,76453.5,0.4,0.12,
08:52:21,76469.94,76472.6,-0.3,0.13,
08:52:21,76469.94,76472.6,-0.3,0.13,
08:52:21,76469.94,76472.6,-0.3,0.12,
08:52:21,76469.94,76472.6,-0.3,0.13,
08:52:36,76467.09,76473.8,-0.9,0.12,
08:52:36,76467.09,76473.8,-0.9,0.13,
08:52:51,76467.1,76467.1,0.0,0.13,
08:52:51,76467.1,76467.1,0.0,0.13,
08:52:51,76467.1,76467.1,0.0,0.14,
08:52:51,76467.1,76467.1,0.0,0.14,
08:53:06,76470.0,76479.1,-1.2,0.13,
08:53:06,76470.0,76479.1,-1.2,0.13,
08:53:21,76470.0,76479.0,-1.2,0.13,
08:53:21,76470.0,76479.1,-1.2,0.12,
08:53:21,76470.0,76479.1,-1.2,0.13,
08:53:21,76470.0,76479.0,-1.2,0.13,
08:53:36,76470.0,76479.1,-1.2,0.23,
08:53:51,76470.0,76479.0,-1.2,0.12,
08:53:51,76470.0,76479.0,-1.2,0.12,
08:53:51,76470.0,76479.0,-1.2,0.13,
08:53:51,76470.0,76479.0,-1.2,0.12,
08:54:06,76477.64,76476.4,0.2,0.13,
08:54:06,76477.64,76476.4,0.2,0.13,
08:54:21,76476.06,76476.4,-0.0,0.12,
08:54:21,76476.06,76476.4,-0.0,0.12,
08:54:21,76476.06,76476.4,-0.0,0.13,
08:54:21,76476.06,76476.4,-0.0,0.12,
08:54:36,76470.01,76470.3,-0.0,0.13,
08:54:36,76470.01,76470.3,-0.0,0.13,
08:54:51,76470.0,76470.2,-0.0,0.12,
08:54:51,76470.0,76470.3,-0.0,0.12,
08:54:51,76470.0,76470.3,-0.0,0.13,
08:54:51,76470.0,76470.3,-0.0,0.15,
08:55:06,76461.6,76460.0,0.2,0.13,
08:55:06,76461.6,76460.1,0.2,0.13,
08:55:21,76467.56,76470.1,-0.3,0.13,
08:55:21,76467.56,76470.1,-0.3,0.13,
08:55:21,76467.56,76470.1,-0.3,0.13,
08:55:21,76467.56,76470.1,-0.3,0.12,
08:56:04,76461.6,76460.4,0.2,0.12,
08:56:04,76461.6,76460.4,0.2,0.13,
08:56:17,76461.6,76460.4,0.2,0.12,
08:56:17,76461.6,76460.4,0.2,0.13,
08:56:21,76461.6,76460.3,0.2,0.13,
08:56:21,76461.6,76460.3,0.2,0.13,
08:57:04,76434.9,76434.1,0.1,0.12,
08:57:17,76431.37,76429.2,0.3,0.14,
08:57:17,76431.37,76429.2,0.3,0.13,
08:57:21,76431.37,76429.2,0.3,0.13,
08:57:21,76431.37,76429.2,0.3,0.23,
08:57:32,76422.97,76419.2,0.5,0.13,
08:57:32,76422.97,76419.2,0.5,0.12,
08:57:47,76430.64,76438.3,-1.0,0.12,
08:57:47,76430.64,76438.3,-1.0,0.12,
08:57:51,76430.86,76438.3,-1.0,0.13,
08:57:51,76430.86,76438.3,-1.0,0.14,
08:58:02,76430.85,76436.3,-0.7,0.13,
08:58:02,76430.85,76436.3,-0.7,0.13,
08:58:17,76430.01,76428.6,0.2,0.14,
08:58:17,76430.01,76428.6,0.2,0.14,
08:58:21,76430.0,76440.1,-1.3,0.13,
08:58:21,76430.0,76440.0,-1.3,0.13,
08:58:32,76431.21,76440.0,-1.1,0.12,
08:58:32,76431.21,76440.1,-1.2,0.13,
08:58:47,76417.14,76423.7,-0.9,0.12,
08:58:47,76417.14,76423.6,-0.8,0.12,
08:58:51,76416.87,76415.8,0.1,0.12,
08:58:51,76416.87,76415.8,0.1,0.12,
08:59:02,76412.22,76415.7,-0.5,0.14,
08:59:02,76412.22,76415.7,-0.5,0.14,
08:59:17,76412.23,76415.7,-0.5,0.13,
08:59:21,76412.23,76411.9,0.0,0.13,
08:59:21,76412.23,76411.9,0.0,0.13,
08:59:32,76402.91,76411.9,-1.2,0.12,
08:59:32,76402.91,76411.9,-1.2,0.12,
08:59:47,76421.91,76426.7,-0.6,0.13,
08:59:47,76421.91,76426.6,-0.6,0.12,
08:59:51,76421.92,76426.7,-0.6,0.12,
08:59:51,76421.92,76426.7,-0.6,0.12,
09:00:02,76458.05,76468.4,-1.4,0.13,
09:00:02,76458.05,76468.4,-1.4,0.14,
09:00:17,76449.5,76456.7,-0.9,0.13,
09:00:21,76449.51,76456.7,-0.9,0.13,
09:00:21,76449.51,76456.7,-0.9,0.13,
09:00:32,76449.51,76456.6,-0.9,0.13,
09:00:32,76449.51,76456.6,-0.9,0.13,
09:00:47,76464.9,76469.1,-0.5,0.12,
09:00:48,76464.9,76469.1,-0.5,0.22,
09:00:51,76465.93,76469.1,-0.4,0.13,
09:00:51,76465.93,76469.1,-0.4,0.13,
09:01:02,76476.06,76480.1,-0.5,0.13,
09:01:02,76476.06,76480.1,-0.5,0.13,
09:01:17,76479.99,76485.1,-0.7,0.13,
09:01:17,76479.99,76485.2,-0.7,0.14,
09:01:21,76483.71,76485.2,-0.2,0.13,
09:01:21,76483.71,76485.2,-0.2,0.12,
09:01:32,76485.0,76493.9,-1.2,0.13,
09:01:33,76485.0,76493.9,-1.2,0.13,
09:01:47,76485.0,76485.2,-0.0,0.13,
09:01:48,76485.0,76485.2,-0.0,0.14,
09:01:51,76475.77,76475.4,0.0,0.13,
09:01:51,76475.77,76475.4,0.0,0.12,
09:02:02,76475.76,76475.4,0.0,0.12,
09:02:17,76474.92,76475.4,-0.1,0.13,
09:02:17,76474.92,76475.4,-0.1,0.13,
09:02:21,76474.92,76475.5,-0.1,0.13,
09:02:21,76474.92,76475.5,-0.1,0.13,
09:02:32,76470.68,76468.4,0.3,0.14,
09:02:32,76470.68,76468.4,0.3,0.14,
09:02:47,76470.68,76475.4,-0.6,0.13,
09:02:47,76470.68,76475.4,-0.6,0.13,
09:02:51,76470.68,76475.4,-0.6,0.12,
09:02:51,76470.68,76475.4,-0.6,0.12,
09:03:02,76463.05,76466.4,-0.4,0.13,
09:03:02,76463.05,76466.4,-0.4,0.13,
09:03:17,76464.92,76466.4,-0.2,0.13,
09:03:17,76464.92,76466.3,-0.2,0.13,
09:03:21,76464.92,76466.4,-0.2,0.12,
09:03:32,76464.91,76466.4,-0.2,0.12,
09:03:33,76464.91,76466.4,-0.2,0.13,
09:04:13,76464.91,76460.6,0.6,0.19,
09:04:13,76464.91,76460.6,0.6,0.19,
09:04:13,76464.91,76460.6,0.6,0.18,
09:04:13,76464.91,76460.6,0.6,0.13,
09:04:13,76464.91,76460.6,0.6,0.14,
09:04:21,76464.92,76467.6,-0.4,0.13,
09:04:21,76464.92,76467.6,-0.4,0.13,
09:04:28,76464.92,76467.6,-0.4,0.13,
09:04:43,76464.91,76468.7,-0.5,0.23,
09:04:43,76464.91,76468.7,-0.5,0.23,
09:04:51,76465.7,76468.8,-0.4,0.14,
09:04:51,76465.7,76468.8,-0.4,0.13,
09:04:58,76465.69,76468.7,-0.4,0.13,
09:05:13,76491.11,76492.8,-0.2,0.12,
09:05:13,76491.11,76492.8,-0.2,0.13,
09:05:21,76491.12,76492.9,-0.2,0.14,
09:05:21,76491.12,76492.9,-0.2,0.14,
09:05:28,76491.11,76492.9,-0.2,0.13,
09:05:43,76498.13,76500.0,-0.2,0.13,
09:05:43,76498.13,76500.0,-0.2,0.13,
09:05:51,76499.99,76500.0,-0.0,0.14,
09:05:51,76499.99,76500.0,-0.0,0.14,
09:05:58,76499.99,76499.9,0.0,0.12,
09:05:58,76499.99,76499.9,0.0,0.13,
09:06:13,76513.88,76517.7,-0.5,0.13,
09:06:13,76513.88,76517.8,-0.5,0.13,
09:06:21,76518.0,76519.2,-0.2,0.14,
09:06:21,76518.0,76519.2,-0.2,0.14,
09:06:28,76517.99,76519.3,-0.2,0.13,
09:06:28,76517.99,76519.3,-0.2,0.14,
09:06:43,76514.25,76519.2,-0.6,0.13,
09:06:51,76514.25,76519.2,-0.6,0.14,
09:06:51,76514.25,76519.2,-0.6,0.13,
09:06:58,76518.73,76519.2,-0.1,0.13,
09:06:58,76518.73,76519.2,-0.1,0.13,
09:07:13,76518.73,76519.3,-0.1,0.13,
09:07:21,76518.73,76519.3,-0.1,0.13,
09:07:21,76518.73,76519.3,-0.1,0.13,
09:07:28,76523.77,76521.3,0.3,0.12,
09:07:28,76523.77,76521.3,0.3,0.13,
09:07:43,76531.87,76538.4,-0.9,0.13,
09:07:43,76531.87,76538.4,-0.9,0.14,
09:07:51,76543.91,76546.7,-0.4,0.13,
09:07:51,76543.91,76546.7,-0.4,0.24,
09:07:58,76543.91,76546.9,-0.4,0.12,
09:07:58,76543.91,76546.9,-0.4,0.13,
09:08:13,76563.99,76555.6,1.1,0.13,
09:08:13,76563.99,76560.0,0.5,0.14,
09:08:21,76573.85,76565.2,1.1,0.22,
09:08:21,76573.85,76565.2,1.1,0.22,
09:08:28,76581.88,76587.9,-0.8,0.12,
09:08:28,76581.88,76588.0,-0.8,0.14,
09:08:43,76564.0,76561.2,0.4,0.13,
09:08:43,76564.0,76561.2,0.4,0.14,
09:08:51,76564.01,76561.2,0.4,0.13,
09:08:51,76564.01,76561.2,0.4,0.23,
09:08:58,76550.52,76553.4,-0.4,0.12,
09:08:58,76550.52,76553.4,-0.4,0.14,
09:09:13,76550.52,76553.4,-0.4,0.14,
09:09:13,76550.52,76553.4,-0.4,0.13,
09:09:21,76550.53,76553.7,-0.4,0.62,
09:09:21,76550.53,76553.7,-0.4,0.63,
09:09:28,76550.53,76557.8,-0.9,0.13,
09:09:28,76550.53,76557.8,-0.9,0.14,
09:09:43,76558.72,76561.2,-0.3,0.13,
09:09:43,76558.72,76561.2,-0.3,0.13,
09:09:51,76558.73,76561.2,-0.3,0.13,
09:09:51,76558.73,76561.2,-0.3,0.14,
09:09:58,76558.73,76561.3,-0.3,0.14,
09:09:58,76558.73,76561.3,-0.3,0.13,
09:10:13,76577.48,76580.0,-0.3,0.13,
09:10:13,76577.48,76580.0,-0.3,0.13,
09:10:21,76581.48,76580.0,0.2,0.14,
09:10:21,76581.48,76580.0,0.2,0.13,
09:10:28,76543.1,76543.0,0.0,0.13,
09:10:28,76543.1,76543.0,0.0,0.13,
09:11:15,76538.57,76540.5,-0.3,0.17,
09:11:15,76538.57,76540.5,-0.3,0.17,
09:11:21,76542.19,76542.5,-0.0,0.14,
09:11:21,76542.19,76542.5,-0.0,0.13,
09:11:27,76545.02,76542.5,0.3,0.14,
09:11:27,76545.02,76542.5,0.3,0.2,
09:11:42,76559.99,76565.8,-0.8,0.13,
09:11:42,76559.99,76565.8,-0.8,0.13,
09:11:51,76563.66,76570.0,-0.8,0.13,
09:11:51,76563.66,76570.0,-0.8,0.13,
09:11:57,76563.67,76569.9,-0.8,0.14,
09:11:57,76563.67,76569.9,-0.8,0.14,
09:12:12,76569.85,76567.5,0.3,0.13,
09:12:12,76569.85,76567.5,0.3,0.14,
09:12:21,76569.85,76580.0,-1.3,0.13,
09:12:27,76569.85,76580.0,-1.3,0.12,
09:12:42,76583.34,76579.9,0.4,0.13,
09:12:42,76583.34,76579.9,0.4,0.13,
09:12:51,76589.33,76592.4,-0.4,0.13,
09:12:51,76589.33,76592.4,-0.4,0.15,
09:12:57,76589.33,76593.8,-0.6,0.13,
09:12:57,76589.33,76593.8,-0.6,0.13,
09:13:12,76589.34,76593.8,-0.6,0.13,
09:13:21,76589.33,76593.9,-0.6,0.13,
09:13:21,76589.33,76593.9,-0.6,0.13,
09:13:27,76589.33,76593.8,-0.6,0.14,
09:13:27,76589.33,76593.8,-0.6,0.14,
09:13:42,76589.34,76590.0,-0.1,0.13,
09:13:42,76589.34,76590.0,-0.1,0.13,
09:13:51,76589.34,76590.0,-0.1,0.17,
09:13:51,76589.34,76590.0,-0.1,0.3,
09:13:57,76589.34,76590.1,-0.1,0.13,
09:13:57,76589.34,76590.1,-0.1,0.24,
09:14:12,76589.34,76590.0,-0.1,0.12,
09:14:12,76589.34,76590.0,-0.1,0.13,
09:14:21,76589.34,76590.0,-0.1,0.12,
09:14:21,76589.34,76590.1,-0.1,0.12,
09:14:27,76589.33,76590.1,-0.1,0.13,
09:14:27,76589.33,76590.1,-0.1,0.13,
09:14:42,76589.33,76590.1,-0.1,0.13,
09:14:42,76589.33,76590.1,-0.1,0.13,
09:14:51,76589.33,76590.0,-0.1,0.12,
09:14:57,76564.0,76560.1,0.5,0.12,
09:14:57,76564.0,76560.0,0.5,0.14,
09:15:12,76587.28,76587.1,0.0,0.13,
09:15:12,76587.28,76587.1,0.0,0.13,
09:15:21,76587.29,76587.1,0.0,0.12,
09:15:21,76587.29,76587.1,0.0,0.13,
09:15:27,76587.29,76587.1,0.0,0.13,
09:15:42,76616.8,76614.2,0.3,0.12,
09:15:42,76616.8,76614.2,0.3,0.13,
09:15:51,76626.33,76624.9,0.2,0.23,
09:15:51,76626.33,76624.9,0.2,0.32,
09:15:57,76617.07,76616.5,0.1,0.12,
09:15:57,76617.07,76616.5,0.1,0.13,
09:16:12,76623.16,76615.2,1.0,0.12,
09:16:21,76623.16,76615.2,1.0,0.13,
09:16:21,76623.16,76615.2,1.0,0.17,
09:16:27,76620.61,76613.2,1.0,0.14,
09:16:27,76620.61,76613.2,1.0,0.14,
09:16:42,76605.55,76600.0,0.7,0.3,
09:17:21,76606.83,76603.1,0.5,0.18,
09:17:21,76606.83,76603.1,0.5,0.18,
09:17:21,76606.83,76603.1,0.5,0.13,
09:17:21,76606.83,76603.1,0.5,0.13,
09:17:36,76601.73,76601.9,-0.0,0.14,
09:17:36,76601.73,76602.0,-0.0,0.14,
09:17:48,76605.55,76604.3,0.2,0.13,
09:17:48,76605.55,76604.2,0.2,0.13,
09:17:51,76605.56,76604.3,0.2,0.23,
09:17:51,76605.56,76604.3,0.2,0.23,
09:18:06,76605.56,76604.3,0.2,0.13,
09:18:06,76605.56,76604.3,0.2,0.16,
09:18:18,76610.93,76612.7,-0.2,0.12,
09:18:18,76610.93,76612.8,-0.2,0.14,
09:18:21,76610.93,76613.2,-0.3,0.13,
09:18:21,76610.93,76613.2,-0.3,0.13,
09:18:36,76629.99,76625.0,0.7,0.14,
09:18:36,76629.99,76625.0,0.7,0.13,
09:18:48,76616.71,76616.1,0.1,0.13,
09:18:48,76616.71,76616.1,0.1,0.13,
09:18:51,76616.71,76616.1,0.1,0.23,
09:18:51,76616.71,76616.1,0.1,0.25,
09:19:06,76616.7,76615.2,0.2,0.14,
09:19:06,76616.7,76613.9,0.4,0.21,
09:19:18,76616.7,76613.9,0.4,0.14,
09:19:18,76616.7,76614.0,0.4,0.14,
09:19:21,76616.7,76614.0,0.4,0.11,
09:19:21,76616.7,76613.9,0.4,0.14,
09:19:36,76616.71,76611.4,0.7,0.14,
09:19:36,76616.71,76612.4,0.6,0.13,
09:19:48,76616.7,76614.0,0.4,0.13,
09:19:48,76616.7,76614.0,0.4,0.12,
09:19:51,76616.7,76614.0,0.4,0.13,
09:19:51,76616.7,76614.1,0.3,0.13,
09:20:06,76616.7,76610.0,0.9,0.12,
09:20:06,76616.7,76614.1,0.3,0.14,
09:20:18,76616.7,76614.1,0.3,0.13,
09:20:18,76616.7,76614.1,0.3,0.13,
09:20:21,76616.71,76614.1,0.3,0.13,
09:20:21,76616.71,76614.1,0.3,0.13,
09:20:36,76623.23,76614.1,1.2,0.12,
09:20:36,76623.23,76614.1,1.2,0.13,
09:20:48,76623.23,76614.0,1.2,0.14,
09:20:51,76623.23,76614.1,1.2,0.13,
09:20:51,76623.23,76614.1,1.2,0.13,
09:21:06,76623.23,76614.0,1.2,0.13,
09:21:06,76623.23,76614.0,1.2,0.14,
09:21:18,76623.23,76614.1,1.2,0.22,
09:21:18,76623.23,76614.1,1.2,0.23,
09:21:21,76623.23,76614.1,1.2,0.14,
09:21:21,76623.23,76614.1,1.2,0.13,
09:21:36,76623.24,76614.1,1.2,0.13,
09:21:36,76623.24,76614.1,1.2,0.14,
09:21:48,76623.24,76614.1,1.2,0.13,
09:21:48,76623.24,76614.1,1.2,0.12,
09:21:51,76623.24,76614.0,1.2,0.12,
09:21:51,76623.24,76614.0,1.2,0.13,
09:22:06,76623.23,76620.2,0.4,0.13,
09:22:06,76623.23,76620.2,0.4,0.12,
09:22:18,76630.0,76624.9,0.7,0.13,
09:22:21,76629.99,76625.0,0.7,0.12,
09:22:21,76629.99,76625.0,0.7,0.13,
09:22:36,76630.0,76624.9,0.7,0.13,
09:22:36,76630.0,76624.9,0.7,0.25,
09:22:48,76616.71,76614.1,0.3,0.13,
09:22:48,76616.71,76614.1,0.3,0.12,
09:22:51,76616.7,76614.0,0.4,0.13,
09:22:51,76616.7,76614.0,0.4,0.13,
09:23:06,76616.7,76608.4,1.1,0.14,
09:23:06,76616.7,76608.4,1.1,0.13,
09:23:18,76616.71,76622.1,-0.7,0.22,
09:23:18,76616.71,76622.1,-0.7,0.22,
09:23:21,76604.18,76595.4,1.1,0.13,
09:23:21,76604.18,76595.4,1.1,0.13,
09:23:36,76584.22,76586.9,-0.3,0.13,
09:23:36,76584.22,76586.9,-0.3,0.13,
09:23:48,76581.13,76584.9,-0.5,0.14,
09:23:48,76581.13,76584.9,-0.5,0.15,
09:23:51,76581.13,76584.9,-0.5,0.13,
09:23:51,76581.13,76584.9,-0.5,0.13,
09:24:06,76581.71,76585.0,-0.4,0.13,
09:24:06,76581.71,76585.0,-0.4,0.13,
09:24:18,76581.72,76585.0,-0.4,0.13,
09:24:18,76581.72,76585.0,-0.4,0.13,
09:24:21,76581.72,76584.9,-0.4,0.12,
09:24:21,76581.72,76584.9,-0.4,0.12,
09:24:36,76581.72,76584.9,-0.4,0.13,
09:24:36,76581.72,76584.9,-0.4,0.13,
09:24:48,76572.1,76570.1,0.3,0.11,
09:24:48,76572.1,76570.1,0.3,0.12,
09:24:51,76572.11,76571.9,0.0,0.12,
09:24:51,76572.11,76571.9,0.0,0.13,
09:25:06,76572.1,76567.9,0.5,0.13,
09:25:06,76572.1,76567.9,0.5,0.14,
09:25:18,76570.57,76567.8,0.4,0.14,
09:25:18,76570.57,76567.8,0.4,0.13,
09:25:21,76551.93,76555.3,-0.4,0.12,
09:25:21,76551.93,76555.3,-0.4,0.12,
09:25:36,76543.55,76544.3,-0.1,0.12,
09:25:48,76538.26,76537.6,0.1,0.13,
09:25:48,76538.26,76537.6,0.1,0.13,
09:25:51,76538.26,76537.6,0.1,0.13,
09:25:51,76538.26,76537.6,0.1,0.13,
09:26:06,76533.27,76537.7,-0.6,0.12,
09:26:06,76533.27,76537.7,-0.6,0.14,
09:26:18,76533.28,76541.4,-1.1,0.13,
09:26:18,76533.28,76541.4,-1.1,0.13,
09:26:21,76533.28,76541.5,-1.1,0.12,
09:26:21,76533.28,76541.4,-1.1,0.14,
09:26:36,76533.27,76541.4,-1.1,0.13,
09:26:36,76533.27,76541.4,-1.1,0.13,
09:26:48,76533.28,76539.5,-0.8,0.14,
09:26:48,76533.28,76539.5,-0.8,0.13,
09:26:51,76533.27,76539.5,-0.8,0.13,
09:27:06,76533.28,76529.9,0.4,0.13,
09:27:06,76533.28,76529.9,0.4,0.13,
09:27:18,76533.28,76530.0,0.4,0.13,
09:27:18,76533.28,76530.0,0.4,0.15,
09:27:21,76533.28,76529.9,0.4,0.14,
09:27:21,76533.28,76529.9,0.4,0.14,
09:27:36,76533.27,76530.0,0.4,0.12,
09:27:36,76533.27,76530.0,0.4,0.14,
09:27:48,76530.02,76537.7,-1.0,0.14,
09:27:51,76530.33,76537.6,-0.9,0.13,
09:27:51,76530.33,76537.6,-0.9,0.13,
09:28:06,76533.28,76538.3,-0.7,0.13,
09:28:06,76533.28,76538.3,-0.7,0.13,
09:28:18,76533.28,76538.3,-0.7,0.12,
09:28:18,76533.28,76538.3,-0.7,0.14,
09:28:21,76533.27,76538.3,-0.7,0.12,
09:28:21,76533.27,76538.4,-0.7,0.14,
09:28:36,76533.27,76538.4,-0.7,0.13,
09:28:48,76533.27,76538.3,-0.7,0.13,
09:28:48,76533.27,76538.3,-0.7,0.14,
09:28:51,76533.28,76538.4,-0.7,0.13,
09:28:51,76533.28,76538.4,-0.7,0.13,
09:29:06,76533.27,76538.3,-0.7,0.13,
09:29:06,76533.27,76538.3,-0.7,0.13,
09:29:18,76533.28,76538.3,-0.7,0.13,
09:29:18,76533.28,76538.3,-0.7,0.14,
09:29:21,76533.27,76538.3,-0.7,0.13,
09:29:21,76533.27,76538.3,-0.7,0.13,
09:29:36,76533.28,76538.3,-0.7,0.14,
09:29:36,76533.28,76538.3,-0.7,0.14,
09:29:48,76536.81,76538.3,-0.2,0.13,
09:29:48,76536.81,76538.3,-0.2,0.13,
09:29:51,76536.82,76538.4,-0.2,0.22,
09:30:06,76536.82,76538.4,-0.2,0.13,
09:30:06,76536.82,76538.4,-0.2,0.12,
09:30:18,76536.82,76530.1,0.9,0.13,
09:30:18,76536.82,76530.1,0.9,0.12,
09:30:21,76536.82,76530.1,0.9,0.13,
09:30:21,76536.82,76530.1,0.9,0.13,
09:30:36,76537.14,76538.9,-0.2,0.13,
09:30:36,76537.14,76538.9,-0.2,0.14,
09:30:48,76537.14,76538.9,-0.2,0.22,
09:31:24,76537.13,76531.4,0.7,0.12,
09:31:24,76537.13,76531.4,0.7,0.12,
09:31:36,76537.0,76530.4,0.9,0.14,
09:31:36,76537.0,76530.4,0.9,0.13,
09:31:48,76537.0,76531.5,0.7,0.14,
09:31:48,76537.0,76531.5,0.7,0.14,
09:31:51,76550.11,76545.0,0.7,0.14,
09:31:51,76550.11,76552.2,-0.3,0.14,
09:32:06,76550.11,76553.5,-0.4,0.12,
09:32:06,76550.11,76553.6,-0.5,0.14,
09:32:18,76550.11,76553.6,-0.5,0.13,
09:32:18,76550.11,76553.6,-0.5,0.13,
09:32:21,76550.1,76553.5,-0.4,0.12,
09:32:21,76550.1,76553.5,-0.4,0.12,
09:32:36,76548.98,76550.1,-0.1,0.13,
09:32:48,76548.97,76550.2,-0.2,0.13,
09:32:48,76548.97,76550.2,-0.2,0.13,
09:32:51,76548.98,76550.2,-0.2,0.13,
09:32:51,76548.98,76550.2,-0.2,0.12,
09:33:06,76551.88,76551.2,0.1,0.13,
09:33:06,76551.88,76551.2,0.1,0.13,
09:33:18,76551.87,76551.2,0.1,0.13,
09:33:18,76551.87,76551.2,0.1,0.13,
09:33:21,76551.87,76551.3,0.1,0.13,
09:33:21,76551.87,76551.3,0.1,0.13,
09:33:36,76570.99,76570.9,0.0,0.14,
09:33:36,76570.99,76570.9,0.0,0.14,
09:33:48,76570.99,76564.9,0.8,0.13,
09:33:51,76571.0,76564.8,0.8,0.14,
09:33:51,76571.0,76564.8,0.8,0.14,
09:34:06,76570.99,76564.4,0.9,0.14,
09:34:06,76570.99,76564.3,0.9,0.14,
09:34:18,76571.0,76568.4,0.3,0.13,
09:34:18,76571.0,76571.0,0.0,0.13,
09:34:21,76571.0,76571.3,-0.0,0.13,
09:34:21,76571.0,76571.3,-0.0,0.13,
09:34:36,76570.99,76571.2,-0.0,0.13,
09:34:36,76570.99,76571.2,-0.0,0.13,
09:34:48,76571.0,76571.3,-0.0,0.13,
09:34:51,76570.99,76571.3,-0.0,0.13,
09:34:51,76570.99,76571.3,-0.0,0.13,
09:35:06,76578.25,76573.9,0.6,0.13,
09:35:06,76578.25,76573.9,0.6,0.13,
09:35:18,76583.64,76579.4,0.6,0.12,
09:35:18,76583.64,76579.4,0.6,0.13,
09:35:21,76583.65,76579.4,0.6,0.13,
09:35:21,76583.65,76579.4,0.6,0.16,
09:35:36,76580.08,76580.9,-0.1,0.13,
09:35:36,76580.08,76580.9,-0.1,0.13,
09:35:48,76580.08,76579.5,0.1,0.12,
09:35:48,76580.08,76579.5,0.1,0.13,
09:35:51,76580.08,76579.4,0.1,0.13,
09:35:51,76580.08,76579.4,0.1,0.13,
09:36:06,76587.02,76581.9,0.7,0.13,
09:36:06,76587.02,76581.9,0.7,0.13,
09:36:18,76587.05,76584.7,0.3,0.13,
09:36:18,76587.05,76584.7,0.3,0.13,
09:36:21,76587.05,76584.7,0.3,0.12,
09:36:21,76587.05,76584.7,0.3,0.12,
09:36:36,76581.24,76580.2,0.1,0.13,
09:36:36,76581.24,76580.2,0.1,0.13,
09:36:48,76582.29,76580.2,0.3,0.13,
09:36:48,76582.29,76580.2,0.3,0.12,
09:36:51,76582.99,76584.5,-0.2,0.12,
09:36:51,76582.99,76580.3,0.4,0.19,
09:37:06,76587.05,76590.2,-0.4,0.12,
09:37:06,76587.05,76590.2,-0.4,0.14,
09:37:18,76587.06,76590.2,-0.4,0.13,
09:37:18,76587.06,76590.2,-0.4,0.14,
09:37:21,76587.06,76590.2,-0.4,0.12,
09:37:21,76587.06,76590.2,-0.4,0.13,
09:37:36,76594.36,76590.3,0.5,0.12,
09:37:36,76594.36,76590.3,0.5,0.12,
09:37:48,76596.06,76592.6,0.5,0.14,
09:37:48,76596.06,76592.6,0.5,0.14,
09:37:51,76596.07,76592.5,0.5,0.13,
09:37:51,76596.07,76592.5,0.5,0.13,
09:38:06,76597.84,76592.5,0.7,0.14,
09:38:06,76597.84,76592.5,0.7,0.14,
09:38:18,76597.84,76592.6,0.7,0.58,
09:38:18,76597.84,76592.6,0.7,0.58,
09:38:21,76579.38,76572.1,1.0,0.12,
09:38:21,76579.38,76592.6,-1.7,0.14,
09:38:36,76579.38,76579.6,-0.0,0.13,
09:38:36,76579.38,76579.7,-0.0,0.14,
09:38:48,76579.39,76579.7,-0.0,0.13,
09:38:51,76579.38,76579.7,-0.0,0.14,
09:39:06,76579.39,76575.5,0.5,0.13,
09:39:06,76579.39,76575.5,0.5,0.13,
09:39:18,76579.39,76575.4,0.5,0.13,
09:39:18,76579.39,76575.4,0.5,0.14,
09:39:21,76579.39,76575.5,0.5,0.12,
09:39:21,76579.39,76575.5,0.5,0.13,
09:39:36,76585.37,76584.4,0.1,0.12,
09:39:36,76585.37,76584.4,0.1,0.13,
09:39:48,76585.37,76584.4,0.1,0.19,
09:39:51,76585.37,76584.3,0.1,0.14,
09:39:51,76585.37,76584.3,0.1,0.13,
09:40:06,76585.37,76584.3,0.1,0.13,
09:40:06,76585.37,76584.4,0.1,0.13,
09:40:18,76585.37,76584.4,0.1,0.12,
09:40:18,76585.37,76584.3,0.1,0.14,
09:40:21,76585.37,76584.3,0.1,0.13,
09:40:21,76585.37,76584.3,0.1,0.13,
09:40:36,76585.37,76584.3,0.1,0.13,
09:40:36,76585.37,76584.3,0.1,0.13,
09:40:48,76585.37,76584.4,0.1,0.12,
09:40:48,76585.37,76584.4,0.1,0.13,
09:40:51,76585.37,76584.3,0.1,0.12,
09:40:51,76585.37,76584.3,0.1,0.13,
09:41:06,76585.36,76584.4,0.1,0.13,
09:41:18,76585.39,76584.3,0.1,0.12,
09:41:18,76585.39,76584.3,0.1,0.14,
09:41:21,76585.39,76584.4,0.1,0.13,
09:41:21,76585.39,76584.4,0.1,0.13,
09:41:36,76585.46,76584.3,0.2,0.13,
09:41:36,76585.46,76584.3,0.2,0.13,
09:41:48,76597.62,76592.4,0.7,0.13,
09:41:48,76597.62,76592.5,0.7,0.12,
09:41:51,76598.45,76592.4,0.8,0.12,
09:41:51,76598.45,76592.4,0.8,0.13,
09:42:06,76602.81,76592.4,1.4,0.13,
09:42:06,76602.81,76592.4,1.4,0.12,
09:42:18,76602.81,76592.4,1.4,0.13,
09:42:18,76602.81,76592.4,1.4,0.13,
09:42:21,76602.81,76592.4,1.4,0.12,
09:42:21,76602.81,76592.4,1.4,0.13,
09:42:36,76602.8,76592.4,1.4,0.13,
09:42:48,76602.8,76592.4,1.4,0.12,
09:42:48,76602.8,76592.5,1.3,0.13,
09:42:51,76602.81,76592.4,1.4,0.12,
09:42:51,76602.81,76592.4,1.4,0.14,
09:43:06,76640.63,76634.9,0.7,0.14,
09:43:06,76640.63,76635.0,0.7,0.13,
09:43:18,76640.63,76635.0,0.7,0.12,
09:43:18,76640.63,76635.0,0.7,0.13,
09:43:21,76611.73,76611.5,0.0,0.12,
09:43:21,76611.73,76611.5,0.0,0.13,
09:43:36,76611.73,76611.5,0.0,0.13,
09:43:36,76611.73,76611.5,0.0,0.12,
09:43:48,76626.48,76626.2,0.0,0.13,
09:43:48,76626.48,76626.2,0.0,0.13,
09:43:51,76632.71,76626.2,0.8,0.13,
09:43:51,76632.71,76626.2,0.8,0.12,
09:44:06,76634.97,76626.2,1.1,0.12,
09:44:06,76634.97,76626.2,1.1,0.13,
09:44:18,76610.11,76608.6,0.2,0.13,
09:44:18,76610.11,76608.6,0.2,0.13,
09:44:21,76610.11,76608.7,0.2,0.15,
09:44:21,76610.11,76608.6,0.2,0.13,
09:44:36,76610.1,76612.4,-0.3,0.13,
09:44:36,76610.1,76612.4,-0.3,0.13,
09:44:48,76617.21,76620.1,-0.4,0.13,
09:44:48,76617.21,76620.1,-0.4,0.13,
09:44:51,76617.22,76620.1,-0.4,0.13,
09:44:51,76617.22,76620.1,-0.4,0.13,
09:45:06,76624.77,76627.0,-0.3,0.12,
09:45:06,76624.77,76626.9,-0.3,0.12,
09:45:18,76629.46,76626.9,0.3,0.12,
09:45:18,76629.46,76626.9,0.3,0.15,
09:45:21,76629.46,76627.0,0.3,0.12,
09:45:21,76629.46,76627.0,0.3,0.12,
09:45:36,76617.22,76613.0,0.6,0.13,
09:45:36,76617.22,76613.0,0.6,0.13,
09:45:48,76616.0,76613.0,0.4,0.13,
09:45:48,76616.0,76613.0,0.4,0.13,
09:45:51,76615.98,76613.0,0.4,0.13,
09:45:51,76615.98,76613.0,0.4,0.13,
09:46:06,76617.6,76619.6,-0.3,0.12,
09:46:06,76617.6,76619.7,-0.3,0.12,
09:46:18,76620.9,76619.7,0.2,0.13,
09:46:18,76620.9,76619.7,0.2,0.14,
09:46:21,76620.9,76619.6,0.2,0.13,
09:46:21,76620.9,76619.6,0.2,0.13,
09:46:36,76620.9,76619.7,0.2,0.13,
09:46:36,76620.9,76619.7,0.2,0.13,
09:46:48,76629.46,76632.0,-0.3,0.12,
09:46:51,76629.46,76632.0,-0.3,0.14,
09:46:51,76629.46,76632.0,-0.3,0.14,
09:47:06,76631.9,76632.1,-0.0,0.13,
09:47:06,76631.9,76632.1,-0.0,0.13,
09:47:18,76631.9,76632.1,-0.0,0.14,
09:47:18,76631.9,76632.1,-0.0,0.12,
09:47:21,76631.91,76632.0,-0.0,0.12,
09:47:21,76631.91,76632.0,-0.0,0.12,
09:47:36,76638.0,76637.3,0.1,0.22,
09:47:36,76638.0,76637.3,0.1,0.2,
09:47:48,76638.77,76638.1,0.1,0.13,
09:47:48,76638.77,76638.1,0.1,0.13,
09:47:51,76638.78,76638.7,0.0,0.12,
09:47:51,76639.42,76638.7,0.1,0.13,
09:48:06,76636.75,76642.4,-0.7,0.12,
09:48:06,76636.75,76642.4,-0.7,0.12,
09:48:18,76636.75,76642.5,-0.8,0.14,
09:48:18,76636.75,76642.4,-0.7,0.17,
09:48:21,76636.75,76642.5,-0.8,0.13,
09:48:21,76636.75,76642.5,-0.8,0.13,
09:48:36,76720.0,76720.2,-0.0,0.13,
09:48:36,76720.0,76720.2,-0.0,0.14,
09:48:48,76694.4,76692.1,0.3,0.13,
09:48:48,76694.41,76692.1,0.3,0.13,
09:48:51,76694.4,76692.2,0.3,0.13,
09:48:51,76694.4,76692.1,0.3,0.14,
09:49:06,76703.75,76711.3,-1.0,0.15,
09:49:06,76703.75,76711.3,-1.0,0.13,
09:49:18,76715.0,76711.7,0.4,0.13,
09:49:18,76715.0,76711.7,0.4,0.14,
09:49:21,76725.05,76727.7,-0.3,0.13,
09:49:21,76725.05,76728.3,-0.4,0.12,
09:49:36,76732.65,76730.3,0.3,0.13,
09:49:36,76732.65,76730.3,0.3,0.12,
09:49:48,76732.64,76730.4,0.3,0.13,
09:49:48,76732.64,76730.4,0.3,0.15,
09:49:51,76726.99,76730.3,-0.4,0.13,
09:49:51,76726.99,76730.3,-0.4,0.13,
09:50:39,76702.23,76707.4,-0.7,0.17,
09:50:39,76702.23,76707.4,-0.7,0.17,
09:50:48,76702.23,76707.4,-0.7,0.12,
09:50:48,76702.23,76707.4,-0.7,0.13,
09:50:51,76702.22,76699.5,0.4,0.13,
09:50:51,76702.22,76699.5,0.4,0.13,
09:51:06,76697.73,76700.0,-0.3,0.13,
09:51:18,76702.22,76706.2,-0.5,0.12,
09:51:18,76702.22,76706.2,-0.5,0.23,
09:51:21,76702.22,76706.1,-0.5,0.13,
09:51:21,76702.22,76706.1,-0.5,0.13,
09:51:36,76702.23,76707.5,-0.7,0.12,
09:51:36,76702.23,76707.5,-0.7,0.13,
09:51:48,76702.22,76707.4,-0.7,0.13,
09:51:48,76702.22,76707.5,-0.7,0.12,
09:51:51,76702.22,76707.4,-0.7,0.13,
09:51:51,76702.22,76707.4,-0.7,0.13,
09:52:06,76702.23,76707.5,-0.7,0.12,
09:52:06,76702.23,76707.4,-0.7,0.12,
09:52:18,76702.23,76707.3,-0.7,0.12,
09:52:18,76702.23,76707.3,-0.7,0.13,
09:52:21,76702.23,76707.3,-0.7,0.12,
09:52:21,76702.23,76707.3,-0.7,0.13,
09:52:36,76702.22,76707.4,-0.7,0.13,
09:52:36,76702.22,76707.3,-0.7,0.14,
09:52:48,76695.6,76701.7,-0.8,0.12,
09:52:51,76701.21,76701.8,-0.1,0.14,
09:52:51,76701.21,76701.8,-0.1,0.13,
09:53:06,76716.54,76719.9,-0.4,0.13,
09:53:18,76717.99,76726.0,-1.0,0.14,
09:53:18,76717.99,76726.0,-1.0,0.14,
09:53:21,76717.99,76726.0,-1.0,0.12,
09:53:21,76717.99,76726.0,-1.0,0.12,
09:53:36,76732.17,76737.9,-0.7,0.12,
09:53:36,76732.17,76737.9,-0.7,0.12,
09:53:48,76732.18,76737.9,-0.7,0.12,
09:53:48,76732.18,76737.9,-0.7,0.13,
09:53:51,76732.99,76738.0,-0.7,0.12,
09:53:51,76732.99,76738.0,-0.7,0.12,
09:54:06,76732.01,76740.5,-1.1,0.12,
09:54:06,76732.01,76740.5,-1.1,0.22,
09:54:18,76761.34,76759.9,0.2,0.13,
09:54:18,76761.34,76759.9,0.2,0.12,
09:54:21,76760.36,76760.4,-0.0,0.13,
09:54:21,76760.36,76760.4,-0.0,0.13,
09:54:36,76744.53,76743.7,0.1,0.12,
09:54:36,76744.53,76743.7,0.1,0.12,
09:54:48,76739.09,76738.5,0.1,0.13,
09:54:48,76739.09,76738.5,0.1,0.14,
09:54:51,76739.09,76738.6,0.1,0.13,
09:54:51,76739.09,76738.5,0.1,0.14,
09:55:07,76737.24,76731.6,0.7,0.53,
09:55:07,76737.24,76731.5,0.7,0.53,
09:55:47,76756.3,76755.2,0.1,0.18,
09:55:48,76756.31,76755.2,0.1,0.13,
09:55:48,76756.31,76755.2,0.1,0.13,
09:56:03,76755.16,76749.7,0.7,0.13,
09:56:03,76755.16,76749.7,0.7,0.13,
09:56:15,76752.49,76742.7,1.3,0.13,
09:56:15,76752.49,76742.8,1.3,0.13,
09:56:18,76743.95,76742.7,0.2,0.13,
09:56:18,76743.95,76742.8,0.1,0.14,
09:56:33,76741.68,76740.6,0.1,0.12,
09:56:33,76741.68,76740.6,0.1,0.12,
09:56:45,76740.31,76740.6,-0.0,0.13,
09:56:45,76740.31,76740.6,-0.0,0.13,
09:56:48,76740.31,76740.6,-0.0,0.13,
09:56:48,76740.31,76740.6,-0.0,0.13,
09:57:03,76740.31,76746.5,-0.8,0.13,
09:57:15,76758.8,76760.5,-0.2,0.13,
09:57:15,76758.8,76760.5,-0.2,0.13,
09:57:18,76758.84,76760.4,-0.2,0.13,
09:57:18,76758.84,76760.4,-0.2,0.16,
09:57:33,76776.18,76773.9,0.3,0.13,
09:57:33,76776.18,76773.9,0.3,0.14,
09:57:45,76760.58,76757.5,0.4,0.14,
09:57:45,76760.58,76757.5,0.4,0.13,
09:57:48,76760.58,76754.6,0.8,0.13,
09:57:48,76760.58,76754.6,0.8,0.12,
09:58:03,76755.64,76751.6,0.5,0.12,
09:58:03,76755.64,76751.6,0.5,0.12,
09:58:15,76740.0,76740.0,0.0,0.12,
09:58:50,76700.24,76695.1,0.7,0.14,
09:58:50,76700.24,76695.4,0.6,0.14,
09:59:02,76682.35,76681.5,0.1,0.13,
09:59:02,76682.35,76681.5,0.1,0.13,
09:59:15,76670.18,76666.1,0.5,0.14,
09:59:15,76670.18,76667.9,0.3,0.14,
09:59:17,76677.36,76677.7,-0.0,0.13,
09:59:17,76677.36,76677.7,-0.0,0.13,
09:59:32,76686.12,76689.2,-0.4,0.13,
09:59:32,76686.12,76689.2,-0.4,0.13,
09:59:45,76686.12,76689.3,-0.4,0.13,
09:59:45,76686.12,76689.3,-0.4,0.13,
09:59:47,76686.12,76689.2,-0.4,0.13,
09:59:47,76686.12,76689.2,-0.4,0.21,
10:00:02,76695.0,76697.1,-0.3,0.14,
10:00:02,76695.0,76702.2,-0.9,0.17,
10:00:15,76693.34,76702.3,-1.2,0.23,
10:00:15,76693.34,76695.0,-0.2,0.24,
10:00:17,76687.99,76689.5,-0.2,0.12,
10:00:17,76687.99,76689.4,-0.2,0.12,
10:00:32,76688.0,76689.3,-0.2,0.13,
10:00:32,76688.0,76689.3,-0.2,0.13,
10:00:45,76688.01,76689.3,-0.2,0.13,
10:00:45,76688.01,76689.3,-0.2,0.13,
10:00:47,76688.01,76689.3,-0.2,0.14,
10:00:47,76688.01,76689.3,-0.2,0.14,
10:01:02,76688.01,76689.4,-0.2,0.14,
10:01:15,76688.01,76684.1,0.5,0.13,
10:01:15,76688.01,76684.0,0.5,0.13,
10:01:17,76688.01,76684.1,0.5,0.13,
10:01:17,76688.01,76684.1,0.5,0.13,
10:01:32,76680.74,76675.1,0.7,0.14,
10:01:32,76680.74,76675.1,0.7,0.14,
10:01:45,76670.01,76672.2,-0.3,0.13,
10:01:45,76670.01,76672.2,-0.3,0.13,
10:01:47,76670.01,76673.6,-0.5,0.13,
10:01:47,76670.01,76673.6,-0.5,0.13,
10:02:02,76673.01,76673.6,-0.1,0.14,
10:02:02,76673.01,76673.6,-0.1,0.14,
10:02:15,76655.94,76661.9,-0.8,0.14,
10:02:15,76655.94,76661.9,-0.8,0.14,
10:02:17,76653.21,76650.2,0.4,0.13,
10:02:17,76653.21,76650.2,0.4,0.13,
10:02:32,76642.76,76647.5,-0.6,0.13,
10:02:45,76630.58,76640.0,-1.2,0.13,
10:02:45,76630.58,76640.0,-1.2,0.13,
10:02:47,76630.58,76633.1,-0.3,0.13,
10:02:47,76630.58,76638.6,-1.0,0.13,
10:03:02,76622.22,76625.0,-0.4,0.13,
10:03:02,76622.22,76625.1,-0.4,0.23,
10:03:15,76635.15,76640.6,-0.7,0.14,
10:03:15,76635.15,76640.6,-0.7,0.14,
10:03:17,76635.15,76640.5,-0.7,0.13,
10:03:17,76635.15,76640.5,-0.7,0.13,
10:03:32,76651.61,76654.4,-0.4,0.13,
10:03:32,76651.61,76654.4,-0.4,0.13,
10:03:45,76650.82,76646.3,0.6,0.14,
10:03:45,76650.82,76646.3,0.6,0.14,
10:03:47,76644.51,76646.2,-0.2,0.14,
10:03:47,76644.51,76646.2,-0.2,0.14,
10:04:02,76652.62,76653.8,-0.2,0.13,
10:04:02,76652.62,76653.8,-0.2,0.14,
10:04:15,76668.94,76671.7,-0.4,0.13,
10:04:15,76668.94,76671.7,-0.4,0.24,
10:04:17,76668.94,76672.6,-0.5,0.14,
10:04:17,76668.94,76672.6,-0.5,0.19,
10:04:32,76678.86,76672.7,0.8,0.15,
10:04:32,76678.86,76672.7,0.8,0.17,
10:04:45,76678.85,76672.6,0.8,0.14,
10:04:45,76678.85,76672.6,0.8,0.19,
10:04:47,76678.86,76672.6,0.8,0.14,
10:04:47,76678.86,76672.6,0.8,0.14,
10:05:02,76678.85,76672.6,0.8,0.14,
10:05:02,76678.85,76672.6,0.8,0.22,
10:05:15,76656.99,76650.9,0.8,0.14,
10:05:15,76656.99,76650.9,0.8,0.18,
10:05:17,76652.62,76647.9,0.6,0.14,
10:05:17,76652.62,76647.9,0.6,0.14,
10:05:32,76647.38,76650.8,-0.4,0.12,
10:05:32,76647.38,76643.4,0.5,0.13,
10:05:45,76658.46,76664.8,-0.8,0.14,
10:05:45,76658.46,76664.8,-0.8,0.14,
10:05:47,76658.46,76660.8,-0.3,0.14,
10:05:47,76658.46,76660.8,-0.3,0.13,
10:06:02,76654.07,76655.9,-0.2,0.14,
10:06:15,76661.61,76657.8,0.5,0.13,
10:06:17,76661.6,76657.9,0.5,0.14,
10:06:17,76661.6,76657.9,0.5,0.13,
10:06:32,76661.61,76657.8,0.5,0.15,
10:06:32,76661.61,76657.8,0.5,0.15,
10:06:45,76661.61,76657.8,0.5,0.23,
10:06:47,76661.6,76657.8,0.5,0.13,
10:07:02,76671.01,76664.8,0.8,0.13,
10:07:02,76671.01,76664.8,0.8,0.3,
10:07:15,76672.79,76672.6,0.0,0.14,
10:07:15,76672.79,76672.6,0.0,0.14,
10:07:17,76673.36,76672.7,0.1,0.14,
10:07:32,76673.36,76672.7,0.1,0.13,
10:07:32,76673.36,76672.7,0.1,0.14,
10:07:45,76673.35,76672.7,0.1,0.14,
10:07:45,76673.35,76672.7,0.1,0.14,
10:07:47,76673.35,76667.9,0.7,0.14,
10:07:47,76673.35,76668.8,0.6,0.14,
10:08:02,76664.47,76659.4,0.7,0.14,
10:08:15,76664.46,76666.0,-0.2,0.14,
10:08:15,76664.46,76666.0,-0.2,0.14,
10:08:17,76664.46,76669.6,-0.7,0.13,
10:08:32,76694.0,76695.0,-0.1,0.13,
10:08:32,76694.0,76695.0,-0.1,0.14,
10:08:45,76687.76,76683.1,0.6,0.14,
10:08:47,76685.42,76680.5,0.6,0.13,
10:08:47,76685.42,76680.5,0.6,0.13,
10:09:02,76699.98,76698.0,0.3,0.14,
10:09:02,76699.98,76698.0,0.3,0.14,
10:09:15,76712.96,76710.0,0.4,0.13,
10:09:15,76712.95,76710.0,0.4,0.23,
10:09:17,76712.95,76713.9,-0.1,0.12,
10:09:17,76712.95,76713.0,-0.0,0.13,
10:09:32,76726.53,76735.0,-1.1,0.13,
10:09:32,76726.53,76735.2,-1.1,0.14,
10:09:45,76720.14,76718.3,0.2,0.14,
10:09:46,76720.14,76718.3,0.2,0.14,
10:09:47,76720.14,76718.3,0.2,0.14,
10:09:47,76720.14,76718.3,0.2,0.15,
10:10:02,76720.15,76722.9,-0.4,0.13,
10:10:02,76720.15,76723.0,-0.4,0.17,
10:10:15,76711.05,76708.2,0.4,0.14,
10:10:16,76711.05,76708.2,0.4,0.23,
10:10:17,76705.22,76708.2,-0.4,0.13,
10:10:17,76705.22,76708.2,-0.4,0.13,
10:10:32,76690.46,76689.2,0.2,0.14,
10:10:32,76690.46,76689.2,0.2,0.14,
10:10:45,76687.55,76688.7,-0.1,0.13,
10:10:45,76687.55,76688.7,-0.1,0.14,
10:10:47,76687.55,76688.7,-0.1,0.13,
10:11:02,76687.55,76688.7,-0.1,0.14,
10:11:02,76687.55,76688.7,-0.1,0.16,
10:11:15,76690.57,76697.9,-1.0,0.14,
10:11:15,76690.57,76697.9,-1.0,0.14,
10:11:17,76690.57,76692.7,-0.3,0.14,
10:11:17,76690.57,76692.7,-0.3,0.14,
10:11:32,76697.86,76701.6,-0.5,0.13,
10:11:45,76697.87,76702.0,-0.5,0.14,
10:11:46,76697.87,76702.0,-0.5,0.14,
10:11:47,76697.86,76702.0,-0.5,0.13,
10:11:47,76697.86,76702.0,-0.5,0.13,
10:12:02,76697.86,76695.7,0.3,0.14,
10:12:02,76697.86,76695.7,0.3,0.14,
10:12:15,76698.4,76702.0,-0.5,0.12,
10:12:17,76698.39,76702.0,-0.5,0.13,
10:12:17,76698.39,76702.0,-0.5,0.23,
10:12:32,76698.4,76702.0,-0.5,0.13,
10:12:32,76698.4,76702.0,-0.5,0.13,
10:12:45,76698.39,76702.0,-0.5,0.13,
10:12:45,76698.39,76701.9,-0.5,0.13,
10:12:47,76698.39,76702.0,-0.5,0.14,
10:12:47,76698.39,76702.0,-0.5,0.14,
10:13:02,76698.39,76701.9,-0.5,0.13,
10:13:02,76698.39,76701.9,-0.5,0.14,
10:13:15,76703.71,76701.9,0.2,0.13,
10:13:17,76703.71,76702.0,0.2,0.14,
10:13:17,76703.71,76702.0,0.2,0.14,
10:13:32,76708.57,76703.9,0.6,0.13,
10:13:45,76708.57,76703.9,0.6,0.13,
10:13:46,76708.57,76703.9,0.6,0.13,
10:13:47,76708.57,76704.0,0.6,0.13,
10:14:02,76708.57,76704.0,0.6,0.13,
10:14:02,76708.57,76703.9,0.6,0.14,
10:14:15,76683.29,76680.1,0.4,0.14,
10:14:16,76683.29,76680.1,0.4,0.14,
10:14:17,76678.25,76676.3,0.3,0.13,
10:14:17,76678.25,76676.3,0.3,0.13,
10:14:32,76668.25,76664.2,0.5,0.13,
10:14:32,76668.25,76664.2,0.5,0.13,
10:14:45,76676.83,76674.0,0.4,0.14,

10:14:47,76676.83,76674.0,0.4,0.14,
10:14:47,76676.83,76674.0,0.4,0.14,
10:15:02,76676.83,76678.1,-0.2,0.14,
10:15:02,76676.83,76678.1,-0.2,0.14,
10:15:15,76684.0,76679.7,0.6,0.13,
10:15:16,76684.0,76679.7,0.6,0.17,
10:15:17,76684.0,76679.7,0.6,0.13,
10:15:17,76684.0,76679.8,0.5,0.13,
10:15:32,76683.99,76684.9,-0.1,0.13,
10:15:32,76683.99,76685.0,-0.1,0.16,
10:15:45,76683.99,76684.9,-0.1,0.14,
10:15:45,76683.99,76684.9,-0.1,0.14,
10:15:47,76683.99,76685.0,-0.1,0.14,
10:15:47,76683.99,76685.0,-0.1,0.14,
10:16:02,76700.94,76704.0,-0.4,0.14,
10:16:02,76700.94,76704.0,-0.4,0.13,
10:16:15,76715.99,76712.2,0.5,0.12,
10:16:16,76715.99,76712.2,0.5,0.24,
10:16:17,76715.99,76712.2,0.5,0.13,
10:16:17,76715.99,76712.2,0.5,0.13,
10:16:32,76716.0,76718.3,-0.3,0.14,
10:16:32,76716.0,76718.2,-0.3,0.14,
10:16:46,76715.99,76718.2,-0.3,0.19,
10:16:47,76715.99,76718.2,-0.3,0.18,
10:17:02,76729.7,76732.3,-0.3,0.14,
10:17:02,76729.7,76730.9,-0.2,0.13,
10:17:16,76729.69,76732.3,-0.3,0.14,
10:17:16,76729.69,76732.3,-0.3,0.14,
10:17:17,76729.69,76732.4,-0.4,0.18,
10:17:17,76729.69,76732.4,-0.4,0.27,
10:17:32,76710.23,76709.0,0.2,0.14,
10:17:46,76694.36,76689.0,0.7,0.14,
10:17:46,76694.36,76689.0,0.7,0.14,
10:17:47,76694.36,76689.0,0.7,0.15,
10:17:47,76694.36,76689.0,0.7,0.18,
10:18:02,76694.35,76689.7,0.6,0.14,
10:18:02,76694.35,76689.7,0.6,0.14,
10:18:15,76687.82,76692.1,-0.6,0.12,
10:18:16,76687.82,76692.1,-0.6,0.13,
10:18:17,76687.82,76692.1,-0.6,0.14,
10:18:17,76687.82,76692.1,-0.6,0.14,
10:18:32,76673.04,76676.6,-0.5,0.15,
10:18:32,76673.04,76676.6,-0.5,0.15,
10:18:46,76661.6,76663.4,-0.2,0.14,
10:18:46,76661.6,76663.5,-0.2,0.14,
10:18:47,76661.6,76663.4,-0.2,0.13,
10:18:47,76661.6,76663.4,-0.2,0.13,
10:19:02,76661.6,76663.5,-0.2,0.13,
10:19:02,76661.6,76663.5,-0.2,0.13,
10:19:16,76651.09,76656.9,-0.8,0.14,
10:19:17,76650.0,76646.5,0.5,0.15,
10:19:17,76650.0,76646.5,0.5,0.23,
10:19:58,76620.89,76625.0,-0.5,0.13,
10:19:58,76620.89,76625.0,-0.5,0.13,
10:19:58,76620.89,76625.0,-0.5,0.17,
10:19:58,76620.89,76625.0,-0.5,0.14,
10:19:58,76620.89,76625.0,-0.5,0.14,
10:20:13,76620.89,76625.0,-0.5,0.13,
10:20:13,76620.89,76625.0,-0.5,0.13,
10:20:15,76620.9,76624.9,-0.5,0.13,
10:20:16,76620.9,76625.0,-0.5,0.13,
10:20:28,76613.24,76612.0,0.2,0.12,
10:20:28,76613.24,76612.0,0.2,0.12,
10:20:43,76610.1,76607.8,0.3,0.13,
10:20:43,76610.1,76607.8,0.3,0.13,
10:20:46,76610.11,76607.8,0.3,0.13,
10:20:46,76610.11,76607.8,0.3,0.14,
10:20:58,76610.1,76607.9,0.3,0.13,
10:21:13,76610.1,76607.9,0.3,0.13,
10:21:13,76610.1,76607.9,0.3,0.13,
10:21:16,76610.1,76607.9,0.3,0.14,
10:21:16,76610.1,76607.9,0.3,0.14,
10:21:28,76611.67,76607.9,0.5,0.16,
10:21:28,76611.67,76607.9,0.5,0.15,
10:21:43,76617.4,76620.9,-0.5,0.15,
10:21:46,76617.41,76620.9,-0.5,0.15,
10:21:46,76617.41,76620.9,-0.5,0.15,
10:21:58,76617.41,76620.9,-0.5,0.18,
10:21:58,76617.41,76620.9,-0.5,0.18,
10:22:13,76617.4,76620.7,-0.4,0.13,
10:22:13,76617.4,76620.7,-0.4,0.13,
10:22:16,76617.4,76620.9,-0.5,0.14,
10:22:28,76617.41,76614.2,0.4,0.12,
10:22:43,76617.41,76609.0,1.1,0.13,
10:22:43,76617.41,76609.0,1.1,0.15,
10:22:46,76610.11,76608.0,0.3,0.13,
10:22:46,76610.11,76608.1,0.3,0.15,
10:22:58,76616.5,76619.9,-0.4,0.13,
10:22:58,76616.5,76619.9,-0.4,0.13,
10:23:13,76617.25,76620.9,-0.5,0.13,
10:23:13,76617.25,76620.9,-0.5,0.14,
10:23:16,76617.25,76620.9,-0.5,0.13,
10:23:28,76617.26,76621.0,-0.5,0.14,
10:23:28,76617.26,76621.0,-0.5,0.18,
10:23:43,76627.35,76632.6,-0.7,0.14,
10:23:43,76627.35,76632.6,-0.7,0.14,
10:23:46,76627.36,76632.7,-0.7,0.13,
10:23:46,76627.36,76632.7,-0.7,0.13,
10:23:58,76632.1,76632.7,-0.1,0.14,
10:23:58,76632.1,76632.7,-0.1,0.14,
10:24:13,76627.76,76632.6,-0.6,0.14,
10:24:13,76627.76,76632.6,-0.6,0.14,
10:24:16,76627.76,76632.7,-0.6,0.13,
10:24:16,76627.76,76632.7,-0.6,0.14,
10:24:28,76627.75,76626.7,0.1,0.14,
10:24:43,76627.74,76626.6,0.1,0.13,
10:24:43,76627.74,76626.6,0.1,0.13,
10:24:46,76627.74,76626.7,0.1,0.14,
10:24:46,76627.74,76626.7,0.1,0.14,
10:24:58,76627.74,76626.6,0.1,0.14,
10:24:58,76627.74,76626.6,0.1,0.14,
10:25:13,76627.75,76631.2,-0.5,0.13,
10:25:13,76627.75,76631.2,-0.5,0.13,
10:25:16,76627.75,76631.2,-0.5,0.14,
10:25:16,76627.75,76631.3,-0.5,0.14,
10:25:28,76627.75,76631.2,-0.5,0.14,
10:25:28,76627.75,76631.2,-0.5,0.14,
10:25:43,76629.46,76631.2,-0.2,0.14,
10:25:43,76629.46,76631.3,-0.2,0.13,
10:25:46,76629.47,76631.2,-0.2,0.13,
10:25:46,76629.47,76631.2,-0.2,0.13,
10:25:58,76629.46,76631.2,-0.2,0.13,
10:25:58,76629.46,76631.2,-0.2,0.13,
10:26:13,76629.46,76631.3,-0.2,0.13,
10:26:13,76629.46,76631.3,-0.2,0.13,
10:26:16,76629.46,76631.3,-0.2,0.13,
10:26:28,76629.47,76631.3,-0.2,0.14,
10:26:28,76629.47,76632.5,-0.4,0.14,
10:26:43,76633.01,76632.6,0.1,0.13,
10:26:43,76633.01,76632.6,0.1,0.14,
10:26:46,76633.01,76632.5,0.1,0.13,
10:26:46,76633.01,76632.5,0.1,0.13,
10:26:58,76633.02,76632.6,0.1,0.13,
10:26:58,76633.02,76632.6,0.1,0.13,
10:27:13,76643.17,76642.2,0.1,0.12,
10:27:13,76643.17,76642.2,0.1,0.13,
10:27:16,76643.17,76642.2,0.1,0.13,
10:27:16,76643.17,76642.2,0.1,0.13,
10:27:28,76643.16,76646.4,-0.4,0.14,
10:27:28,76643.16,76646.4,-0.4,0.17,
10:27:43,76643.17,76646.4,-0.4,0.13,
10:27:43,76643.17,76646.3,-0.4,0.14,
10:27:46,76643.16,76646.4,-0.4,0.14,
10:27:46,76643.16,76646.4,-0.4,0.14,
10:27:58,76643.17,76646.4,-0.4,0.13,
10:27:58,76643.17,76646.4,-0.4,0.13,
10:28:13,76643.16,76646.5,-0.4,0.13,
10:28:13,76643.16,76646.5,-0.4,0.14,
10:28:16,76643.16,76646.4,-0.4,0.13,
10:28:16,76643.16,76646.4,-0.4,0.13,
10:28:28,76643.16,76640.8,0.3,0.12,
10:28:28,76643.16,76640.7,0.3,0.24,
10:28:43,76643.16,76640.7,0.3,0.14,
10:28:46,76643.16,76638.1,0.7,0.14,
10:28:46,76643.16,76638.1,0.7,0.14,
10:28:58,76639.56,76638.1,0.2,0.13,
10:28:58,76639.56,76638.1,0.2,0.14,
10:29:13,76628.89,76628.1,0.1,0.14,
10:29:13,76628.89,76628.1,0.1,0.14,
10:29:16,76628.89,76628.1,0.1,0.13,
10:29:16,76628.89,76628.1,0.1,0.13,
10:29:28,76628.9,76628.0,0.1,0.13,
10:29:28,76628.9,76628.0,0.1,0.14,
10:29:43,76628.89,76628.2,0.1,0.14,
10:29:43,76628.89,76628.1,0.1,0.14,
10:29:46,76628.89,76628.2,0.1,0.14,
10:29:46,76628.89,76628.1,0.1,0.14,
10:29:58,76628.9,76628.1,0.1,0.13,
10:29:58,76628.9,76628.2,0.1,0.14,
10:30:13,76639.79,76638.1,0.2,0.18,
10:30:13,76639.79,76638.1,0.2,0.26,
10:30:16,76639.78,76638.1,0.2,0.13,
10:30:16,76639.78,76638.0,0.2,0.14,
10:30:28,76639.94,76638.0,0.3,0.12,
10:30:43,76635.66,76638.0,-0.3,0.15,
10:30:43,76635.66,76638.1,-0.3,0.31,
10:30:46,76635.66,76638.0,-0.3,0.15,
10:30:46,76635.66,76638.0,-0.3,0.14,
10:30:58,76617.26,76616.7,0.1,0.14,
10:30:58,76619.99,76616.7,0.4,0.14,
10:31:13,76610.11,76605.4,0.6,0.17,
10:31:13,76610.11,76605.4,0.6,0.2,
10:31:16,76610.11,76605.5,0.6,0.14,
10:31:16,76610.11,76605.5,0.6,0.14,
10:31:28,76582.94,76585.2,-0.3,0.13,
10:31:28,76582.94,76589.4,-0.8,0.13,
10:31:43,76582.93,76585.3,-0.3,0.14,
10:31:43,76582.93,76585.3,-0.3,0.14,
10:31:46,76582.93,76585.3,-0.3,0.13,
10:31:58,76582.93,76585.6,-0.3,0.13,
10:31:58,76582.93,76585.6,-0.3,0.14,
10:32:13,76585.75,76585.7,0.0,0.16,
10:32:13,76585.75,76585.7,0.0,0.17,
10:32:16,76585.75,76586.9,-0.2,0.13,
10:32:16,76585.75,76586.9,-0.2,0.14,
10:32:28,76585.76,76586.9,-0.1,0.14,
10:32:28,76585.76,76587.0,-0.2,0.14,
10:32:43,76580.74,76582.9,-0.3,0.14,
10:32:43,76580.74,76582.9,-0.3,0.14,
10:32:46,76580.73,76582.8,-0.3,0.13,
10:32:58,76580.0,76586.4,-0.8,0.13,
10:32:58,76580.0,76586.4,-0.8,0.14,
10:33:13,76579.99,76586.3,-0.8,0.13,
10:33:13,76579.99,76586.3,-0.8,0.13,
10:33:16,76580.0,76586.3,-0.8,0.13,
10:33:16,76580.0,76586.3,-0.8,0.14,
10:33:28,76577.68,76578.1,-0.1,0.13,
10:33:28,76577.68,76578.1,-0.1,0.13,
10:33:43,76564.58,76569.1,-0.6,0.14,
10:33:43,76564.58,76569.1,-0.6,0.14,
10:33:46,76564.59,76569.0,-0.6,0.14,
10:33:46,76564.59,76569.1,-0.6,0.13,
10:33:58,76564.58,76572.5,-1.0,0.13,
10:33:58,76564.58,76572.5,-1.0,0.13,
10:34:13,76571.88,76572.5,-0.1,0.13,
10:34:13,76571.88,76572.5,-0.1,0.13,
10:34:16,76571.88,76572.6,-0.1,0.14,
10:34:16,76571.88,76572.6,-0.1,0.13,
10:34:28,76571.88,76573.7,-0.2,0.13,
10:34:28,76571.88,76573.8,-0.3,0.13,
10:34:43,76577.99,76578.0,-0.0,0.12,
10:34:43,76577.99,76578.1,-0.0,0.12,
10:34:46,76577.99,76578.1,-0.0,0.11,
10:34:46,76577.99,76578.1,-0.0,0.17,
10:34:58,76580.0,76578.1,0.2,0.14,
10:35:13,76585.21,76586.2,-0.1,0.13,
10:35:13,76585.21,76586.2,-0.1,0.13,
10:35:16,76585.21,76586.3,-0.1,0.13,
10:35:16,76585.21,76586.3,-0.1,0.13,
10:35:28,76585.21,76586.3,-0.1,0.13,
10:35:28,76585.21,76586.3,-0.1,0.13,
10:35:43,76585.21,76586.3,-0.1,0.12,
10:35:43,76585.21,76586.3,-0.1,0.12,
10:35:46,76585.2,76586.3,-0.1,0.13,
10:35:46,76585.2,76586.3,-0.1,0.13,
10:35:58,76589.43,76586.8,0.3,0.13,
10:36:13,76589.44,76586.9,0.3,0.13,
10:36:13,76589.44,76586.9,0.3,0.13,
10:36:16,76589.43,76586.9,0.3,0.12,
10:36:16,76589.43,76586.9,0.3,0.12,
10:36:28,76589.44,76586.8,0.3,0.13,
10:36:43,76597.99,76597.8,0.0,0.14,
10:36:43,76597.99,76597.8,0.0,0.14,
10:36:46,76597.98,76597.7,0.0,0.14,
10:36:46,76597.98,76597.7,0.0,0.14,
10:36:58,76599.99,76608.6,-1.1,0.14,
10:36:58,76599.99,76608.7,-1.1,0.17,
10:37:13,76619.21,76623.4,-0.5,0.13,
10:37:13,76619.21,76623.4,-0.5,0.13,
10:37:16,76619.21,76623.4,-0.5,0.13,
10:37:16,76619.21,76623.4,-0.5,0.13,
10:37:28,76628.89,76633.9,-0.7,0.14,
10:37:28,76628.89,76633.9,-0.7,0.13,
10:37:43,76624.1,76622.5,0.2,0.13,
10:37:46,76624.1,76627.3,-0.4,0.14,
10:37:46,76624.1,76627.3,-0.4,0.14,
10:37:58,76632.07,76638.1,-0.8,0.13,
10:37:58,76632.07,76638.1,-0.8,0.13,
10:38:13,76638.77,76638.0,0.1,0.15,
10:38:13,76638.77,76638.0,0.1,0.15,
10:38:16,76638.77,76638.0,0.1,0.14,
10:38:16,76638.77,76638.1,0.1,0.14,
10:38:28,76638.78,76638.0,0.1,0.12,
10:38:28,76638.78,76638.0,0.1,0.14,
10:38:43,76638.78,76638.0,0.1,0.14,
10:38:43,76638.78,76638.0,0.1,0.24,
10:38:46,76638.78,76638.0,0.1,0.14,
10:38:46,76638.78,76638.0,0.1,0.15,
10:38:58,76638.78,76638.1,0.1,0.12,
10:39:13,76625.9,76630.1,-0.5,0.14,
10:39:13,76625.9,76630.1,-0.5,0.15,
10:39:16,76625.9,76630.1,-0.5,0.14,
10:39:16,76625.9,76630.1,-0.5,0.17,
10:39:28,76625.9,76630.1,-0.5,0.14,
10:39:28,76625.9,76630.2,-0.6,0.15,
10:39:43,76625.9,76630.2,-0.6,0.14,
10:39:46,76625.9,76630.1,-0.5,0.13,
10:39:58,76620.0,76616.0,0.5,0.14,
10:39:58,76620.0,76616.0,0.5,0.15,
10:40:13,76610.9,76615.9,-0.7,0.14,
10:40:13,76610.9,76615.9,-0.7,0.14,
10:40:16,76610.9,76608.1,0.4,0.13,
10:40:16,76610.9,76608.1,0.4,0.13,
10:40:28,76610.91,76608.1,0.4,0.14,
10:40:28,76610.91,76608.1,0.4,0.14,
10:40:43,76610.91,76614.4,-0.5,0.13,
10:40:43,76610.91,76614.4,-0.5,0.13,
10:40:46,76610.91,76614.3,-0.4,0.13,
10:40:46,76610.91,76614.3,-0.4,0.2,
10:40:58,76610.9,76614.3,-0.4,0.14,
10:40:58,76610.9,76614.3,-0.4,0.18,
10:41:13,76610.9,76614.4,-0.5,0.13,
10:41:13,76610.9,76614.4,-0.5,0.12,
10:41:16,76610.91,76614.4,-0.5,0.13,
10:41:16,76610.91,76614.4,-0.5,0.13,
10:41:28,76607.9,76605.8,0.3,0.14,
10:41:28,76607.9,76605.8,0.3,0.14,
10:41:43,76607.89,76605.9,0.3,0.15,
10:41:43,76607.89,76605.9,0.3,0.18,
10:41:46,76607.89,76608.1,-0.0,0.13,
10:41:46,76607.89,76608.1,-0.0,0.14,
10:41:58,76607.89,76614.2,-0.8,0.15,
10:41:58,76607.89,76614.2,-0.8,0.14,
10:42:13,76607.89,76614.2,-0.8,0.14,
10:42:13,76607.89,76614.2,-0.8,0.14,
10:42:16,76607.89,76614.3,-0.8,0.16,
10:42:16,76607.89,76614.3,-0.8,0.16,
10:42:28,76607.89,76614.3,-0.8,0.14,
10:42:28,76607.89,76614.3,-0.8,0.13,
10:42:43,76600.03,76605.7,-0.7,0.14,
10:42:43,76600.03,76605.7,-0.7,0.13,
10:42:46,76600.02,76605.8,-0.8,0.14,
10:42:46,76600.02,76605.8,-0.8,0.13,
10:42:58,76600.02,76605.7,-0.7,0.15,
10:42:58,76600.02,76605.7,-0.7,0.15,
10:43:13,76600.03,76605.7,-0.7,0.13,
10:43:13,76600.03,76605.7,-0.7,0.13,
10:43:16,76600.02,76605.8,-0.8,0.14,
10:43:16,76600.02,76605.8,-0.8,0.14,
10:43:28,76600.02,76605.8,-0.8,0.14,
10:43:28,76600.02,76605.7,-0.7,0.28,
10:43:43,76600.03,76600.0,0.0,0.14,
10:43:46,76600.02,76600.1,-0.0,0.13,
10:43:46,76600.02,76600.1,-0.0,0.13,
10:43:58,76600.02,76602.0,-0.3,0.14,
10:43:58,76600.02,76601.9,-0.2,0.15,
10:44:13,76600.03,76602.0,-0.3,0.14,
10:44:13,76600.03,76601.9,-0.2,0.14,
10:44:16,76600.02,76602.0,-0.3,0.13,
10:44:16,76600.02,76602.0,-0.3,0.14,
10:44:59,76596.02,76600.1,-0.5,0.12,
10:44:59,76596.02,76600.1,-0.5,0.13,
10:45:13,76586.62,76586.9,-0.0,0.13,
10:45:13,76586.62,76586.9,-0.0,0.13,
10:45:16,76586.63,76586.8,-0.0,0.12,
10:45:16,76586.63,76586.8,-0.0,0.17,
10:45:28,76586.62,76594.3,-1.0,0.13,
10:45:28,76586.62,76594.3,-1.0,0.23,
10:45:43,76577.34,76579.1,-0.2,0.13,
10:45:43,76577.34,76579.1,-0.2,0.15,
10:45:46,76577.34,76579.1,-0.2,0.13,
10:45:46,76577.34,76579.1,-0.2,0.13,
10:45:58,76577.34,76579.9,-0.3,0.14,
10:45:58,76577.34,76579.9,-0.3,0.15,
10:46:13,76577.34,76582.4,-0.7,0.22,
10:46:13,76577.34,76582.4,-0.7,0.22,
10:46:16,76577.34,76582.3,-0.6,0.13,
10:46:16,76577.34,76582.4,-0.7,0.13,
10:46:28,76577.37,76587.4,-1.3,0.12,
10:46:28,76577.37,76587.4,-1.3,0.14,
10:46:43,76577.37,76589.9,-1.6,0.13,
10:46:43,76577.37,76589.8,-1.6,0.13,
10:46:46,76586.57,76589.8,-0.4,0.13,
10:46:46,76586.57,76589.9,-0.4,0.13,
10:46:58,76586.58,76591.7,-0.7,0.13,
10:46:58,76586.58,76591.7,-0.7,0.12,
10:47:13,76586.58,76591.6,-0.7,0.13,
10:47:13,76586.58,76591.6,-0.7,0.23,
10:47:16,76586.57,76591.7,-0.7,0.13,
10:47:16,76586.57,76591.7,-0.7,0.13,
10:47:28,76579.42,76578.5,0.1,0.13,
10:47:28,76579.42,76578.6,0.1,0.13,
10:47:43,76586.63,76585.0,0.2,0.13,
10:47:43,76586.63,76588.5,-0.2,0.13,
10:47:46,76594.29,76588.5,0.8,0.12,
10:47:46,76594.29,76588.5,0.8,0.14,
10:47:58,76594.28,76599.9,-0.7,0.14,
10:47:58,76594.28,76599.9,-0.7,0.14,
10:48:13,76589.11,76594.3,-0.7,0.14,
10:48:13,76589.11,76594.3,-0.7,0.13,
10:48:16,76589.1,76594.3,-0.7,0.14,
10:48:28,76589.11,76594.2,-0.7,0.13,
10:48:28,76589.11,76594.2,-0.7,0.13,
10:48:43,76589.1,76594.2,-0.7,0.13,
10:48:46,76589.1,76594.3,-0.7,0.14,
10:48:46,76589.1,76594.3,-0.7,0.14,
10:48:58,76593.69,76601.0,-1.0,0.13,
10:48:58,76593.69,76601.0,-1.0,0.13,
10:49:13,76599.98,76604.5,-0.6,0.13,
10:49:13,76599.98,76604.5,-0.6,0.12,
10:49:16,76599.98,76604.6,-0.6,0.12,
10:49:16,76599.98,76604.6,-0.6,0.12,
10:49:28,76599.98,76604.5,-0.6,0.14,
10:49:28,76599.98,76604.5,-0.6,0.14,
10:49:43,76594.3,76597.2,-0.4,0.16,
10:49:43,76594.3,76597.2,-0.4,0.16,
10:49:46,76594.3,76598.6,-0.6,0.13,
10:49:46,76594.3,76598.6,-0.6,0.12,
10:49:58,76594.29,76598.5,-0.5,0.23,
10:50:13,76599.52,76604.4,-0.6,0.13,
10:50:16,76599.51,76604.5,-0.7,0.13,
10:50:28,76599.52,76604.5,-0.7,0.13,
10:50:28,76599.52,76604.5,-0.7,0.13,
10:50:43,76599.52,76604.5,-0.7,0.13,
10:50:43,76599.52,76604.4,-0.6,0.14,
10:50:46,76599.51,76604.5,-0.7,0.12,
10:50:46,76599.51,76604.5,-0.7,0.12,
10:50:58,76599.51,76604.5,-0.7,0.23,
10:50:58,76599.51,76604.5,-0.7,0.23,
10:51:13,76604.99,76617.8,-1.7,0.12,
10:51:13,76604.99,76617.8,-1.7,0.13,
10:51:16,76605.0,76617.7,-1.7,0.12,
10:51:16,76605.0,76617.7,-1.7,0.14,
10:51:28,76615.01,76621.6,-0.9,0.13,
10:51:28,76615.01,76621.5,-0.8,0.13,
10:51:43,76615.0,76621.5,-0.8,0.13,
10:51:46,76615.0,76621.6,-0.9,0.16,
10:51:46,76615.0,76621.6,-0.9,0.16,
10:51:58,76615.0,76622.5,-1.0,0.14,
10:51:58,76615.0,76622.5,-1.0,0.14,
10:52:13,76615.0,76622.5,-1.0,0.14,
10:52:13,76615.0,76622.4,-1.0,0.13,
10:52:16,76615.0,76622.5,-1.0,0.13,
10:52:16,76615.0,76622.4,-1.0,0.14,
10:52:28,76615.01,76622.4,-1.0,0.13,
10:52:28,76615.01,76622.4,-1.0,0.13,
10:52:43,76615.01,76622.5,-1.0,0.12,
10:52:43,76615.01,76622.5,-1.0,0.12,
10:52:46,76615.01,76613.4,0.2,0.13,
10:52:46,76615.01,76613.5,0.2,0.13,
10:52:58,76602.15,76603.3,-0.2,0.13,
10:52:58,76602.15,76603.3,-0.2,0.14,
10:53:13,76593.68,76597.1,-0.4,0.13,
10:53:13,76593.68,76597.1,-0.4,0.13,
10:53:16,76593.68,76597.0,-0.4,0.12,
10:53:16,76593.68,76597.0,-0.4,0.12,
10:53:28,76591.52,76597.1,-0.7,0.14,
10:53:28,76591.52,76597.1,-0.7,0.14,
10:53:43,76583.29,76580.4,0.4,0.12,
10:53:43,76583.29,76580.4,0.4,0.13,
10:53:46,76578.66,76580.5,-0.2,0.13,
10:53:46,76578.66,76580.4,-0.2,0.13,
10:53:58,76577.06,76577.8,-0.1,0.13,
10:53:58,76577.06,76577.8,-0.1,0.14,
10:54:13,76577.06,76585.5,-1.1,0.14,
10:54:13,76577.06,76585.5,-1.1,0.14,
10:54:16,76577.06,76585.6,-1.1,0.13,
10:54:16,76577.06,76585.6,-1.1,0.13,
10:54:28,76577.02,76576.9,0.0,0.13,
10:54:28,76577.02,76576.9,0.0,0.23,
10:55:12,76568.04,76571.5,-0.5,0.18,
10:55:12,76568.04,76571.4,-0.4,0.18,
10:55:16,76568.03,76571.4,-0.4,0.14,
10:55:16,76568.03,76571.5,-0.5,0.15,
10:55:25,76566.97,76571.4,-0.6,0.13,
10:55:25,76566.97,76571.4,-0.6,0.13,
10:55:40,76559.1,76567.7,-1.1,0.13,
10:55:40,76559.1,76567.7,-1.1,0.12,
10:55:46,76559.09,76567.8,-1.1,0.13,
10:55:46,76559.09,76567.8,-1.1,0.13,
10:55:55,76559.09,76565.4,-0.8,0.17,
10:55:55,76559.09,76565.4,-0.8,0.17,
10:56:10,76550.96,76555.4,-0.6,0.18,
10:56:10,76550.96,76555.4,-0.6,0.18,
10:56:16,76550.0,76555.3,-0.7,0.14,
10:56:16,76550.0,76555.3,-0.7,0.16,
10:56:25,76548.38,76550.0,-0.2,0.14,
10:56:25,76548.38,76550.0,-0.2,0.14,
10:56:40,76535.72,76550.0,-1.9,0.14,
10:56:40,76535.72,76550.0,-1.9,0.16,
10:56:46,76544.85,76550.0,-0.7,0.14,
10:56:46,76544.85,76550.0,-0.7,0.17,
10:56:55,76544.86,76550.0,-0.7,0.14,
10:56:55,76544.86,76550.1,-0.7,0.14,
10:57:10,76541.76,76549.9,-1.1,0.15,
10:57:10,76541.76,76549.9,-1.1,0.18,
10:57:16,76541.75,76550.0,-1.1,0.13,
10:57:16,76541.75,76550.0,-1.1,0.13,
10:57:25,76541.76,76550.0,-1.1,0.14,
10:57:25,76541.76,76550.0,-1.1,0.14,
10:57:40,76541.76,76550.0,-1.1,0.18,
10:57:40,76541.76,76550.0,-1.1,0.21,
10:57:46,76541.75,76549.9,-1.1,0.14,
10:57:46,76541.75,76549.9,-1.1,0.12,
10:57:55,76540.64,76550.0,-1.2,0.12,
10:57:55,76540.64,76549.9,-1.2,0.12,
10:58:10,76540.64,76550.0,-1.2,0.13,
10:58:10,76540.64,76550.0,-1.2,0.13,
10:58:16,76540.64,76549.9,-1.2,0.17,
10:58:16,76540.64,76549.9,-1.2,0.17,
10:58:25,76540.63,76550.0,-1.2,0.13,
10:58:25,76540.63,76549.9,-1.2,0.14,
10:58:40,76548.37,76556.7,-1.1,0.13,
10:58:46,76548.37,76560.0,-1.5,0.13,
10:58:46,76548.37,76560.0,-1.5,0.13,
10:58:55,76570.04,76578.7,-1.1,0.12,
10:58:55,76570.04,76578.7,-1.1,0.12,
10:59:10,76580.0,76585.0,-0.7,0.14,
10:59:10,76580.0,76585.0,-0.7,0.24,
10:59:16,76583.07,76597.8,-1.9,0.13,
10:59:16,76583.07,76597.8,-1.9,0.23,
10:59:25,76583.07,76597.8,-1.9,0.12,
10:59:25,76583.07,76597.8,-1.9,0.12,
10:59:40,76592.54,76602.0,-1.2,0.14,
10:59:40,76592.54,76602.0,-1.2,0.14,
10:59:46,76592.54,76601.9,-1.2,0.14,
10:59:46,76592.54,76602.0,-1.2,0.14,
10:59:55,76592.54,76602.0,-1.2,0.13,
10:59:55,76592.54,76602.0,-1.2,0.13,
11:00:10,76587.92,76593.6,-0.7,0.15,
11:00:10,76587.92,76593.7,-0.8,0.14,
11:00:16,76587.66,76593.7,-0.8,0.13,
11:00:16,76587.66,76593.6,-0.8,0.13,
11:00:25,76587.67,76595.5,-1.0,0.14,
11:00:25,76587.67,76595.4,-1.0,0.17,
11:00:40,76584.77,76588.0,-0.4,0.14,
11:00:40,76584.77,76588.0,-0.4,0.14,
11:00:46,76584.76,76587.9,-0.4,0.17,
11:00:46,76584.76,76587.9,-0.4,0.17,
11:00:55,76583.96,76587.9,-0.5,0.12,
11:00:55,76583.96,76587.9,-0.5,0.13,
11:01:10,76580.0,76579.4,0.1,0.13,
11:01:10,76580.0,76579.4,0.1,0.15,
11:01:16,76577.09,76579.3,-0.3,0.12,
11:01:16,76577.09,76579.4,-0.3,0.12,
11:01:25,76574.37,76579.3,-0.6,0.13,
11:01:25,76574.37,76579.3,-0.6,0.13,
11:01:40,76564.0,76574.7,-1.4,0.13,
11:01:40,76564.0,76574.7,-1.4,0.13,
11:01:46,76564.01,76568.8,-0.6,0.16,
11:01:46,76564.01,76568.8,-0.6,0.2,
11:01:55,76564.0,76568.8,-0.6,0.12,
11:01:55,76564.01,76568.9,-0.6,0.22,
11:02:10,76564.01,76568.8,-0.6,0.12,
11:02:10,76564.01,76568.8,-0.6,0.14,
11:02:16,76564.0,76568.8,-0.6,0.13,
11:02:16,76564.0,76568.9,-0.6,0.13,
11:02:25,76573.64,76568.8,0.6,0.13,
11:02:25,76573.64,76568.8,0.6,0.14,
11:02:40,76573.64,76587.2,-1.8,0.13,
11:02:46,76573.64,76587.2,-1.8,0.13,
11:02:46,76573.64,76587.2,-1.8,0.13,
11:02:55,76580.47,76587.2,-0.9,0.14,
11:02:55,76580.47,76587.2,-0.9,0.13,
11:03:10,76568.28,76569.8,-0.2,0.12,
11:03:10,76568.28,76569.8,-0.2,0.12,
11:03:16,76568.28,76568.9,-0.1,0.22,
11:03:16,76568.28,76568.9,-0.1,0.22,
11:03:25,76564.0,76568.8,-0.6,0.13,
11:03:25,76564.0,76568.8,-0.6,0.13,
11:03:40,76564.0,76568.9,-0.6,0.13,
11:03:40,76564.0,76568.9,-0.6,0.23,
11:03:46,76555.58,76559.8,-0.6,0.13,
11:03:46,76555.58,76559.8,-0.6,0.13,
11:03:55,76555.57,76560.0,-0.6,0.13,
11:03:55,76555.57,76559.9,-0.6,0.13,
11:04:10,76555.57,76560.0,-0.6,0.14,
11:04:10,76555.57,76560.0,-0.6,0.17,
11:04:16,76555.06,76560.0,-0.6,0.13,
11:04:16,76555.06,76560.0,-0.6,0.13,
11:04:25,76555.06,76559.9,-0.6,0.12,
11:04:25,76555.06,76559.9,-0.6,0.13,
11:04:40,76559.84,76559.9,-0.0,0.13,
11:04:40,76559.84,76559.9,-0.0,0.17,
11:04:46,76559.84,76560.0,-0.0,0.13,
11:04:46,76559.84,76560.0,-0.0,0.13,
11:04:55,76559.83,76559.9,-0.0,0.13,
11:04:55,76559.83,76559.9,-0.0,0.14,
11:05:10,76564.02,76568.8,-0.6,0.13,
11:05:10,76564.02,76568.8,-0.6,0.13,
11:05:16,76565.67,76580.5,-1.9,0.13,
11:05:16,76565.67,76580.5,-1.9,0.14,
11:05:25,76566.74,76580.6,-1.8,0.13,
11:05:25,76566.74,76580.6,-1.8,0.13,
11:05:40,76566.75,76580.6,-1.8,0.13,
11:05:40,76566.75,76580.6,-1.8,0.13,
11:05:46,76566.74,76573.7,-0.9,0.14,
11:05:46,76566.74,76573.7,-0.9,0.24,
11:05:55,76566.74,76573.7,-0.9,0.13,
11:05:55,76566.74,76573.7,-0.9,0.13,
11:06:10,76566.75,76573.6,-0.9,0.19,
11:06:10,76566.75,76573.6,-0.9,0.19,
11:06:16,76566.74,76573.7,-0.9,0.13,
11:06:16,76566.74,76573.7,-0.9,0.18,
11:06:25,76566.74,76576.5,-1.3,0.13,
11:06:40,76566.74,76576.5,-1.3,0.17,
11:06:40,76566.74,76576.5,-1.3,0.23,
11:06:46,76566.74,76576.4,-1.3,0.13,
11:06:46,76566.74,76576.4,-1.3,0.14,
11:06:55,76579.89,76590.8,-1.4,0.14,
11:06:55,76579.89,76590.8,-1.4,0.13,
11:07:10,76584.99,76593.9,-1.2,0.14,
11:07:10,76584.99,76599.9,-1.9,0.14,
11:07:16,76584.99,76599.8,-1.9,0.14,
11:07:16,76584.99,76599.9,-1.9,0.14,
11:07:25,76594.99,76606.0,-1.4,0.12,
11:07:25,76594.99,76606.0,-1.4,0.13,
11:07:40,76615.0,76630.4,-2.0,0.13,
11:07:40,76615.0,76630.5,-2.0,0.13,
11:07:46,76615.01,76630.5,-2.0,0.14,
11:07:46,76615.01,76630.5,-2.0,0.14,
11:07:55,76627.18,76637.9,-1.4,0.12,
11:07:55,76627.18,76637.8,-1.4,0.12,
11:08:10,76637.75,76653.6,-2.1,0.13,
11:08:10,76637.75,76653.6,-2.1,0.13,
11:08:16,76662.39,76667.7,-0.7,0.13,
11:08:16,76662.39,76667.7,-0.7,0.13,
11:08:25,76662.39,76667.7,-0.7,0.15,
11:08:25,76662.39,76667.7,-0.7,0.17,
11:08:40,76662.39,76671.4,-1.2,0.14,
11:08:40,76662.39,76671.4,-1.2,0.14,
11:08:46,76662.39,76671.4,-1.2,0.13,
11:08:46,76662.39,76671.5,-1.2,0.13,
11:08:55,76662.38,76676.2,-1.8,0.13,
11:08:55,76662.38,76676.2,-1.8,0.13,
11:09:10,76668.99,76676.1,-0.9,0.13,
11:09:10,76668.99,76676.2,-0.9,0.18,
11:09:16,76668.99,76676.1,-0.9,0.13,
11:09:16,76668.99,76676.1,-0.9,0.25,
11:09:25,76665.16,76667.7,-0.3,0.12,
11:09:25,76665.16,76667.7,-0.3,0.13,
11:09:40,76662.35,76667.4,-0.7,0.13,
11:09:40,76662.35,76667.4,-0.7,0.13,
11:09:46,76662.34,76667.4,-0.7,0.12,
11:09:46,76662.34,76667.4,-0.7,0.12,
11:09:55,76662.34,76667.4,-0.7,0.14,
11:09:55,76662.34,76667.4,-0.7,0.14,
11:10:10,76669.0,76676.1,-0.9,0.14,
11:10:10,76669.0,76676.1,-0.9,0.13,
11:10:16,76694.2,76699.6,-0.7,0.14,
11:10:25,76697.24,76709.0,-1.5,0.13,
11:10:40,76699.03,76709.1,-1.3,0.14,
11:10:46,76700.83,76709.0,-1.1,0.23,
11:10:46,76700.83,76709.0,-1.1,0.34,
11:10:55,76700.84,76709.0,-1.1,0.14,
11:10:55,76700.84,76709.1,-1.1,0.17,
11:11:10,76700.83,76698.9,0.3,0.14,
11:11:10,76700.83,76698.9,0.3,0.15,
11:11:16,76700.83,76698.9,0.3,0.14,
11:11:16,76700.83,76699.0,0.2,0.14,
11:11:25,76700.84,76699.0,0.2,0.14,
11:11:25,76700.84,76698.9,0.3,0.14,
11:11:40,76686.29,76689.9,-0.5,0.14,
11:11:40,76686.29,76689.9,-0.5,0.19,
11:11:46,76686.29,76690.0,-0.5,0.13,
11:11:46,76686.29,76690.0,-0.5,0.18,
11:11:55,76686.28,76689.9,-0.5,0.14,
11:11:55,76686.28,76690.0,-0.5,0.2,
11:12:10,76686.28,76690.4,-0.5,0.18,
11:12:10,76686.28,76690.0,-0.5,0.18,
11:12:16,76688.81,76698.8,-1.3,0.2,
11:12:16,76688.81,76698.8,-1.3,0.17,
11:12:25,76698.97,76698.8,0.0,0.17,
11:12:25,76698.97,76698.8,0.0,0.15,
11:12:40,76698.96,76709.0,-1.3,0.15,
11:12:40,76698.96,76709.0,-1.3,0.15,
11:12:46,76698.96,76709.0,-1.3,0.13,
11:12:46,76698.96,76709.0,-1.3,0.23,
11:12:55,76698.96,76708.9,-1.3,0.12,
11:12:55,76698.96,76708.9,-1.3,0.12,
11:13:10,76698.96,76700.9,-0.3,0.14,
11:13:10,76698.96,76701.0,-0.3,0.13,
11:13:16,76698.97,76700.9,-0.3,0.16,
11:13:25,76698.97,76700.9,-0.3,0.15,
11:13:25,76698.97,76700.9,-0.3,0.14,
11:13:40,76698.96,76700.9,-0.3,0.14,
11:13:40,76698.96,76700.9,-0.3,0.14,
11:13:46,76698.96,76701.0,-0.3,0.14,
11:13:46,76698.96,76701.0,-0.3,0.16,
11:13:55,76698.97,76700.9,-0.3,0.14,
11:13:55,76698.97,76700.9,-0.3,0.14,
11:14:10,76698.96,76701.0,-0.3,0.13,
11:14:10,76698.96,76700.9,-0.3,0.13,
11:14:16,76698.97,76701.0,-0.3,0.12,
11:14:16,76698.97,76701.0,-0.3,0.13,
11:14:25,76698.96,76700.9,-0.3,0.12,
11:14:25,76698.96,76701.0,-0.3,0.12,
11:14:40,76698.98,76701.0,-0.3,0.15,
11:14:40,76698.98,76701.0,-0.3,0.15,
11:14:46,76698.98,76701.0,-0.3,0.12,
11:14:46,76698.98,76700.9,-0.3,0.12,
11:14:55,76698.97,76700.9,-0.3,0.12,
11:14:55,76698.97,76701.0,-0.3,0.13,
11:15:10,76698.98,76701.0,-0.3,0.2,
11:15:10,76698.98,76700.9,-0.3,0.26,
11:15:16,76698.97,76701.0,-0.3,0.22,
11:15:16,76698.97,76701.0,-0.3,0.3,
11:15:25,76716.64,76720.0,-0.4,0.14,
11:15:25,76716.64,76720.0,-0.4,0.14,
11:15:40,76731.6,76734.8,-0.4,0.12,
11:15:40,76731.6,76734.9,-0.4,0.16,
11:15:46,76731.6,76731.7,-0.0,0.14,
11:15:46,76731.6,76731.7,-0.0,0.16,
11:15:55,76738.54,76734.9,0.5,0.14,
11:15:55,76738.54,76734.9,0.5,0.17,
11:16:10,76739.42,76742.9,-0.5,0.12,
11:16:10,76739.42,76742.9,-0.5,0.13,
11:16:16,76744.66,76749.9,-0.7,0.17,
11:16:16,76744.66,76749.9,-0.7,0.23,
11:16:25,76744.66,76749.9,-0.7,0.19,
11:16:25,76744.66,76750.0,-0.7,0.2,
11:16:40,76746.9,76749.9,-0.4,0.13,
11:16:40,76746.9,76749.9,-0.4,0.13,
11:16:46,76746.9,76750.0,-0.4,0.12,
11:16:46,76746.9,76750.0,-0.4,0.23,
11:16:55,76748.0,76750.0,-0.3,0.13,
11:16:55,76748.0,76750.0,-0.3,0.13,
11:17:10,76799.99,76805.4,-0.7,0.14,
11:17:10,76799.99,76805.4,-0.7,0.2,
11:17:16,76856.16,76849.9,0.8,0.13,
11:17:16,76856.16,76854.9,0.2,0.13,
11:17:25,76902.46,76894.5,1.0,0.13,
11:17:25,76902.46,76902.4,0.0,0.14,
11:17:40,76904.33,76900.5,0.5,0.16,
11:17:40,76904.33,76900.5,0.5,0.16,
11:17:46,76907.7,76909.9,-0.3,0.13,
11:17:46,76907.7,76909.9,-0.3,0.23,
11:17:55,76897.94,76896.4,0.2,0.13,
11:17:55,76897.94,76895.1,0.4,0.13,
11:18:10,76847.07,76845.5,0.2,0.13,
11:18:10,76847.07,76845.5,0.2,0.12,
11:18:16,76846.95,76852.4,-0.7,0.13,
11:18:16,76846.95,76852.4,-0.7,0.13,
11:18:25,76851.32,76848.0,0.4,0.13,
11:18:25,76851.32,76847.9,0.4,0.13,
11:18:40,76830.6,76835.9,-0.7,0.14,
11:18:40,76830.6,76835.9,-0.7,0.14,
11:18:46,76845.25,76835.9,1.2,0.17,
11:18:55,76869.81,76869.6,0.0,0.14,
11:18:55,76869.81,76869.6,0.0,0.13,
11:19:10,76909.7,76909.8,-0.0,0.13,
11:19:10,76909.7,76909.7,0.0,0.23,
11:19:16,76928.07,76930.6,-0.3,0.14,
11:19:16,76928.07,76930.5,-0.3,0.14,
11:19:25,77000.0,76992.2,1.0,0.13,
11:19:25,77000.0,76992.2,1.0,0.13,
11:19:40,76992.34,76993.7,-0.2,0.13,
11:19:40,76992.34,76993.7,-0.2,0.18,
11:20:15,77266.22,77256.2,1.3,0.21,
11:20:15,77266.22,77256.2,1.3,0.21,
11:20:16,77264.79,77260.5,0.6,0.14,
11:20:16,77264.79,77256.2,1.1,0.14,
11:20:31,77214.98,77211.2,0.5,0.13,
11:20:31,77214.98,77211.2,0.5,0.14,
11:20:42,77259.39,77259.6,-0.0,0.14,
11:20:42,77259.39,77252.9,0.8,0.14,
11:20:46,77232.62,77228.6,0.5,0.14,
11:20:46,77232.62,77233.0,-0.0,0.14,
11:21:01,77234.42,77237.5,-0.4,0.14,
11:21:01,77234.42,77231.5,0.4,0.14,
11:21:12,77342.0,77313.8,3.6,0.13,
11:21:12,77342.0,77313.8,3.6,0.13,
11:21:16,77362.34,77365.8,-0.4,0.13,
11:21:16,77362.34,77365.9,-0.5,0.13,
11:21:31,77309.53,77294.2,2.0,0.13,
11:21:31,77309.53,77294.2,2.0,0.13,
11:21:42,77295.02,77304.1,-1.2,0.15,
11:21:42,77295.02,77300.0,-0.6,0.15,
11:21:46,77299.61,77288.5,1.4,0.13,
11:22:01,77267.01,77258.6,1.1,0.15,
11:22:01,77267.01,77258.6,1.1,0.16,
11:22:12,77292.23,77299.5,-0.9,0.14,
11:22:12,77292.23,77299.5,-0.9,0.14,
11:22:16,77309.47,77319.9,-1.3,0.13,
11:22:16,77309.47,77319.9,-1.3,0.13,
11:22:31,77326.94,77333.8,-0.9,0.13,
11:22:31,77326.94,77333.8,-0.9,0.13,
11:22:42,77419.99,77417.5,0.3,0.13,
11:22:42,77419.99,77419.7,0.0,0.13,
11:22:46,77431.73,77439.9,-1.1,0.13,
11:23:01,77436.0,77419.6,2.1,0.13,
11:23:01,77436.0,77439.9,-0.5,0.14,
11:23:12,77381.22,77381.5,-0.0,0.13,
11:23:12,77381.22,77381.5,-0.0,0.15,
11:23:16,77364.0,77362.2,0.2,0.13,
11:23:31,77350.23,77338.6,1.5,0.13,
11:23:31,77350.23,77338.6,1.5,0.14,
11:23:42,77335.9,77314.5,2.8,0.13,
11:23:42,77335.9,77329.0,0.9,0.14,
11:23:46,77364.87,77350.2,1.9,0.14,
11:23:46,77364.87,77331.5,4.3,0.18,
11:24:01,77383.95,77367.2,2.2,0.12,
11:24:01,77383.95,77377.2,0.9,0.13,
11:24:12,77403.53,77401.8,0.2,0.14,
11:24:12,77403.53,77401.8,0.2,0.15,
11:24:16,77388.83,77384.1,0.6,0.12,
11:24:16,77388.83,77384.1,0.6,0.13,
11:24:31,77369.81,77371.5,-0.2,0.14,
11:24:31,77369.81,77371.5,-0.2,0.13,
11:24:42,77356.41,77349.4,0.9,0.14,
11:24:42,77356.41,77349.4,0.9,0.14,
11:25:24,77323.46,77322.6,0.1,0.14,
11:26:07,77237.57,77226.1,1.5,0.17,
11:26:12,77237.58,77226.0,1.5,0.14,
11:26:12,77237.58,77226.0,1.5,0.13,
11:26:19,77249.66,77230.7,2.5,0.12,
11:26:19,77249.66,77230.8,2.4,0.12,
11:26:34,77240.0,77235.6,0.6,0.14,
11:26:42,77240.0,77236.3,0.5,0.12,
11:26:42,77240.0,77236.4,0.5,0.12,
11:26:49,77262.12,77257.8,0.6,0.13,
11:26:49,77262.12,77260.0,0.3,0.13,
11:27:04,77274.18,77272.2,0.3,0.12,
11:27:04,77274.18,77272.3,0.2,0.12,
11:27:12,77279.99,77272.3,1.0,0.12,
11:27:12,77279.99,77272.3,1.0,0.12,
11:27:19,77280.0,77272.2,1.0,0.14,
11:27:19,77280.0,77272.2,1.0,0.17,
11:27:34,77270.95,77265.2,0.7,0.12,

11:27:43,77291.99,77289.4,0.3,0.23,
11:27:43,77291.99,77278.6,1.7,0.24,
11:27:49,77284.03,77269.2,1.9,0.14,
11:27:49,77284.03,77269.1,1.9,0.16,
11:28:04,77289.99,77278.4,1.5,0.13,
11:28:04,77289.99,77287.1,0.4,0.13,
11:28:12,77309.09,77305.9,0.4,0.14,
11:28:12,77309.09,77305.9,0.4,0.14,
11:28:19,77316.54,77314.3,0.3,0.12,
11:28:19,77316.54,77314.2,0.3,0.13,
11:28:34,77309.16,77299.2,1.3,0.13,
11:28:34,77309.16,77299.2,1.3,0.13,
11:28:42,77309.17,77294.8,1.9,0.14,
11:28:42,77309.17,77294.8,1.9,0.13,
11:28:49,77300.43,77289.6,1.4,0.14,
11:28:49,77300.43,77289.6,1.4,0.14,
11:29:04,77311.54,77310.1,0.2,0.13,
11:29:04,77311.54,77319.0,-1.0,0.13,
11:29:12,77282.98,77287.0,-0.5,0.14,
11:29:12,77282.98,77287.0,-0.5,0.14,
11:29:19,77282.98,77277.5,0.7,0.13,
11:29:19,77282.98,77277.5,0.7,0.14,
11:29:34,77218.97,77219.0,-0.0,0.13,
11:29:34,77218.97,77219.0,-0.0,0.14,
11:29:42,77218.97,77218.9,0.0,0.14,
11:29:42,77218.97,77218.9,0.0,0.14,
11:29:49,77200.01,77200.3,-0.0,0.13,
11:29:49,77200.01,77200.7,-0.1,0.12,
11:30:04,77241.97,77240.0,0.3,0.14,
11:30:04,77241.97,77240.0,0.3,0.14,
11:30:13,77260.0,77261.2,-0.2,0.29,
11:30:13,77260.0,77261.2,-0.2,0.3,
11:30:19,77260.0,77262.6,-0.3,0.12,
11:30:19,77260.0,77262.6,-0.3,0.12,
11:30:34,77206.84,77205.0,0.2,0.14,
11:30:34,77206.84,77205.0,0.2,0.16,
11:30:42,77221.61,77225.1,-0.5,0.12,
11:30:42,77221.61,77225.2,-0.5,0.14,
11:30:49,77234.99,77241.6,-0.9,0.12,
11:30:49,77234.99,77241.7,-0.9,0.13,
11:31:04,77247.92,77253.9,-0.8,0.13,
11:31:04,77247.92,77249.9,-0.3,0.24,
11:31:12,77236.86,77235.4,0.2,0.13,
11:31:12,77236.86,77235.4,0.2,0.13,
11:31:19,77231.12,77233.0,-0.2,0.13,
11:31:19,77231.12,77233.0,-0.2,0.14,
11:31:34,77215.89,77214.3,0.2,0.13,
11:31:34,77215.89,77214.3,0.2,0.13,
11:31:42,77190.31,77187.9,0.3,0.13,
11:31:43,77190.3,77188.0,0.3,0.24,
11:31:49,77189.24,77188.0,0.2,0.12,
11:31:49,77189.24,77188.0,0.2,0.15,
11:32:04,77225.71,77236.6,-1.4,0.13,
11:32:04,77225.71,77236.6,-1.4,0.13,
11:32:12,77219.6,77229.0,-1.2,0.13,
11:32:12,77219.6,77229.0,-1.2,0.13,
11:32:19,77219.6,77231.6,-1.6,0.14,
11:32:19,77219.6,77231.6,-1.6,0.16,
11:32:34,77237.29,77240.0,-0.4,0.13,
11:32:34,77237.29,77240.0,-0.4,0.13,
11:32:42,77243.41,77243.8,-0.1,0.13,
11:32:49,77207.77,77210.4,-0.3,0.13,
11:32:49,77207.77,77210.4,-0.3,0.12,
11:33:04,77204.26,77205.3,-0.1,0.13,
11:33:04,77204.26,77205.4,-0.1,0.23,
11:33:12,77204.27,77205.4,-0.1,0.14,
11:33:12,77204.27,77205.4,-0.1,0.14,
11:33:19,77202.2,77202.8,-0.1,0.14,
11:33:19,77202.2,77202.8,-0.1,0.14,
11:33:34,77209.88,77208.8,0.1,0.13,
11:33:34,77209.88,77208.8,0.1,0.13,
11:33:42,77221.99,77230.0,-1.0,0.13,
11:33:42,77221.99,77231.3,-1.2,0.13,
11:33:49,77224.33,77228.6,-0.6,0.14,
11:34:04,77230.89,77233.9,-0.4,0.12,
11:34:04,77230.89,77233.9,-0.4,0.12,
11:34:12,77240.93,77249.9,-1.2,0.15,
11:34:12,77240.93,77249.9,-1.2,0.17,
11:34:19,77240.93,77249.8,-1.1,0.14,
11:34:19,77240.93,77249.8,-1.1,0.14,
11:34:34,77230.01,77229.0,0.1,0.13,
11:34:34,77230.01,77223.3,0.9,0.14,
11:34:42,77230.01,77232.9,-0.4,0.14,
11:34:42,77230.01,77232.9,-0.4,0.13,
11:34:49,77230.0,77232.9,-0.4,0.17,
11:34:49,77230.0,77232.9,-0.4,0.16,
11:35:04,77238.67,77239.9,-0.2,0.12,
11:35:04,77238.67,77239.9,-0.2,0.13,
11:35:12,77238.67,77247.0,-1.1,0.13,
11:35:13,77238.67,77247.0,-1.1,0.25,
11:35:19,77238.66,77238.7,-0.0,0.14,
11:35:19,77238.66,77238.6,0.0,0.14,
11:35:34,77247.89,77246.9,0.1,0.13,
11:35:34,77247.89,77246.9,0.1,0.14,
11:35:42,77247.88,77246.9,0.1,0.14,
11:35:42,77247.88,77246.9,0.1,0.13,
11:35:49,77242.65,77235.7,0.9,0.15,
11:35:49,77242.65,77235.6,0.9,0.17,
11:36:04,77253.22,77257.8,-0.6,0.13,
11:36:04,77253.22,77257.8,-0.6,0.14,
11:36:12,77253.22,77257.8,-0.6,0.13,
11:36:12,77253.22,77257.8,-0.6,0.13,
11:36:19,77253.22,77257.6,-0.6,0.12,
11:36:19,77253.22,77257.0,-0.5,0.14,
11:36:34,77247.0,77249.9,-0.4,0.24,
11:36:34,77247.0,77245.2,0.2,0.27,
11:36:42,77258.13,77257.6,0.1,0.11,
11:36:42,77258.13,77257.6,0.1,0.13,
11:36:49,77258.14,77259.6,-0.2,0.13,
11:36:49,77258.14,77259.6,-0.2,0.13,
11:37:04,77276.05,77270.6,0.7,0.13,
11:37:04,77276.05,77270.6,0.7,0.13,
11:37:12,77276.12,77279.9,-0.5,0.14,
11:37:13,77276.11,77279.9,-0.5,0.19,
11:37:19,77285.78,77294.1,-1.1,0.13,
11:37:19,77285.78,77294.1,-1.1,0.13,
11:37:34,77250.0,77242.1,1.0,0.13,
11:37:34,77250.0,77242.1,1.0,0.13,
11:37:42,77246.18,77247.7,-0.2,0.13,
11:37:42,77246.18,77247.6,-0.2,0.13,
11:37:49,77246.18,77247.6,-0.2,0.14,
11:37:49,77246.18,77247.6,-0.2,0.14,
11:38:04,77246.19,77246.5,-0.0,0.12,
11:38:04,77246.19,77247.6,-0.2,0.13,
11:38:12,77244.76,77247.5,-0.4,0.13,
11:38:12,77244.76,77247.5,-0.4,0.13,
11:38:19,77239.34,77230.0,1.2,0.13,
11:38:19,77239.34,77229.9,1.2,0.13,
11:38:34,77230.0,77229.9,0.0,0.12,
11:38:42,77238.67,77238.6,0.0,0.11,
11:38:42,77238.67,77238.6,0.0,0.13,
11:38:49,77238.66,77238.6,0.0,0.13,
11:38:49,77238.66,77238.7,-0.0,0.15,
11:39:04,77209.89,77207.5,0.3,0.14,
11:39:04,77209.89,77207.5,0.3,0.14,
11:39:12,77209.9,77205.0,0.6,0.13,
11:39:12,77209.9,77205.0,0.6,0.14,
11:39:19,77206.08,77197.8,1.1,0.13,
11:39:19,77206.08,77205.0,0.1,0.13,
11:39:34,77181.8,77182.9,-0.1,0.13,
11:39:42,77160.57,77152.8,1.0,0.14,
11:39:42,77160.57,77152.7,1.0,0.14,
11:39:49,77137.27,77135.5,0.2,0.13,
11:39:49,77137.27,77135.5,0.2,0.14,
11:40:04,77117.91,77110.9,0.9,0.12,
11:40:04,77117.91,77110.9,0.9,0.14,
11:40:12,77085.23,77077.1,1.1,0.14,
11:40:12,77085.23,77089.9,-0.6,0.14,
11:40:19,77082.47,77077.0,0.7,0.13,
11:40:19,77082.47,77079.0,0.5,0.13,
11:40:34,77111.62,77114.9,-0.4,0.14,
11:40:34,77111.62,77115.0,-0.4,0.15,
11:41:13,77123.2,77120.5,0.4,0.2,
11:41:13,77123.2,77120.5,0.4,0.21,
11:41:13,77123.2,77120.5,0.4,0.14,
11:41:13,77123.2,77120.5,0.4,0.13,
11:41:28,77141.09,77138.0,0.4,0.13,
11:41:28,77141.09,77139.9,0.2,0.13,
11:41:40,77158.85,77165.1,-0.8,0.14,
11:41:40,77158.85,77165.1,-0.8,0.24,
11:41:43,77158.85,77165.1,-0.8,0.13,
11:41:43,77158.85,77165.1,-0.8,0.13,
11:41:58,77158.85,77165.2,-0.8,0.12,
11:41:58,77158.85,77165.2,-0.8,0.13,
11:42:10,77150.13,77145.9,0.5,0.14,
11:42:10,77150.13,77146.0,0.5,0.14,
11:42:13,77150.13,77145.9,0.5,0.13,
11:42:13,77150.13,77145.9,0.5,0.13,
11:42:28,77141.33,77137.8,0.5,0.13,
11:42:28,77141.33,77137.8,0.5,0.12,
11:42:40,77157.84,77156.1,0.2,0.13,
11:42:40,77157.84,77156.0,0.2,0.13,
11:42:43,77157.84,77156.1,0.2,0.13,
11:42:43,77157.84,77156.1,0.2,0.13,
11:43:29,77158.4,77156.0,0.3,0.19,
11:43:29,77158.4,77156.0,0.3,0.18,
11:43:40,77162.7,77158.8,0.5,0.13,
11:43:40,77162.7,77158.7,0.5,0.13,
11:43:41,77162.71,77158.7,0.5,0.14,
11:43:41,77162.71,77158.7,0.5,0.13,
11:43:56,77180.14,77178.4,0.2,0.13,
11:43:56,77180.14,77178.4,0.2,0.13,
11:44:10,77178.0,77169.9,1.0,0.12,
11:44:10,77178.0,77169.9,1.0,0.14,
11:44:11,77170.51,77161.1,1.2,0.14,
11:44:11,77170.51,77170.0,0.1,0.14,
11:44:26,77155.26,77154.2,0.1,0.14,
11:44:26,77155.26,77154.2,0.1,0.16,
11:44:40,77155.26,77164.0,-1.1,0.13,
11:44:40,77155.26,77163.9,-1.1,0.14,
11:44:41,77155.25,77163.9,-1.1,0.14,
11:44:41,77155.25,77163.9,-1.1,0.14,
11:44:56,77158.39,77163.8,-0.7,0.13,
11:45:10,77181.16,77180.0,0.2,0.13,
11:45:10,77181.16,77180.0,0.2,0.13,
11:45:11,77181.61,77180.1,0.2,0.12,
11:45:26,77162.05,77165.9,-0.5,0.14,
11:45:26,77162.05,77165.9,-0.5,0.16,
11:45:40,77155.26,77147.7,1.0,0.13,
11:45:40,77155.26,77161.0,-0.7,0.13,
11:45:41,77155.26,77147.7,1.0,0.13,
11:45:41,77155.26,77147.6,1.0,0.15,
11:45:56,77155.25,77146.4,1.1,0.13,
11:45:56,77155.25,77146.5,1.1,0.13,
11:46:10,77153.35,77152.9,0.1,0.13,
11:46:10,77153.35,77152.9,0.1,0.23,
11:46:11,77153.35,77153.0,0.0,0.13,
11:46:11,77153.35,77153.0,0.0,0.13,
11:46:26,77153.36,77161.0,-1.0,0.13,
11:46:26,77153.36,77161.0,-1.0,0.14,
11:46:40,77174.57,77171.0,0.5,0.13,
11:46:40,77174.57,77171.0,0.5,0.13,
11:46:41,77174.58,77170.9,0.5,0.13,
11:46:41,77174.58,77170.9,0.5,0.15,
11:46:56,77176.82,77179.9,-0.4,0.13,
11:47:10,77175.0,77179.9,-0.6,0.14,
11:47:10,77175.0,77179.9,-0.6,0.14,
11:47:12,77175.01,77173.1,0.2,0.2,
11:47:12,77175.01,77173.1,0.2,0.2,
11:47:26,77174.99,77175.9,-0.1,0.13,
11:47:27,77174.99,77175.9,-0.1,0.23,
11:47:40,77174.99,77179.7,-0.6,0.12,
11:47:40,77174.99,77179.7,-0.6,0.13,
11:47:41,77175.0,77179.7,-0.6,0.12,
11:47:41,77175.0,77179.7,-0.6,0.12,
11:47:56,77174.99,77179.7,-0.6,0.14,
11:47:56,77174.99,77179.8,-0.6,0.14,
11:48:10,77174.99,77179.7,-0.6,0.13,
11:48:10,77174.99,77179.7,-0.6,0.14,
11:48:11,77175.0,77179.7,-0.6,0.13,
11:48:11,77175.0,77179.7,-0.6,0.13,
11:48:26,77194.09,77193.5,0.1,0.12,
11:48:26,77194.09,77193.4,0.1,0.12,
11:48:40,77194.09,77199.9,-0.8,0.13,
11:48:40,77194.09,77199.9,-0.8,0.13,
11:48:41,77187.73,77193.4,-0.7,0.13,
11:48:41,77187.73,77193.4,-0.7,0.13,
11:48:56,77187.73,77193.4,-0.7,0.14,
11:48:56,77187.73,77193.5,-0.7,0.13,
11:49:10,77187.73,77187.8,-0.0,0.14,
11:49:10,77187.73,77187.8,-0.0,0.14,
11:49:11,77180.71,77178.4,0.3,0.12,
11:49:11,77180.71,77178.4,0.3,0.14,
11:49:26,77163.26,77163.4,-0.0,0.13,
11:49:26,77163.26,77163.4,-0.0,0.13,
11:49:40,77153.37,77154.5,-0.1,0.14,
11:49:40,77153.37,77154.5,-0.1,0.14,
11:49:41,77153.36,77154.5,-0.1,0.13,
11:49:41,77153.36,77154.5,-0.1,0.13,
11:49:56,77153.36,77148.0,0.7,0.13,
11:49:56,77153.36,77148.1,0.7,0.13,
11:50:10,77175.0,77177.0,-0.3,0.14,
11:50:10,77175.0,77177.0,-0.3,0.13,
11:50:11,77175.0,77177.0,-0.3,0.11,
11:50:11,77175.0,77177.1,-0.3,0.13,
11:50:26,77173.89,77174.9,-0.1,0.13,
11:50:26,77173.89,77174.9,-0.1,0.13,
11:50:40,77175.36,77180.5,-0.7,0.13,
11:50:40,77175.36,77180.5,-0.7,0.13,
11:50:41,77175.35,77180.5,-0.7,0.13,
11:50:41,77175.35,77180.5,-0.7,0.13,
11:50:56,77179.99,77181.6,-0.2,0.12,
11:50:56,77179.99,77181.5,-0.2,0.14,
11:51:10,77188.1,77188.0,0.0,0.13,
11:51:10,77188.1,77188.0,0.0,0.13,
11:51:11,77188.1,77188.1,0.0,0.13,
11:51:26,77181.87,77178.5,0.4,0.13,
11:51:26,77181.87,77178.5,0.4,0.13,
11:51:40,77203.05,77199.9,0.4,0.13,
11:51:40,77203.05,77199.9,0.4,0.13,
11:51:41,77203.05,77199.8,0.4,0.13,
11:51:41,77203.05,77199.8,0.4,0.14,
11:51:56,77200.0,77199.8,0.0,0.14,
11:51:56,77200.0,77199.8,0.0,0.14,
11:52:10,77208.0,77216.7,-1.1,0.12,
11:52:10,77208.0,77216.7,-1.1,0.13,
11:52:11,77193.56,77205.1,-1.5,0.13,
11:52:12,77193.56,77199.7,-0.8,0.34,
11:52:26,77186.01,77188.0,-0.3,0.14,
11:52:26,77186.01,77188.0,-0.3,0.13,
11:52:40,77184.42,77187.9,-0.5,0.13,
11:52:40,77184.42,77187.9,-0.5,0.13,
11:52:41,77184.41,77187.9,-0.5,0.14,
11:52:41,77184.41,77187.9,-0.5,0.14,
11:52:56,77175.35,77167.0,1.1,0.13,
11:52:56,77175.35,77167.0,1.1,0.13,
11:53:10,77172.3,77166.9,0.7,0.13,
11:53:10,77172.3,77166.9,0.7,0.13,
11:53:11,77170.01,77167.0,0.4,0.12,
11:53:11,77170.01,77167.0,0.4,0.12,
11:53:26,77179.26,77179.9,-0.1,0.12,
11:53:26,77179.26,77174.9,0.6,0.13,
11:53:40,77180.21,77179.9,0.0,0.14,
11:53:40,77180.21,77179.9,0.0,0.14,
11:53:41,77180.21,77180.0,0.0,0.14,
11:53:41,77180.21,77180.0,0.0,0.14,
11:53:56,77164.03,77167.0,-0.4,0.14,
11:53:56,77164.03,77166.9,-0.4,0.13,
11:54:10,77158.2,77157.2,0.1,0.13,
11:54:10,77158.2,77157.2,0.1,0.14,
11:54:11,77158.19,77157.3,0.1,0.14,
11:54:11,77158.19,77157.3,0.1,0.14,
11:54:26,77150.74,77151.8,-0.1,0.13,
11:54:26,77150.74,77151.8,-0.1,0.13,
11:54:40,77149.56,77156.5,-0.9,0.12,
11:54:40,77149.56,77156.5,-0.9,0.13,
11:54:41,77149.56,77156.5,-0.9,0.13,
11:54:56,77149.56,77149.5,0.0,0.13,
11:54:56,77149.56,77149.5,0.0,0.14,
11:55:10,77149.57,77149.5,0.0,0.14,
11:55:10,77149.57,77149.5,0.0,0.12,
11:55:11,77149.56,77149.6,-0.0,0.13,
11:55:11,77149.56,77149.6,-0.0,0.13,
11:55:26,77138.0,77137.1,0.1,0.13,
11:55:26,77138.0,77137.1,0.1,0.13,
11:55:40,77123.21,77117.9,0.7,0.13,
11:55:40,77123.21,77117.8,0.7,0.15,
11:55:41,77123.21,77129.0,-0.8,0.12,
11:55:41,77123.21,77129.0,-0.8,0.13,
11:56:29,77104.0,77099.8,0.5,0.16,
11:56:30,77104.0,77099.8,0.5,0.18,
11:56:40,77094.01,77098.5,-0.6,0.14,
11:56:40,77094.01,77098.5,-0.6,0.14,
11:56:41,77094.0,77089.0,0.6,0.15,
11:56:42,77094.0,77089.0,0.6,0.15,
11:56:56,77086.42,77092.7,-0.8,0.13,
11:56:56,77086.42,77092.7,-0.8,0.13,
11:57:10,77089.1,77092.9,-0.5,0.12,
11:57:10,77089.1,77092.9,-0.5,0.28,
11:57:11,77089.51,77093.0,-0.5,0.14,
11:57:11,77089.51,77093.0,-0.5,0.14,
11:57:26,77121.98,77122.3,-0.0,0.13,
11:57:26,77121.98,77122.4,-0.1,0.14,
11:57:40,77121.97,77125.0,-0.4,0.13,
11:57:40,77121.97,77124.9,-0.4,0.14,
11:57:41,77121.97,77124.9,-0.4,0.13,
11:57:41,77121.97,77124.9,-0.4,0.14,
11:57:56,77121.97,77125.0,-0.4,0.14,
11:58:10,77121.97,77129.1,-0.9,0.13,
11:58:11,77121.97,77129.1,-0.9,0.14,
11:58:26,77121.98,77129.0,-0.9,0.14,
11:58:26,77121.98,77129.0,-0.9,0.13,
11:58:40,77121.98,77124.6,-0.3,0.14,
11:58:40,77121.98,77124.6,-0.3,0.14,
11:58:41,77121.97,77122.4,-0.1,0.12,
11:58:56,77121.97,77124.0,-0.3,0.14,
11:58:56,77121.97,77124.0,-0.3,0.14,
11:59:10,77133.43,77129.0,0.6,0.12,
11:59:10,77133.43,77129.0,0.6,0.13,
11:59:11,77133.43,77128.9,0.6,0.14,
11:59:26,77121.98,77114.7,0.9,0.14,
11:59:26,77121.98,77114.7,0.9,0.14,
11:59:40,77125.77,77122.4,0.4,0.14,
11:59:40,77125.77,77122.5,0.4,0.13,
11:59:41,77125.77,77127.5,-0.2,0.14,
11:59:41,77125.77,77122.5,0.4,0.14,
11:59:56,77131.08,77130.5,0.1,0.13,
11:59:56,77131.08,77130.6,0.1,0.13,
12:00:10,77139.16,77139.7,-0.1,0.13,
12:00:10,77139.16,77139.7,-0.1,0.13,
12:00:11,77139.16,77139.7,-0.1,0.14,
12:00:11,77139.16,77139.7,-0.1,0.14,
12:00:26,77139.15,77144.0,-0.6,0.14,
12:00:40,77148.48,77143.9,0.6,0.13,
12:00:40,77148.48,77143.9,0.6,0.12,
12:00:41,77148.48,77151.6,-0.4,0.14,
12:00:42,77148.48,77153.0,-0.6,0.17,
12:00:56,77139.16,77136.0,0.4,0.12,
12:00:56,77139.16,77136.0,0.4,0.13,
12:01:10,77139.15,77135.9,0.4,0.13,
12:01:10,77139.15,77135.9,0.4,0.14,
12:01:11,77139.15,77136.0,0.4,0.13,
12:01:11,77139.15,77136.0,0.4,0.13,
12:01:27,77156.0,77156.1,-0.0,0.14,
12:01:27,77156.0,77156.1,-0.0,0.16,
12:01:40,77157.83,77166.9,-1.2,0.13,
12:01:40,77157.83,77166.9,-1.2,0.13,
12:01:41,77157.83,77166.8,-1.2,0.13,
12:01:41,77157.83,77166.8,-1.2,0.13,
12:01:56,77157.83,77166.8,-1.2,0.14,
12:01:56,77157.83,77166.8,-1.2,0.13,
12:02:10,77157.82,77156.2,0.2,0.14,
12:02:11,77134.03,77124.8,1.2,0.14,
12:02:12,77134.03,77124.8,1.2,0.24,
12:02:26,77134.03,77128.2,0.8,0.13,
12:02:27,77134.03,77134.8,-0.1,0.14,
12:02:40,77134.03,77134.8,-0.1,0.13,
12:02:40,77134.03,77134.8,-0.1,0.13,
12:02:41,77134.03,77134.7,-0.1,0.13,
12:02:41,77134.03,77134.7,-0.1,0.13,
12:02:56,77125.08,77124.7,0.0,0.12,
12:02:56,77125.08,77124.7,0.0,0.14,
12:03:10,77114.18,77105.4,1.1,0.13,
12:03:10,77114.18,77105.4,1.1,0.13,
12:03:11,77107.21,77105.4,0.2,0.13,
12:03:11,77107.21,77105.4,0.2,0.13,
12:03:26,77094.02,77095.5,-0.2,0.14,
12:03:27,77094.02,77095.5,-0.2,0.15,
12:03:40,77068.21,77074.7,-0.8,0.13,
12:03:40,77068.22,77074.7,-0.8,0.23,
12:03:41,77068.22,77074.9,-0.9,0.13,
12:03:56,77094.0,77089.6,0.6,0.13,
12:04:10,77109.99,77115.6,-0.7,0.13,
12:04:10,77109.99,77115.6,-0.7,0.13,
12:04:11,77110.0,77115.5,-0.7,0.13,
12:04:11,77110.0,77115.5,-0.7,0.13,
12:04:26,77100.37,77103.7,-0.4,0.13,
12:04:26,77100.37,77103.7,-0.4,0.13,
12:04:40,77115.79,77115.8,-0.0,0.13,
12:04:40,77115.79,77115.8,-0.0,0.13,
12:04:42,77115.8,77115.8,0.0,0.14,
12:04:42,77115.8,77115.8,0.0,0.14,
12:04:57,77115.8,77117.1,-0.2,0.14,
12:05:10,77115.81,77115.5,0.0,0.15,
12:05:10,77115.81,77115.5,0.0,0.15,
12:05:12,77115.81,77115.5,0.0,0.15,
12:05:12,77115.81,77115.5,0.0,0.15,
12:05:26,77115.81,77115.5,0.0,0.13,
12:05:26,77115.81,77115.5,0.0,0.15,
12:05:40,77108.96,77110.3,-0.2,0.14,
12:05:41,77108.96,77110.3,-0.2,0.12,
12:05:41,77108.96,77110.3,-0.2,0.12,
12:05:56,77115.79,77115.3,0.1,0.14,
12:05:57,77115.79,77115.3,0.1,0.14,
12:06:34,77136.81,77139.2,-0.3,0.18,
12:06:34,77136.81,77139.2,-0.3,0.18,
12:06:34,77136.81,77139.3,-0.3,0.18,
12:06:34,77136.81,77139.3,-0.3,0.18,
12:06:35,77136.81,77139.2,-0.3,0.15,
12:06:35,77136.81,77139.2,-0.3,0.25,
12:06:40,77145.0,77144.3,0.1,0.14,
12:06:40,77145.0,77144.3,0.1,0.14,
12:06:50,77145.0,77144.3,0.1,0.13,
12:06:50,77145.0,77144.3,0.1,0.24,
12:07:05,77146.64,77153.4,-0.9,0.12,
12:07:05,77146.64,77153.4,-0.9,0.14,
12:07:10,77146.64,77153.5,-0.9,0.15,
12:07:10,77146.64,77153.5,-0.9,0.2,
12:07:20,77141.42,77133.7,1.0,0.13,
12:07:20,77141.42,77133.7,1.0,0.12,
12:07:35,77141.43,77136.8,0.6,0.14,
12:07:35,77141.43,77136.9,0.6,0.15,
12:07:40,77141.42,77136.9,0.6,0.13,
12:07:50,77141.42,77139.9,0.2,0.13,
12:07:50,77141.42,77139.9,0.2,0.19,
12:08:05,77157.23,77153.3,0.5,0.14,
12:08:05,77157.23,77153.4,0.5,0.14,
12:08:10,77152.55,77153.3,-0.1,0.26,
12:08:12,77152.55,77153.3,-0.1,2.13,
12:08:20,77152.55,77153.4,-0.1,0.12,
12:08:20,77152.55,77153.3,-0.1,0.13,
12:08:35,77165.34,77170.0,-0.6,0.13,
12:08:35,77165.34,77170.0,-0.6,0.14,
12:08:40,77165.34,77169.9,-0.6,0.19,
12:08:40,77165.34,77169.9,-0.6,0.19,
12:08:50,77154.59,77146.0,1.1,0.13,
12:08:50,77154.59,77146.0,1.1,0.13,
12:09:05,77142.14,77140.1,0.3,0.13,
12:09:05,77142.14,77140.1,0.3,0.14,
12:09:10,77142.14,77140.2,0.3,0.14,
12:09:10,77142.14,77140.2,0.3,0.14,
12:09:20,77141.42,77132.4,1.2,0.14,
12:09:20,77141.42,77132.5,1.2,0.12,
12:09:35,77136.82,77133.8,0.4,0.12,
12:09:35,77136.82,77133.7,0.4,0.13,
12:09:40,77136.82,77133.8,0.4,0.12,
12:09:40,77136.82,77133.8,0.4,0.14,
12:09:50,77136.81,77135.1,0.2,0.13,
12:09:50,77136.81,77135.2,0.2,0.13,
12:10:05,77136.81,77133.8,0.4,0.13,
12:10:05,77136.81,77133.7,0.4,0.15,
12:10:10,77136.81,77133.7,0.4,0.13,
12:10:10,77136.81,77133.7,0.4,0.14,
12:10:20,77136.81,77135.1,0.2,0.14,
12:10:20,77136.81,77135.1,0.2,0.18,
12:10:35,77126.2,77129.4,-0.4,0.13,
12:10:35,77126.2,77129.4,-0.4,0.13,
12:10:40,77118.41,77127.5,-1.2,0.13,
12:10:40,77118.41,77127.5,-1.2,0.12,
12:10:50,77118.42,77122.2,-0.5,0.13,
12:10:50,77118.42,77122.2,-0.5,0.13,
12:11:05,77136.82,77140.1,-0.4,0.13,
12:11:05,77136.82,77140.1,-0.4,0.13,
12:11:10,77148.0,77145.8,0.3,0.13,
12:11:10,77148.0,77145.8,0.3,0.14,
12:11:20,77150.05,77145.4,0.6,0.14,
12:11:20,77150.05,77145.4,0.6,0.14,
12:11:35,77150.06,77148.8,0.2,0.15,
12:11:35,77150.06,77148.8,0.2,0.17,
12:11:41,77150.05,77148.7,0.2,0.72,
12:11:41,77150.05,77148.7,0.2,0.54,
12:11:50,77138.0,77141.0,-0.4,0.13,
12:11:50,77138.0,77141.0,-0.4,0.14,
12:12:05,77149.98,77146.8,0.4,0.13,
12:12:05,77149.98,77146.8,0.4,0.14,
12:12:36,77142.58,77146.8,-0.5,0.18,
12:12:36,77142.58,77146.8,-0.5,0.18,
12:12:39,77138.0,77141.0,-0.4,0.17,
12:12:39,77138.0,77141.0,-0.4,0.17,
12:12:39,77138.01,77141.0,-0.4,0.13,
12:12:39,77138.01,77141.0,-0.4,0.13,
12:12:40,77138.01,77145.6,-1.0,0.14,
12:12:40,77138.01,77145.6,-1.0,0.13,
12:12:54,77149.45,77146.7,0.4,0.13,
12:13:09,77138.01,77141.0,-0.4,0.14,
12:13:09,77138.01,77141.0,-0.4,0.13,
12:13:10,77138.0,77141.0,-0.4,0.14,
12:13:10,77138.0,77141.0,-0.4,0.15,
12:13:24,77138.01,77141.1,-0.4,0.13,
12:13:24,77138.01,77141.1,-0.4,0.13,
12:13:39,77146.27,77146.6,-0.0,0.13,
12:13:39,77146.27,77146.2,0.0,0.14,
12:13:40,77146.27,77146.6,-0.0,0.14,
12:13:40,77146.27,77146.6,-0.0,0.14,
12:13:54,77155.53,77153.4,0.3,0.14,
12:13:54,77155.53,77156.1,-0.1,0.14,
12:14:09,77170.03,77165.4,0.6,0.14,
12:14:10,77166.76,77165.4,0.2,0.14,
12:14:10,77166.76,77165.4,0.2,0.14,
12:14:24,77166.75,77165.3,0.2,0.13,
12:14:24,77166.75,77165.3,0.2,0.14,
12:14:39,77166.75,77168.2,-0.2,0.13,
12:14:39,77166.75,77168.2,-0.2,0.14,
12:14:40,77166.75,77168.2,-0.2,0.14,
12:14:40,77166.75,77168.2,-0.2,0.13,
12:14:54,77116.28,77111.8,0.6,0.13,
12:14:54,77116.28,77111.8,0.6,0.13,
12:15:09,77125.2,77125.2,0.0,0.16,
12:15:09,77125.2,77125.2,0.0,0.15,
12:15:10,77125.2,77125.1,0.0,0.14,
12:15:10,77125.2,77125.1,0.0,0.13,
12:15:24,77143.58,77135.9,1.0,0.14,
12:15:24,77143.58,77135.9,1.0,0.14,
12:15:39,77134.82,77135.8,-0.1,0.15,
12:15:39,77134.82,77135.8,-0.1,0.17,
12:15:40,77134.83,77135.9,-0.1,0.14,
12:15:40,77134.83,77135.8,-0.1,0.14,
12:15:54,77143.61,77142.2,0.2,0.13,
12:15:54,77143.61,77142.1,0.2,0.13,
12:16:09,77143.6,77142.2,0.2,0.13,
12:16:09,77143.6,77142.2,0.2,0.13,
12:16:10,77143.61,77142.2,0.2,0.13,
12:16:10,77143.61,77142.2,0.2,0.14,
12:16:24,77152.5,77153.5,-0.1,0.13,
12:16:24,77152.5,77153.4,-0.1,0.16,
12:16:39,77167.5,77170.7,-0.4,0.14,
12:16:39,77167.5,77170.7,-0.4,0.14,
12:16:40,77167.5,77171.8,-0.6,0.14,
12:16:40,77167.5,77171.8,-0.6,0.14,
12:16:54,77167.85,77169.7,-0.2,0.18,
12:17:09,77182.0,77179.8,0.3,0.14,
12:17:09,77182.0,77186.1,-0.5,0.2,
12:17:10,77183.42,77186.1,-0.3,0.14,
12:17:24,77178.0,77177.8,0.0,0.12,
12:17:24,77178.0,77177.8,0.0,0.13,
12:17:39,77177.99,77177.8,0.0,0.13,
12:17:39,77177.99,77177.7,0.0,0.13,
12:17:40,77177.99,77177.7,0.0,0.14,
12:17:40,77177.99,77177.7,0.0,0.14,
12:17:54,77177.99,77168.8,1.2,0.16,
12:17:54,77177.99,77168.8,1.2,0.23,
12:18:09,77178.0,77176.2,0.2,0.26,
12:18:09,77178.0,77172.7,0.7,0.27,
12:18:10,77177.99,77176.2,0.2,0.15,
12:18:10,77177.99,77176.2,0.2,0.17,
12:18:24,77179.77,77177.7,0.3,0.12,
12:18:24,77179.77,77177.7,0.3,0.14,
12:18:39,77203.52,77199.9,0.5,0.15,
12:18:39,77203.52,77199.9,0.5,0.17,
12:18:40,77203.52,77199.9,0.5,0.13,
12:18:40,77203.52,77199.9,0.5,0.14,
12:18:54,77206.37,77212.2,-0.8,0.16,
12:18:54,77206.37,77212.2,-0.8,0.17,
12:19:09,77206.37,77210.3,-0.5,0.16,
12:19:09,77206.37,77212.1,-0.7,0.17,
12:19:10,77206.38,77210.4,-0.5,0.14,
12:19:10,77206.38,77210.3,-0.5,0.14,
12:19:50,77195.08,77188.1,0.9,0.17,
12:19:50,77195.08,77188.2,0.9,0.17,
12:19:51,77195.08,77188.1,0.9,0.13,
12:19:51,77195.08,77188.2,0.9,0.13,
12:19:52,77195.09,77188.2,0.9,0.12,
12:19:52,77195.09,77188.2,0.9,0.12,
12:20:06,77195.09,77188.1,0.9,0.13,
12:20:06,77195.09,77188.1,0.9,0.14,
12:20:10,77195.09,77188.1,0.9,0.12,
12:20:10,77195.09,77188.1,0.9,0.13,
12:20:21,77164.11,77164.6,-0.1,0.12,
12:20:21,77164.11,77164.6,-0.1,0.13,
12:20:36,77145.24,77142.7,0.3,0.13,
12:20:36,77145.24,77142.7,0.3,0.14,
12:20:40,77162.52,77153.9,1.1,0.13,
12:20:40,77162.52,77153.9,1.1,0.14,
12:20:51,77128.48,77123.5,0.6,0.11,
12:20:51,77128.48,77123.5,0.6,0.13,
12:21:06,77130.01,77124.6,0.7,0.12,
12:21:06,77130.01,77124.6,0.7,0.13,
12:21:10,77130.01,77128.2,0.2,0.13,
12:21:10,77130.01,77128.8,0.2,0.14,
12:21:21,77130.0,77130.9,-0.1,0.12,
12:21:21,77130.0,77131.0,-0.1,0.13,
12:21:36,77130.01,77131.0,-0.1,0.13,
12:21:36,77130.01,77130.9,-0.1,0.14,
12:21:40,77130.01,77131.0,-0.1,0.14,
12:21:40,77130.01,77130.9,-0.1,0.2,
12:21:51,77137.34,77133.8,0.5,0.14,
12:21:51,77137.34,77133.8,0.5,0.13,
12:22:06,77139.95,77133.7,0.8,0.14,
12:22:06,77139.95,77133.8,0.8,0.15,
12:22:10,77139.94,77135.5,0.6,0.12,
12:22:10,77139.94,77135.5,0.6,0.12,
12:22:21,77139.95,77135.5,0.6,0.13,
12:22:21,77139.95,77135.5,0.6,0.13,
12:22:36,77147.72,77142.0,0.7,0.12,
12:22:36,77147.72,77142.0,0.7,0.13,
12:22:40,77154.27,77159.2,-0.6,0.12,
12:22:40,77154.27,77159.2,-0.6,0.12,
12:22:51,77162.51,77167.7,-0.7,0.13,
12:22:51,77162.51,77167.7,-0.7,0.15,
12:23:06,77153.83,77153.7,0.0,0.14,
12:23:10,77153.83,77153.6,0.0,0.14,
12:23:10,77153.83,77153.6,0.0,0.16,
12:23:21,77162.51,77152.9,1.2,0.13,
12:23:36,77165.01,77159.6,0.7,0.13,
12:23:36,77165.01,77159.6,0.7,0.13,
12:23:40,77165.01,77159.7,0.7,0.12,
12:23:40,77165.01,77159.7,0.7,0.13,
12:23:51,77155.95,77150.8,0.7,0.13,
12:23:51,77155.95,77150.8,0.7,0.14,
12:24:06,77155.95,77150.9,0.7,0.12,
12:24:06,77155.95,77150.9,0.7,0.13,
12:24:10,77155.95,77150.9,0.7,0.14,
12:24:21,77158.44,77156.9,0.2,0.12,
12:24:21,77158.44,77156.9,0.2,0.13,
12:24:36,77155.22,77149.2,0.8,0.12,
12:24:36,77155.22,77149.2,0.8,0.13,
12:24:40,77155.22,77149.1,0.8,0.14,
12:24:40,77155.22,77149.1,0.8,0.15,
12:24:51,77165.15,77156.8,1.1,0.13,
12:24:51,77165.15,77156.8,1.1,0.13,
12:25:06,77165.16,77156.7,1.1,0.14,
12:25:06,77165.16,77156.8,1.1,0.2,
12:25:10,77171.38,77167.6,0.5,0.14,
12:25:10,77171.38,77167.7,0.5,0.13,
12:25:21,77174.55,77167.7,0.9,0.13,
12:25:21,77174.55,77167.7,0.9,0.14,
12:25:36,77165.15,77158.8,0.8,0.12,
12:25:36,77165.15,77158.8,0.8,0.14,
12:25:40,77165.15,77158.7,0.8,0.14,
12:25:40,77165.15,77158.7,0.8,0.15,
12:25:51,77175.0,77166.6,1.1,0.14,
12:25:51,77175.0,77166.7,1.1,0.15,
12:26:06,77175.0,77166.6,1.1,0.12,
12:26:06,77175.0,77166.6,1.1,0.13,
12:26:10,77174.99,77166.7,1.1,0.12,
12:26:10,77174.99,77166.6,1.1,0.14,
12:26:21,77177.49,77166.7,1.4,0.13,
12:26:36,77177.49,77166.7,1.4,0.12,
12:26:36,77177.49,77166.6,1.4,0.13,
12:26:40,77177.5,77166.7,1.4,0.13,
12:26:40,77177.5,77166.6,1.4,0.12,
12:26:51,77181.09,77166.6,1.9,0.12,
12:26:51,77181.09,77166.6,1.9,0.12,
12:27:06,77181.09,77169.6,1.5,0.14,
12:27:06,77181.09,77169.6,1.5,0.13,
12:27:10,77181.08,77169.6,1.5,0.12,
12:27:10,77181.08,77169.6,1.5,0.12,
12:27:21,77181.08,77169.6,1.5,0.12,
12:27:21,77181.08,77169.7,1.5,0.13,
12:27:36,77152.53,77143.4,1.2,0.13,
12:27:36,77152.53,77143.4,1.2,0.13,
12:27:40,77140.03,77134.4,0.7,0.13,
12:27:40,77140.03,77134.4,0.7,0.15,
12:27:51,77129.31,77131.0,-0.2,0.14,
12:27:51,77129.31,77131.0,-0.2,0.16,
12:28:06,77128.6,77128.6,0.0,0.12,
12:28:06,77128.6,77128.6,0.0,0.13,
12:28:10,77123.83,77116.0,1.0,0.13,
12:28:10,77123.83,77115.5,1.1,0.15,
12:28:21,77108.2,77100.0,1.1,0.14,
12:28:21,77108.2,77100.0,1.1,0.24,
12:28:36,77076.28,77072.9,0.4,0.12,
12:28:36,77076.28,77072.9,0.4,0.12,
12:28:40,77057.94,77058.2,-0.0,0.13,
12:28:51,77034.11,77034.7,-0.1,0.14,
12:28:51,77034.11,77034.7,-0.1,0.17,
12:29:06,77017.45,77024.5,-0.9,0.14,
12:29:10,76967.57,77024.5,-7.4,0.13,
12:29:10,76976.0,76987.6,-1.5,0.14,
12:29:21,76961.28,76975.0,-1.8,0.13,
12:29:21,76961.27,76975.0,-1.8,0.24,
12:29:36,76997.6,76994.7,0.4,0.12,
12:29:36,76997.6,76998.5,-0.1,0.12,
12:29:40,77011.98,77017.4,-0.7,0.14,
12:29:40,77011.98,77017.4,-0.7,0.15,
12:29:51,77005.94,77017.5,-1.5,0.13,
12:29:51,77005.94,77017.4,-1.5,0.13,
12:30:06,77012.35,77020.7,-1.1,0.13,
12:30:06,77012.35,77020.8,-1.1,0.13,
12:30:10,77004.73,77010.1,-0.7,0.13,
12:30:10,77004.73,77020.7,-2.1,0.14,
12:30:21,77011.0,77020.7,-1.3,0.13,
12:30:21,77011.0,77020.7,-1.3,0.14,
12:30:36,77016.2,77020.0,-0.5,0.13,
12:30:40,77012.45,77011.6,0.1,0.13,
12:30:40,77012.45,77013.6,-0.1,0.16,
12:30:51,77027.99,77033.0,-0.7,0.13,
12:30:51,77027.99,77033.0,-0.7,0.14,
12:31:06,77035.81,77044.7,-1.2,0.13,
12:31:06,77035.81,77044.7,-1.2,0.14,
12:31:10,77035.82,77044.8,-1.2,0.13,
12:31:21,77035.81,77037.5,-0.2,0.14,
12:31:21,77035.81,77037.5,-0.2,0.14,
12:31:36,77046.24,77053.8,-1.0,0.13,
12:31:36,77046.24,77053.8,-1.0,0.13,
12:31:40,77048.27,77054.5,-0.8,0.13,
12:31:40,77048.27,77054.5,-0.8,0.13,
12:31:51,77048.27,77054.4,-0.8,0.13,
12:31:51,77048.27,77054.4,-0.8,0.14,
12:32:06,77064.12,77073.0,-1.2,0.13,
12:32:06,77064.12,77073.0,-1.2,0.13,
12:32:10,77068.8,77073.4,-0.6,0.13,
12:32:10,77068.8,77073.4,-0.6,0.13,
12:32:21,77071.66,77081.3,-1.3,0.15,
12:32:21,77071.66,77081.3,-1.3,0.16,
12:32:36,77074.31,77081.4,-0.9,0.13,
12:32:36,77074.31,77081.4,-0.9,0.23,
12:32:40,77074.3,77081.3,-0.9,0.11,
12:32:40,77074.3,77081.3,-0.9,0.23,
12:32:51,77074.31,77078.5,-0.5,0.14,
12:32:51,77074.31,77078.5,-0.5,0.14,
12:33:06,77048.82,77049.5,-0.1,0.13,
12:33:06,77048.82,77049.6,-0.1,0.13,
12:33:10,77037.61,77049.6,-1.6,0.13,
12:33:10,77037.61,77049.5,-1.5,0.13,
12:33:21,77038.13,77049.3,-1.4,0.12,
12:33:21,77038.13,77049.3,-1.4,0.13,
12:33:36,77041.42,77049.3,-1.0,0.12,
12:33:36,77041.42,77049.3,-1.0,0.12,
12:33:40,77041.43,77049.3,-1.0,0.12,
12:33:40,77041.43,77049.3,-1.0,0.14,
12:33:51,77044.99,77049.5,-0.6,0.14,
12:33:51,77044.99,77049.5,-0.6,0.14,
12:34:06,77044.99,77049.4,-0.6,0.14,
12:34:06,77044.99,77049.4,-0.6,0.14,
12:34:10,77045.0,77049.4,-0.6,0.13,
12:34:10,77045.0,77049.4,-0.6,0.13,
12:34:21,77045.0,77049.4,-0.6,0.13,
12:34:21,77045.0,77049.4,-0.6,0.13,
12:34:36,77043.51,77046.9,-0.4,0.12,
12:34:36,77043.51,77047.0,-0.5,0.13,
12:34:40,77044.78,77049.4,-0.6,0.13,
12:34:40,77044.78,77049.4,-0.6,0.12,
12:34:51,77064.5,77074.9,-1.3,0.32,
12:34:51,77064.5,77074.9,-1.3,0.33,
12:35:06,77081.44,77086.1,-0.6,0.12,
12:35:06,77081.44,77086.1,-0.6,0.13,
12:35:10,77081.45,77087.2,-0.7,0.12,
12:35:10,77081.45,77087.3,-0.8,0.14,
12:35:21,77081.44,77087.3,-0.8,0.13,
12:35:21,77081.44,77087.3,-0.8,0.13,
12:35:36,77072.69,77075.3,-0.3,0.13,
12:35:36,77072.69,77075.3,-0.3,0.14,
12:35:40,77072.7,77084.6,-1.5,0.13,
12:35:40,77072.7,77084.6,-1.5,0.14,
12:35:51,77072.7,77071.7,0.1,0.14,
12:35:51,77072.7,77071.7,0.1,0.16,
12:36:06,77072.7,77073.1,-0.1,0.13,
12:36:06,77072.7,77073.1,-0.1,0.13,
12:36:10,77072.71,77073.2,-0.1,0.13,
12:36:10,77072.71,77073.2,-0.1,0.14,
12:36:21,77072.7,77083.5,-1.4,0.14,
12:36:21,77072.7,77083.4,-1.4,0.13,
12:36:36,77072.7,77083.5,-1.4,0.13,
12:36:36,77072.7,77083.5,-1.4,0.16,
12:36:40,77072.7,77083.5,-1.4,0.14,
12:36:40,77072.7,77083.4,-1.4,0.15,
12:36:51,77072.71,77083.5,-1.4,0.13,
12:36:51,77072.71,77083.5,-1.4,0.14,
12:37:06,77071.76,77083.4,-1.5,0.13,
12:37:06,77071.76,77083.4,-1.5,0.13,
12:37:10,77071.75,77083.5,-1.5,0.13,
12:37:10,77071.75,77083.5,-1.5,0.13,
12:37:21,77071.75,77083.4,-1.5,0.13,
12:37:36,77071.75,77069.4,0.3,0.13,
12:37:36,77071.75,77069.4,0.3,0.14,
12:37:40,77071.74,77072.8,-0.1,0.13,
12:37:40,77071.74,77072.8,-0.1,0.14,
12:37:51,77059.27,77072.9,-1.8,0.14,
12:37:51,77059.27,77072.9,-1.8,0.24,
12:38:06,77050.45,77053.3,-0.4,0.13,
12:38:06,77050.45,77053.3,-0.4,0.13,
12:38:10,77050.45,77053.4,-0.4,0.13,
12:38:10,77050.45,77053.4,-0.4,0.13,
12:38:21,77050.45,77053.3,-0.4,0.13,
12:38:21,77050.45,77053.3,-0.4,0.14,
12:38:36,77050.45,77053.3,-0.4,0.13,
12:38:36,77050.45,77053.3,-0.4,0.12,
12:38:40,77050.45,77053.4,-0.4,0.13,
12:38:40,77050.45,77053.3,-0.4,0.14,
12:38:51,77050.44,77057.7,-0.9,0.13,
12:38:51,77050.44,77057.7,-0.9,0.14,
12:39:06,77051.15,77062.5,-1.5,0.13,
12:39:06,77051.15,77062.5,-1.5,0.13,
12:39:10,77051.15,77062.6,-1.5,0.13,
12:39:10,77051.15,77062.6,-1.5,0.14,
12:39:21,77064.27,77068.3,-0.5,0.13,
12:39:21,77064.27,77068.4,-0.5,0.14,
12:39:36,77069.89,77079.9,-1.3,0.19,
12:39:36,77069.89,77079.9,-1.3,0.2,
12:39:40,77069.9,77079.9,-1.3,0.14,
12:39:40,77069.9,77080.0,-1.3,0.14,
12:39:51,77071.74,77083.4,-1.5,0.13,
12:39:51,77071.74,77083.4,-1.5,0.13,
12:40:06,77069.91,77071.9,-0.3,0.13,
12:40:06,77069.91,77071.9,-0.3,0.14,
12:40:10,77069.9,77071.9,-0.3,0.13,
12:40:10,77069.9,77071.9,-0.3,0.14,
12:40:21,77069.91,77071.8,-0.2,0.13,
12:40:21,77069.91,77071.8,-0.2,0.14,
12:40:57,77019.42,77024.3,-0.6,0.18,
12:40:57,77019.42,77026.2,-0.9,0.18,
12:40:57,77019.42,77024.3,-0.6,0.18,
12:40:57,77019.8,77026.2,-0.8,0.14,
12:40:57,77019.8,77026.2,-0.8,0.15,
12:41:10,77034.0,77037.4,-0.4,0.14,
12:41:10,77034.0,77037.4,-0.4,0.21,
12:41:12,77039.07,77044.7,-0.7,0.14,
12:41:12,77039.07,77044.7,-0.7,0.13,
12:41:27,77028.43,77031.3,-0.4,0.14,
12:41:27,77028.43,77031.3,-0.4,0.14,
12:41:40,77023.68,77028.8,-0.7,0.13,
12:41:40,77023.68,77028.8,-0.7,0.14,
12:41:42,77023.67,77028.8,-0.7,0.17,
12:41:42,77023.67,77028.8,-0.7,0.19,
12:41:57,77023.67,77028.7,-0.7,0.14,
12:41:57,77023.67,77028.6,-0.6,0.17,
12:42:10,77030.56,77037.2,-0.9,0.12,
12:42:10,77030.56,77037.2,-0.9,0.13,
12:42:12,77032.91,77037.2,-0.6,0.14,
12:42:12,77032.91,77037.2,-0.6,0.14,
12:42:27,77037.73,77043.4,-0.7,0.14,
12:42:27,77037.73,77043.4,-0.7,0.24,
12:42:40,77042.43,77043.9,-0.2,0.13,
12:42:40,77042.43,77043.9,-0.2,0.14,
12:42:42,77042.44,77044.0,-0.2,0.14,
12:42:42,77042.44,77044.0,-0.2,0.14,
12:42:57,77042.44,77043.9,-0.2,0.13,
12:42:57,77042.44,77044.0,-0.2,0.13,
12:43:10,77056.57,77061.9,-0.7,0.13,
12:43:10,77056.57,77061.9,-0.7,0.13,
12:43:12,77056.57,77062.0,-0.7,0.14,
12:43:12,77056.57,77062.0,-0.7,0.14,
12:43:27,77055.4,77061.9,-0.8,0.14,
12:43:27,77055.4,77061.9,-0.8,0.14,
12:43:40,77049.0,77046.8,0.3,0.13,
12:43:40,77049.0,77046.8,0.3,0.14,
12:43:42,77048.99,77046.8,0.3,0.12,
12:43:42,77048.99,77046.8,0.3,0.12,
12:43:57,77063.67,77061.8,0.2,0.14,
12:43:57,77063.67,77061.9,0.2,0.14,
12:44:10,77065.84,77076.9,-1.4,0.22,
12:44:10,77065.84,77076.9,-1.4,0.23,
12:44:12,77065.85,77076.9,-1.4,0.12,
12:44:12,77065.85,77076.9,-1.4,0.14,
12:44:27,77065.85,77077.0,-1.4,0.13,
12:44:27,77065.85,77076.9,-1.4,0.23,
12:44:40,77065.84,77072.0,-0.8,0.13,
12:44:40,77065.84,77072.0,-0.8,0.13,
12:44:42,77065.85,77072.1,-0.8,0.14,
12:44:42,77065.85,77072.1,-0.8,0.14,
12:44:57,77081.86,77086.7,-0.6,0.13,
12:44:57,77081.86,77086.8,-0.6,0.14,
12:45:10,77070.17,77077.6,-1.0,0.14,
12:45:10,77070.17,77077.5,-1.0,0.14,
12:45:12,77070.17,77077.6,-1.0,0.13,
12:45:12,77070.17,77077.6,-1.0,0.21,
12:45:27,77064.95,77068.8,-0.5,0.12,
12:45:27,77064.95,77068.8,-0.5,0.12,
12:46:06,77061.79,77071.1,-1.2,0.18,
12:46:06,77061.79,77071.1,-1.2,0.18,
12:46:06,77061.79,77071.1,-1.2,0.13,
12:46:06,77061.79,77071.1,-1.2,0.13,
12:46:10,77061.79,77071.1,-1.2,0.13,
12:46:10,77061.79,77071.1,-1.2,0.14,
12:46:21,77062.55,77071.0,-1.1,0.13,
12:46:21,77062.55,77071.0,-1.1,0.13,
12:46:36,77063.44,77071.0,-1.0,0.14,
12:46:36,77063.44,77071.0,-1.0,0.14,
12:46:40,77063.43,77071.0,-1.0,0.14,
12:46:40,77063.43,77071.0,-1.0,0.15,
12:46:51,77052.49,77055.7,-0.4,0.14,
12:46:51,77052.49,77055.7,-0.4,0.17,
12:47:06,77052.49,77055.6,-0.4,0.19,
12:47:06,77052.49,77055.6,-0.4,0.17,
12:47:10,77052.49,77055.7,-0.4,0.14,
12:47:10,77052.49,77055.6,-0.4,0.15,
12:47:21,77052.5,77055.6,-0.4,0.13,
12:47:21,77052.5,77055.6,-0.4,0.13,
12:47:36,77052.5,77065.1,-1.6,0.14,
12:47:36,77052.5,77065.1,-1.6,0.18,
12:47:40,77052.5,77060.1,-1.0,0.14,
12:47:40,77052.5,77060.1,-1.0,0.14,
12:47:51,77052.5,77060.1,-1.0,0.13,
12:47:51,77052.5,77060.2,-1.0,0.13,
12:48:06,77062.4,77071.0,-1.1,0.14,
12:48:06,77062.4,77071.0,-1.1,0.17,
12:48:10,77062.4,77070.9,-1.1,0.13,
12:48:10,77062.4,77070.9,-1.1,0.13,
12:48:21,77063.89,77072.7,-1.1,0.13,
12:48:21,77063.89,77072.7,-1.1,0.12,
12:48:36,77055.22,77062.4,-0.9,0.14,
12:48:36,77055.22,77062.4,-0.9,0.17,
12:48:40,77055.22,77062.4,-0.9,0.13,
12:48:40,77055.22,77062.4,-0.9,0.14,
12:48:51,77061.55,77065.0,-0.4,0.12,
12:48:51,77061.55,77065.0,-0.4,0.13,
12:49:06,77061.54,77072.6,-1.4,0.13,
12:49:06,77061.54,77072.6,-1.4,0.14,
12:49:10,77061.54,77072.6,-1.4,0.13,
12:49:10,77061.54,77072.6,-1.4,0.14,
12:49:21,77060.93,77064.3,-0.4,0.12,
12:49:21,77060.93,77064.3,-0.4,0.13,
12:49:36,77055.33,77062.3,-0.9,0.14,
12:49:36,77055.33,77062.3,-0.9,0.14,
12:49:40,77055.33,77062.3,-0.9,0.14,
12:49:40,77055.33,77062.4,-0.9,0.13,
12:49:51,77055.33,77062.3,-0.9,0.14,
12:49:51,77055.33,77062.3,-0.9,0.13,
12:50:06,77059.27,77062.3,-0.4,0.14,
12:50:06,77059.27,77062.3,-0.4,0.14,
12:50:10,77064.32,77064.2,0.0,0.14,
12:50:10,77064.32,77064.2,0.0,0.17,
12:50:21,77067.03,77064.1,0.4,0.14,
12:50:21,77067.03,77064.1,0.4,0.14,
12:50:36,77055.2,77058.1,-0.4,0.13,
12:50:36,77055.2,77058.1,-0.4,0.13,
12:50:40,77055.2,77058.1,-0.4,0.18,
12:50:40,77055.19,77058.1,-0.4,0.19,
12:50:51,77062.14,77064.1,-0.3,0.14,
12:50:51,77062.14,77064.1,-0.3,0.16,
12:51:06,77067.82,77065.8,0.3,0.13,
12:51:06,77067.82,77072.6,-0.6,0.14,
12:51:10,77067.82,77072.6,-0.6,0.14,
12:51:10,77067.82,77072.6,-0.6,0.15,
12:51:21,77067.83,77072.5,-0.6,0.14,
12:51:21,77067.83,77072.5,-0.6,0.14,
12:51:36,77078.48,77081.9,-0.4,0.15,
12:51:36,77078.48,77081.9,-0.4,0.14,
12:51:40,77080.16,77085.4,-0.7,0.13,
12:51:40,77080.16,77082.0,-0.2,0.17,
12:51:51,77080.16,77086.6,-0.8,0.15,
12:51:51,77080.16,77086.6,-0.8,0.15,
12:52:06,77080.17,77086.6,-0.8,0.14,
12:52:06,77080.17,77086.6,-0.8,0.14,
12:52:10,77080.16,77086.6,-0.8,0.13,
12:52:10,77080.16,77086.6,-0.8,0.13,
12:52:21,77080.16,77086.7,-0.8,0.14,
12:52:21,77080.16,77086.7,-0.8,0.13,
12:52:36,77080.16,77086.7,-0.8,0.13,
12:52:36,77080.16,77086.7,-0.8,0.13,
12:53:13,77104.21,77106.2,-0.3,0.18,
12:53:13,77104.21,77106.2,-0.3,0.17,
12:53:13,77104.21,77106.2,-0.3,0.13,
12:53:28,77102.02,77099.1,0.4,0.13,
12:53:28,77102.02,77099.1,0.4,0.13,
12:53:40,77101.48,77102.6,-0.1,0.12,
12:53:43,77101.48,77105.0,-0.5,0.13,
12:53:43,77101.48,77105.0,-0.5,0.14,
12:53:58,77101.47,77104.9,-0.4,0.13,
12:53:58,77101.47,77104.9,-0.4,0.13,
12:54:10,77101.48,77105.0,-0.5,0.13,
12:54:10,77101.48,77105.0,-0.5,0.15,
12:54:13,77101.47,77104.9,-0.4,0.12,
12:54:13,77101.47,77104.9,-0.4,0.12,
12:54:28,77101.47,77105.0,-0.5,0.13,
12:54:40,77101.47,77105.0,-0.5,0.14,
12:54:40,77101.47,77105.0,-0.5,0.12,
12:54:43,77101.47,77104.9,-0.4,0.13,
12:54:43,77101.47,77104.9,-0.4,0.13,
12:54:58,77049.41,77045.9,0.5,0.13,
12:55:10,77053.39,77066.8,-1.7,0.12,
12:55:10,77053.39,77066.7,-1.7,0.13,
12:55:13,77053.39,77066.7,-1.7,0.14,
12:55:13,77053.39,77066.8,-1.7,0.14,
12:55:28,77034.54,77049.3,-1.9,0.15,
12:55:28,77034.54,77049.3,-1.9,0.15,
12:55:40,77026.82,77034.5,-1.0,0.14,
12:55:40,77026.82,77034.6,-1.0,0.13,
12:55:43,77026.82,77034.5,-1.0,0.13,
12:55:43,77026.82,77034.6,-1.0,0.13,
12:55:58,77026.82,77034.6,-1.0,0.13,
12:56:10,77032.13,77036.0,-0.5,0.13,
12:56:10,77032.13,77036.0,-0.5,0.13,
12:56:13,77032.42,77040.3,-1.0,0.13,
12:56:13,77032.42,77036.0,-0.5,0.13,
12:56:28,77040.61,77049.2,-1.1,0.13,
12:56:28,77040.61,77049.2,-1.1,0.15,
12:56:40,77042.47,77049.2,-0.9,0.13,
12:56:40,77042.47,77049.2,-0.9,0.13,
12:56:43,77042.47,77055.4,-1.7,0.13,
12:56:43,77042.47,77055.4,-1.7,0.12,
12:56:58,77042.47,77055.3,-1.7,0.14,
12:56:58,77042.47,77055.3,-1.7,0.14,
12:57:10,77042.94,77055.3,-1.6,0.13,
12:57:10,77042.94,77055.3,-1.6,0.13,
12:57:13,77042.94,77055.4,-1.6,0.13,
12:57:28,77044.61,77055.3,-1.4,0.14,
12:57:28,77044.61,77055.3,-1.4,0.14,
12:57:40,77063.86,77071.3,-1.0,0.13,
12:57:40,77063.86,77071.3,-1.0,0.13,
12:57:43,77063.86,77071.3,-1.0,0.12,
12:57:43,77063.86,77071.3,-1.0,0.13,
12:57:58,77063.85,77071.3,-1.0,0.13,
12:57:58,77063.85,77071.3,-1.0,0.13,
12:58:10,77063.86,77071.3,-1.0,0.13,
12:58:10,77063.86,77071.3,-1.0,0.12,
12:58:13,77063.85,77071.3,-1.0,0.13,
12:58:13,77063.85,77071.3,-1.0,0.13,
12:58:28,77063.85,77067.8,-0.5,0.13,
12:58:28,77063.85,77067.8,-0.5,0.12,
12:58:40,77051.99,77059.3,-0.9,0.12,
12:58:40,77051.99,77059.3,-0.9,0.12,
12:58:43,77052.0,77059.3,-0.9,0.14,
12:58:43,77051.99,77059.4,-1.0,0.12,
12:59:23,77047.56,77050.0,-0.3,0.14,
12:59:23,77047.56,77050.0,-0.3,0.13,
12:59:24,77047.56,77049.9,-0.3,0.2,
12:59:24,77047.56,77049.9,-0.3,0.2,
12:59:24,77047.56,77049.9,-0.3,0.14,
12:59:24,77047.56,77049.9,-0.3,0.14,
12:59:39,77047.56,77050.0,-0.3,0.16,
12:59:39,77047.56,77050.0,-0.3,0.14,
12:59:40,77047.55,77049.9,-0.3,0.13,
12:59:40,77047.55,77050.0,-0.3,0.13,
12:59:54,77042.45,77045.3,-0.4,0.14,
12:59:54,77042.45,77045.3,-0.4,0.15,
13:00:09,77042.44,77045.4,-0.4,0.13,
13:00:09,77042.44,77045.4,-0.4,0.14,
13:00:10,77042.45,77045.3,-0.4,0.14,
13:00:10,77042.45,77045.4,-0.4,0.32,
13:00:24,77037.23,77044.8,-1.0,0.13,
13:00:24,77037.23,77044.8,-1.0,0.14,
13:00:39,77041.03,77044.8,-0.5,0.14,
13:00:39,77041.03,77044.7,-0.5,0.2,
13:00:40,77041.03,77044.8,-0.5,0.14,
13:00:40,77041.03,77044.7,-0.5,0.15,
13:00:54,77040.33,77044.8,-0.6,0.13,
13:00:54,77040.33,77044.7,-0.6,0.17,
13:01:09,77040.32,77044.8,-0.6,0.13,
13:01:09,77040.32,77044.8,-0.6,0.14,
13:01:10,77040.32,77044.7,-0.6,0.13,
13:01:10,77040.32,77044.8,-0.6,0.15,
13:01:24,77043.02,77044.5,-0.2,0.21,
13:01:24,77043.02,77044.5,-0.2,0.2,
13:01:39,77043.71,77045.2,-0.2,0.13,
13:01:39,77043.71,77045.2,-0.2,0.13,
13:01:40,77043.72,77045.3,-0.2,0.14,
13:01:40,77043.72,77045.3,-0.2,0.17,
13:01:54,77035.01,77041.0,-0.8,0.12,
13:01:54,77035.01,77041.0,-0.8,0.13,
13:02:09,77048.4,77049.9,-0.2,0.13,
13:02:09,77048.4,77049.9,-0.2,0.14,
13:02:10,77048.4,77049.9,-0.2,0.15,
13:02:10,77048.4,77049.9,-0.2,0.23,
13:02:24,77041.62,77049.8,-1.1,0.14,
13:02:24,77041.62,77049.9,-1.1,0.17,
13:02:39,77041.63,77045.2,-0.5,0.14,
13:02:39,77041.63,77045.2,-0.5,0.16,
13:02:40,77041.63,77045.2,-0.5,0.14,
13:02:40,77041.63,77045.2,-0.5,0.13,
13:02:54,77033.91,77045.2,-1.5,0.15,
13:02:54,77033.91,77045.2,-1.5,0.33,
13:03:09,77041.63,77045.2,-0.5,0.15,
13:03:10,77041.62,77045.3,-0.5,0.14,
13:03:24,77041.62,77045.2,-0.5,0.13,
13:03:24,77041.62,77045.2,-0.5,0.13,
13:03:39,77066.43,77067.8,-0.2,0.15,
13:03:39,77066.43,77067.8,-0.2,0.15,
13:03:40,77066.43,77067.8,-0.2,0.14,
13:03:40,77066.43,77067.8,-0.2,0.14,
13:03:54,77072.0,77077.5,-0.7,0.14,
13:03:54,77072.0,77077.5,-0.7,0.14,
13:04:09,77086.66,77086.9,-0.0,0.15,
13:04:10,77086.18,77086.9,-0.1,0.15,
13:04:24,77060.01,77062.5,-0.3,0.14,
13:04:24,77060.01,77062.6,-0.3,0.13,
13:04:39,77084.78,77086.8,-0.3,0.14,
13:04:39,77084.78,77086.8,-0.3,0.14,
13:04:40,77084.79,77086.8,-0.3,0.13,
13:04:54,77116.65,77121.5,-0.6,0.14,
13:04:54,77116.65,77121.5,-0.6,0.13,
13:05:09,77116.65,77121.5,-0.6,0.14,
13:05:10,77116.65,77121.5,-0.6,0.15,
13:05:10,77116.65,77121.5,-0.6,0.18,
13:05:24,77114.02,77118.9,-0.6,0.13,
13:05:24,77114.02,77118.9,-0.6,0.14,
13:05:39,77116.65,77121.3,-0.6,0.13,
13:05:39,77116.65,77121.3,-0.6,0.23,
13:05:40,77124.31,77121.4,0.4,0.13,
13:05:40,77124.31,77121.4,0.4,0.13,
13:05:54,77141.76,77143.4,-0.2,0.14,
13:06:09,77143.52,77150.0,-0.8,0.14,
13:06:09,77143.52,77150.0,-0.8,0.15,
13:06:10,77143.52,77150.1,-0.9,0.14,
13:06:10,77143.52,77150.1,-0.9,0.14,
13:06:24,77143.01,77150.1,-0.9,0.14,
13:06:24,77143.01,77150.0,-0.9,0.14,
13:06:39,77148.54,77150.0,-0.2,0.14,
13:06:39,77148.54,77150.1,-0.2,0.14,
13:06:40,77148.54,77150.0,-0.2,0.14,
13:06:40,77148.54,77150.0,-0.2,0.13,
13:06:54,77149.99,77157.5,-1.0,0.15,
13:06:54,77149.99,77157.5,-1.0,0.15,
13:07:09,77150.0,77157.4,-1.0,0.14,
13:07:09,77150.0,77157.5,-1.0,0.15,
13:07:10,77151.28,77157.4,-0.8,0.15,
13:07:10,77151.28,77157.4,-0.8,0.15,
13:07:24,77157.7,77157.5,0.0,0.22,
13:07:39,77162.5,77159.8,0.3,0.14,
13:07:39,77162.5,77159.9,0.3,0.14,
13:07:40,77162.5,77159.8,0.3,0.16,
13:07:40,77162.5,77159.9,0.3,0.18,
13:07:54,77182.35,77186.3,-0.5,0.14,
13:07:54,77182.35,77184.2,-0.2,0.18,
13:08:09,77168.9,77168.9,0.0,0.13,
13:08:09,77168.9,77169.0,-0.0,0.14,
13:08:10,77168.91,77169.0,-0.0,0.13,
13:08:10,77168.91,77169.0,-0.0,0.14,
13:08:24,77167.45,77169.0,-0.2,0.14,
13:08:24,77167.45,77168.9,-0.2,0.14,
13:08:39,77182.35,77184.3,-0.3,0.13,
13:08:39,77182.35,77184.3,-0.3,0.13,
13:08:40,77182.35,77184.3,-0.3,0.12,
13:08:40,77182.35,77184.3,-0.3,0.13,
13:08:54,77182.35,77184.4,-0.3,0.14,
13:08:54,77182.35,77184.3,-0.3,0.14,
13:09:09,77182.19,77184.4,-0.3,0.14,
13:09:09,77182.19,77184.4,-0.3,0.17,
13:09:10,77182.2,77184.4,-0.3,0.14,
13:09:10,77182.2,77184.3,-0.3,0.14,
13:09:24,77184.96,77184.2,0.1,0.13,
13:09:24,77184.96,77184.2,0.1,0.13,
13:09:39,77184.96,77186.3,-0.2,0.14,
13:09:39,77184.96,77186.2,-0.2,0.25,
13:09:40,77184.96,77186.2,-0.2,0.18,
13:09:40,77184.96,77186.3,-0.2,0.18,
13:09:54,77162.1,77166.8,-0.6,0.14,
13:09:54,77162.1,77166.8,-0.6,0.13,
13:10:09,77155.01,77162.2,-0.9,0.19,
13:10:09,77155.01,77162.2,-0.9,0.32,
13:10:10,77155.01,77162.2,-0.9,0.14,
13:10:10,77155.01,77162.2,-0.9,0.22,
13:10:24,77155.01,77162.2,-0.9,0.15,
13:10:24,77155.0,77162.2,-0.9,0.21,
13:10:39,77145.72,77151.2,-0.7,0.14,
13:10:39,77145.72,77151.2,-0.7,0.14,
13:10:40,77145.72,77151.2,-0.7,0.14,
13:10:40,77145.72,77151.2,-0.7,0.14,
13:10:54,77141.4,77146.9,-0.7,0.14,
13:10:54,77141.4,77147.0,-0.7,0.15,
13:11:09,77147.29,77151.1,-0.5,0.13,
13:11:09,77147.29,77151.2,-0.5,0.14,
13:11:10,77147.29,77151.1,-0.5,0.14,
13:11:10,77147.29,77151.1,-0.5,0.14,
13:11:24,77147.29,77151.2,-0.5,0.13,
13:11:24,77147.29,77151.2,-0.5,0.15,
13:11:39,77147.3,77151.1,-0.5,0.13,
13:11:39,77147.3,77151.1,-0.5,0.14,
13:11:40,77147.29,77151.1,-0.5,0.14,
13:11:40,77147.29,77151.1,-0.5,0.17,
13:11:54,77162.73,77162.2,0.1,0.14,
13:11:54,77162.73,77162.2,0.1,0.15,
13:12:09,77162.72,77162.2,0.1,0.14,
13:12:09,77162.72,77162.2,0.1,0.14,
13:12:10,77162.73,77162.2,0.1,0.14,
13:12:10,77162.73,77162.2,0.1,0.14,
13:12:24,77162.72,77162.1,0.1,0.14,
13:12:24,77162.72,77162.2,0.1,0.14,
13:12:39,77157.46,77162.1,-0.6,0.13,
13:12:40,77157.46,77162.1,-0.6,0.15,
13:12:40,77157.46,77162.1,-0.6,0.15,
13:12:54,77157.47,77162.2,-0.6,0.14,
13:12:54,77157.47,77162.2,-0.6,0.15,
13:13:09,77159.94,77169.2,-1.2,0.14,
13:13:10,77159.95,77169.3,-1.2,0.13,
13:13:10,77159.95,77169.3,-1.2,0.13,
13:13:24,77157.47,77162.2,-0.6,0.14,
13:13:24,77157.47,77162.2,-0.6,0.14,
13:13:39,77157.46,77162.2,-0.6,0.14,
13:13:39,77157.46,77162.2,-0.6,0.14,
13:13:40,77157.46,77162.2,-0.6,0.17,
13:13:54,77157.47,77162.2,-0.6,0.14,
13:14:09,77157.47,77162.2,-0.6,0.14,
13:14:09,77157.47,77162.2,-0.6,0.14,
13:14:10,77157.47,77162.3,-0.6,0.15,
13:14:10,77157.47,77162.3,-0.6,0.17,
13:14:24,77157.46,77162.3,-0.6,0.15,
13:14:24,77157.46,77162.2,-0.6,0.25,
13:14:39,77157.46,77162.3,-0.6,0.13,
13:14:39,77157.46,77162.2,-0.6,0.13,
13:14:40,77157.46,77162.3,-0.6,0.24,
13:14:40,77157.46,77162.2,-0.6,0.26,
13:14:54,77141.25,77139.8,0.2,0.13,
13:14:54,77141.25,77139.8,0.2,0.13,
13:15:09,77140.26,77139.9,0.0,0.14,
13:15:09,77140.26,77139.9,0.0,0.17,
13:15:10,77140.26,77139.9,0.0,0.13,
13:15:10,77140.26,77139.9,0.0,0.14,
13:15:24,77140.27,77145.6,-0.7,0.13,
13:15:24,77140.27,77145.6,-0.7,0.13,
13:15:39,77141.25,77149.9,-1.1,0.13,
13:15:39,77141.25,77149.9,-1.1,0.24,
13:15:40,77141.25,77150.0,-1.1,0.14,
13:15:40,77141.25,77150.0,-1.1,0.14,
13:15:54,77141.25,77150.0,-1.1,0.13,
13:15:54,77141.25,77150.0,-1.1,0.16,
13:16:09,77141.26,77149.9,-1.1,0.14,
13:16:09,77141.26,77149.9,-1.1,0.14,
13:16:10,77140.25,77149.9,-1.3,0.14,
13:16:10,77140.25,77149.9,-1.3,0.24,
13:16:24,77136.49,77130.4,0.8,0.14,
13:16:24,77136.49,77130.4,0.8,0.13,
13:16:39,77135.62,77130.3,0.7,0.15,
13:16:39,77135.62,77130.3,0.7,0.15,
13:16:40,77135.63,77130.3,0.7,0.13,
13:16:40,77135.63,77130.3,0.7,0.23,
13:16:54,77121.59,77122.4,-0.1,0.13,
13:16:54,77121.59,77122.4,-0.1,0.14,
13:17:09,77121.59,77127.2,-0.7,0.15,
13:17:09,77121.59,77127.2,-0.7,0.16,
13:17:10,77121.59,77127.2,-0.7,0.14,
13:17:10,77121.59,77127.2,-0.7,0.15,
13:17:24,77121.58,77127.3,-0.7,0.14,
13:17:24,77121.58,77127.3,-0.7,0.14,
13:17:39,77121.58,77127.2,-0.7,0.14,
13:17:39,77121.58,77127.2,-0.7,0.14,
13:17:40,77121.58,77127.2,-0.7,0.15,
13:17:40,77121.58,77127.2,-0.7,0.35,
13:18:20,77092.09,77093.1,-0.1,0.18,
13:18:20,77092.09,77093.1,-0.1,0.19,
13:18:21,77092.09,77093.1,-0.1,0.13,
13:18:21,77092.09,77093.2,-0.1,0.14,
13:18:23,77090.05,77086.7,0.4,0.13,
13:18:23,77090.05,77086.7,0.4,0.14,
13:18:36,77088.68,77086.8,0.2,0.13,
13:18:36,77088.68,77086.7,0.3,0.25,
13:18:40,77088.64,77090.7,-0.3,0.12,
13:18:40,77088.64,77090.7,-0.3,0.12,
13:18:51,77088.63,77090.7,-0.3,0.12,
13:18:51,77088.63,77090.7,-0.3,0.13,
13:19:36,77054.65,77062.1,-1.0,0.2,
13:19:36,77054.65,77062.1,-1.0,0.2,
13:19:40,77054.66,77062.0,-1.0,0.14,
13:19:40,77054.66,77062.0,-1.0,0.16,
13:19:51,77062.69,77062.2,0.1,0.13,
13:19:51,77062.69,77062.2,0.1,0.14,
13:20:06,77062.69,77070.2,-1.0,0.14,
13:20:06,77062.69,77070.2,-1.0,0.14,
13:20:10,77073.99,77084.9,-1.4,0.18,
13:20:10,77073.99,77084.9,-1.4,0.15,
13:20:45,77085.61,77097.9,-1.6,0.13,
13:20:45,77085.61,77097.9,-1.6,0.13,
13:20:45,77085.61,77097.9,-1.6,0.16,
13:20:45,77085.61,77097.9,-1.6,0.18,
13:20:45,77085.61,77097.9,-1.6,0.12,
13:20:45,77085.61,77097.9,-1.6,0.15,
13:21:00,77085.6,77092.3,-0.9,0.13,
13:21:00,77085.6,77092.2,-0.9,0.13,
13:21:10,77085.61,77092.2,-0.9,0.14,
13:21:10,77085.61,77092.3,-0.9,0.2,
13:21:15,77085.61,77092.2,-0.9,0.14,
13:21:15,77085.61,77092.2,-0.9,0.17,
13:21:30,77087.0,77099.0,-1.6,0.13,
13:21:30,77087.0,77099.0,-1.6,0.29,
13:21:40,77086.99,77099.0,-1.6,0.13,
13:21:40,77086.99,77099.1,-1.6,0.13,
13:21:45,77087.0,77099.1,-1.6,0.14,
13:21:45,77087.0,77099.0,-1.6,0.15,
13:22:00,77087.0,77099.0,-1.6,0.14,
13:22:00,77087.0,77099.0,-1.6,0.14,
13:22:10,77093.51,77101.3,-1.0,0.15,
13:22:10,77093.51,77101.3,-1.0,0.15,
13:22:15,77093.51,77101.3,-1.0,0.13,
13:22:15,77093.51,77101.4,-1.0,0.14,
13:22:30,77093.51,77101.3,-1.0,0.13,
13:22:30,77093.51,77101.3,-1.0,0.15,
13:22:40,77087.61,77093.5,-0.8,0.13,
13:22:40,77087.61,77093.5,-0.8,0.14,
13:22:45,77087.61,77093.5,-0.8,0.16,
13:22:45,77087.61,77093.5,-0.8,0.14,
13:23:00,77095.3,77094.4,0.1,0.13,
13:23:00,77095.3,77094.4,0.1,0.14,
13:23:10,77095.3,77094.3,0.1,0.15,
13:23:10,77095.3,77094.3,0.1,0.15,
13:23:15,77095.31,77094.4,0.1,0.13,
13:23:15,77095.31,77094.4,0.1,0.14,
13:23:30,77095.3,77101.2,-0.8,0.13,
13:23:30,77095.3,77101.2,-0.8,0.13,
13:23:40,77095.3,77101.2,-0.8,0.14,
13:23:40,77095.3,77101.2,-0.8,0.15,
13:23:45,77095.3,77101.3,-0.8,0.14,
13:23:45,77095.3,77101.3,-0.8,0.14,
13:24:00,77095.3,77101.3,-0.8,0.14,
13:24:00,77095.3,77101.2,-0.8,0.17,
13:24:10,77100.0,77114.9,-1.9,0.15,
13:24:10,77100.0,77114.9,-1.9,0.16,
13:24:15,77100.0,77115.0,-1.9,0.13,
13:24:15,77100.0,77115.0,-1.9,0.23,
13:24:30,77099.99,77115.0,-1.9,0.12,
13:24:30,77099.99,77115.0,-1.9,0.13,
13:24:40,77100.0,77115.0,-1.9,0.14,
13:24:40,77100.0,77115.0,-1.9,0.17,
13:24:45,77099.99,77115.0,-1.9,0.24,
13:24:45,77099.99,77115.0,-1.9,0.27,
13:25:00,77099.99,77100.2,-0.0,0.14,
13:25:00,77099.99,77100.1,-0.0,0.17,
13:25:10,77095.31,77100.1,-0.6,0.14,
13:25:10,77095.31,77100.1,-0.6,0.16,
13:25:15,77095.3,77100.2,-0.6,0.14,
13:25:15,77095.3,77100.1,-0.6,0.14,
13:25:30,77095.28,77099.9,-0.6,0.17,
13:25:30,77095.28,77099.9,-0.6,0.18,
13:25:40,77095.28,77100.0,-0.6,0.14,
13:25:40,77095.28,77100.0,-0.6,0.16,
13:25:45,77095.29,77099.9,-0.6,0.13,
13:25:45,77095.29,77099.9,-0.6,0.13,
13:26:00,77095.29,77096.4,-0.1,0.13,
13:26:00,77095.29,77096.4,-0.1,0.23,
13:26:10,77095.29,77098.9,-0.5,0.24,
13:26:10,77095.29,77098.9,-0.5,0.26,
13:26:15,77095.29,77099.9,-0.6,0.14,
13:26:15,77095.29,77099.9,-0.6,0.13,
13:26:30,77106.7,77106.1,0.1,0.13,
13:26:30,77106.7,77106.1,0.1,0.23,
13:26:40,77106.69,77106.0,0.1,0.14,
13:26:40,77106.69,77106.0,0.1,0.14,
13:26:45,77104.89,77106.0,-0.1,0.14,
13:26:45,77104.89,77106.1,-0.2,0.18,
13:27:00,77104.9,77106.1,-0.2,0.14,
13:27:00,77104.9,77106.1,-0.2,0.14,
13:27:10,77104.89,77106.1,-0.2,0.14,
13:27:10,77104.89,77106.1,-0.2,0.15,
13:27:15,77104.9,77106.0,-0.1,0.13,
13:27:15,77104.9,77106.0,-0.1,0.13,
13:27:30,77122.23,77120.0,0.3,0.13,
13:27:30,77122.23,77120.0,0.3,0.12,
13:27:40,77122.23,77119.9,0.3,0.12,
13:27:40,77122.23,77120.0,0.3,0.13,
13:27:45,77122.23,77119.9,0.3,0.14,
13:27:45,77122.23,77119.9,0.3,0.14,
13:28:00,77122.24,77120.0,0.3,0.14,
13:28:00,77122.24,77120.0,0.3,0.14,
13:28:10,77121.65,77120.0,0.2,0.12,
13:28:10,77121.65,77120.0,0.2,0.12,
13:28:15,77121.65,77120.0,0.2,0.13,
13:28:15,77121.65,77120.0,0.2,0.24,
13:28:53,77119.07,77117.3,0.2,0.14,
13:28:53,77119.07,77117.3,0.2,0.14,
13:28:54,77118.27,77117.2,0.1,0.19,
13:28:54,77118.27,77117.2,0.1,0.19,
13:28:55,77114.23,77117.2,-0.4,0.18,
13:28:55,77114.23,77117.2,-0.4,0.24,
13:29:10,77099.65,77102.5,-0.4,0.15,
13:29:10,77099.65,77102.4,-0.4,0.15,
13:29:10,77099.65,77102.5,-0.4,0.13,
13:29:10,77099.65,77102.5,-0.4,0.13,
13:29:25,77090.57,77094.3,-0.5,0.14,
13:29:25,77090.57,77094.3,-0.5,0.13,
13:29:40,77088.99,77094.3,-0.7,0.14,
13:29:40,77088.99,77094.4,-0.7,0.15,
13:29:40,77088.89,77094.4,-0.7,0.14,
13:29:40,77088.89,77094.4,-0.7,0.14,
13:29:55,77079.96,77078.3,0.2,0.14,
13:29:55,77079.96,77078.3,0.2,0.15,
13:30:10,77070.77,77073.7,-0.4,0.15,
13:30:10,77070.77,77073.7,-0.4,0.15,
13:30:10,77070.76,77073.7,-0.4,0.13,
13:30:10,77070.76,77073.7,-0.4,0.17,
13:30:25,77070.76,77073.7,-0.4,0.14,
13:30:25,77070.76,77073.7,-0.4,0.21,
13:30:40,77070.76,77073.7,-0.4,0.14,
13:30:40,77070.76,77073.6,-0.4,0.13,
13:30:40,77070.77,77073.6,-0.4,0.14,
13:30:40,77070.77,77073.6,-0.4,0.15,
13:30:55,77070.23,77073.6,-0.4,0.15,
13:30:55,77070.23,77073.7,-0.5,0.27,
13:31:10,77070.23,77073.7,-0.5,0.15,
13:31:10,77070.23,77073.7,-0.5,0.18,
13:31:10,77070.23,77073.7,-0.5,0.15,
13:31:25,77070.24,77069.9,0.0,0.14,
13:31:25,77070.24,77069.9,0.0,0.14,
13:31:40,77070.24,77076.7,-0.8,0.14,
13:31:40,77070.24,77076.7,-0.8,0.19,
13:31:40,77070.23,77076.7,-0.8,0.15,
13:31:40,77070.23,77076.7,-0.8,0.18,
13:31:55,77070.24,77076.6,-0.8,0.14,
13:31:55,77070.24,77076.6,-0.8,0.19,
13:32:10,77070.24,77076.7,-0.8,0.15,
13:32:10,77070.24,77076.6,-0.8,0.14,
13:32:10,77070.23,77076.7,-0.8,0.15,
13:32:10,77070.23,77076.7,-0.8,0.15,
13:32:25,77079.04,77078.1,0.1,0.14,
13:32:25,77079.04,77078.1,0.1,0.15,
13:32:40,77079.04,77078.1,0.1,0.15,
13:32:40,77079.04,77078.1,0.1,0.15,
13:32:40,77079.04,77078.1,0.1,0.15,
13:32:40,77079.04,77078.1,0.1,0.21,
13:32:55,77079.03,77078.1,0.1,0.13,
13:32:55,77079.03,77078.2,0.1,0.13,
13:33:10,77079.04,77077.8,0.2,0.13,
13:33:10,77079.04,77077.8,0.2,0.14,
13:33:10,77079.03,77077.8,0.2,0.15,
13:33:10,77079.03,77077.8,0.2,0.17,
13:33:25,77079.04,77078.0,0.1,0.14,
13:33:25,77079.04,77078.0,0.1,0.13,
13:33:40,77088.85,77096.9,-1.0,0.14,
13:33:40,77088.85,77096.9,-1.0,0.15,
13:33:40,77088.85,77096.9,-1.0,0.14,
13:33:40,77088.85,77096.9,-1.0,0.14,
13:33:55,77093.88,77100.8,-0.9,0.13,
13:33:55,77093.88,77100.8,-0.9,0.13,
13:34:10,77097.73,77100.8,-0.4,0.14,
13:34:10,77097.73,77100.8,-0.4,0.14,
13:34:10,77097.73,77100.8,-0.4,0.15,
13:34:10,77097.73,77100.8,-0.4,0.14,
13:34:25,77097.73,77097.7,0.0,0.14,
13:34:40,77097.74,77097.7,0.0,0.14,
13:34:40,77097.74,77097.8,-0.0,0.18,
13:34:40,77097.74,77097.7,0.0,0.13,
13:34:40,77097.74,77097.7,0.0,0.13,
13:34:55,77097.74,77097.7,0.0,0.14,
13:34:55,77097.74,77097.7,0.0,0.18,
13:35:10,77097.74,77097.7,0.0,0.13,
13:35:10,77097.74,77097.7,0.0,0.14,
13:35:10,77097.73,77097.7,0.0,0.14,
13:35:10,77097.73,77097.7,0.0,0.16,
13:35:25,77097.74,77094.6,0.4,0.14,
13:35:25,77097.74,77094.6,0.4,0.15,
13:35:40,77097.74,77094.5,0.4,0.14,
13:35:40,77097.74,77094.5,0.4,0.13,
13:35:40,77097.74,77094.5,0.4,0.13,
13:35:55,77097.74,77094.4,0.4,0.14,
13:35:55,77097.74,77094.4,0.4,0.15,
13:36:10,77090.23,77092.2,-0.3,0.13,
13:36:10,77090.23,77092.2,-0.3,0.14,
13:36:10,77090.23,77092.1,-0.2,0.14,
13:36:10,77090.23,77092.1,-0.2,0.17,
13:36:25,77080.67,77071.6,1.2,0.13,
13:36:25,77080.67,77071.6,1.2,0.15,
13:36:40,77080.66,77076.1,0.6,0.14,
13:36:40,77080.66,77076.2,0.6,0.13,
13:36:40,77080.66,77076.1,0.6,0.14,
13:36:55,77080.67,77076.1,0.6,0.13,
13:36:55,77080.67,77076.1,0.6,0.14,
13:37:10,77080.67,77079.9,0.1,0.14,
13:37:10,77080.67,77079.9,0.1,0.14,
13:37:10,77080.67,77079.9,0.1,0.13,
13:37:10,77080.67,77080.0,0.1,0.13,
13:37:25,77080.66,77080.0,0.1,0.13,
13:37:25,77080.66,77080.0,0.1,0.16,
13:37:40,77083.88,77079.1,0.6,0.16,
13:37:40,77083.88,77079.1,0.6,0.17,
13:37:40,77083.88,77079.9,0.5,0.19,
13:37:40,77083.88,77079.9,0.5,0.19,
13:37:55,77083.88,77079.9,0.5,0.14,
13:37:55,77083.88,77079.9,0.5,0.14,
13:38:10,77083.88,77079.9,0.5,0.17,
13:38:10,77083.88,77080.0,0.5,0.16,
13:38:10,77083.88,77079.9,0.5,0.15,
13:38:10,77083.88,77079.9,0.5,0.15,
13:38:25,77089.33,77080.0,1.2,0.16,
13:38:25,77089.33,77080.0,1.2,0.15,
13:39:06,77060.7,77063.4,-0.4,0.17,
13:39:06,77060.7,77063.4,-0.4,0.18,
13:39:06,77058.42,77063.4,-0.6,0.17,
13:39:06,77058.42,77063.4,-0.6,0.17,
13:39:06,77058.42,77063.4,-0.6,0.2,
13:39:06,77058.42,77063.4,-0.6,0.23,
13:39:10,77058.42,77063.4,-0.6,0.15,
13:39:10,77058.42,77063.4,-0.6,0.18,
13:39:21,77058.41,77063.4,-0.6,0.13,
13:39:21,77058.41,77063.3,-0.6,0.14,
13:39:36,77087.4,77079.9,1.0,0.19,
13:39:36,77087.4,77079.9,1.0,0.21,
13:39:40,77091.24,77097.7,-0.8,0.13,
13:39:40,77091.24,77097.7,-0.8,0.15,
13:39:51,77106.21,77112.7,-0.8,0.17,
13:39:51,77106.21,77112.7,-0.8,0.15,
13:40:06,77106.02,77102.5,0.5,0.14,
13:40:06,77106.02,77102.5,0.5,0.17,
13:40:10,77101.28,77102.0,-0.1,0.13,
13:40:10,77101.28,77102.0,-0.1,0.16,
13:40:21,77100.0,77095.1,0.6,0.13,
13:40:21,77100.0,77095.2,0.6,0.14,
13:41:06,77100.0,77101.3,-0.2,0.19,
13:41:06,77100.0,77101.3,-0.2,0.19,
13:41:10,77100.01,77101.2,-0.2,0.17,
13:41:10,77100.01,77101.2,-0.2,0.17,
13:41:21,77100.0,77101.3,-0.2,0.14,
13:41:21,77100.0,77101.3,-0.2,0.13,
13:41:36,77100.01,77101.2,-0.2,0.17,
13:41:36,77100.01,77101.2,-0.2,0.2,
13:41:40,77100.0,77101.2,-0.2,0.17,
13:41:40,77100.0,77101.2,-0.2,0.17,
13:41:51,77100.01,77101.2,-0.2,0.13,
13:41:51,77100.01,77101.2,-0.2,0.13,
13:42:06,77100.01,77098.3,0.2,0.14,
13:42:06,77100.01,77098.3,0.2,0.36,
13:42:10,77100.0,77098.5,0.2,0.15,
13:42:10,77100.0,77098.5,0.2,0.15,
13:42:21,77100.01,77098.6,0.2,0.13,
13:42:21,77100.01,77098.6,0.2,0.13,
13:42:36,77087.38,77085.1,0.3,0.14,
13:42:36,77087.38,77085.0,0.3,0.13,
13:42:40,77087.39,77085.0,0.3,0.13,
13:42:40,77087.39,77085.0,0.3,0.13,
13:43:23,77115.08,77121.1,-0.8,0.13,
13:43:23,77115.08,77121.1,-0.8,0.13,
13:43:36,77115.08,77121.2,-0.8,0.13,
13:43:36,77115.08,77121.2,-0.8,0.13,
13:43:40,77115.07,77121.1,-0.8,0.16,
13:43:51,77115.08,77121.1,-0.8,0.12,
13:43:51,77115.08,77121.1,-0.8,0.13,
13:44:06,77118.52,77121.2,-0.3,0.13,
13:44:06,77118.52,77121.2,-0.3,0.13,
13:44:10,77121.19,77127.3,-0.8,0.13,
13:44:10,77121.19,77121.2,-0.0,0.15,
13:44:21,77125.0,77127.2,-0.3,0.12,
13:44:36,77125.0,77127.3,-0.3,0.13,
13:44:36,77125.0,77127.2,-0.3,0.13,
13:44:40,77124.99,77127.2,-0.3,0.12,
13:44:51,77124.99,77127.3,-0.3,0.13,
13:44:51,77124.99,77127.3,-0.3,0.13,
13:45:06,77125.0,77127.2,-0.3,0.14,
13:45:06,77125.0,77127.2,-0.3,0.15,
13:45:10,77125.0,77127.2,-0.3,0.13,
13:45:10,77125.0,77127.2,-0.3,0.13,
13:45:21,77125.0,77127.2,-0.3,0.13,
13:45:21,77125.0,77127.2,-0.3,0.13,
13:45:36,77115.86,77118.4,-0.3,0.13,
13:45:36,77115.86,77118.4,-0.3,0.17,
13:45:40,77115.86,77118.4,-0.3,0.13,
13:45:40,77115.86,77118.3,-0.3,0.15,
13:45:51,77115.86,77118.3,-0.3,0.13,
13:45:51,77115.86,77118.3,-0.3,0.13,
13:46:06,77115.86,77118.4,-0.3,0.13,
13:46:06,77115.86,77118.4,-0.3,0.15,
13:46:10,77115.86,77118.8,-0.4,0.12,
13:46:10,77115.86,77118.8,-0.4,0.12,
13:46:21,77119.7,77125.9,-0.8,0.13,
13:46:21,77119.7,77125.9,-0.8,0.15,
13:46:36,77124.97,77125.9,-0.1,0.13,
13:46:36,77124.97,77125.9,-0.1,0.13,
13:46:40,77124.99,77125.9,-0.1,0.12,
13:46:40,77124.99,77125.9,-0.1,0.12,
13:46:51,77132.71,77135.3,-0.3,0.13,
13:46:51,77132.71,77135.2,-0.3,0.13,
13:47:26,77150.0,77149.9,0.0,0.18,
13:47:26,77150.0,77149.9,0.0,0.18,
13:47:26,77150.0,77149.9,0.0,0.19,
13:47:27,77150.0,77149.9,0.0,0.13,
13:47:27,77150.0,77149.9,0.0,0.14,
13:47:40,77176.66,77167.9,1.1,0.13,
13:47:40,77176.66,77167.9,1.1,0.13,
13:47:42,77176.67,77186.3,-1.2,0.13,
13:47:42,77176.67,77184.7,-1.0,0.13,
13:47:57,77176.67,77178.0,-0.2,0.14,
13:47:57,77176.67,77178.0,-0.2,0.23,
13:48:54,77163.19,77168.8,-0.7,0.14,
13:48:54,77163.19,77168.8,-0.7,0.13,
13:49:09,77176.67,77179.5,-0.4,0.11,
13:49:09,77176.67,77179.5,-0.4,0.14,
13:49:09,77176.67,77179.5,-0.4,0.14,
13:49:09,77176.67,77179.5,-0.4,0.14,
13:49:24,77163.2,77167.9,-0.6,0.15,
13:49:39,77149.99,77152.5,-0.3,0.18,
13:49:39,77149.99,77152.5,-0.3,0.18,
13:49:39,77149.99,77152.4,-0.3,0.18,
13:49:39,77149.99,77152.4,-0.3,0.18,
13:49:54,77149.99,77159.4,-1.2,0.14,
13:49:54,77149.99,77159.4,-1.2,0.16,
13:50:09,77149.99,77159.5,-1.2,0.14,
13:50:09,77149.99,77159.5,-1.2,0.13,
13:50:09,77149.99,77159.5,-1.2,0.14,
13:50:09,77149.99,77159.5,-1.2,0.16,
13:50:24,77150.0,77159.4,-1.2,0.12,
13:50:24,77150.0,77159.5,-1.2,0.13,
13:50:39,77151.1,77159.5,-1.1,0.13,
13:50:39,77151.1,77159.5,-1.1,0.13,
13:50:39,77151.1,77159.5,-1.1,0.13,
13:50:39,77151.1,77159.5,-1.1,0.15,
13:50:54,77157.08,77159.4,-0.3,0.13,
13:50:54,77157.08,77159.4,-0.3,0.16,
13:51:09,77143.18,77144.8,-0.2,0.13,
13:51:09,77143.18,77144.8,-0.2,0.13,
13:51:09,77143.18,77144.8,-0.2,0.14,
13:51:09,77143.18,77144.8,-0.2,0.14,
13:51:24,77143.18,77144.8,-0.2,0.14,
13:51:24,77143.18,77144.8,-0.2,0.14,
13:51:39,77143.17,77144.8,-0.2,0.14,
13:51:39,77143.17,77144.8,-0.2,0.13,
13:51:39,77143.17,77144.8,-0.2,0.18,
13:51:54,77143.17,77144.7,-0.2,0.15,
13:51:54,77143.17,77144.7,-0.2,0.13,
13:52:09,77143.16,77144.7,-0.2,0.14,
13:52:09,77143.16,77144.7,-0.2,0.14,
13:52:09,77143.16,77144.7,-0.2,0.14,
13:52:09,77143.16,77144.7,-0.2,0.13,
13:52:24,77138.55,77144.8,-0.8,0.13,
13:52:39,77138.55,77144.7,-0.8,0.13,
13:52:39,77138.55,77144.7,-0.8,0.13,
13:52:39,77138.55,77144.7,-0.8,0.14,
13:52:39,77138.55,77144.7,-0.8,0.15,
13:52:54,77138.55,77144.7,-0.8,0.14,
13:52:54,77138.55,77144.7,-0.8,0.14,
13:53:09,77155.75,77152.3,0.4,0.14,
13:53:09,77155.75,77144.8,1.4,0.14,
13:53:09,77155.75,77144.8,1.4,0.13,
13:53:24,77155.99,77160.4,-0.6,0.13,
13:53:24,77155.99,77160.4,-0.6,0.13,
13:53:39,77154.08,77155.3,-0.2,0.13,
13:53:39,77154.08,77155.3,-0.2,0.13,
13:53:39,77154.08,77155.3,-0.2,0.16,
13:53:39,77154.08,77155.3,-0.2,0.16,
13:53:54,77149.78,77150.6,-0.1,0.14,
13:53:54,77149.78,77150.6,-0.1,0.14,
13:54:54,77146.34,77147.8,-0.2,0.15,
13:55:09,77161.44,77158.0,0.4,0.16,
13:55:09,77161.44,77158.1,0.4,0.16,
13:55:09,77161.44,77158.0,0.4,0.18,
13:55:09,77161.44,77158.1,0.4,0.18,
13:55:24,77167.05,77165.4,0.2,0.14,
13:55:24,77167.05,77165.4,0.2,0.17,
13:55:39,77161.44,77164.4,-0.4,0.15,
13:55:39,77161.44,77164.4,-0.4,0.15,
13:55:39,77161.44,77164.4,-0.4,0.15,
13:55:39,77161.44,77164.4,-0.4,0.15,
13:55:54,77157.08,77164.4,-0.9,0.14,
13:55:54,77157.08,77164.4,-0.9,0.14,
13:56:09,77146.33,77155.0,-1.1,0.14,
13:56:09,77146.33,77155.0,-1.1,0.14,
13:56:09,77146.33,77155.0,-1.1,0.16,
13:56:09,77146.33,77155.0,-1.1,0.14,
13:56:24,77146.67,77155.1,-1.1,0.13,
13:56:24,77146.67,77155.1,-1.1,0.13,
13:56:39,77146.67,77155.1,-1.1,0.13,
13:56:39,77146.67,77155.1,-1.1,0.14,
13:56:39,77146.67,77155.1,-1.1,0.13,
13:56:39,77146.67,77155.1,-1.1,0.14,
13:56:54,77146.66,77155.1,-1.1,0.14,
13:56:54,77146.66,77155.0,-1.1,0.14,
13:57:09,77146.66,77155.1,-1.1,0.14,
13:57:09,77146.66,77155.1,-1.1,0.13,
13:57:09,77146.66,77155.1,-1.1,0.14,
13:57:09,77146.66,77155.1,-1.1,0.13,
13:57:24,77146.67,77155.1,-1.1,0.13,
13:57:24,77146.67,77155.1,-1.1,0.13,
13:57:39,77146.66,77155.0,-1.1,0.13,
13:57:39,77146.66,77155.0,-1.1,0.13,
13:57:39,77146.66,77155.0,-1.1,0.13,
13:57:39,77146.66,77155.0,-1.1,0.12,
13:57:54,77164.47,77160.6,0.5,0.14,
13:58:09,77164.46,77164.3,0.0,0.14,
13:58:09,77164.46,77165.4,-0.1,0.15,
13:58:09,77164.46,77164.3,0.0,0.14,
13:58:09,77164.46,77164.3,0.0,0.15,
13:58:24,77167.81,77169.2,-0.2,0.14,
13:58:24,77167.81,77169.2,-0.2,0.14,
13:58:39,77169.82,77176.8,-0.9,0.15,
13:58:39,77169.82,77176.8,-0.9,0.17,
13:58:39,77169.82,77176.8,-0.9,0.25,
13:58:54,77158.5,77163.8,-0.7,0.15,
13:58:54,77158.5,77163.8,-0.7,0.15,
13:59:09,77146.26,77155.0,-1.1,0.13,
13:59:09,77146.26,77155.0,-1.1,0.14,
13:59:09,77146.26,77155.0,-1.1,0.14,
13:59:24,77146.27,77151.6,-0.7,0.13,
13:59:39,77151.68,77151.6,0.0,0.15,
13:59:39,77151.68,77151.5,0.0,0.17,
13:59:39,77151.68,77151.6,0.0,0.17,
13:59:54,77165.98,77163.8,0.3,0.13,
13:59:54,77165.98,77163.8,0.3,0.13,
14:00:09,77173.53,77167.6,0.8,0.15,
14:00:09,77173.53,77167.6,0.8,0.14,
14:00:09,77173.53,77167.6,0.8,0.15,
14:00:10,77173.53,77167.6,0.8,0.66,
14:00:24,77173.54,77167.6,0.8,0.14,
14:00:24,77173.54,77167.6,0.8,0.15,
14:00:39,77164.01,77167.5,-0.5,0.14,
14:00:39,77164.01,77167.5,-0.5,0.13,
14:00:39,77164.01,77167.5,-0.5,0.16,
14:00:39,77164.01,77167.5,-0.5,0.17,
14:00:54,77164.0,77167.6,-0.5,0.13,
14:00:54,77164.0,77167.6,-0.5,0.13,
14:01:09,77160.81,77164.0,-0.4,0.14,
14:01:09,77160.81,77164.0,-0.4,0.13,
14:01:09,77160.81,77164.0,-0.4,0.13,
14:01:09,77160.81,77164.0,-0.4,0.15,
14:01:24,77160.81,77163.9,-0.4,0.14,
14:01:24,77160.81,77163.9,-0.4,0.14,
14:01:39,77160.8,77164.0,-0.4,0.14,
14:01:39,77160.8,77164.0,-0.4,0.14,
14:01:39,77160.8,77164.0,-0.4,0.15,
14:01:54,77160.8,77163.9,-0.4,0.13,
14:01:54,77160.8,77163.9,-0.4,0.19,
14:02:09,77167.23,77172.4,-0.7,0.15,
14:02:09,77167.23,77172.4,-0.7,0.17,
14:02:09,77167.23,77172.4,-0.7,0.16,
14:02:09,77167.23,77172.4,-0.7,0.14,
14:02:24,77173.54,77176.7,-0.4,0.14,
14:02:24,77173.54,77176.7,-0.4,0.14,
14:02:39,77156.36,77157.1,-0.1,0.19,
14:02:39,77156.36,77157.1,-0.1,0.2,
14:02:39,77156.36,77157.1,-0.1,0.2,
14:02:39,77156.36,77157.1,-0.1,0.18,
14:02:54,77160.96,77163.7,-0.4,0.13,
14:02:54,77160.96,77163.7,-0.4,0.14,
14:03:09,77160.95,77163.7,-0.4,0.14,
14:03:09,77160.95,77163.7,-0.4,0.13,
14:03:09,77160.95,77163.8,-0.4,0.14,
14:03:24,77146.01,77163.8,-2.3,0.15,
14:03:24,77146.01,77147.2,-0.2,0.16,
14:03:39,77146.0,77147.1,-0.1,0.14,
14:03:39,77146.0,77147.1,-0.1,0.14,
14:03:39,77146.0,77147.1,-0.1,0.18,
14:03:39,77146.0,77147.1,-0.1,0.21,
14:03:54,77146.01,77147.1,-0.1,0.14,
14:03:54,77146.01,77147.1,-0.1,0.15,
14:04:09,77146.0,77147.2,-0.2,0.16,
14:04:09,77146.0,77147.2,-0.2,0.19,
14:04:09,77146.0,77147.2,-0.2,0.19,
14:04:09,77146.0,77147.2,-0.2,0.28,
14:04:24,77146.0,77151.6,-0.7,0.14,
14:04:24,77146.0,77151.6,-0.7,0.19,
14:04:39,77146.01,77151.6,-0.7,0.12,
14:04:39,77146.01,77151.6,-0.7,0.14,
14:04:39,77146.01,77151.6,-0.7,0.14,
14:04:39,77146.01,77151.6,-0.7,0.12,
14:04:54,77146.0,77151.5,-0.7,0.22,
14:05:09,77138.69,77144.8,-0.8,0.13,
14:05:09,77138.69,77144.8,-0.8,0.13,
14:05:09,77138.69,77144.8,-0.8,0.15,
14:05:09,77138.69,77144.8,-0.8,0.25,
14:05:24,77142.54,77151.5,-1.2,0.15,
14:05:24,77142.54,77151.5,-1.2,0.15,
14:05:39,77142.53,77151.4,-1.1,0.13,
14:05:39,77142.53,77151.4,-1.1,0.13,
14:05:39,77142.53,77151.4,-1.1,0.23,
14:05:39,77142.53,77151.4,-1.1,0.25,
14:05:54,77149.71,77151.5,-0.2,0.13,
14:05:54,77149.71,77151.5,-0.2,0.23,
14:06:09,77149.72,77151.5,-0.2,0.14,
14:06:09,77149.72,77151.5,-0.2,0.14,
14:06:09,77149.72,77151.5,-0.2,0.14,
14:06:09,77149.72,77151.5,-0.2,0.14,
14:06:24,77143.99,77151.4,-1.0,0.13,
14:06:24,77143.99,77151.5,-1.0,0.14,
14:06:39,77165.32,77170.0,-0.6,0.21,
14:06:39,77165.32,77169.9,-0.6,0.2,
14:06:39,77165.32,77170.0,-0.6,0.21,
14:06:39,77165.32,77170.0,-0.6,0.21,
14:06:54,77176.66,77179.6,-0.4,0.14,
14:06:54,77176.66,77179.6,-0.4,0.13,
14:07:09,77176.66,77179.7,-0.4,0.14,
14:07:09,77176.66,77179.7,-0.4,0.14,
14:07:09,77176.66,77179.6,-0.4,0.14,
14:07:09,77176.66,77179.7,-0.4,0.15,
14:07:24,77160.18,77161.0,-0.1,0.14,
14:07:39,77160.18,77166.5,-0.8,0.14,
14:07:39,77160.18,77166.4,-0.8,0.14,
14:07:39,77160.18,77166.4,-0.8,0.14,
14:07:39,77160.18,77166.4,-0.8,0.18,
14:07:54,77160.18,77166.4,-0.8,0.14,
14:07:54,77160.18,77166.4,-0.8,0.14,
14:08:09,77144.75,77149.7,-0.6,0.15,
14:08:09,77144.75,77150.0,-0.7,0.14,
14:08:09,77144.75,77149.6,-0.6,0.24,
14:08:24,77144.75,77143.4,0.2,0.15,
14:08:24,77144.75,77143.4,0.2,0.14,
14:08:39,77153.3,77160.2,-0.9,0.13,
14:08:39,77153.3,77160.2,-0.9,0.14,
14:08:39,77153.3,77160.2,-0.9,0.15,
14:08:54,77153.3,77160.2,-0.9,0.15,
14:08:54,77153.3,77160.2,-0.9,0.15,
14:09:09,77153.3,77160.1,-0.9,0.13,
14:09:09,77153.3,77160.1,-0.9,0.14,
14:09:09,77153.3,77160.1,-0.9,0.13,
14:09:09,77153.3,77160.1,-0.9,0.13,
14:09:24,77153.3,77160.2,-0.9,0.13,
14:09:24,77153.3,77160.2,-0.9,0.13,
14:09:39,77137.14,77134.0,0.4,0.14,
14:09:39,77137.14,77134.0,0.4,0.13,
14:09:39,77137.14,77134.0,0.4,0.13,
14:09:39,77137.14,77134.0,0.4,0.15,
14:09:54,77137.15,77133.9,0.4,0.13,
14:09:54,77137.15,77133.9,0.4,0.13,
14:10:09,77123.95,77130.1,-0.8,0.16,
14:10:09,77123.95,77130.1,-0.8,0.17,
14:10:09,77123.95,77130.1,-0.8,0.18,
14:10:09,77123.95,77130.5,-0.8,0.3,
14:10:57,77087.58,77094.3,-0.9,0.2,
14:10:57,77087.58,77094.3,-0.9,0.21,
14:11:09,77087.57,77097.9,-1.3,0.16,
14:11:09,77087.57,77098.0,-1.4,0.14,
14:11:09,77087.57,77097.9,-1.3,0.15,
14:11:09,77087.57,77098.0,-1.4,0.21,
14:11:24,77087.57,77098.0,-1.4,0.14,
14:11:24,77087.57,77098.0,-1.4,0.14,
14:11:39,77087.58,77097.9,-1.3,0.12,
14:11:39,77087.58,77097.9,-1.3,0.13,
14:11:39,77087.58,77097.9,-1.3,0.13,
14:11:39,77087.58,77097.9,-1.3,0.13,
14:11:54,77114.0,77120.8,-0.9,0.14,
14:12:09,77129.43,77135.3,-0.8,0.13,
14:12:09,77129.43,77135.3,-0.8,0.18,
14:12:09,77129.43,77135.3,-0.8,0.16,
14:12:24,77129.43,77135.4,-0.8,0.15,
14:12:24,77129.43,77135.4,-0.8,0.18,
14:12:39,77129.43,77135.3,-0.8,0.15,
14:12:39,77129.43,77135.3,-0.8,0.16,
14:12:39,77129.43,77135.3,-0.8,0.15,
14:12:39,77129.43,77135.3,-0.8,0.15,
14:12:54,77146.52,77140.0,0.8,0.13,
14:12:54,77146.52,77151.9,-0.7,0.19,
14:13:09,77146.51,77151.9,-0.7,0.14,
14:13:09,77146.51,77151.9,-0.7,0.14,
14:13:09,77146.51,77151.9,-0.7,0.14,
14:13:09,77146.51,77151.9,-0.7,0.14,
14:13:24,77146.52,77151.9,-0.7,0.14,
14:13:24,77146.52,77151.9,-0.7,0.17,
14:14:02,77136.05,77142.0,-0.8,0.18,
14:14:02,77136.05,77142.1,-0.8,0.18,
14:14:02,77136.05,77142.1,-0.8,0.2,
14:14:02,77136.05,77142.1,-0.8,0.19,
14:14:02,77136.05,77142.1,-0.8,0.14,
14:14:02,77136.05,77142.1,-0.8,0.14,
14:14:09,77146.52,77151.8,-0.7,0.22,
14:14:09,77146.52,77150.5,-0.5,0.22,
14:14:17,77146.52,77153.8,-0.9,0.13,
14:14:17,77146.52,77153.8,-0.9,0.14,
14:14:32,77146.52,77154.4,-1.0,0.13,
14:14:32,77146.52,77154.4,-1.0,0.12,
14:14:39,77146.52,77154.4,-1.0,0.18,
14:14:39,77146.52,77154.4,-1.0,0.21,
14:14:47,77145.49,77146.6,-0.1,0.13,
14:14:47,77145.49,77146.6,-0.1,0.14,
14:15:02,77145.5,77149.3,-0.5,0.13,
14:15:02,77145.5,77149.3,-0.5,0.16,
14:15:09,77145.5,77149.2,-0.5,0.18,
14:15:09,77145.5,77149.2,-0.5,0.28,
14:15:17,77145.5,77152.9,-1.0,0.13,
14:15:17,77145.5,77154.2,-1.1,0.13,
14:15:32,77145.49,77154.3,-1.1,0.15,
14:15:32,77145.49,77154.3,-1.1,0.15,
14:15:39,77157.0,77159.8,-0.4,0.13,
14:15:39,77157.0,77158.0,-0.1,0.13,
14:15:47,77167.21,77168.2,-0.1,0.16,
14:15:47,77167.21,77168.2,-0.1,0.17,
14:16:02,77167.2,77178.7,-1.5,0.12,
14:16:02,77167.21,77178.7,-1.5,0.23,
14:16:09,77173.92,77181.5,-1.0,0.24,
14:16:09,77173.92,77181.4,-1.0,0.24,
14:16:17,77177.37,77184.8,-1.0,0.14,
14:16:17,77177.37,77184.8,-1.0,0.14,
14:16:32,77179.52,77184.7,-0.7,0.13,
14:16:32,77179.52,77184.8,-0.7,0.15,
14:16:39,77179.52,77184.8,-0.7,0.17,
14:16:39,77179.52,77184.7,-0.7,0.17,
14:16:47,77179.52,77184.8,-0.7,0.14,
14:16:47,77179.52,77184.8,-0.7,0.22,
14:17:02,77177.47,77175.8,0.2,0.15,
14:17:02,77177.47,77175.8,0.2,0.18,
14:17:09,77177.46,77175.8,0.2,0.11,
14:17:09,77177.46,77175.8,0.2,0.14,
14:17:17,77177.46,77175.8,0.2,0.18,
14:17:17,77177.46,77175.8,0.2,0.28,
14:17:32,77168.63,77175.9,-0.9,0.13,
14:17:32,77168.63,77175.9,-0.9,0.15,
14:17:39,77168.63,77167.3,0.2,0.14,
14:17:39,77168.63,77167.3,0.2,0.15,
14:17:47,77168.63,77167.2,0.2,0.13,
14:17:47,77168.63,77167.3,0.2,0.13,
14:18:02,77168.63,77167.2,0.2,0.18,
14:18:02,77168.63,77167.2,0.2,0.35,
14:18:09,77168.63,77175.8,-0.9,0.24,
14:18:09,77168.63,77175.8,-0.9,0.27,
14:18:17,77168.63,77175.8,-0.9,0.13,
14:18:17,77168.63,77175.8,-0.9,0.14,
14:18:32,77168.63,77175.7,-0.9,0.17,
14:18:32,77168.63,77175.7,-0.9,0.19,
14:18:39,77173.42,77179.7,-0.8,0.14,
14:18:39,77173.42,77179.7,-0.8,0.14,
14:18:47,77173.41,77179.6,-0.8,0.16,
14:19:02,77173.42,77178.6,-0.7,0.13,
14:19:02,77173.42,77178.7,-0.7,0.13,
14:19:09,77173.42,77175.0,-0.2,0.14,
14:19:09,77173.42,77175.0,-0.2,0.16,
14:19:17,77173.41,77171.6,0.2,0.18,
14:19:17,77173.41,77171.5,0.2,0.21,
14:19:32,77158.04,77159.5,-0.2,0.15,
14:19:32,77158.04,77159.5,-0.2,0.15,
14:19:39,77158.04,77150.7,1.0,0.14,
14:19:39,77158.04,77150.7,1.0,0.14,
14:19:47,77144.61,77144.0,0.1,0.15,
14:19:47,77144.61,77147.3,-0.3,0.24,
14:20:02,77137.94,77143.7,-0.7,0.24,
14:20:09,77137.93,77143.7,-0.7,0.14,
14:20:09,77137.93,77143.8,-0.8,0.14,
14:20:17,77131.62,77135.9,-0.6,0.13,
14:20:17,77131.62,77135.9,-0.6,0.14,
14:20:32,77131.63,77136.0,-0.6,0.13,
14:20:32,77131.63,77135.9,-0.6,0.15,
14:20:39,77131.62,77137.8,-0.8,0.13,
14:20:39,77131.62,77137.8,-0.8,0.14,
14:20:47,77115.95,77115.4,0.1,0.13,
14:20:47,77115.95,77115.4,0.1,0.14,
14:21:02,77115.96,77121.5,-0.7,0.15,
14:21:02,77115.96,77115.5,0.1,0.18,
14:21:09,77122.75,77133.7,-1.4,0.14,
14:21:09,77122.75,77133.7,-1.4,0.15,
14:21:17,77130.81,77133.7,-0.4,0.14,
14:21:17,77130.81,77133.6,-0.4,0.15,
14:21:32,77112.07,77119.3,-0.9,0.13,
14:21:32,77112.07,77119.3,-0.9,0.14,
14:21:39,77112.07,77119.4,-1.0,0.14,
14:21:39,77112.07,77119.4,-1.0,0.14,
14:21:47,77112.06,77119.3,-0.9,0.13,
14:21:47,77112.06,77119.3,-0.9,0.13,
14:22:02,77112.07,77119.3,-0.9,0.12,
14:22:02,77112.07,77119.4,-1.0,0.13,
14:22:09,77113.46,77120.0,-0.8,0.21,
14:22:09,77113.46,77119.9,-0.8,0.2,
14:22:17,77118.84,77127.2,-1.1,0.13,
14:22:17,77118.84,77127.2,-1.1,0.14,
14:22:32,77118.83,77127.2,-1.1,0.13,
14:22:32,77118.83,77127.2,-1.1,0.14,
14:22:39,77116.69,77121.6,-0.6,0.14,
14:22:47,77116.7,77121.6,-0.6,0.16,
14:22:47,77116.7,77121.7,-0.6,0.21,
14:23:02,77117.09,77124.9,-1.0,0.15,
14:23:02,77117.09,77124.9,-1.0,0.15,
14:23:09,77117.1,77125.0,-1.0,0.14,
14:23:09,77117.1,77125.0,-1.0,0.14,
14:23:17,77121.61,77125.7,-0.5,0.15,
14:23:17,77121.61,77125.7,-0.5,0.14,
14:23:32,77121.61,77127.0,-0.7,0.13,
14:23:39,77129.31,77131.0,-0.2,0.13,
14:23:39,77129.31,77131.0,-0.2,0.13,
14:23:47,77129.31,77130.9,-0.2,0.19,
14:23:47,77129.31,77131.0,-0.2,0.17,
14:24:02,77123.34,77129.4,-0.8,0.14,
14:24:02,77123.34,77129.4,-0.8,0.19,
14:24:09,77123.33,77120.9,0.3,0.14,
14:24:09,77123.33,77120.9,0.3,0.14,
14:24:17,77123.33,77123.2,0.0,0.14,
14:24:17,77123.33,77123.2,0.0,0.15,
14:24:32,77123.34,77123.2,0.0,0.14,
14:24:32,77123.34,77123.2,0.0,0.14,
14:24:39,77140.29,77142.4,-0.3,0.15,
14:24:39,77140.29,77142.4,-0.3,0.15,
14:24:47,77140.29,77142.3,-0.3,0.15,
14:24:47,77140.29,77142.4,-0.3,0.15,
14:25:02,77145.57,77153.8,-1.1,0.14,
14:25:02,77145.57,77153.8,-1.1,0.15,
14:25:09,77158.42,77163.7,-0.7,0.14,
14:25:09,77158.43,77163.7,-0.7,0.2,
14:25:17,77164.98,77171.0,-0.8,0.14,
14:25:17,77164.98,77171.0,-0.8,0.14,
14:25:32,77164.99,77171.0,-0.8,0.15,
14:25:32,77164.99,77171.0,-0.8,0.2,
14:25:39,77164.99,77171.0,-0.8,0.14,
14:25:39,77164.99,77171.0,-0.8,0.15,
14:25:47,77173.4,77173.5,-0.0,0.13,
14:25:47,77173.4,77173.5,-0.0,0.14,
14:26:02,77169.57,77177.8,-1.1,0.14,
14:26:02,77169.57,77177.8,-1.1,0.14,
14:26:09,77169.57,77177.8,-1.1,0.14,
14:26:17,77169.58,77177.7,-1.1,0.13,
14:26:17,77169.58,77177.7,-1.1,0.15,
14:26:32,77146.18,77149.8,-0.5,0.14,
14:26:32,77146.18,77149.8,-0.5,0.13,
14:26:39,77146.17,77149.9,-0.5,0.14,
14:26:39,77146.17,77149.9,-0.5,0.14,
14:26:47,77142.0,77144.4,-0.3,0.14,
14:26:47,77142.0,77144.5,-0.3,0.16,
14:27:02,77142.01,77147.4,-0.7,0.2,
14:27:02,77142.01,77149.7,-1.0,0.32,
14:27:09,77142.01,77147.3,-0.7,0.21,
14:27:09,77142.01,77147.4,-0.7,0.25,
14:27:17,77142.01,77147.3,-0.7,0.24,
14:27:18,77142.01,77147.3,-0.7,0.39,
14:27:32,77142.01,77147.3,-0.7,0.26,
14:27:33,77142.01,77147.3,-0.7,0.28,
14:27:39,77152.54,77160.0,-1.0,0.26,
14:27:39,77152.54,77159.9,-1.0,0.35,
14:27:47,77152.53,77148.7,0.5,0.16,
14:27:47,77152.53,77148.8,0.5,0.19,
14:28:02,77146.43,77151.4,-0.6,0.13,
14:28:02,77146.43,77151.4,-0.6,0.13,
14:28:09,77147.13,77155.3,-1.1,0.14,
14:28:09,77147.13,77155.3,-1.1,0.14,
14:28:17,77147.14,77155.3,-1.1,0.14,
14:28:17,77147.14,77155.3,-1.1,0.14,
14:28:32,77147.14,77155.2,-1.0,0.14,
14:28:32,77147.14,77155.3,-1.1,0.26,
14:28:39,77156.9,77159.8,-0.4,0.14,
14:28:39,77156.9,77159.9,-0.4,0.14,
14:28:47,77156.9,77159.8,-0.4,0.13,
14:28:47,77156.9,77159.8,-0.4,0.13,
14:29:02,77162.18,77165.2,-0.4,0.17,
14:29:02,77162.18,77165.2,-0.4,0.24,
14:29:09,77162.18,77165.3,-0.4,0.14,
14:29:09,77162.18,77165.3,-0.4,0.16,
14:29:17,77150.03,77156.4,-0.8,0.15,
14:29:17,77150.03,77156.4,-0.8,0.15,
14:29:32,77150.03,77148.7,0.2,0.14,
14:29:32,77150.03,77148.8,0.2,0.14,
14:29:39,77150.03,77148.8,0.2,0.15,
14:29:39,77150.03,77148.8,0.2,0.14,
14:29:47,77150.03,77148.8,0.2,0.13,
14:29:47,77150.03,77148.8,0.2,0.15,
14:30:02,77159.2,77155.2,0.5,0.13,
14:30:02,77159.21,77155.1,0.5,0.2,
14:30:09,77164.52,77165.1,-0.1,0.13,
14:30:09,77164.52,77165.2,-0.1,0.13,
14:30:17,77156.8,77164.6,-1.0,0.14,
14:30:17,77156.8,77164.5,-1.0,0.24,
14:30:32,77143.0,77144.9,-0.2,0.13,
14:30:32,77143.0,77146.6,-0.5,0.13,
14:30:39,77143.0,77146.6,-0.5,0.14,
14:30:39,77143.0,77146.6,-0.5,0.17,
14:30:47,77143.01,77146.5,-0.5,0.14,
14:30:47,77143.01,77146.5,-0.5,0.15,
14:31:02,77143.01,77146.6,-0.5,0.14,
14:31:02,77143.01,77146.5,-0.5,0.16,
14:31:09,77143.0,77146.6,-0.5,0.14,
14:31:09,77143.0,77146.6,-0.5,0.14,
14:31:17,77143.0,77146.5,-0.5,0.13,
14:31:17,77143.0,77146.6,-0.5,0.15,
14:31:32,77149.59,77152.2,-0.3,0.14,
14:31:32,77149.59,77152.3,-0.4,0.17,
14:31:39,77146.23,77144.5,0.2,0.15,
14:31:39,77146.23,77144.5,0.2,0.26,
14:31:47,77146.23,77150.1,-0.5,0.14,
14:31:47,77146.23,77150.1,-0.5,0.14,
14:32:02,77146.24,77152.1,-0.8,0.13,
14:32:02,77146.24,77152.1,-0.8,0.15,
14:32:09,77146.23,77152.1,-0.8,0.14,
14:32:09,77146.23,77152.1,-0.8,0.14,
14:32:17,77141.18,77152.1,-1.4,0.13,
14:32:17,77140.29,77140.3,-0.0,0.14,
14:32:32,77132.7,77132.9,-0.0,0.15,
14:32:32,77132.7,77132.9,-0.0,0.19,
14:32:39,77132.71,77132.8,-0.0,0.15,
14:32:39,77132.71,77132.9,-0.0,0.16,
14:32:47,77132.71,77135.0,-0.3,0.15,
14:32:47,77132.71,77135.0,-0.3,0.16,
14:33:02,77132.7,77135.0,-0.3,0.21,
14:33:02,77132.7,77134.9,-0.3,0.18,
14:33:09,77127.27,77135.0,-1.0,0.17,
14:33:09,77127.27,77135.0,-1.0,0.21,
14:33:17,77127.28,77135.0,-1.0,0.13,
14:33:17,77127.28,77134.9,-1.0,0.14,
14:33:32,77133.0,77138.4,-0.7,0.13,
14:33:32,77133.0,77138.5,-0.7,0.16,
14:33:39,77132.99,77138.4,-0.7,0.13,
14:33:39,77132.99,77138.4,-0.7,0.13,
14:33:47,77133.0,77138.4,-0.7,0.14,
14:33:47,77133.0,77138.4,-0.7,0.21,
14:34:02,77129.66,77132.1,-0.3,0.14,
14:34:02,77129.66,77132.1,-0.3,0.2,
14:34:09,77129.65,77132.1,-0.3,0.14,
14:34:09,77129.65,77132.1,-0.3,0.14,
14:34:17,77129.65,77135.9,-0.8,0.13,
14:34:18,77129.65,77135.9,-0.8,0.59,
14:35:05,77169.99,77170.0,-0.0,0.27,
14:35:05,77169.99,77170.0,-0.0,0.45,
14:35:09,77170.0,77174.4,-0.6,0.2,
14:35:09,77170.0,77174.3,-0.6,0.23,
14:35:17,77170.0,77174.4,-0.6,0.2,
14:35:17,77170.0,77174.4,-0.6,0.24,
14:35:32,77170.0,77170.2,-0.0,0.19,
14:35:33,77170.0,77170.2,-0.0,0.36,
14:35:39,77169.99,77170.1,-0.0,0.2,
14:35:39,77169.99,77170.2,-0.0,0.25,
14:35:47,77170.0,77170.1,-0.0,0.19,
14:35:47,77170.0,77170.1,-0.0,0.17,
14:36:02,77159.96,77159.4,0.1,0.14,
14:36:02,77159.96,77159.4,0.1,0.14,
14:36:09,77159.97,77159.7,0.0,0.15,
14:36:09,77159.97,77159.6,0.0,0.14,
14:36:17,77159.96,77159.6,0.0,0.14,
14:36:17,77159.96,77159.6,0.0,0.17,
14:36:32,77159.96,77159.6,0.0,0.13,
14:36:32,77159.96,77159.6,0.0,0.15,
14:36:39,77159.96,77162.7,-0.4,0.14,
14:36:39,77159.96,77162.7,-0.4,0.17,
14:36:47,77152.53,77159.6,-0.9,0.19,
14:36:47,77152.53,77159.7,-0.9,0.19,
14:37:02,77145.26,77152.4,-0.9,0.14,
14:37:09,77145.26,77144.7,0.1,0.15,
14:37:09,77145.26,77144.8,0.1,0.15,
14:37:17,77136.74,77138.2,-0.2,0.14,
14:37:32,77134.65,77134.0,0.1,0.14,
14:37:32,77134.65,77133.9,0.1,0.15,
14:38:12,77117.1,77119.4,-0.3,0.19,
14:38:12,77117.1,77119.4,-0.3,0.19,
14:38:12,77117.1,77119.5,-0.3,0.14,
14:38:12,77117.1,77119.4,-0.3,0.16,
14:38:27,77117.1,77119.4,-0.3,0.14,
14:38:27,77117.1,77119.4,-0.3,0.14,
14:38:39,77110.05,77119.2,-1.2,0.15,
14:38:39,77110.05,77119.3,-1.2,0.17,
14:38:42,77110.04,77119.2,-1.2,0.14,
14:38:42,77110.04,77119.2,-1.2,0.14,
14:39:28,77046.01,77041.6,0.6,0.25,
14:39:28,77046.01,77041.7,0.6,0.38,
14:39:39,77046.01,77041.7,0.6,0.16,
14:39:39,77046.01,77041.7,0.6,0.16,
14:39:40,77046.0,77041.7,0.6,0.21,
14:39:40,77046.0,77041.7,0.6,0.21,
14:39:55,77053.21,77056.8,-0.5,0.24,
14:39:55,77053.21,77056.8,-0.5,0.31,
14:40:09,77053.22,77056.9,-0.5,0.18,
14:40:10,77051.31,77056.8,-0.7,0.16,
14:40:10,77051.31,77056.9,-0.7,0.16,
14:40:25,77046.01,77041.4,0.6,0.15,
14:40:25,77046.01,77041.4,0.6,0.15,
14:40:39,77046.01,77045.2,0.1,0.14,
14:40:40,77046.01,77045.1,0.1,0.14,
14:40:40,77046.01,77045.2,0.1,0.19,
14:40:55,77046.0,77045.2,0.1,0.15,
14:40:55,77046.0,77045.1,0.1,0.15,
14:41:09,77023.55,77031.7,-1.1,0.14,
14:41:09,77023.55,77031.7,-1.1,0.17,
14:41:10,77023.55,77021.0,0.3,0.17,
14:41:10,77023.55,77021.0,0.3,0.17,
14:41:25,77018.89,77018.3,0.1,0.13,
14:41:25,77018.89,77018.3,0.1,0.14,
14:41:39,77018.89,77018.3,0.1,0.15,
14:41:39,77018.89,77018.3,0.1,0.19,
14:41:40,77018.89,77018.3,0.1,0.14,
14:41:40,77018.89,77018.3,0.1,0.14,
14:41:55,77018.89,77018.3,0.1,0.14,
14:41:55,77018.89,77018.3,0.1,0.14,
14:42:09,76965.41,76972.6,-0.9,0.22,
14:42:09,76965.41,76971.0,-0.7,0.34,
14:42:10,76965.42,76970.8,-0.7,0.17,
14:42:10,76965.42,76970.8,-0.7,0.21,
14:42:25,76988.65,76989.5,-0.1,0.22,
14:42:25,76988.65,76999.3,-1.4,0.26,
14:42:39,77013.54,77019.9,-0.8,0.26,
14:42:39,77013.54,77020.0,-0.8,0.26,
14:42:40,77013.55,77019.9,-0.8,0.2,
14:42:40,77013.55,77019.9,-0.8,0.42,
14:42:55,77022.47,77023.6,-0.1,0.21,
14:42:55,77022.47,77023.6,-0.1,0.4,
14:43:09,77020.25,77023.6,-0.4,0.14,
14:43:09,77020.25,77023.6,-0.4,0.39,
14:43:10,76998.54,76995.9,0.3,0.14,
14:43:10,76998.54,77023.5,-3.2,0.14,
14:43:25,76980.64,76984.1,-0.4,0.13,
14:43:25,76980.64,76984.0,-0.4,0.21,
14:43:39,76976.79,76980.5,-0.5,0.15,
14:43:39,76976.79,76980.6,-0.5,0.18,
14:43:40,76976.8,76980.6,-0.5,0.15,
14:43:40,76976.8,76980.6,-0.5,0.17,
14:43:55,76976.79,76980.5,-0.5,0.13,
14:43:55,76976.79,76980.5,-0.5,0.13,
14:44:09,76976.8,76980.4,-0.5,0.15,
14:44:09,76976.8,76980.4,-0.5,0.15,
14:44:10,76976.79,76980.4,-0.5,0.14,
14:44:10,76976.79,76980.5,-0.5,0.14,
14:44:25,76986.27,76982.8,0.5,0.15,
14:44:25,76986.27,76982.7,0.5,0.14,
14:44:39,77014.99,77020.0,-0.7,0.16,
14:44:39,77014.99,77020.0,-0.7,0.26,
14:44:40,77045.6,77020.0,3.3,0.13,
14:44:40,77045.6,77034.4,1.5,0.13,
14:44:55,77066.0,77064.6,0.2,0.15,
14:44:55,77066.0,77064.6,0.2,0.14,
14:45:09,77066.01,77071.9,-0.8,0.26,
14:45:09,77066.01,77072.0,-0.8,0.23,
14:45:10,77066.01,77072.0,-0.8,0.2,
14:45:10,77066.01,77072.0,-0.8,0.16,
14:45:25,77073.71,77076.9,-0.4,0.21,
14:45:25,77073.71,77077.0,-0.4,0.27,
14:45:39,77073.71,77070.7,0.4,0.33,
14:45:39,77073.71,77070.7,0.4,0.34,
14:45:40,77073.72,77070.8,0.4,0.15,
14:45:40,77073.72,77070.8,0.4,0.22,
14:46:28,77034.02,77026.1,1.0,0.27,
14:46:28,77034.02,77026.1,1.0,0.33,
14:46:39,77031.7,77026.1,0.7,0.19,
14:46:39,77031.7,77026.1,0.7,0.42,
14:46:40,77024.68,77026.1,-0.2,0.23,
14:46:40,77024.67,77026.1,-0.2,0.38,
14:46:55,77017.44,77022.4,-0.6,0.17,
14:46:55,77017.44,77022.4,-0.6,0.29,
14:47:09,77017.43,77019.2,-0.2,0.14,
14:47:09,77017.43,77019.2,-0.2,0.16,
14:47:10,77017.43,77019.3,-0.2,0.14,
14:47:10,77017.43,77019.3,-0.2,0.14,
14:47:25,77006.26,77009.9,-0.5,0.13,
14:47:25,77006.26,77010.0,-0.5,0.16,
14:47:39,76996.3,77001.7,-0.7,0.15,
14:47:39,76996.3,77001.6,-0.7,0.15,
14:47:40,77002.86,77009.9,-0.9,0.15,
14:47:40,77002.86,77009.9,-0.9,0.15,
14:47:55,77006.25,77009.9,-0.5,0.14,
14:47:55,77006.25,77009.9,-0.5,0.14,
14:48:09,77006.25,77009.8,-0.5,0.14,
14:48:09,77006.25,77009.8,-0.5,0.15,
14:48:10,77006.26,77009.8,-0.5,0.14,
14:48:10,77006.26,77009.8,-0.5,0.16,
14:48:25,76997.55,77000.1,-0.3,0.15,
14:48:25,76997.55,77000.1,-0.3,0.14,
14:48:39,76994.73,76991.0,0.5,0.15,
14:48:39,76994.73,76991.0,0.5,0.17,
14:48:40,76988.04,76991.1,-0.4,0.14,
14:48:40,76988.04,76991.0,-0.4,0.15,
14:48:55,76994.74,76996.4,-0.2,0.16,
14:48:55,76994.74,76996.5,-0.2,0.16,
14:49:09,76993.87,76993.5,0.0,0.13,
14:49:09,76993.87,76993.4,0.1,0.14,
14:49:10,76993.87,76993.4,0.1,0.15,
14:49:10,76993.87,76993.5,0.0,0.15,
14:49:25,76988.01,76992.2,-0.5,0.13,
14:49:39,76990.0,76993.3,-0.4,0.12,
14:49:39,76990.0,76993.4,-0.4,0.13,
14:49:40,76990.0,76993.4,-0.4,0.14,
14:49:40,76990.0,76993.4,-0.4,0.24,
14:49:55,76982.03,76990.0,-1.0,0.16,
14:49:55,76982.03,76990.0,-1.0,0.17,
14:50:09,76985.56,76989.9,-0.6,0.44,
14:50:09,76985.56,76989.8,-0.6,0.48,
14:50:10,76987.1,76989.8,-0.4,0.45,
14:50:11,76987.1,76989.8,-0.4,0.45,
14:50:25,76956.13,76976.1,-2.6,0.21,
14:50:25,76956.13,76976.1,-2.6,0.25,
14:50:39,76897.6,76891.1,0.8,0.29,
14:50:39,76897.61,76891.1,0.8,0.38,
14:50:40,76904.14,76901.2,0.4,0.18,
14:50:40,76904.14,76908.3,-0.5,0.18,
14:50:55,76908.55,76916.3,-1.0,0.26,
14:50:55,76908.55,76916.4,-1.0,0.34,
14:51:09,76914.52,76915.1,-0.1,0.36,
14:51:10,76914.52,76909.9,0.6,0.45,
14:51:10,76914.51,76909.8,0.6,0.25,
14:51:10,76914.51,76909.8,0.6,0.35,
14:51:25,76918.76,76918.1,0.1,0.29,
14:51:25,76918.76,76918.1,0.1,0.39,
14:51:39,76896.91,76898.4,-0.2,0.2,
14:51:39,76896.91,76898.4,-0.2,0.31,
14:51:40,76909.11,76898.5,1.4,0.34,
14:51:40,76909.11,76898.4,1.4,0.35,
14:51:55,76919.55,76924.6,-0.7,0.36,
14:51:56,76919.55,76924.5,-0.6,0.54,
14:52:09,76936.8,76938.3,-0.2,0.13,
14:52:09,76936.8,76938.3,-0.2,0.13,
14:52:10,76936.8,76941.2,-0.6,0.13,
14:52:10,76936.8,76941.1,-0.6,0.16,
14:52:25,76936.7,76926.4,1.3,0.16,
14:52:25,76936.7,76926.4,1.3,0.17,
14:52:39,76936.7,76939.9,-0.4,0.14,
14:52:40,76948.72,76945.0,0.5,0.14,
14:52:40,76948.72,76947.9,0.1,0.14,
14:52:55,76955.64,76960.0,-0.6,0.17,
14:52:55,76955.64,76960.0,-0.6,0.19,
14:53:09,76990.6,76990.6,0.0,0.14,
14:53:09,76990.6,76988.0,0.3,0.21,
14:53:10,76990.6,76990.5,0.0,0.15,
14:53:10,76990.6,76990.5,0.0,0.17,
14:53:25,76967.46,76964.8,0.3,0.15,
14:53:25,76967.46,76964.7,0.4,0.18,
14:53:39,76987.65,76986.3,0.2,0.13,
14:53:39,76987.65,76986.3,0.2,0.14,
14:53:40,76987.65,76986.4,0.2,0.15,
14:53:40,76987.65,76986.4,0.2,0.15,
14:53:55,76988.0,76981.5,0.8,0.14,
14:53:55,76988.0,76981.6,0.8,0.14,
14:54:09,76987.64,76990.0,-0.3,0.15,
14:54:09,76987.64,76990.0,-0.3,0.15,
14:54:10,76987.64,76982.8,0.6,0.23,
14:54:10,76987.64,76982.8,0.6,0.26,
14:54:25,76975.92,76979.6,-0.5,0.24,
14:54:25,76975.92,76979.6,-0.5,0.23,
14:54:39,76987.64,76990.0,-0.3,0.21,
14:54:39,76987.64,76990.0,-0.3,0.24,
14:54:40,76987.65,76990.1,-0.3,0.2,
14:54:40,76987.65,76990.1,-0.3,0.24,
14:54:55,76996.28,76990.0,0.8,0.17,
14:54:55,76996.28,76990.1,0.8,0.21,
14:55:09,77008.37,77008.5,-0.0,0.22,
14:55:09,77008.37,77008.5,-0.0,0.29,
14:55:11,77020.71,77016.2,0.6,0.47,
14:55:25,77034.31,77033.8,0.1,0.23,
14:55:25,77034.31,77033.8,0.1,0.25,
14:55:39,77043.71,77040.8,0.4,0.21,
14:55:39,77043.71,77040.9,0.4,0.39,
14:55:40,77058.0,77041.2,2.2,0.32,
14:55:40,77058.0,77043.1,1.9,0.4,
14:55:55,77053.54,77045.9,1.0,0.28,
14:55:55,77053.54,77045.8,1.0,0.34,
14:56:30,77094.0,77092.3,0.2,0.18,
14:56:30,77094.0,77092.3,0.2,0.18,
14:56:30,77094.0,77092.3,0.2,0.18,
14:56:30,77094.0,77092.3,0.2,0.18,
14:56:31,77093.99,77092.3,0.2,0.17,
14:56:31,77093.99,77092.3,0.2,0.24,
14:56:39,77087.59,77090.4,-0.4,0.15,
14:56:39,77087.59,77083.8,0.5,0.15,
14:56:46,77104.91,77106.4,-0.2,0.22,
14:56:46,77104.91,77106.4,-0.2,0.32,
14:57:01,77112.54,77113.5,-0.1,0.14,
14:57:01,77112.54,77112.5,0.0,0.2,
14:57:09,77112.54,77108.9,0.5,0.14,
14:57:09,77112.54,77108.9,0.5,0.14,
14:57:16,77100.48,77093.8,0.9,0.15,
14:57:16,77100.48,77093.7,0.9,0.14,
14:57:31,77100.49,77098.1,0.3,0.2,
14:57:31,77100.49,77098.1,0.3,0.19,
14:57:39,77100.49,77101.4,-0.1,0.15,
14:57:39,77100.49,77101.4,-0.1,0.15,
14:57:46,77100.49,77101.5,-0.1,0.16,
14:58:01,77100.49,77101.4,-0.1,0.13,
14:58:01,77100.49,77101.4,-0.1,0.13,
14:58:09,77076.26,77075.0,0.2,0.14,
14:58:09,77076.26,77075.1,0.2,0.13,
14:58:16,77076.25,77075.1,0.1,0.14,
14:58:16,77076.25,77075.0,0.2,0.14,
14:58:31,77076.25,77075.1,0.1,0.14,
14:58:31,77076.25,77075.1,0.1,0.14,
14:58:39,77076.25,77075.1,0.1,0.25,
14:58:46,77055.56,77054.6,0.1,0.14,
14:58:46,77055.56,77054.7,0.1,0.27,
14:59:01,77055.56,77054.6,0.1,0.14,
14:59:01,77055.56,77054.6,0.1,0.15,
14:59:09,77050.0,77043.8,0.8,0.14,
14:59:09,77050.0,77043.7,0.8,0.14,
14:59:16,77050.0,77043.7,0.8,0.14,
14:59:16,77050.0,77043.8,0.8,0.13,
14:59:31,77044.0,77043.8,0.0,0.14,
14:59:31,77044.0,77043.8,0.0,0.14,
14:59:39,77050.33,77046.3,0.5,0.14,
14:59:39,77050.33,77046.3,0.5,0.17,
14:59:46,77050.33,77046.4,0.5,0.17,
14:59:46,77050.33,77046.4,0.5,0.15,
15:00:01,76993.48,76994.1,-0.1,0.17,
15:00:01,76993.49,76986.1,1.0,0.17,
15:00:09,77002.97,76998.1,0.6,0.16,
15:00:09,77002.97,76998.1,0.6,0.16,
15:00:16,77020.54,77018.3,0.3,0.14,
15:00:16,77020.54,77018.3,0.3,0.14,
15:00:31,77021.48,77018.2,0.4,0.2,
15:00:31,77021.48,77018.3,0.4,0.22,
15:00:39,77021.49,77018.2,0.4,0.2,
15:00:39,77021.49,77018.2,0.4,0.23,
15:00:46,77021.49,77018.3,0.4,0.31,
15:00:46,77021.49,77018.3,0.4,0.31,
15:01:01,77029.18,77022.3,0.9,0.16,
15:01:01,77029.18,77022.2,0.9,0.26,
15:01:09,77017.01,77013.7,0.4,0.18,
15:01:09,77017.01,77013.6,0.4,0.38,
15:01:16,77013.02,77007.0,0.8,0.26,
15:01:16,77013.02,77007.0,0.8,0.31,
15:01:31,76998.39,76984.7,1.8,0.14,
15:01:31,76998.39,76984.8,1.8,0.14,
15:01:39,76988.0,76984.8,0.4,0.15,
15:01:39,76988.0,76984.8,0.4,0.19,
15:01:46,76988.01,76984.8,0.4,0.14,
15:01:46,76988.01,76984.7,0.4,0.14,
15:02:01,77002.37,77006.7,-0.6,0.14,
15:02:01,77002.37,77006.7,-0.6,0.14,
15:02:09,77006.14,77010.3,-0.5,0.14,
15:02:09,77006.14,77010.3,-0.5,0.14,
15:02:16,77010.61,77010.7,-0.0,0.15,
15:02:16,77010.61,77010.7,-0.0,0.13,
15:02:31,77006.14,77010.7,-0.6,0.2,
15:02:31,77006.14,77007.3,-0.2,0.23,
15:02:39,77009.8,77006.0,0.5,0.14,
15:02:39,77009.8,77006.0,0.5,0.18,
15:02:46,77004.27,77003.6,0.1,0.14,
15:02:46,77004.27,77003.5,0.1,0.16,
15:03:01,77004.27,77003.6,0.1,0.18,
15:03:01,77004.27,77003.6,0.1,0.17,
15:03:09,77004.27,77003.5,0.1,0.15,
15:03:09,77004.27,77003.5,0.1,0.19,
15:03:16,77004.27,77003.6,0.1,0.16,
15:03:16,77004.27,77003.6,0.1,0.2,
15:03:31,76984.08,76972.5,1.5,0.14,
15:03:31,76984.08,76972.5,1.5,0.19,
15:03:39,76984.09,76972.6,1.5,0.14,
15:03:39,76984.09,76972.6,1.5,0.14,
15:03:46,76970.47,76958.0,1.6,0.13,
15:03:46,76970.47,76957.9,1.6,0.14,
15:04:01,76971.38,76972.0,-0.1,0.14,
15:04:01,76971.38,76972.0,-0.1,0.14,
15:04:09,76971.38,76972.0,-0.1,0.15,
15:04:09,76971.38,76972.0,-0.1,0.15,
15:04:16,76971.38,76972.1,-0.1,0.14,
15:04:16,76971.38,76972.1,-0.1,0.18,
15:04:31,76987.04,76989.8,-0.4,0.14,
15:04:31,76987.04,76989.8,-0.4,0.13,
15:04:39,76982.61,76975.2,1.0,0.16,
15:04:39,76982.61,76975.3,0.9,0.2,
15:04:46,76982.62,76983.2,-0.1,0.13,
15:04:46,76982.62,76983.2,-0.1,0.15,
15:05:01,76982.62,76987.0,-0.6,0.15,
15:05:01,76982.62,76987.0,-0.6,0.14,
15:05:09,76982.61,76987.0,-0.6,0.15,
15:05:09,76982.61,76987.0,-0.6,0.16,
15:05:16,76989.2,76987.1,0.3,0.14,
15:05:16,76989.19,76987.1,0.3,0.24,
15:05:31,76989.19,76987.0,0.3,0.15,
15:05:31,76989.19,76987.0,0.3,0.18,
15:05:39,76993.99,76992.2,0.2,0.14,
15:05:39,76993.99,76992.3,0.2,0.14,
15:05:46,76993.99,76992.3,0.2,0.13,
15:05:46,76993.99,76992.3,0.2,0.13,
15:06:01,76999.99,77004.1,-0.5,0.16,
15:06:01,76999.99,77004.1,-0.5,0.24,
15:06:09,76999.99,76993.8,0.8,0.15,
15:06:09,76999.99,76993.8,0.8,0.15,
15:06:16,76999.99,76993.8,0.8,0.14,
15:06:16,76999.99,76993.8,0.8,0.14,
15:06:31,76988.01,76984.2,0.5,0.17,
15:06:31,76988.01,76984.2,0.5,0.15,
15:06:39,76994.08,76992.2,0.2,0.2,
15:06:39,76994.08,76992.2,0.2,0.21,
15:06:46,76994.09,76992.3,0.2,0.15,
15:06:46,76994.09,76992.2,0.2,0.25,
15:07:01,76999.99,77004.1,-0.5,0.14,
15:07:01,76999.99,77004.0,-0.5,0.14,
15:07:09,76999.99,77004.1,-0.5,0.33,
15:07:09,76999.99,77004.1,-0.5,0.33,
15:07:16,77004.26,77004.0,0.0,0.14,
15:07:16,77004.26,77004.1,0.0,0.21,
15:07:31,77029.0,77024.9,0.5,0.14,
15:07:31,77029.0,77024.9,0.5,0.2,
15:07:39,77028.99,77024.9,0.5,0.14,
15:07:39,77028.99,77024.9,0.5,0.14,
15:07:46,77028.99,77028.7,0.0,0.14,
15:07:46,77029.0,77028.8,0.0,0.14,
15:08:01,77034.17,77034.3,-0.0,0.14,
15:08:01,77034.17,77034.3,-0.0,0.17,
15:08:09,77034.16,77034.3,-0.0,0.13,
15:08:09,77034.16,77034.3,-0.0,0.21,
15:08:16,77034.16,77034.4,-0.0,0.14,
15:08:16,77034.16,77034.3,-0.0,0.18,
15:08:31,77034.17,77034.3,-0.0,0.24,
15:08:31,77034.17,77034.3,-0.0,0.18,
15:08:39,77034.16,77034.4,-0.0,0.13,
15:08:39,77034.16,77034.4,-0.0,0.13,
15:08:46,77034.17,77034.4,-0.0,0.15,
15:08:46,77034.17,77034.3,-0.0,0.15,
15:09:01,77015.0,77018.7,-0.5,0.15,
15:09:01,77015.0,77018.7,-0.5,0.14,
15:09:09,77015.0,77018.8,-0.5,0.15,
15:09:09,77015.0,77018.7,-0.5,0.25,
15:09:16,77043.4,77030.6,1.7,0.19,
15:09:16,77043.4,77030.6,1.7,0.17,
15:09:31,77069.31,77072.5,-0.4,0.18,
15:09:31,77069.31,77072.5,-0.4,0.15,
15:09:39,77069.31,77072.5,-0.4,0.18,
15:09:39,77069.31,77072.5,-0.4,0.16,
15:09:46,77074.99,77082.2,-0.9,0.13,
15:09:46,77074.99,77082.2,-0.9,0.13,
15:10:01,77094.0,77095.0,-0.1,0.15,
15:10:01,77094.0,77095.0,-0.1,0.14,
15:10:09,77079.71,77074.8,0.6,0.18,
15:10:09,77079.71,77074.8,0.6,0.35,
15:10:16,77079.07,77074.9,0.5,0.21,
15:10:16,77079.07,77074.9,0.5,0.29,
15:10:31,77070.53,77067.9,0.3,0.17,
15:10:31,77070.53,77067.9,0.3,0.18,
15:10:39,77070.52,77068.0,0.3,0.14,
15:10:39,77070.52,77067.9,0.3,0.24,
15:10:46,77070.52,77068.0,0.3,0.14,
15:10:46,77070.52,77068.0,0.3,0.14,
15:11:01,77070.52,77069.0,0.2,0.27,
15:11:01,77070.52,77069.0,0.2,0.25,
15:11:09,77070.52,77069.1,0.2,0.13,
15:11:09,77070.52,77069.1,0.2,0.14,
15:11:16,77068.85,77058.5,1.3,0.14,
15:11:16,77068.85,77058.5,1.3,0.18,
15:11:31,77068.85,77061.4,1.0,0.15,
15:11:31,77068.85,77061.5,1.0,0.15,
15:11:39,77068.85,77069.0,-0.0,0.18,
15:11:39,77068.85,77069.0,-0.0,0.18,
15:11:46,77079.2,77074.5,0.6,0.15,
15:11:46,77079.2,77074.5,0.6,0.15,
15:12:01,77079.2,77074.8,0.6,0.15,
15:12:01,77079.2,77074.8,0.6,0.14,
15:12:09,77079.19,77077.4,0.2,0.17,
15:12:09,77079.19,77077.5,0.2,0.17,
15:12:16,77072.99,77070.4,0.3,0.2,
15:12:16,77072.99,77070.5,0.3,0.22,
15:12:31,77066.72,77062.2,0.6,0.16,
15:12:31,77066.72,77062.2,0.6,0.15,
15:12:39,77066.72,77065.1,0.2,0.14,
15:12:39,77066.72,77065.1,0.2,0.24,
15:12:46,77066.73,77065.1,0.2,0.13,
15:12:46,77066.73,77065.1,0.2,0.15,
15:13:01,77066.73,77061.8,0.6,0.21,
15:13:01,77066.73,77061.8,0.6,0.2,
15:13:09,77066.73,77061.8,0.6,0.16,
15:13:09,77066.73,77061.8,0.6,0.17,
15:13:16,77066.72,77061.8,0.6,0.15,
15:13:16,77066.72,77061.7,0.7,0.15,
15:13:31,77066.73,77058.4,1.1,0.18,
15:13:31,77066.73,77058.4,1.1,0.15,
15:13:39,77066.72,77058.4,1.1,0.23,
15:13:39,77066.72,77058.4,1.1,0.3,
15:13:46,77053.74,77052.5,0.2,0.15,
15:13:46,77053.74,77052.5,0.2,0.22,
15:14:01,77046.19,77045.2,0.1,0.15,
15:14:01,77046.19,77045.1,0.1,0.17,
15:14:09,77046.19,77040.7,0.7,0.15,
15:14:09,77046.19,77040.7,0.7,0.21,
15:14:16,77038.9,77032.5,0.8,0.14,
15:14:16,77038.9,77036.7,0.3,0.14,
15:14:31,77038.9,77044.0,-0.7,0.15,
15:14:31,77038.9,77044.0,-0.7,0.19,
15:14:39,77038.9,77044.0,-0.7,0.21,
15:14:39,77038.9,77043.9,-0.6,0.3,
15:14:46,77038.89,77044.0,-0.7,0.14,
15:14:46,77038.89,77043.9,-0.7,0.17,
15:15:01,77042.97,77043.9,-0.1,0.15,
15:15:01,77042.97,77043.9,-0.1,0.15,
15:15:35,77044.49,77037.3,0.9,0.19,
15:15:35,77044.49,77044.4,0.0,0.35,
15:15:36,77039.45,77037.2,0.3,0.18,
15:15:36,77039.45,77037.2,0.3,0.18,
15:15:36,77039.45,77031.4,1.0,0.23,
15:15:36,77039.45,77037.2,0.3,0.23,
15:15:39,77039.45,77031.4,1.0,0.13,
15:15:39,77039.45,77031.4,1.0,0.14,
15:15:51,77011.21,77006.6,0.6,0.14,
15:15:51,77011.21,77006.6,0.6,0.15,
15:16:06,77011.48,77013.3,-0.2,0.16,
15:16:06,77011.48,77013.3,-0.2,0.19,
15:16:09,77011.49,77013.9,-0.3,0.16,
15:16:09,77011.49,77013.9,-0.3,0.17,
15:16:21,77028.77,77027.1,0.2,0.15,
15:16:21,77028.77,77027.1,0.2,0.14,
15:16:36,77024.5,77021.0,0.5,0.15,
15:16:36,77024.5,77021.0,0.5,0.17,
15:16:39,77024.49,77021.1,0.4,0.15,
15:16:39,77024.49,77021.1,0.4,0.15,
15:16:51,77033.92,77028.6,0.7,0.14,
15:16:51,77033.92,77028.6,0.7,0.14,
15:17:06,77042.9,77041.6,0.2,0.17,
15:17:06,77042.9,77041.6,0.2,0.2,
15:17:09,77042.91,77041.8,0.1,0.18,
15:17:09,77042.91,77041.8,0.1,0.21,
15:17:21,77044.22,77048.6,-0.6,0.16,
15:17:21,77044.22,77048.5,-0.6,0.22,
15:17:36,77048.6,77052.1,-0.5,0.15,
15:17:36,77048.6,77052.1,-0.5,0.21,
15:17:39,77050.0,77055.0,-0.6,0.14,
15:17:39,77050.0,77055.0,-0.6,0.23,
15:17:51,77061.08,77065.2,-0.5,0.19,
15:17:51,77061.08,77065.2,-0.5,0.19,
15:18:06,77060.84,77059.2,0.2,0.16,
15:18:06,77060.84,77059.3,0.2,0.19,
15:18:09,77060.84,77059.3,0.2,0.15,
15:18:09,77060.84,77059.3,0.2,0.17,
15:18:21,77060.84,77059.3,0.2,0.17,
15:18:21,77060.84,77059.3,0.2,0.19,
15:18:36,77062.53,77065.2,-0.3,0.15,
15:18:36,77062.53,77065.2,-0.3,0.18,
15:18:39,77062.53,77065.2,-0.3,0.14,
15:18:39,77062.52,77065.2,-0.3,0.14,
15:18:51,77066.72,77066.9,-0.0,0.19,
15:18:51,77066.72,77066.9,-0.0,0.22,
15:19:06,77066.73,77066.8,-0.0,0.15,
15:19:06,77066.73,77066.8,-0.0,0.14,
15:19:09,77066.73,77066.9,-0.0,0.14,
15:19:09,77066.73,77066.9,-0.0,0.14,
15:19:21,77071.81,77072.6,-0.1,0.17,
15:19:21,77071.81,77072.6,-0.1,0.18,
15:19:36,77077.77,77083.4,-0.7,0.14,
15:19:36,77077.77,77083.4,-0.7,0.13,
15:19:39,77077.76,77083.5,-0.7,0.17,
15:19:39,77077.76,77083.5,-0.7,0.26,
15:19:51,77062.12,77062.6,-0.1,0.13,
15:19:51,77062.12,77062.6,-0.1,0.13,
15:20:06,77056.05,77062.3,-0.8,0.16,
15:20:06,77056.05,77062.3,-0.8,0.16,
15:20:09,77055.26,77051.4,0.5,0.14,
15:20:09,77055.26,77051.4,0.5,0.14,
15:20:21,77069.83,77077.8,-1.0,0.15,
15:20:21,77069.83,77077.8,-1.0,0.15,
15:20:36,77084.31,77088.8,-0.6,0.13,
15:20:39,77084.32,77088.8,-0.6,0.11,
15:20:39,77084.32,77088.8,-0.6,0.15,
15:20:51,77094.0,77104.4,-1.3,0.14,
15:21:06,77100.22,77105.8,-0.7,0.27,
15:21:07,77100.22,77105.8,-0.7,0.27,
15:21:09,77100.22,77105.9,-0.7,0.14,
15:21:09,77100.22,77105.9,-0.7,0.14,
15:21:21,77102.7,77106.8,-0.5,0.14,
15:21:21,77102.7,77106.8,-0.5,0.16,
15:21:36,77096.86,77093.9,0.4,0.16,
15:21:39,77096.87,77094.0,0.4,0.14,
15:21:39,77096.87,77094.0,0.4,0.14,
15:21:51,77096.86,77097.0,-0.0,0.15,
15:21:51,77096.86,77096.9,-0.0,0.18,
15:22:06,77096.86,77097.6,-0.1,0.18,
15:22:06,77096.86,77097.6,-0.1,0.23,
15:22:09,77096.87,77097.6,-0.1,0.14,
15:22:09,77096.87,77097.6,-0.1,0.14,
15:22:21,77096.86,77097.6,-0.1,0.15,
15:22:21,77096.86,77097.7,-0.1,0.18,
15:22:36,77072.1,77066.6,0.7,0.14,
15:22:36,77072.1,77066.6,0.7,0.14,
15:22:39,77072.09,77066.7,0.7,0.17,
15:22:39,77072.09,77066.7,0.7,0.16,
15:22:51,77050.48,77048.6,0.2,0.13,
15:22:51,77050.48,77043.8,0.9,0.17,
15:23:06,77026.58,77026.9,-0.0,0.14,
15:23:06,77026.58,77027.0,-0.1,0.17,
15:23:09,77026.57,77026.9,-0.0,0.19,
15:23:09,77026.57,77026.9,-0.0,0.23,
15:23:21,77051.29,77055.4,-0.5,0.14,
15:23:21,77051.29,77055.4,-0.5,0.17,
15:23:36,77054.91,77052.9,0.3,0.15,
15:23:36,77054.91,77052.9,0.3,0.18,
15:23:39,77054.91,77052.9,0.3,0.15,
15:23:39,77054.91,77052.9,0.3,0.18,
15:23:51,77062.73,77070.6,-1.0,0.14,
15:23:51,77062.73,77070.7,-1.0,0.14,
15:24:06,77062.73,77062.7,0.0,0.14,
15:24:06,77062.73,77062.7,0.0,0.19,
15:24:09,77062.73,77062.7,0.0,0.24,
15:24:09,77062.73,77062.7,0.0,0.24,
15:24:44,77061.64,77067.1,-0.7,0.15,
15:24:44,77061.64,77067.1,-0.7,0.18,
15:24:44,77061.64,77067.1,-0.7,0.2,
15:24:44,77061.64,77067.1,-0.7,0.21,
15:24:44,77061.63,77067.1,-0.7,0.14,
15:24:44,77061.63,77067.1,-0.7,0.13,
15:24:59,77051.29,77055.5,-0.5,0.16,
15:24:59,77051.29,77040.4,1.4,0.17,
15:25:09,77036.1,77034.3,0.2,0.16,
15:25:09,77036.1,77034.3,0.2,0.19,
15:25:14,77036.1,77034.3,0.2,0.16,
15:25:14,77036.1,77034.2,0.2,0.19,
15:25:29,77013.04,77010.1,0.4,0.15,
15:25:29,77013.04,77010.1,0.4,0.15,
15:25:39,77003.27,77000.5,0.4,0.13,
15:25:44,77016.46,77012.2,0.6,0.15,
15:25:44,77016.46,77012.2,0.6,0.16,
15:25:59,77016.46,77012.1,0.6,0.15,
15:25:59,77016.46,77012.0,0.6,0.2,
15:26:09,77016.45,77012.1,0.6,0.21,
15:26:09,77016.45,77012.1,0.6,0.24,
15:26:14,77016.46,77012.0,0.6,0.15,
15:26:29,77016.46,77012.1,0.6,0.19,
15:26:29,77016.46,77012.0,0.6,0.2,
15:26:39,77016.46,77012.0,0.6,0.14,
15:26:39,77016.46,77012.0,0.6,0.16,
15:26:44,77016.45,77012.1,0.6,0.18,
15:26:45,77016.45,77012.1,0.6,0.28,
15:26:59,77006.9,77010.5,-0.5,0.14,
15:26:59,77004.8,77010.5,-0.7,0.14,
15:27:09,76994.12,76990.2,0.5,0.14,
15:27:09,76994.12,76990.1,0.5,0.14,
15:27:14,76994.13,76990.2,0.5,0.14,
15:27:14,76994.13,76990.2,0.5,0.14,
15:27:29,77003.26,76998.4,0.6,0.15,
15:27:29,77003.26,76998.4,0.6,0.14,
15:27:39,77001.42,76996.2,0.7,0.18,
15:27:39,77001.42,76996.2,0.7,0.18,
15:27:44,77001.43,76996.2,0.7,0.13,
15:27:44,77001.43,76996.2,0.7,0.13,
15:27:59,77001.43,76996.1,0.7,0.13,
15:27:59,77001.42,76996.1,0.7,0.14,
15:28:09,77004.12,77003.7,0.1,0.14,
15:28:09,77004.12,77003.7,0.1,0.17,
15:28:14,77013.42,77007.5,0.8,0.13,
15:28:14,77013.42,77007.5,0.8,0.14,
15:28:29,77013.41,77011.9,0.2,0.13,
15:28:29,77013.41,77011.9,0.2,0.13,
15:28:39,77013.82,77015.0,-0.2,0.15,
15:28:39,77013.82,77014.9,-0.1,0.18,
15:28:44,77013.81,77015.0,-0.2,0.14,
15:28:44,77013.81,77015.0,-0.2,0.16,
15:28:59,77007.55,77003.5,0.5,0.19,
15:28:59,77007.55,77003.5,0.5,0.17,
15:29:09,77007.55,77003.4,0.5,0.12,
15:29:09,77007.55,77003.4,0.5,0.14,
15:29:14,77007.54,77003.4,0.5,0.17,
15:29:14,77007.54,77003.5,0.5,0.18,
15:29:29,77007.54,77003.5,0.5,0.16,
15:29:29,77007.54,77003.5,0.5,0.14,
15:29:39,77004.14,77003.6,0.1,0.13,
15:29:39,77004.14,77003.5,0.1,0.14,
15:29:44,77004.14,77002.7,0.2,0.13,
15:29:44,77004.14,77002.7,0.2,0.18,
15:29:59,77004.13,77002.6,0.2,0.14,
15:29:59,77004.13,77002.6,0.2,0.15,
15:30:09,77004.14,77002.6,0.2,0.15,
15:30:09,77004.14,77002.6,0.2,0.14,
15:30:14,77004.14,77002.7,0.2,0.13,
15:30:14,77004.14,77005.3,-0.2,0.13,
15:30:29,77004.14,77005.8,-0.2,0.13,
15:30:29,77004.14,77005.8,-0.2,0.13,
15:30:39,77004.14,77003.2,0.1,0.14,
15:30:39,77004.14,77003.2,0.1,0.14,
15:30:44,77005.67,77011.9,-0.8,0.14,
15:30:44,77005.67,77011.9,-0.8,0.14,
15:30:59,77005.68,77008.2,-0.3,0.13,
15:30:59,77005.68,77008.3,-0.3,0.17,
15:31:09,77003.96,77008.3,-0.6,0.14,
15:31:09,77003.96,77008.3,-0.6,0.17,
15:31:14,77003.47,76990.6,1.7,0.14,
15:31:14,77003.47,76990.6,1.7,0.14,
15:31:29,76974.23,76966.8,1.0,0.2,
15:31:29,76974.23,76966.8,1.0,0.23,
15:31:39,76971.42,76966.9,0.6,0.17,
15:31:39,76971.42,76966.8,0.6,0.18,
15:31:44,76963.74,76966.8,-0.4,0.2,
15:31:44,76963.74,76966.8,-0.4,0.31,
15:31:59,76975.0,76979.0,-0.5,0.14,
15:31:59,76975.0,76979.0,-0.5,0.18,
15:32:09,76983.32,76982.4,0.1,0.14,
15:32:09,76983.32,76982.4,0.1,0.15,
15:32:14,76987.94,76991.5,-0.5,0.14,
15:32:14,76987.94,76991.5,-0.5,0.14,
15:32:29,77011.72,77012.3,-0.1,0.14,
15:32:29,77011.72,77012.3,-0.1,0.14,
15:32:39,77013.24,77007.9,0.7,0.14,
15:32:39,77013.24,77008.0,0.7,0.15,
15:32:44,77013.25,77008.0,0.7,0.13,
15:32:44,77013.25,77008.0,0.7,0.23,
15:32:59,77013.24,77011.8,0.2,0.15,
15:32:59,77013.24,77011.8,0.2,0.14,
15:33:09,77021.48,77022.7,-0.2,0.15,
15:33:09,77021.48,77022.7,-0.2,0.22,
15:33:14,77020.3,77017.2,0.4,0.24,
15:33:14,77020.3,77017.3,0.4,0.19,
15:33:29,77014.09,77011.2,0.4,0.13,
15:33:29,77014.09,77011.2,0.4,0.14,
15:33:39,77014.08,77014.2,-0.0,0.14,
15:33:39,77014.08,77014.2,-0.0,0.14,
15:33:44,77013.24,77014.3,-0.1,0.15,
15:33:44,77013.24,77014.3,-0.1,0.15,
15:33:59,77013.15,77013.8,-0.1,0.14,
15:33:59,77013.15,77013.9,-0.1,0.18,
15:34:09,77013.14,77013.6,-0.1,0.14,
15:34:09,77013.14,77013.7,-0.1,0.24,
15:34:14,77013.14,77013.6,-0.1,0.13,
15:34:14,77013.14,77013.6,-0.1,0.13,
15:34:29,77010.31,77011.3,-0.1,0.15,
15:34:29,77010.31,77011.3,-0.1,0.15,
15:34:39,77008.47,77011.3,-0.4,0.15,
15:34:39,77008.47,77011.3,-0.4,0.17,
15:34:44,77008.47,77011.3,-0.4,0.14,
15:34:44,77008.47,77011.2,-0.4,0.14,
15:34:59,77008.46,77011.3,-0.4,0.14,
15:34:59,77008.46,77011.2,-0.4,0.14,
15:35:09,77008.47,77011.3,-0.4,0.17,
15:35:09,77008.47,77011.3,-0.4,0.17,
15:35:14,77008.46,77011.3,-0.4,0.14,
15:35:14,77008.46,77011.2,-0.4,0.13,
15:35:29,77008.46,77011.2,-0.4,0.13,
15:35:29,77008.46,77011.3,-0.4,0.13,
15:35:39,77008.46,77011.3,-0.4,0.13,
15:35:39,77008.46,77011.3,-0.4,0.13,
15:35:44,77031.06,77033.6,-0.3,0.15,
15:35:44,77031.06,77033.7,-0.3,0.14,
15:35:59,77009.95,77011.9,-0.3,0.13,
15:35:59,77009.95,77011.9,-0.3,0.14,
15:36:09,77004.33,77009.1,-0.6,0.13,
15:36:09,77004.33,77009.1,-0.6,0.14,
15:36:14,77004.34,77009.1,-0.6,0.15,
15:36:14,77004.34,77009.1,-0.6,0.14,
15:36:29,77026.84,77031.1,-0.6,0.15,
15:36:29,77026.84,77031.0,-0.5,0.16,
15:36:39,77024.23,77022.7,0.2,0.15,
15:36:39,77024.23,77022.7,0.2,0.15,
15:36:44,77023.01,77022.6,0.1,0.15,
15:36:44,77023.0,77022.7,0.0,0.18,
15:36:59,77021.36,77022.7,-0.2,0.14,
15:36:59,77021.36,77022.6,-0.2,0.14,
15:37:09,77019.52,77017.1,0.3,0.14,
15:37:09,77019.52,77017.1,0.3,0.18,
15:37:14,77016.61,77017.0,-0.1,0.15,
15:37:14,77016.61,77017.0,-0.1,0.19,
15:37:29,77011.04,77013.9,-0.4,0.14,
15:37:29,77011.04,77013.9,-0.4,0.15,
15:37:39,77010.92,77014.0,-0.4,0.13,
15:37:39,77010.92,77014.0,-0.4,0.14,
15:37:44,77009.15,77014.0,-0.6,0.15,
15:37:44,77009.15,77014.0,-0.6,0.14,
15:37:59,77005.35,77009.2,-0.5,0.14,
15:37:59,77005.35,77009.2,-0.5,0.14,
15:38:09,77005.3,77009.3,-0.5,0.15,
15:38:09,77005.3,77009.2,-0.5,0.21,
15:38:14,77003.04,77009.3,-0.8,0.14,
15:38:14,77003.04,77009.2,-0.8,0.14,
15:38:55,77010.59,77016.9,-0.8,0.17,
15:38:55,77010.59,77016.9,-0.8,0.17,
15:38:56,77010.59,77016.9,-0.8,0.13,
15:38:56,77010.6,77016.9,-0.8,0.18,
15:38:58,77010.6,77016.9,-0.8,0.18,
15:38:58,77010.6,77016.8,-0.8,0.18,
15:39:09,77010.6,77016.8,-0.8,0.13,
15:39:09,77010.6,77016.8,-0.8,0.12,
15:39:11,77010.6,77016.8,-0.8,0.13,
15:39:11,77010.6,77016.8,-0.8,0.13,
15:39:26,77010.59,77015.8,-0.7,0.13,
15:39:26,77010.59,77015.8,-0.7,0.2,
15:39:39,77010.6,77015.8,-0.7,0.13,
15:39:39,77010.6,77015.8,-0.7,0.13,
15:39:41,77010.59,77015.9,-0.7,0.15,
15:39:41,77010.59,77015.9,-0.7,0.14,
15:39:56,77010.59,77015.9,-0.7,0.14,
15:39:56,77010.59,77015.9,-0.7,0.14,
15:40:09,77010.6,77015.9,-0.7,0.14,
15:40:09,77010.6,77015.9,-0.7,0.14,
15:40:11,77010.59,77015.8,-0.7,0.12,
15:40:11,77010.59,77015.9,-0.7,0.13,
15:40:26,77010.59,77015.9,-0.7,0.16,
15:40:26,77010.59,77015.8,-0.7,0.13,
15:40:39,77007.62,77015.8,-1.1,0.12,
15:40:39,77007.62,77015.8,-1.1,0.12,
15:40:41,77007.62,77015.9,-1.1,0.14,
15:40:41,77007.62,77015.9,-1.1,0.16,
15:40:56,77007.62,77015.8,-1.1,0.13,
15:40:56,77007.62,77015.8,-1.1,0.15,
15:41:09,77007.63,77014.6,-0.9,0.23,
15:41:09,77007.63,77014.5,-0.9,0.26,
15:41:11,77007.62,77014.5,-0.9,0.15,
15:41:11,77007.62,77014.6,-0.9,0.17,
15:41:59,77029.34,77030.1,-0.1,0.26,
15:42:09,77029.35,77033.8,-0.6,0.18,
15:42:09,77029.35,77033.8,-0.6,0.18,
15:42:11,77029.35,77033.9,-0.6,0.14,
15:42:11,77029.35,77033.9,-0.6,0.14,
15:42:26,77049.81,77055.6,-0.8,0.14,
15:42:26,77049.81,77055.6,-0.8,0.18,
15:43:24,77038.09,77035.1,0.4,0.14,
15:43:24,77038.09,77035.1,0.4,0.14,
15:43:39,77035.3,77035.0,0.0,0.13,
15:43:39,77035.3,77035.1,0.0,0.13,
15:43:39,77035.3,77035.1,0.0,0.16,
15:43:39,77035.3,77035.1,0.0,0.17,
15:43:54,77033.56,77035.1,-0.2,0.14,
15:43:54,77033.56,77035.0,-0.2,0.16,
15:44:09,77031.45,77035.0,-0.5,0.13,
15:44:09,77031.45,77035.0,-0.5,0.14,
15:44:09,77031.45,77035.0,-0.5,0.14,
15:44:09,77031.45,77035.0,-0.5,0.19,
15:44:24,77030.57,77034.5,-0.5,0.13,
15:44:24,77030.57,77034.5,-0.5,0.13,
15:44:39,77008.55,77002.7,0.8,0.13,
15:44:39,77008.55,77002.7,0.8,0.14,
15:44:39,77008.55,77002.6,0.8,0.13,
15:44:54,76996.88,77000.0,-0.4,0.13,
15:44:54,76996.88,77000.0,-0.4,0.13,
15:45:09,77009.21,77012.7,-0.5,0.14,
15:45:09,77009.21,77012.7,-0.5,0.14,
15:45:09,77009.21,77012.7,-0.5,0.14,
15:45:09,77009.21,77012.7,-0.5,0.15,
15:45:24,77021.25,77024.7,-0.4,0.19,
15:45:24,77021.25,77024.7,-0.4,0.25,
15:45:39,77003.12,77001.7,0.2,0.14,
15:45:39,77003.12,77001.7,0.2,0.14,
15:45:39,77003.12,77001.7,0.2,0.16,
15:45:54,77003.12,77003.9,-0.1,0.15,
15:45:54,77003.12,77003.9,-0.1,0.14,
15:46:09,77003.51,77011.7,-1.1,0.15,
15:46:09,77003.51,77011.7,-1.1,0.14,
15:46:09,77003.51,77011.8,-1.1,0.15,
15:46:09,77003.51,77011.8,-1.1,0.17,
15:46:24,77011.64,77011.7,-0.0,0.14,
15:46:24,77011.64,77013.2,-0.2,0.14,
15:46:39,77023.45,77031.5,-1.0,0.14,
15:46:39,77023.45,77031.5,-1.0,0.14,
15:46:39,77023.45,77031.5,-1.0,0.22,
15:46:39,77023.45,77031.5,-1.0,0.22,
15:46:54,77030.22,77030.9,-0.1,0.17,
15:46:54,77030.22,77030.9,-0.1,0.22,
15:47:09,77034.12,77040.1,-0.8,0.15,
15:47:09,77034.12,77042.1,-1.0,0.17,
15:47:09,77034.12,77040.1,-0.8,0.18,
15:47:09,77034.12,77042.2,-1.0,0.19,
15:47:24,77040.47,77043.5,-0.4,0.17,
15:47:24,77040.47,77043.5,-0.4,0.26,
15:47:39,77040.46,77043.6,-0.4,0.13,
15:47:39,77040.46,77043.6,-0.4,0.14,
15:47:39,77040.46,77043.6,-0.4,0.21,
15:47:39,77040.46,77043.6,-0.4,0.2,
15:47:54,77040.46,77043.5,-0.4,0.18,
15:47:54,77040.46,77043.6,-0.4,0.15,
15:48:09,77034.24,77029.8,0.6,0.13,
15:48:09,77034.24,77029.8,0.6,0.15,
15:48:09,77034.24,77029.8,0.6,0.15,
15:48:09,77034.24,77029.8,0.6,0.16,
15:48:24,77034.24,77031.6,0.3,0.14,
15:48:24,77034.24,77031.7,0.3,0.15,
15:48:39,77034.23,77031.6,0.3,0.15,
15:48:39,77034.23,77031.6,0.3,0.14,
15:48:39,77034.23,77031.6,0.3,0.14,
15:48:39,77034.23,77031.7,0.3,0.15,
15:48:54,77055.38,77056.0,-0.1,0.15,
15:48:54,77055.38,77056.0,-0.1,0.15,
15:49:09,77055.37,77056.0,-0.1,0.14,
15:49:09,77055.37,77056.0,-0.1,0.15,
15:49:09,77055.37,77056.0,-0.1,0.19,
15:49:09,77055.37,77056.0,-0.1,0.23,
15:49:24,77058.72,77058.1,0.1,0.19,
15:49:39,77060.17,77061.9,-0.2,0.14,
15:49:39,77060.17,77061.9,-0.2,0.15,
15:49:39,77060.17,77061.9,-0.2,0.17,
15:49:39,77060.17,77061.9,-0.2,0.17,
15:49:54,77093.99,77096.3,-0.3,0.14,
15:50:09,77095.49,77096.4,-0.1,0.14,
15:50:09,77095.49,77096.4,-0.1,0.17,
15:50:14,77095.49,77096.3,-0.1,5.14,
15:50:14,77095.49,77096.3,-0.1,5.14,
15:50:24,77095.49,77096.4,-0.1,0.25,
15:50:24,77095.49,77096.3,-0.1,0.24,
15:50:39,77104.96,77104.9,0.0,0.14,
15:50:39,77104.96,77104.9,0.0,0.15,
15:50:39,77104.96,77104.9,0.0,0.15,
15:51:13,77126.01,77119.5,0.8,0.15,
15:51:13,77126.01,77119.6,0.8,0.15,
15:51:14,77126.01,77127.4,-0.2,0.24,
15:51:14,77126.01,77127.4,-0.2,0.13,
15:51:14,77126.01,77119.6,0.8,0.13,
15:51:29,77126.0,77125.7,0.0,0.14,
15:51:29,77126.0,77125.7,0.0,0.14,
15:51:39,77129.99,77127.0,0.4,0.14,
15:51:39,77129.99,77127.0,0.4,0.14,
15:51:44,77133.4,77133.6,-0.0,0.15,
15:51:44,77133.4,77133.6,-0.0,0.14,
15:51:59,77118.51,77119.3,-0.1,0.14,
15:51:59,77118.51,77119.3,-0.1,0.18,
15:52:09,77118.51,77115.9,0.3,0.15,
15:52:09,77118.51,77115.9,0.3,0.2,
15:52:14,77113.26,77108.4,0.6,0.14,
15:52:14,77113.26,77108.4,0.6,0.23,
15:52:29,77117.74,77114.4,0.4,0.15,
15:52:29,77117.74,77114.4,0.4,0.14,
15:52:39,77116.65,77114.5,0.3,0.17,
15:52:39,77116.65,77114.5,0.3,0.2,
15:52:44,77116.66,77118.2,-0.2,0.15,
15:52:44,77116.66,77118.2,-0.2,0.15,
15:52:59,77116.66,77118.1,-0.2,0.13,
15:52:59,77116.66,77118.1,-0.2,0.18,
15:53:09,77116.65,77116.6,0.0,0.15,
15:53:09,77116.65,77116.6,0.0,0.15,
15:53:14,77116.66,77116.6,0.0,0.15,
15:53:14,77116.66,77116.6,0.0,0.21,
15:53:29,77129.78,77128.0,0.2,0.13,
15:53:29,77129.78,77128.0,0.2,0.17,
15:53:39,77133.31,77135.7,-0.3,0.14,
15:53:39,77133.31,77135.7,-0.3,0.17,
15:53:44,77139.17,77139.2,-0.0,0.14,
15:53:44,77139.17,77135.8,0.4,0.24,
15:53:59,77139.59,77135.7,0.5,0.13,
15:53:59,77139.59,77135.8,0.5,0.24,
15:54:09,77139.58,77132.2,1.0,0.14,
15:54:09,77139.58,77132.2,1.0,0.14,
15:54:14,77133.43,77131.7,0.2,0.17,
15:54:14,77133.43,77131.7,0.2,0.18,
15:54:29,77133.44,77128.9,0.6,0.14,
15:54:29,77133.44,77128.9,0.6,0.14,
15:54:39,77133.44,77132.2,0.2,0.13,
15:54:39,77133.44,77132.2,0.2,0.16,
15:54:44,77133.44,77132.1,0.2,0.15,
15:54:44,77133.44,77132.2,0.2,0.15,
15:54:59,77133.44,77132.1,0.2,0.13,
15:54:59,77133.44,77132.1,0.2,0.14,
15:55:09,77132.66,77131.6,0.1,0.15,
15:55:14,77132.67,77131.6,0.1,0.2,
15:55:14,77132.67,77131.6,0.1,0.21,
15:55:29,77128.81,77123.8,0.6,0.14,
15:55:29,77128.81,77123.8,0.6,0.14,
15:55:39,77128.81,77123.7,0.7,0.14,
15:55:39,77128.81,77123.7,0.7,0.19,
15:55:44,77128.8,77125.9,0.4,0.14,
15:55:44,77128.8,77125.9,0.4,0.14,
15:55:59,77128.04,77125.9,0.3,0.15,
15:55:59,77128.04,77125.9,0.3,0.25,
15:56:09,77128.04,77123.7,0.6,0.18,
15:56:09,77128.04,77123.7,0.6,0.27,
15:56:14,77127.26,77123.7,0.5,0.15,
15:56:14,77127.26,77123.7,0.5,0.18,
15:56:29,77126.49,77123.8,0.3,0.15,
15:56:29,77126.49,77123.7,0.4,0.15,
15:56:39,77126.49,77123.7,0.4,0.16,
15:56:39,77126.49,77123.7,0.4,0.15,
15:56:44,77126.49,77123.7,0.4,0.16,
15:56:44,77126.49,77123.7,0.4,0.16,
15:56:59,77120.67,77123.7,-0.4,0.14,
15:56:59,77120.67,77123.7,-0.4,0.17,
15:57:09,77115.09,77119.1,-0.5,0.14,
15:57:09,77115.09,77119.1,-0.5,0.14,
15:57:14,77114.95,77115.4,-0.1,0.19,
15:57:14,77114.95,77115.4,-0.1,0.18,
15:57:29,77129.68,77129.5,0.0,0.18,
15:57:29,77129.68,77129.6,0.0,0.29,
15:57:39,77130.57,77129.5,0.1,0.14,
15:57:39,77130.57,77129.5,0.1,0.15,
15:57:44,77130.57,77129.5,0.1,0.18,
15:57:44,77130.57,77129.5,0.1,0.18,
15:57:59,77130.57,77129.6,0.1,0.13,
15:57:59,77130.57,77129.5,0.1,0.13,
15:58:09,77130.56,77129.6,0.1,0.14,
15:58:09,77130.56,77129.6,0.1,0.15,
15:58:14,77130.56,77129.5,0.1,0.13,
15:58:14,77130.56,77129.5,0.1,0.16,
15:58:29,77130.57,77129.5,0.1,0.14,
15:58:29,77130.57,77129.5,0.1,0.17,
15:58:39,77121.63,77115.1,0.8,0.13,
15:58:39,77121.63,77115.1,0.8,0.13,
15:58:44,77121.64,77115.0,0.9,0.18,
15:58:44,77121.64,77115.0,0.9,0.2,
15:58:59,77121.64,77118.7,0.4,0.14,
15:58:59,77121.64,77118.8,0.4,0.14,
15:59:09,77115.73,77118.7,-0.4,0.15,
15:59:09,77115.73,77118.7,-0.4,0.15,
15:59:14,77115.73,77118.7,-0.4,0.13,
15:59:14,77115.73,77118.7,-0.4,0.16,
15:59:29,77127.4,77127.4,0.0,0.15,
15:59:29,77127.39,77127.4,-0.0,0.18,
15:59:39,77127.4,77127.5,-0.0,0.19,
15:59:39,77127.4,77127.5,-0.0,0.28,
15:59:44,77127.39,77127.5,-0.0,0.14,
15:59:44,77127.39,77127.4,-0.0,0.14,
15:59:59,77130.54,77127.4,0.4,0.15,
15:59:59,77130.54,77127.4,0.4,0.15,
16:00:09,77110.36,77111.8,-0.2,0.16,
16:00:09,77110.36,77111.8,-0.2,0.28,
16:00:14,77115.12,77113.2,0.2,0.14,
16:00:14,77115.12,77113.2,0.2,0.14,
16:00:29,77115.13,77113.3,0.2,0.13,
16:00:29,77115.13,77113.3,0.2,0.13,
16:00:39,77115.15,77113.2,0.3,0.13,
16:00:39,77115.15,77113.2,0.3,0.13,
16:00:44,77103.56,77100.5,0.4,0.15,
16:00:44,77103.56,77100.0,0.5,0.15,
16:00:59,77098.0,77092.3,0.7,0.16,
16:00:59,77098.0,77092.3,0.7,0.21,
16:01:09,77107.56,77108.9,-0.2,0.13,
16:01:09,77107.56,77108.9,-0.2,0.13,
16:01:14,77112.92,77112.9,0.0,0.14,
16:01:14,77112.92,77112.9,0.0,0.17,
16:01:29,77112.92,77112.9,0.0,0.15,
16:01:29,77112.92,77113.0,-0.0,0.15,
16:01:39,77112.92,77113.0,-0.0,0.15,
16:01:44,77112.92,77112.9,0.0,0.13,
16:01:44,77112.92,77113.0,-0.0,0.13,
16:01:59,77112.92,77113.0,-0.0,0.13,
16:01:59,77112.92,77113.0,-0.0,0.13,
16:02:09,77094.93,77097.8,-0.4,0.14,
16:02:09,77094.93,77097.8,-0.4,0.14,
16:02:14,77094.94,77097.8,-0.4,0.13,
16:02:29,77094.93,77097.9,-0.4,0.13,
16:02:29,77094.93,77097.9,-0.4,0.2,
16:02:39,77092.0,77091.5,0.1,0.14,
16:02:39,77092.0,77091.5,0.1,0.12,
16:02:44,77088.13,77084.4,0.5,0.14,
16:02:44,77088.13,77084.4,0.5,0.17,
16:02:59,77080.43,77074.5,0.8,0.14,
16:02:59,77080.43,77074.5,0.8,0.14,
16:03:09,77075.61,77074.6,0.1,0.13,
16:03:14,77075.61,77078.4,-0.4,0.14,
16:03:14,77075.61,77078.4,-0.4,0.18,
16:03:29,77071.75,77068.7,0.4,0.13,
16:03:29,77071.75,77068.6,0.4,0.13,
16:03:39,77052.23,77053.4,-0.2,0.13,
16:03:44,77052.23,77048.3,0.5,0.13,
16:03:44,77052.23,77048.3,0.5,0.14,
16:03:59,77056.39,77048.8,1.0,0.17,
16:03:59,77056.4,77048.8,1.0,0.24,
16:04:09,77053.66,77050.4,0.4,0.17,
16:04:09,77053.66,77050.4,0.4,0.16,
16:04:14,77053.66,77050.3,0.4,0.14,
16:04:14,77053.66,77050.4,0.4,0.3,
16:04:29,77068.8,77067.3,0.2,0.17,
16:04:29,77068.8,77067.3,0.2,0.19,
16:04:39,77068.79,77067.2,0.2,0.14,
16:04:39,77068.79,77067.2,0.2,0.16,
16:04:44,77068.8,77067.3,0.2,0.14,
16:04:44,77068.8,77067.2,0.2,0.14,
16:04:59,77071.46,77068.0,0.4,0.14,
16:04:59,77071.46,77068.0,0.4,0.13,
16:05:09,77089.78,77081.1,1.1,0.13,
16:05:09,77089.78,77081.1,1.1,0.21,
16:05:14,77089.78,77089.8,-0.0,0.16,
16:05:29,77089.79,77089.8,-0.0,0.14,
16:05:29,77089.79,77089.8,-0.0,0.15,
16:05:39,77089.79,77089.9,-0.0,0.13,
16:05:39,77089.79,77089.9,-0.0,0.13,
16:05:44,77095.67,77089.9,0.7,0.15,
16:05:44,77095.67,77089.9,0.7,0.15,
16:05:59,77099.87,77099.0,0.1,0.17,
16:05:59,77099.87,77099.0,0.1,0.14,
16:06:09,77108.68,77113.0,-0.6,0.19,
16:06:09,77108.68,77112.9,-0.5,0.21,
16:06:14,77109.85,77112.5,-0.3,0.18,
16:06:14,77109.85,77112.5,-0.3,0.21,
16:06:29,77109.85,77112.5,-0.3,0.18,
16:06:29,77109.85,77112.5,-0.3,0.17,
16:06:39,77103.83,77098.9,0.6,0.14,
16:06:39,77103.83,77098.9,0.6,0.14,
16:06:44,77103.82,77098.9,0.6,0.14,
16:06:44,77103.82,77098.9,0.6,0.14,
16:06:59,77103.83,77104.8,-0.1,0.12,
16:06:59,77103.83,77103.5,0.0,0.24,
16:07:09,77103.83,77104.9,-0.1,0.22,
16:07:09,77103.83,77104.9,-0.1,0.22,
16:07:14,77105.77,77104.9,0.1,0.14,
16:07:14,77105.77,77104.8,0.1,0.14,
16:07:29,77105.76,77104.9,0.1,0.14,
16:07:29,77105.76,77104.9,0.1,0.14,
16:07:39,77103.83,77096.4,1.0,0.14,
16:07:39,77103.83,77096.4,1.0,0.14,
16:07:44,77103.82,77096.4,1.0,0.14,
16:07:44,77103.82,77096.4,1.0,0.14,
16:07:59,77102.97,77096.2,0.9,0.15,
16:07:59,77102.97,77096.2,0.9,0.25,
16:08:09,77127.57,77112.5,2.0,0.16,
16:08:09,77127.57,77116.4,1.4,0.15,
16:08:14,77127.58,77128.4,-0.1,0.14,
16:08:14,77127.58,77128.3,-0.1,0.15,
16:08:29,77127.58,77128.3,-0.1,0.15,
16:08:29,77127.58,77128.3,-0.1,0.22,
16:08:39,77137.12,77137.4,-0.0,0.13,
16:08:39,77137.12,77137.4,-0.0,0.13,
16:08:44,77137.13,77139.9,-0.4,0.18,
16:08:44,77137.13,77139.9,-0.4,0.25,
16:08:59,77147.88,77143.6,0.6,0.14,
16:09:09,77144.91,77139.7,0.7,0.14,
16:09:09,77144.91,77139.7,0.7,0.13,
16:09:14,77144.91,77139.7,0.7,0.13,
16:09:14,77144.91,77139.7,0.7,0.14,
16:09:29,77137.13,77137.5,-0.0,0.14,
16:09:29,77137.13,77137.4,-0.0,0.14,
16:09:39,77137.0,77134.8,0.3,0.14,
16:09:39,77137.0,77134.8,0.3,0.14,
16:09:44,77136.99,77134.8,0.3,0.14,
16:09:44,77136.99,77134.8,0.3,0.14,
16:09:59,77136.99,77134.8,0.3,0.14,
16:09:59,77136.99,77134.8,0.3,0.15,
16:10:09,77137.0,77134.7,0.3,0.16,
16:10:09,77137.0,77134.7,0.3,0.16,
16:10:14,77136.99,77134.8,0.3,0.13,
16:10:14,77136.99,77134.8,0.3,0.3,
16:10:29,77137.0,77134.7,0.3,0.16,
16:10:29,77137.0,77134.7,0.3,0.18,
16:10:39,77144.99,77144.7,0.0,0.14,
16:10:39,77144.99,77144.8,0.0,0.17,
16:10:44,77147.89,77149.5,-0.2,0.15,
16:10:44,77147.89,77149.4,-0.2,0.14,
16:10:59,77149.99,77148.1,0.2,0.13,
16:10:59,77149.99,77148.0,0.3,0.15,
16:11:09,77149.99,77148.0,0.3,0.15,
16:11:09,77149.99,77148.0,0.3,0.14,
16:11:14,77155.39,77156.0,-0.1,0.21,
16:11:14,77155.39,77156.0,-0.1,0.25,
16:11:29,77165.31,77164.7,0.1,0.13,
16:11:29,77165.31,77164.7,0.1,0.13,
16:11:39,77166.66,77166.6,0.0,0.15,
16:11:39,77166.66,77166.6,0.0,0.14,
16:11:44,77168.78,77168.4,0.0,0.13,
16:11:44,77168.78,77168.4,0.0,0.14,
16:11:59,77183.18,77182.4,0.1,0.13,
16:11:59,77183.18,77182.3,0.1,0.14,
16:12:09,77183.19,77182.4,0.1,0.15,
16:12:09,77183.19,77182.4,0.1,0.14,
16:12:14,77183.18,77182.4,0.1,0.18,
16:12:14,77183.18,77182.4,0.1,0.18,
16:12:29,77187.49,77187.3,0.0,0.12,
16:12:29,77187.49,77187.3,0.0,0.13,
16:12:39,77187.48,77184.9,0.3,0.14,
16:12:39,77187.48,77185.0,0.3,0.14,
16:12:44,77177.07,77183.5,-0.8,0.16,
16:12:44,77177.07,77183.5,-0.8,0.19,
16:12:59,77177.06,77170.5,0.9,0.13,
16:12:59,77177.06,77170.6,0.8,0.14,
16:13:09,77177.07,77170.5,0.9,0.14,
16:13:09,77177.07,77170.6,0.8,0.13,
16:13:14,77177.06,77170.5,0.9,0.16,
16:13:14,77177.06,77170.5,0.9,0.17,
16:13:29,77173.22,77168.0,0.7,0.14,
16:13:29,77173.22,77168.0,0.7,0.13,
16:13:39,77173.23,77168.0,0.7,0.13,
16:13:39,77173.23,77168.0,0.7,0.14,
16:13:44,77173.22,77168.0,0.7,0.13,
16:13:44,77173.22,77167.9,0.7,0.15,
16:13:59,77174.78,77170.4,0.6,0.14,
16:13:59,77174.78,77170.4,0.6,0.12,
16:14:09,77186.74,77185.6,0.1,0.14,
16:14:09,77186.74,77185.5,0.2,0.15,
16:14:14,77187.48,77187.8,-0.0,0.12,
16:14:14,77187.48,77187.8,-0.0,0.13,
16:14:29,77180.55,77177.5,0.4,0.2,
16:14:29,77180.55,77177.4,0.4,0.21,
16:14:39,77249.99,77233.1,2.2,0.18,
16:14:39,77249.99,77233.7,2.1,0.19,
16:14:44,77247.29,77247.7,-0.1,0.13,
16:14:44,77247.28,77240.1,0.9,0.24,
16:14:59,77250.0,77250.0,0.0,0.16,
16:14:59,77250.0,77250.0,0.0,0.16,
16:15:09,77247.08,77242.5,0.6,0.14,
16:15:09,77247.08,77242.5,0.6,0.13,
16:15:14,77247.09,77240.4,0.9,0.14,
16:15:14,77247.09,77240.4,0.9,0.15,
16:15:29,77231.62,77227.3,0.6,0.13,
16:15:29,77231.62,77227.3,0.6,0.14,
16:15:39,77231.62,77227.3,0.6,0.26,
16:15:39,77231.62,77227.3,0.6,0.29,
16:15:44,77239.36,77227.3,1.6,0.16,
16:15:44,77239.36,77227.3,1.6,0.19,
16:15:59,77355.65,77345.5,1.3,0.15,
16:15:59,77355.65,77345.5,1.3,0.14,
16:16:09,77379.47,77376.6,0.4,0.13,
16:16:09,77379.47,77376.6,0.4,0.14,
16:16:14,77395.33,77387.9,1.0,0.19,
16:16:14,77395.33,77387.9,1.0,0.25,
16:16:29,77373.05,77376.2,-0.4,0.15,
16:16:29,77373.05,77376.2,-0.4,0.18,
16:16:39,77375.57,77376.2,-0.1,0.17,
16:16:39,77375.57,77376.2,-0.1,0.2,
16:16:44,77375.57,77376.2,-0.1,0.13,
16:16:44,77375.57,77376.2,-0.1,0.14,
16:16:59,77357.39,77355.3,0.3,0.13,
16:16:59,77357.39,77355.3,0.3,0.14,
16:17:09,77357.39,77351.3,0.8,0.15,
16:17:09,77357.39,77351.3,0.8,0.16,
16:17:14,77357.39,77351.4,0.8,0.17,
16:17:14,77357.39,77351.4,0.8,0.17,
16:17:29,77345.82,77344.7,0.1,0.14,
16:17:29,77345.82,77344.7,0.1,0.15,
16:17:39,77360.85,77361.3,-0.1,0.16,
16:17:39,77360.85,77361.3,-0.1,0.17,
16:17:44,77360.84,77361.3,-0.1,0.14,
16:17:44,77360.84,77361.2,-0.0,0.2,
16:17:59,77358.65,77357.3,0.2,0.15,
16:17:59,77358.65,77357.2,0.2,0.15,
16:18:09,77354.81,77354.9,-0.0,0.14,
16:18:09,77354.81,77354.9,-0.0,0.16,
16:18:14,77354.8,77355.0,-0.0,0.13,
16:18:14,77354.8,77354.9,-0.0,0.13,
16:18:29,77354.8,77355.0,-0.0,0.15,
16:18:29,77354.8,77355.0,-0.0,0.17,
16:18:39,77354.8,77355.3,-0.1,0.14,
16:18:39,77354.8,77355.4,-0.1,0.14,
16:18:44,77354.8,77355.4,-0.1,0.14,
16:18:44,77354.8,77355.3,-0.1,0.15,
16:18:59,77354.8,77356.1,-0.2,0.13,
16:18:59,77354.8,77356.1,-0.2,0.16,
16:19:09,77347.78,77347.7,0.0,0.14,
16:19:09,77347.78,77347.7,0.0,0.14,
16:19:14,77345.39,77340.0,0.7,0.13,
16:19:14,77345.39,77340.1,0.7,0.14,
16:19:29,77345.39,77350.6,-0.7,0.13,
16:19:29,77345.39,77350.6,-0.7,0.24,
16:19:39,77345.39,77350.6,-0.7,0.15,
16:19:39,77345.39,77350.6,-0.7,0.15,
16:19:44,77345.39,77350.5,-0.7,0.14,
16:19:44,77345.39,77350.5,-0.7,0.17,
16:19:59,77353.11,77350.6,0.3,0.13,
16:19:59,77353.11,77350.6,0.3,0.16,
16:20:09,77353.1,77350.6,0.3,0.17,
16:20:09,77353.1,77350.6,0.3,0.38,
16:20:14,77353.11,77350.5,0.3,0.13,
16:20:14,77353.11,77350.6,0.3,0.14,
16:20:29,77405.64,77394.5,1.4,0.14,
16:20:29,77405.64,77404.4,0.2,0.14,
16:20:39,77404.01,77389.9,1.8,0.14,
16:20:39,77404.01,77390.0,1.8,0.15,
16:20:44,77404.01,77406.4,-0.3,0.17,
16:20:44,77404.01,77406.4,-0.3,0.23,
16:20:59,77392.36,77389.1,0.4,0.14,
16:20:59,77392.36,77389.1,0.4,0.16,
16:21:09,77373.01,77365.9,0.9,0.16,
16:21:09,77373.01,77365.9,0.9,0.17,
16:21:14,77362.8,77362.7,0.0,0.16,
16:21:14,77362.8,77362.7,0.0,0.18,
16:21:29,77360.01,77352.7,0.9,0.14,
16:21:29,77360.01,77359.3,0.1,0.14,
16:21:39,77370.49,77364.9,0.7,0.15,
16:21:39,77370.49,77364.9,0.7,0.15,
16:21:44,77371.16,77375.5,-0.6,0.15,
16:21:44,77371.16,77375.5,-0.6,0.14,
16:21:59,77393.24,77390.1,0.4,0.14,
16:21:59,77393.24,77390.1,0.4,0.14,
16:22:09,77394.36,77395.5,-0.1,0.15,
16:22:14,77394.36,77395.5,-0.1,0.15,
16:22:14,77394.36,77395.5,-0.1,0.15,
16:22:29,77381.97,77375.0,0.9,0.16,
16:22:29,77381.97,77375.0,0.9,0.21,
16:22:39,77397.02,77402.1,-0.7,0.14,
16:22:39,77397.02,77402.1,-0.7,0.14,
16:22:44,77403.9,77406.4,-0.3,0.13,
16:22:44,77403.9,77406.3,-0.3,0.15,
16:22:59,77422.04,77420.0,0.3,0.15,
16:22:59,77422.04,77420.0,0.3,0.15,
16:23:09,77424.24,77419.9,0.6,0.24,
16:23:09,77424.24,77419.9,0.6,0.26,
16:23:14,77424.25,77420.0,0.5,0.16,
16:23:14,77424.25,77419.9,0.6,0.23,
16:23:29,77403.55,77396.3,0.9,0.14,
16:23:29,77403.55,77396.4,0.9,0.15,
16:23:39,77402.6,77396.3,0.8,0.14,
16:23:39,77402.6,77396.3,0.8,0.14,
16:23:44,77402.62,77402.9,-0.0,0.14,
16:23:44,77402.62,77402.9,-0.0,0.14,
16:23:59,77415.89,77416.7,-0.1,0.13,
16:23:59,77415.89,77416.7,-0.1,0.14,
16:24:09,77420.45,77419.9,0.1,0.15,
16:24:09,77420.46,77419.9,0.1,0.21,
16:24:14,77420.46,77420.0,0.1,0.18,
16:24:14,77420.46,77420.0,0.1,0.14,
16:24:29,77425.0,77420.0,0.6,0.15,
16:24:29,77425.0,77420.0,0.6,0.15,
16:24:39,77493.14,77483.8,1.2,0.18,
16:24:39,77493.14,77483.8,1.2,0.17,
16:24:44,77499.79,77498.4,0.2,0.14,
16:24:44,77499.8,77498.3,0.2,0.17,
16:24:59,77492.27,77486.3,0.8,0.13,
16:24:59,77492.27,77486.3,0.8,0.15,
16:25:09,77456.08,77453.0,0.4,0.16,
16:25:09,77456.08,77453.1,0.4,0.16,
16:25:14,77456.08,77448.7,1.0,0.2,
16:25:14,77455.0,77443.3,1.5,0.27,
16:25:29,77451.17,77438.6,1.6,0.15,
16:25:29,77451.17,77438.7,1.6,0.16,
16:25:39,77462.98,77455.8,0.9,0.15,
16:25:39,77462.98,77455.8,0.9,0.17,
16:25:44,77459.91,77445.6,1.8,0.14,
16:25:44,77459.91,77445.6,1.8,0.16,
16:25:59,77459.61,77455.6,0.5,0.14,
16:25:59,77459.61,77455.7,0.5,0.15,
16:26:09,77443.11,77435.8,0.9,0.13,
16:26:09,77443.11,77435.8,0.9,0.14,
16:26:14,77449.04,77445.5,0.5,0.14,
16:26:14,77449.04,77445.4,0.5,0.15,
16:26:29,77449.04,77435.9,1.7,0.15,
16:26:29,77449.04,77445.5,0.5,0.16,
16:26:39,77443.12,77443.3,-0.0,0.14,
16:26:39,77443.12,77443.3,-0.0,0.14,
16:26:44,77453.03,77449.3,0.5,0.16,
16:26:44,77453.03,77449.3,0.5,0.16,
16:26:59,77467.75,77461.5,0.8,0.19,
16:26:59,77467.75,77461.5,0.8,0.24,
16:27:09,77447.41,77439.6,1.0,0.14,
16:27:09,77447.41,77439.6,1.0,0.14,
16:27:14,77465.99,77461.7,0.6,0.14,
16:27:14,77465.99,77461.7,0.6,0.14,
16:27:29,77465.99,77448.6,2.2,0.13,
16:27:29,77465.99,77449.9,2.1,0.15,
16:27:39,77465.59,77450.0,2.0,0.15,
16:27:39,77465.59,77450.0,2.0,0.16,
16:27:44,77465.5,77450.0,2.0,0.17,
16:27:44,77465.5,77450.0,2.0,0.16,
16:27:59,77447.64,77442.2,0.7,0.15,
16:27:59,77447.64,77442.2,0.7,0.17,
16:28:09,77447.65,77442.1,0.7,0.18,
16:28:09,77447.65,77442.1,0.7,0.21,
16:28:14,77447.64,77442.1,0.7,0.15,
16:28:14,77447.64,77442.1,0.7,0.14,
16:28:29,77470.44,77463.9,0.8,0.14,
16:28:29,77470.44,77463.8,0.9,0.13,
16:28:39,77470.7,77468.0,0.3,0.13,
16:28:39,77470.7,77468.0,0.3,0.14,
16:28:44,77470.69,77468.0,0.3,0.14,
16:28:44,77470.69,77467.9,0.4,0.17,
16:28:59,77470.69,77463.8,0.9,0.16,
16:28:59,77470.69,77463.8,0.9,0.16,
16:29:09,77470.7,77457.5,1.7,0.13,
16:29:09,77470.7,77457.5,1.7,0.24,
16:29:14,77465.72,77457.4,1.1,0.17,
16:29:14,77465.72,77457.4,1.1,0.16,
16:29:29,77452.84,77450.1,0.4,0.15,
16:29:29,77452.84,77450.1,0.4,0.17,
16:29:39,77440.74,77426.5,1.8,0.14,
16:29:39,77440.74,77426.5,1.8,0.15,
16:29:44,77440.73,77432.6,1.0,0.13,
16:29:44,77440.73,77432.7,1.0,0.14,
16:29:59,77440.73,77432.5,1.1,0.16,
16:29:59,77440.73,77432.5,1.1,0.21,
16:30:10,77440.74,77439.7,0.1,0.25,
16:30:10,77440.74,77439.8,0.1,0.32,
16:30:14,77446.69,77444.0,0.3,0.14,
16:30:14,77446.69,77444.0,0.3,0.14,
16:30:29,77457.98,77457.1,0.1,0.15,
16:30:29,77457.98,77457.1,0.1,0.21,
16:30:40,77450.67,77449.1,0.2,0.15,
16:30:40,77450.67,77449.1,0.2,0.15,
16:30:44,77450.67,77449.1,0.2,0.14,
16:30:44,77450.67,77448.9,0.2,0.15,
16:30:59,77438.0,77421.9,2.1,0.13,
16:31:10,77434.49,77429.1,0.7,0.15,
16:31:10,77434.49,77424.7,1.3,0.24,
16:31:14,77434.49,77424.8,1.3,0.14,
16:31:14,77434.49,77424.8,1.3,0.14,
16:31:29,77428.94,77424.7,0.5,0.13,
16:31:29,77428.94,77424.6,0.6,0.13,
16:31:40,77428.94,77424.6,0.6,0.16,
16:31:40,77428.94,77424.6,0.6,0.16,
16:31:44,77428.95,77424.6,0.6,0.14,
16:31:44,77428.95,77424.7,0.5,0.14,
16:31:59,77434.47,77431.7,0.4,0.14,
16:31:59,77434.47,77425.1,1.2,0.14,
16:32:10,77442.03,77445.7,-0.5,0.2,
16:32:10,77442.03,77445.6,-0.5,0.2,
16:32:14,77442.02,77445.7,-0.5,0.11,
16:32:14,77442.02,77445.6,-0.5,0.13,
16:32:29,77442.03,77438.8,0.4,0.16,
16:32:29,77442.03,77438.8,0.4,0.16,
16:32:40,77450.84,77453.8,-0.4,0.13,
16:32:40,77450.84,77453.8,-0.4,0.15,
16:32:44,77450.83,77450.5,0.0,0.15,
16:32:44,77450.83,77450.4,0.1,0.16,
16:32:59,77447.24,77444.8,0.3,0.14,
16:32:59,77447.24,77444.2,0.4,0.18,
16:33:10,77447.23,77441.9,0.7,0.14,
16:33:10,77447.23,77441.9,0.7,0.15,
16:33:14,77447.23,77441.9,0.7,0.13,
16:33:14,77447.23,77441.9,0.7,0.13,
16:33:29,77446.02,77442.0,0.5,0.21,
16:33:29,77446.02,77442.0,0.5,0.24,
16:33:40,77446.02,77442.0,0.5,0.15,
16:33:40,77446.02,77442.0,0.5,0.17,
16:33:44,77443.2,77429.5,1.8,0.14,
16:33:44,77443.2,77429.5,1.8,0.14,
16:33:59,77437.68,77441.2,-0.5,0.16,
16:33:59,77437.68,77441.2,-0.5,0.21,
16:34:10,77437.67,77441.3,-0.5,0.16,
16:34:10,77437.67,77441.3,-0.5,0.15,
16:34:14,77437.67,77441.3,-0.5,0.14,
16:34:14,77437.67,77441.3,-0.5,0.16,
16:34:29,77428.96,77425.8,0.4,0.14,
16:34:29,77428.96,77425.8,0.4,0.15,
16:34:40,77428.95,77425.8,0.4,0.14,
16:34:40,77428.95,77425.8,0.4,0.14,
16:34:44,77425.13,77424.1,0.1,0.15,
16:34:44,77425.13,77424.1,0.1,0.19,
16:34:59,77419.48,77419.2,0.0,0.14,
16:34:59,77419.48,77419.2,0.0,0.14,
16:35:10,77400.37,77402.2,-0.2,0.16,
16:35:10,77400.37,77402.1,-0.2,0.2,
16:35:14,77400.37,77402.1,-0.2,0.14,
16:35:14,77400.37,77402.1,-0.2,0.14,
16:35:29,77417.5,77417.4,0.0,0.14,
16:35:29,77417.5,77417.4,0.0,0.14,
16:35:40,77408.45,77404.4,0.5,0.12,
16:35:40,77408.45,77404.4,0.5,0.14,
16:35:44,77408.45,77404.5,0.5,0.13,
16:35:44,77408.45,77404.5,0.5,0.16,
16:35:59,77407.76,77404.5,0.4,0.14,
16:36:10,77392.01,77383.4,1.1,0.16,
16:36:10,77392.01,77383.4,1.1,0.17,
16:36:14,77381.52,77370.1,1.5,0.13,
16:36:14,77381.52,77370.1,1.5,0.13,
16:36:29,77378.33,77375.9,0.3,0.14,
16:36:29,77378.33,77375.9,0.3,0.17,
16:36:40,77383.59,77376.0,1.0,0.14,
16:36:44,77380.52,77376.0,0.6,0.14,
16:36:44,77380.52,77376.0,0.6,0.13,
16:36:59,77379.55,77370.2,1.2,0.14,
16:36:59,77379.55,77370.2,1.2,0.14,
16:37:10,77389.93,77389.8,0.0,0.14,
16:37:14,77389.93,77385.9,0.5,0.13,
16:37:14,77389.93,77385.9,0.5,0.25,
16:37:29,77389.94,77386.0,0.5,0.13,
16:37:29,77389.94,77386.0,0.5,0.15,
16:37:40,77389.65,77389.1,0.1,0.13,
16:37:40,77389.65,77389.1,0.1,0.13,
16:37:44,77389.65,77383.9,0.7,0.14,
16:37:44,77389.65,77383.9,0.7,0.17,
16:37:59,77417.74,77415.4,0.3,0.14,
16:37:59,77417.74,77415.4,0.3,0.21,
16:38:10,77421.47,77422.2,-0.1,0.13,
16:38:10,77421.47,77422.2,-0.1,0.13,
16:38:14,77421.47,77423.0,-0.2,0.13,
16:38:14,77421.47,77423.0,-0.2,0.13,
16:38:29,77417.74,77415.1,0.3,0.13,
16:38:29,77417.74,77415.3,0.3,0.14,
16:38:40,77411.94,77406.5,0.7,0.14,
16:38:40,77411.94,77406.5,0.7,0.14,
16:38:44,77411.94,77406.5,0.7,0.13,
16:38:44,77411.94,77406.6,0.7,0.14,
16:38:59,77406.0,77407.2,-0.2,0.13,
16:38:59,77406.0,77406.6,-0.1,0.14,
16:39:10,77408.47,77406.4,0.3,0.14,
16:39:10,77408.47,77406.5,0.3,0.14,
16:39:14,77408.47,77406.4,0.3,0.13,
16:39:14,77408.47,77406.4,0.3,0.24,
16:39:29,77408.47,77406.4,0.3,0.13,
16:39:29,77408.47,77406.4,0.3,0.14,
16:39:40,77410.63,77414.0,-0.4,0.22,
16:39:40,77410.63,77414.0,-0.4,0.25,
16:39:44,77410.62,77414.1,-0.4,0.12,
16:39:44,77410.62,77414.1,-0.4,0.13,
16:39:59,77410.62,77414.1,-0.4,0.17,
16:39:59,77410.62,77414.1,-0.4,0.17,
16:40:10,77404.76,77400.2,0.6,0.18,
16:40:10,77404.76,77400.1,0.6,0.21,
16:40:14,77404.76,77400.1,0.6,0.14,
16:40:14,77404.76,77407.5,-0.4,0.14,
16:40:29,77409.35,77407.4,0.3,0.17,
16:40:29,77409.35,77405.1,0.5,0.17,
16:40:40,77413.95,77410.8,0.4,0.13,
16:40:40,77413.95,77410.8,0.4,0.13,
16:40:44,77419.66,77419.9,-0.0,0.14,
16:40:44,77419.66,77419.9,-0.0,0.2,
16:40:59,77419.67,77422.0,-0.3,0.14,
16:40:59,77419.67,77422.0,-0.3,0.14,
16:41:10,77419.66,77415.4,0.6,0.2,
16:41:10,77419.66,77415.4,0.6,0.21,
16:41:14,77419.66,77415.4,0.6,0.14,
16:41:14,77419.66,77415.5,0.5,0.14,
16:41:29,77419.67,77420.7,-0.1,0.14,
16:41:29,77419.67,77420.7,-0.1,0.15,
16:41:40,77414.72,77411.0,0.5,0.15,
16:41:40,77414.72,77411.0,0.5,0.15,
16:41:44,77414.73,77411.0,0.5,0.14,
16:41:44,77414.73,77411.0,0.5,0.14,
16:41:59,77414.72,77418.8,-0.5,0.14,
16:41:59,77414.72,77418.8,-0.5,0.14,
16:42:10,77414.73,77418.7,-0.5,0.24,
16:42:10,77414.73,77418.7,-0.5,0.24,
16:42:14,77414.72,77417.2,-0.3,0.19,
16:42:14,77414.73,77417.2,-0.3,0.32,
16:42:29,77405.79,77400.1,0.7,0.15,
16:42:29,77405.79,77400.2,0.7,0.18,
16:42:40,77392.17,77384.7,1.0,0.15,
16:42:40,77392.17,77384.7,1.0,0.15,
16:42:44,77389.86,77383.5,0.8,0.16,
16:42:44,77389.86,77383.5,0.8,0.19,
16:42:59,77384.39,77383.4,0.1,0.15,
16:42:59,77384.39,77383.4,0.1,0.15,
16:43:10,77378.14,77371.2,0.9,0.15,
16:43:10,77378.14,77371.2,0.9,0.16,
16:43:14,77378.14,77370.0,1.1,0.13,
16:43:14,77378.14,77370.0,1.1,0.13,
16:43:29,77374.27,77365.0,1.2,0.14,
16:43:29,77374.27,77365.0,1.2,0.14,
16:43:40,77371.9,77362.2,1.3,0.14,
16:43:40,77371.9,77362.2,1.3,0.13,
16:43:44,77368.2,77362.2,0.8,0.15,
16:43:44,77368.2,77362.2,0.8,0.18,
16:43:59,77368.2,77366.2,0.3,0.15,
16:43:59,77368.2,77366.2,0.3,0.17,
16:44:10,77366.65,77359.8,0.9,0.13,
16:44:14,77361.82,77358.6,0.4,0.14,
16:44:14,77361.82,77358.6,0.4,0.14,
16:44:29,77361.82,77365.5,-0.5,0.17,
16:44:29,77361.82,77365.4,-0.5,0.14,
16:44:40,77361.82,77359.4,0.3,0.16,
16:44:40,77361.82,77359.4,0.3,0.15,
16:44:44,77361.82,77359.5,0.3,0.14,
16:44:44,77361.82,77359.5,0.3,0.2,
16:44:59,77370.66,77371.7,-0.1,0.18,
16:44:59,77370.66,77371.7,-0.1,0.21,
16:45:10,77370.67,77375.4,-0.6,0.14,
16:45:10,77370.67,77375.4,-0.6,0.14,
16:45:14,77370.66,77375.5,-0.6,0.14,
16:45:14,77370.66,77375.4,-0.6,0.27,
16:45:29,77370.66,77362.1,1.1,0.15,
16:45:29,77370.66,77362.1,1.1,0.15,
16:45:40,77365.0,77359.2,0.7,0.14,
16:45:40,77365.0,77359.3,0.7,0.15,
16:45:44,77361.83,77358.7,0.4,0.13,
16:45:44,77361.83,77358.6,0.4,0.13,
16:45:59,77361.83,77356.5,0.7,0.18,
16:45:59,77361.83,77356.4,0.7,0.24,
16:46:10,77361.82,77352.7,1.2,0.14,
16:46:10,77361.82,77352.7,1.2,0.14,
16:46:14,77361.83,77352.8,1.2,0.13,
16:46:29,77361.82,77352.6,1.2,0.15,
16:46:29,77361.82,77352.6,1.2,0.18,
16:46:40,77361.83,77348.9,1.7,0.16,
16:46:40,77361.83,77348.8,1.7,0.17,
16:46:44,77361.82,77348.8,1.7,0.12,
16:46:44,77361.82,77348.8,1.7,0.13,
16:47:25,77365.99,77360.1,0.8,0.28,
16:47:26,77365.99,77360.1,0.8,0.13,
16:47:26,77365.99,77360.1,0.8,0.13,
16:47:27,77365.99,77360.1,0.8,0.18,
16:47:27,77365.99,77360.1,0.8,0.19,
16:47:40,77365.02,77355.3,1.3,0.15,
16:47:40,77365.02,77355.3,1.3,0.15,
16:47:41,77365.02,77355.2,1.3,0.12,
16:47:41,77365.02,77358.3,0.9,0.13,
16:47:56,77365.01,77358.3,0.9,0.17,
16:47:56,77365.01,77358.2,0.9,0.26,
16:48:52,77361.82,77358.7,0.4,0.14,
16:48:52,77361.82,77358.7,0.4,0.14,
16:49:07,77361.82,77358.7,0.4,0.13,
16:49:07,77361.82,77358.7,0.4,0.13,
16:49:07,77361.82,77358.7,0.4,0.13,
16:49:07,77361.82,77358.8,0.4,0.13,
16:49:22,77361.83,77358.8,0.4,0.15,
16:49:22,77361.83,77358.8,0.4,0.16,
16:49:37,77361.83,77358.8,0.4,0.13,
16:49:37,77361.83,77358.8,0.4,0.13,
16:49:37,77361.83,77358.7,0.4,0.14,
16:49:37,77361.83,77358.7,0.4,0.14,
16:49:52,77361.82,77358.8,0.4,0.13,
16:49:52,77361.82,77358.8,0.4,0.13,
16:50:07,77361.83,77358.8,0.4,0.13,
16:50:07,77361.83,77358.8,0.4,0.13,
16:50:07,77361.83,77358.8,0.4,0.13,
16:50:07,77361.83,77358.8,0.4,0.17,
16:50:22,77380.77,77379.1,0.2,0.16,
16:50:22,77380.77,77379.1,0.2,0.2,
16:50:37,77366.98,77360.6,0.8,0.13,
16:50:37,77366.98,77360.6,0.8,0.13,
16:50:37,77366.98,77360.6,0.8,0.13,
16:50:52,77366.97,77360.7,0.8,0.14,
16:50:52,77366.97,77360.6,0.8,0.14,
16:51:07,77366.98,77360.7,0.8,0.14,
16:51:07,77366.98,77360.7,0.8,0.15,
16:51:07,77366.98,77360.8,0.8,0.14,
16:51:07,77366.98,77360.7,0.8,0.15,
16:51:22,77366.98,77360.7,0.8,0.13,
16:51:22,77366.98,77360.7,0.8,0.13,
16:51:37,77366.98,77360.8,0.8,0.14,
16:51:37,77366.98,77360.8,0.8,0.14,
16:51:37,77366.98,77360.8,0.8,0.14,
16:51:37,77366.98,77360.8,0.8,0.13,
16:51:52,77366.98,77362.9,0.5,0.14,
16:51:52,77366.98,77363.0,0.5,0.14,
16:52:07,77366.98,77366.2,0.1,0.13,
16:52:07,77366.98,77366.1,0.1,0.13,
16:52:07,77366.98,77366.1,0.1,0.13,
16:52:07,77366.98,77366.2,0.1,0.13,
16:52:22,77366.98,77363.1,0.5,0.17,
16:52:22,77366.98,77363.1,0.5,0.17,
16:52:37,77365.41,77362.6,0.4,0.14,
16:52:37,77365.41,77362.6,0.4,0.13,
16:52:37,77365.41,77362.6,0.4,0.14,
16:52:37,77365.41,77362.6,0.4,0.23,
16:52:52,77365.4,77350.0,2.0,0.15,
16:52:52,77365.4,77350.0,2.0,0.19,
16:53:07,77365.41,77356.7,1.1,0.12,
16:53:07,77365.41,77356.6,1.1,0.12,
16:53:07,77365.41,77356.6,1.1,0.13,
16:53:07,77365.41,77356.6,1.1,0.13,
16:53:22,77365.4,77356.6,1.1,0.24,
16:53:22,77365.4,77356.6,1.1,0.27,
16:53:37,77362.0,77356.6,0.7,0.14,
16:53:37,77362.0,77356.6,0.7,0.15,
16:53:37,77362.0,77356.6,0.7,0.15,
16:53:37,77362.0,77356.6,0.7,0.17,
16:53:52,77362.01,77356.7,0.7,0.14,
16:53:52,77362.01,77356.7,0.7,0.14,
16:54:07,77362.01,77356.6,0.7,0.12,
16:54:07,77362.01,77356.6,0.7,0.12,
16:54:07,77362.01,77356.6,0.7,0.15,
16:54:07,77362.01,77356.6,0.7,0.24,
16:54:22,77362.01,77356.6,0.7,0.13,
16:54:37,77362.01,77356.7,0.7,0.13,
16:54:37,77362.01,77356.7,0.7,0.14,
16:54:37,77362.01,77356.7,0.7,0.15,
16:54:37,77362.01,77356.7,0.7,0.17,
16:54:52,77358.16,77356.7,0.2,0.14,
16:54:52,77358.16,77356.7,0.2,0.14,
16:55:07,77358.15,77350.6,1.0,0.15,
16:55:07,77358.15,77349.1,1.2,0.15,
16:55:07,77358.15,77349.0,1.2,0.15,
16:55:07,77358.15,77349.1,1.2,0.15,
16:55:22,77358.16,77356.5,0.2,0.16,
16:55:22,77358.15,77356.5,0.2,0.28,
16:55:37,77358.16,77358.4,-0.0,0.24,
16:55:37,77358.16,77358.4,-0.0,0.21,
16:55:37,77358.16,77358.4,-0.0,0.36,
16:55:52,77358.15,77358.3,-0.0,0.19,
16:55:52,77358.15,77358.3,-0.0,0.22,
16:56:07,77358.16,77358.3,-0.0,0.16,
16:56:07,77358.16,77358.3,-0.0,0.19,
16:56:07,77358.16,77358.3,-0.0,0.2,
16:56:07,77358.16,77358.3,-0.0,0.2,
16:56:22,77358.16,77358.3,-0.0,0.22,
16:56:22,77358.16,77358.3,-0.0,0.28,
16:56:37,77358.15,77362.9,-0.6,0.17,
16:56:37,77358.15,77362.8,-0.6,0.16,
16:56:37,77358.15,77362.8,-0.6,0.19,
16:56:37,77358.15,77362.9,-0.6,0.2,
16:56:52,77358.16,77362.9,-0.6,0.14,
16:56:52,77358.16,77362.9,-0.6,0.16,
16:57:07,77358.16,77355.4,0.4,0.14,
16:57:07,77358.16,77355.4,0.4,0.14,
16:57:07,77358.16,77355.4,0.4,0.15,
16:57:07,77358.16,77355.5,0.3,0.15,
16:57:22,77358.16,77355.5,0.3,0.14,
16:57:22,77358.16,77355.5,0.3,0.15,
16:57:37,77358.16,77355.5,0.3,0.14,
16:57:37,77358.16,77355.5,0.3,0.14,
16:57:37,77358.16,77355.5,0.3,0.14,
16:57:37,77358.16,77355.5,0.3,0.13,
16:57:52,77358.15,77360.2,-0.3,0.14,
16:57:52,77358.15,77360.2,-0.3,0.16,
16:58:07,77358.16,77360.2,-0.3,0.15,
16:58:07,77358.16,77360.2,-0.3,0.15,
16:58:07,77358.16,77360.1,-0.3,0.15,
16:58:07,77358.16,77360.2,-0.3,0.14,
16:58:22,77358.16,77362.8,-0.6,0.14,
16:58:22,77358.16,77362.7,-0.6,0.25,
16:58:37,77377.48,77379.1,-0.2,0.13,
16:58:37,77377.48,77379.1,-0.2,0.14,
16:58:37,77377.48,77379.1,-0.2,0.15,
16:58:37,77377.48,77379.1,-0.2,0.16,
16:58:52,77377.47,77370.2,0.9,0.14,
16:58:52,77377.47,77370.2,0.9,0.2,
16:59:07,77377.48,77377.4,0.0,0.14,
16:59:07,77377.48,77377.4,0.0,0.14,
16:59:07,77377.48,77377.4,0.0,0.14,
16:59:07,77377.48,77377.4,0.0,0.14,
16:59:22,77377.47,77377.3,0.0,0.23,
16:59:22,77377.47,77377.4,0.0,0.34,
16:59:37,77377.48,77377.4,0.0,0.15,
16:59:37,77377.48,77377.4,0.0,0.17,
16:59:37,77377.48,77377.4,0.0,0.16,
16:59:37,77377.48,77377.4,0.0,0.26,
16:59:52,77377.47,77373.2,0.6,0.12,
16:59:52,77377.47,77373.3,0.5,0.12,
17:00:07,77377.48,77375.4,0.3,0.13,
17:00:07,77377.48,77375.4,0.3,0.14,
17:00:07,77377.48,77375.4,0.3,0.16,
17:00:07,77377.48,77375.4,0.3,0.18,
17:00:22,77384.99,77383.2,0.2,0.13,
17:00:22,77384.99,77383.2,0.2,0.13,
17:00:37,77385.0,77383.1,0.2,0.14,
17:00:37,77385.0,77383.1,0.2,0.14,
17:00:37,77385.0,77383.1,0.2,0.14,
17:00:37,77385.0,77383.1,0.2,0.14,
17:00:52,77385.0,77383.1,0.2,0.13,
17:00:52,77385.0,77383.1,0.2,0.13,
17:01:07,77385.0,77383.2,0.2,0.13,
17:01:07,77385.0,77383.2,0.2,0.14,
17:01:07,77384.99,77383.2,0.2,0.14,
17:01:07,77384.99,77383.2,0.2,0.16,
17:01:22,77385.0,77379.7,0.7,0.13,
17:01:22,77385.0,77379.7,0.7,0.13,
17:01:37,77385.0,77379.7,0.7,0.16,
17:01:37,77385.0,77379.8,0.7,0.19,
17:01:37,77385.0,77379.8,0.7,0.2,
17:01:37,77385.0,77379.7,0.7,0.13,
17:01:52,77391.99,77389.1,0.4,0.16,
17:01:52,77391.99,77389.0,0.4,0.16,
17:02:07,77361.54,77356.9,0.6,0.15,
17:02:07,77361.54,77356.9,0.6,0.15,
17:02:07,77361.54,77356.9,0.6,0.16,
17:02:22,77361.53,77356.9,0.6,0.17,
17:02:22,77361.53,77356.9,0.6,0.23,
17:02:37,77358.16,77357.0,0.1,0.15,
17:02:37,77358.16,77356.9,0.2,0.14,
17:02:37,77358.16,77356.9,0.2,0.28,
17:02:37,77358.16,77356.9,0.2,0.24,
17:02:52,77354.8,77356.9,-0.3,0.14,
17:02:52,77354.8,77357.0,-0.3,0.15,
17:03:07,77335.41,77331.8,0.5,0.13,
17:03:07,77335.41,77331.8,0.5,0.13,
17:03:07,77335.41,77331.8,0.5,0.12,
17:03:07,77335.41,77331.8,0.5,0.12,
17:03:22,77318.86,77315.0,0.5,0.13,
17:03:22,77318.86,77314.9,0.5,0.13,
17:03:37,77311.34,77307.9,0.4,0.14,
17:03:37,77311.34,77307.8,0.5,0.18,
17:03:37,77311.34,77307.9,0.4,0.16,
17:03:37,77311.34,77307.8,0.5,0.17,
17:03:52,77311.35,77307.9,0.4,0.14,
17:03:52,77311.35,77307.9,0.4,0.19,
17:04:07,77289.19,77288.5,0.1,0.14,
17:04:07,77289.19,77288.5,0.1,0.14,
17:04:07,77289.19,77288.5,0.1,0.13,
17:04:07,77289.19,77288.4,0.1,0.13,
17:04:22,77293.04,77291.7,0.2,0.13,
17:04:22,77293.04,77291.6,0.2,0.13,
17:04:37,77305.15,77309.0,-0.5,0.13,
17:04:37,77305.15,77309.1,-0.5,0.14,
17:04:37,77305.16,77309.0,-0.5,0.13,
17:04:37,77305.16,77309.0,-0.5,0.13,
17:04:52,77320.97,77325.6,-0.6,0.14,
17:04:52,77320.97,77325.6,-0.6,0.14,
17:05:52,77332.0,77343.1,-1.4,0.14,
17:05:52,77332.0,77343.0,-1.4,0.14,
17:06:07,77339.19,77336.7,0.3,0.14,
17:06:07,77339.19,77343.1,-0.5,0.16,
17:06:07,77339.19,77336.7,0.3,0.17,
17:06:07,77339.19,77336.7,0.3,0.17,
17:06:23,77339.18,77336.7,0.3,0.25,
17:06:23,77339.18,77336.7,0.3,0.35,
17:06:37,77339.19,77336.8,0.3,0.13,
17:06:37,77339.19,77336.7,0.3,0.13,
17:06:37,77339.19,77336.8,0.3,0.15,
17:06:37,77339.19,77336.8,0.3,0.2,
17:06:52,77339.19,77336.8,0.3,0.15,
17:06:52,77339.19,77336.8,0.3,0.15,
17:07:07,77339.19,77340.0,-0.1,0.19,
17:07:07,77339.19,77340.0,-0.1,0.18,
17:07:07,77339.19,77340.0,-0.1,0.21,
17:07:08,77339.19,77340.5,-0.2,0.24,
17:07:22,77339.19,77336.8,0.3,0.15,
17:07:22,77339.18,77336.8,0.3,0.21,
17:07:37,77331.76,77324.9,0.9,0.15,
17:07:37,77331.76,77325.0,0.9,0.19,
17:07:37,77331.76,77325.0,0.9,0.18,
17:07:38,77331.76,77325.0,0.9,0.29,
17:07:52,77330.72,77321.2,1.2,0.12,
17:07:52,77330.72,77321.2,1.2,0.14,
17:08:07,77323.43,77314.0,1.2,0.12,
17:08:07,77323.43,77314.0,1.2,0.21,
17:08:07,77323.43,77314.0,1.2,0.21,
17:08:07,77323.43,77314.0,1.2,0.22,
17:08:22,77332.51,77324.9,1.0,0.13,
17:08:22,77332.51,77324.8,1.0,0.14,
17:08:37,77326.43,77321.1,0.7,0.14,
17:08:37,77326.43,77321.0,0.7,0.14,
17:08:37,77326.43,77321.1,0.7,0.14,
17:08:37,77326.43,77321.1,0.7,0.15,
17:08:52,77323.68,77319.2,0.6,0.12,
17:08:52,77323.68,77319.3,0.6,0.13,
17:09:07,77320.01,77319.3,0.1,0.13,
17:09:07,77320.01,77319.3,0.1,0.14,
17:09:07,77320.01,77319.3,0.1,0.15,
17:09:07,77320.01,77319.2,0.1,0.15,
17:09:22,77320.01,77319.2,0.1,0.14,
17:09:22,77320.01,77319.2,0.1,0.18,
17:09:37,77348.27,77355.3,-0.9,0.14,
17:09:37,77348.27,77332.1,2.1,0.15,
17:09:37,77348.27,77355.3,-0.9,0.14,
17:09:37,77348.27,77355.3,-0.9,0.15,
17:09:52,77347.91,77344.1,0.5,0.15,
17:09:52,77347.91,77344.2,0.5,0.15,
17:10:07,77347.92,77345.1,0.4,0.16,
17:10:07,77347.92,77345.0,0.4,0.17,
17:10:08,77347.92,77345.1,0.4,0.26,
17:10:22,77347.92,77348.2,-0.0,0.16,
17:10:23,77347.91,77348.2,-0.0,0.23,
17:10:37,77347.91,77337.3,1.4,0.16,
17:10:37,77347.91,77337.3,1.4,0.16,
17:10:37,77347.91,77337.3,1.4,0.17,
17:10:38,77347.91,77337.2,1.4,0.28,
17:10:52,77344.45,77342.1,0.3,0.16,
17:10:52,77344.45,77342.1,0.3,0.17,
17:11:07,77344.46,77349.9,-0.7,0.15,
17:11:07,77344.46,77349.9,-0.7,0.15,
17:11:07,77344.46,77349.9,-0.7,0.14,
17:11:07,77344.46,77349.9,-0.7,0.15,
17:11:22,77344.45,77348.4,-0.5,0.16,
17:11:22,77344.45,77348.3,-0.5,0.21,
17:11:37,77347.92,77353.4,-0.7,0.15,
17:11:37,77347.92,77353.4,-0.7,0.16,
17:11:37,77347.92,77353.4,-0.7,0.17,
17:11:37,77347.92,77353.4,-0.7,0.15,
17:11:52,77347.92,77350.1,-0.3,0.16,
17:11:52,77347.92,77350.1,-0.3,0.16,
17:12:07,77347.91,77350.1,-0.3,0.14,
17:12:07,77347.91,77350.2,-0.3,0.15,
17:12:07,77347.91,77350.1,-0.3,0.17,
17:12:08,77347.91,77350.2,-0.3,0.33,
17:12:22,77347.92,77342.0,0.8,0.16,
17:12:37,77347.92,77342.0,0.8,0.14,
17:12:37,77347.92,77342.0,0.8,0.14,
17:12:37,77347.92,77342.0,0.8,0.14,
17:12:37,77347.92,77342.0,0.8,0.14,
17:12:52,77347.91,77342.1,0.8,0.17,
17:12:53,77347.91,77342.0,0.8,0.18,
17:13:07,77347.91,77342.1,0.8,0.16,
17:13:07,77347.91,77342.1,0.8,0.16,
17:13:07,77347.91,77342.1,0.8,0.16,
17:13:08,77347.91,77342.1,0.8,0.26,
17:13:22,77329.47,77323.3,0.8,0.15,
17:13:22,77329.47,77323.3,0.8,0.15,
17:13:37,77329.47,77323.4,0.8,0.15,
17:13:37,77329.47,77323.4,0.8,0.15,
17:13:37,77329.47,77323.4,0.8,0.16,
17:13:37,77329.47,77323.4,0.8,0.14,
17:13:52,77329.48,77329.8,-0.0,0.15,
17:14:07,77329.47,77329.7,-0.0,0.14,
17:14:07,77329.47,77329.8,-0.0,0.14,
17:14:07,77329.47,77329.7,-0.0,0.14,
17:14:07,77329.47,77329.8,-0.0,0.15,
17:14:22,77329.47,77329.8,-0.0,0.14,
17:14:22,77329.47,77329.8,-0.0,0.14,
17:14:37,77329.48,77332.8,-0.4,0.14,
17:14:37,77329.48,77332.8,-0.4,0.15,
17:14:37,77329.48,77332.8,-0.4,0.14,
17:14:37,77329.48,77332.8,-0.4,0.15,
17:14:52,77338.73,77334.2,0.6,0.18,
17:14:52,77338.73,77334.2,0.6,0.17,
17:15:07,77338.73,77334.2,0.6,0.14,
17:15:07,77338.73,77334.2,0.6,0.16,
17:15:07,77338.73,77334.2,0.6,0.13,
17:15:08,77338.73,77334.2,0.6,0.22,
17:15:22,77338.73,77334.3,0.6,0.17,
17:15:22,77338.73,77334.2,0.6,0.16,
17:15:37,77338.74,77340.7,-0.3,0.15,
17:15:37,77338.74,77340.7,-0.3,0.14,
17:15:37,77338.74,77340.8,-0.3,0.15,
17:15:37,77338.74,77340.8,-0.3,0.14,
17:15:52,77338.74,77340.8,-0.3,0.16,
17:15:53,77338.74,77340.8,-0.3,0.18,
17:16:07,77344.33,77347.1,-0.4,0.14,
17:16:07,77344.33,77347.1,-0.4,0.14,
17:16:07,77344.33,77347.1,-0.4,0.14,
17:16:07,77344.33,77347.1,-0.4,0.16,
17:16:51,77324.0,77315.4,1.1,0.25,
17:16:51,77324.0,77315.4,1.1,0.21,
17:17:05,77316.05,77310.2,0.8,0.15,
17:17:05,77316.05,77310.2,0.8,0.15,
17:17:07,77316.06,77310.2,0.8,0.14,
17:17:07,77316.06,77310.2,0.8,0.17,
17:17:20,77308.66,77299.4,1.2,0.13,
17:17:35,77306.22,77299.4,0.9,0.15,
17:17:35,77306.22,77299.3,0.9,0.16,
17:17:37,77306.23,77299.3,0.9,0.13,
17:17:37,77306.23,77299.3,0.9,0.14,
17:17:50,77306.23,77299.4,0.9,0.13,
17:17:50,77306.23,77299.4,0.9,0.13,
17:18:05,77299.35,77293.5,0.8,0.17,
17:18:05,77299.35,77292.0,1.0,0.17,
17:18:07,77311.18,77303.5,1.0,0.16,
17:18:07,77311.18,77303.5,1.0,0.17,
17:18:20,77324.64,77315.4,1.2,0.14,
17:18:20,77324.64,77315.4,1.2,0.15,
17:18:35,77324.64,77323.4,0.2,0.13,
17:18:35,77324.64,77323.3,0.2,0.13,
17:18:37,77330.77,77323.3,1.0,0.13,
17:18:38,77330.77,77326.6,0.5,0.14,
17:18:50,77330.77,77329.8,0.1,0.14,
17:18:50,77330.77,77329.7,0.1,0.15,
17:19:05,77330.77,77329.7,0.1,0.15,
17:19:05,77330.77,77329.8,0.1,0.24,
17:19:07,77330.77,77329.8,0.1,0.14,
17:19:07,77330.77,77329.7,0.1,0.14,
17:19:20,77325.58,77320.2,0.7,0.14,
17:19:20,77325.58,77320.1,0.7,0.17,
17:19:35,77324.65,77319.7,0.6,0.15,
17:19:35,77324.65,77319.7,0.6,0.14,
17:19:37,77324.66,77321.5,0.4,0.17,
17:19:37,77324.66,77321.5,0.4,0.17,
17:19:50,77325.49,77329.5,-0.5,0.13,
17:19:50,77325.49,77329.4,-0.5,0.25,
17:20:05,77329.72,77329.4,0.0,0.13,
17:20:05,77329.72,77329.4,0.0,0.13,
17:20:07,77329.72,77329.4,0.0,0.15,
17:20:07,77329.72,77329.4,0.0,0.15,
17:20:20,77329.73,77329.5,0.0,0.15,
17:20:20,77329.73,77329.5,0.0,0.15,
17:20:35,77340.3,77340.3,0.0,0.14,
17:20:35,77340.3,77340.3,0.0,0.24,
17:20:37,77340.3,77340.2,0.0,0.18,
17:20:38,77340.3,77340.2,0.0,0.32,
17:20:50,77340.29,77340.2,0.0,0.16,
17:20:50,77340.29,77340.3,-0.0,0.21,
17:21:05,77340.3,77336.5,0.5,0.15,
17:21:05,77340.3,77336.6,0.5,0.15,
17:21:07,77340.29,77336.0,0.6,0.2,
17:21:08,77340.29,77336.1,0.5,0.2,
17:21:20,77340.3,77330.2,1.3,0.16,
17:21:20,77340.3,77330.2,1.3,0.25,
17:21:35,77340.29,77335.5,0.6,0.15,
17:21:35,77340.29,77335.5,0.6,0.2,
17:21:37,77340.29,77335.5,0.6,0.19,
17:21:38,77340.29,77335.5,0.6,0.23,
17:21:50,77325.83,77319.9,0.8,0.13,
17:21:50,77325.83,77319.9,0.8,0.14,
17:22:05,77312.01,77309.1,0.4,0.16,
17:22:06,77312.01,77309.0,0.4,0.64,
17:22:07,77312.01,77309.0,0.4,0.15,
17:22:07,77312.01,77309.1,0.4,0.22,
17:22:20,77329.89,77328.7,0.2,0.16,
17:22:20,77329.89,77328.7,0.2,0.19,
17:22:35,77329.88,77328.6,0.2,0.15,
17:22:35,77329.88,77328.7,0.2,0.14,
17:22:37,77329.88,77328.7,0.2,0.15,
17:22:37,77329.88,77328.7,0.2,0.15,
17:22:50,77329.89,77328.6,0.2,0.15,
17:22:50,77329.89,77328.6,0.2,0.21,
17:23:05,77340.29,77334.9,0.7,0.14,
17:23:05,77340.29,77335.0,0.7,0.14,
17:23:07,77340.3,77341.3,-0.1,0.14,
17:23:07,77340.3,77341.2,-0.1,0.14,
17:23:20,77340.29,77341.7,-0.2,0.14,
17:23:20,77340.29,77341.7,-0.2,0.14,
17:23:35,77336.66,77331.7,0.6,0.14,
17:23:35,77336.42,77326.2,1.3,0.24,
17:23:37,77336.03,77326.2,1.3,0.13,
17:23:37,77336.03,77326.2,1.3,0.13,
17:23:50,77336.03,77326.1,1.3,0.22,
17:23:50,77336.03,77326.2,1.3,0.25,
17:24:05,77329.88,77325.0,0.6,0.15,
17:24:05,77329.88,77325.0,0.6,0.14,
17:24:07,77329.88,77325.1,0.6,0.16,
17:24:07,77329.88,77325.1,0.6,0.17,
17:24:20,77346.73,77343.7,0.4,0.16,
17:24:20,77346.73,77343.7,0.4,0.15,
17:24:35,77347.92,77345.2,0.4,0.14,
17:24:35,77347.92,77347.4,0.1,0.16,
17:24:37,77358.13,77360.5,-0.3,0.16,
17:24:37,77358.13,77360.4,-0.3,0.16,
17:24:50,77377.91,77383.3,-0.7,0.14,
17:24:50,77377.91,77383.3,-0.7,0.22,
17:25:05,77377.9,77375.2,0.3,0.16,
17:25:05,77377.9,77375.2,0.3,0.16,
17:25:07,77377.91,77375.3,0.3,0.14,
17:25:07,77377.91,77375.3,0.3,0.14,
17:25:20,77359.83,77353.6,0.8,0.14,
17:25:35,77357.3,77350.9,0.8,0.14,
17:25:35,77357.3,77350.9,0.8,0.15,
17:25:37,77354.15,77344.8,1.2,0.14,
17:25:37,77354.15,77344.8,1.2,0.14,
17:25:50,77347.91,77344.8,0.4,0.13,
17:25:50,77347.91,77344.8,0.4,0.18,
17:26:05,77339.73,77344.8,-0.7,0.14,
17:26:05,77339.73,77344.8,-0.7,0.15,
17:26:07,77339.74,77343.1,-0.4,0.16,
17:26:07,77339.74,77343.2,-0.4,0.16,
17:26:20,77353.57,77351.1,0.3,0.16,
17:26:20,77353.57,77351.1,0.3,0.21,
17:26:35,77353.57,77351.1,0.3,0.16,
17:26:35,77353.57,77351.1,0.3,0.25,
17:26:37,77353.57,77351.2,0.3,0.14,
17:26:38,77353.57,77351.1,0.3,0.24,
17:26:50,77353.58,77351.1,0.3,0.17,
17:26:50,77353.58,77351.1,0.3,0.17,
17:27:05,77353.57,77345.0,1.1,0.23,
17:27:05,77353.57,77345.1,1.1,0.25,
17:27:07,77353.57,77345.0,1.1,0.14,
17:27:07,77353.57,77345.0,1.1,0.14,
17:27:20,77353.57,77354.3,-0.1,0.15,
17:28:04,77353.57,77351.5,0.3,0.29,
17:28:04,77353.57,77351.5,0.3,0.32,
17:28:07,77353.58,77351.5,0.3,0.13,
17:28:07,77353.58,77351.5,0.3,0.15,
17:28:18,77353.58,77351.4,0.3,0.15,
17:28:18,77353.58,77351.5,0.3,0.15,
17:28:33,77353.57,77351.5,0.3,0.15,
17:28:33,77353.57,77351.4,0.3,0.16,
17:28:37,77353.57,77351.5,0.3,0.14,
17:28:37,77353.57,77351.5,0.3,0.16,
17:28:48,77353.57,77351.5,0.3,0.15,
17:28:48,77353.57,77351.4,0.3,0.17,
17:29:03,77353.57,77346.4,0.9,0.15,
17:29:03,77353.57,77346.4,0.9,0.15,
17:29:07,77353.57,77346.4,0.9,0.14,
17:29:07,77353.57,77346.3,0.9,0.15,
17:29:18,77352.64,77346.3,0.8,0.15,
17:29:18,77352.64,77346.4,0.8,0.17,
17:29:33,77346.8,77346.4,0.1,0.15,
17:29:37,77346.81,77346.3,0.1,0.15,
17:29:37,77346.81,77346.4,0.1,0.18,
17:29:48,77346.8,77346.3,0.1,0.15,
17:29:48,77346.8,77346.3,0.1,0.15,
17:30:03,77335.01,77325.3,1.3,0.14,
17:30:03,77335.01,77325.4,1.2,0.14,
17:30:07,77328.66,77325.4,0.4,0.16,
17:30:18,77328.66,77325.4,0.4,0.14,
17:30:18,77328.66,77325.4,0.4,0.17,
17:30:33,77306.48,77304.5,0.3,0.13,
17:30:33,77306.48,77304.5,0.3,0.15,
17:31:08,77320.91,77323.1,-0.3,0.18,
17:31:08,77320.91,77323.2,-0.3,0.18,
17:31:09,77320.92,77323.1,-0.3,0.15,
17:31:09,77320.92,77323.1,-0.3,0.17,
17:31:24,77320.92,77328.7,-1.0,0.13,
17:31:24,77320.92,77328.6,-1.0,0.13,
17:31:35,77320.91,77318.3,0.3,0.13,
17:31:35,77320.91,77318.3,0.3,0.14,
17:31:39,77320.18,77318.4,0.2,0.14,
17:31:39,77320.18,77318.4,0.2,0.14,
17:31:54,77319.4,77314.6,0.6,0.15,
17:31:54,77319.4,77314.6,0.6,0.16,
17:32:05,77315.28,77314.7,0.1,0.15,
17:32:05,77315.28,77314.6,0.1,0.22,
17:32:09,77315.28,77314.6,0.1,0.14,
17:32:09,77315.28,77314.6,0.1,0.15,
17:32:24,77315.27,77314.7,0.1,0.14,
17:32:24,77315.27,77314.7,0.1,0.14,
17:32:35,77311.61,77309.9,0.2,0.13,
17:32:35,77311.61,77309.8,0.2,0.14,
17:32:39,77311.6,77309.9,0.2,0.24,
17:32:39,77311.6,77309.8,0.2,0.25,
17:32:54,77311.6,77309.8,0.2,0.13,
17:32:54,77311.6,77309.8,0.2,0.14,
17:33:05,77311.61,77309.9,0.2,0.13,
17:33:05,77311.61,77309.8,0.2,0.13,
17:33:09,77311.61,77309.8,0.2,0.13,
17:33:09,77311.61,77309.8,0.2,0.14,
17:33:24,77315.47,77323.6,-1.1,0.13,
17:33:24,77315.47,77323.5,-1.0,0.12,
17:33:35,77315.46,77314.5,0.1,0.14,
17:33:35,77315.46,77314.6,0.1,0.13,
17:33:39,77315.46,77314.5,0.1,0.15,
17:33:39,77315.46,77314.5,0.1,0.24,
17:33:54,77315.46,77314.5,0.1,0.13,
17:33:54,77315.46,77314.6,0.1,0.14,
17:34:05,77315.46,77321.9,-0.8,0.14,
17:34:05,77315.46,77321.9,-0.8,0.14,
17:34:09,77315.47,77321.9,-0.8,0.13,
17:34:09,77315.47,77321.9,-0.8,0.15,
17:34:24,77315.47,77317.5,-0.3,0.15,
17:34:24,77315.47,77317.5,-0.3,0.15,
17:34:35,77315.46,77312.3,0.4,0.15,
17:34:36,77315.46,77312.4,0.4,0.26,
17:34:39,77315.47,77312.4,0.4,0.13,
17:34:39,77315.47,77312.4,0.4,0.13,
17:34:54,77315.46,77312.6,0.4,0.15,
17:34:54,77315.46,77312.7,0.4,0.25,
17:35:05,77315.47,77313.7,0.2,0.13,
17:35:09,77315.46,77313.8,0.2,0.11,
17:35:09,77315.46,77313.7,0.2,0.13,
17:35:24,77315.47,77313.7,0.2,0.13,
17:35:24,77315.47,77313.7,0.2,0.19,
17:35:35,77315.46,77313.8,0.2,0.15,
17:35:35,77315.46,77313.7,0.2,0.15,
17:35:39,77315.46,77313.8,0.2,0.24,
17:35:39,77315.46,77313.7,0.2,0.24,
17:36:24,77298.42,77300.3,-0.2,0.17,
17:36:24,77298.42,77300.3,-0.2,0.18,
17:36:35,77298.43,77300.2,-0.2,0.12,
17:36:35,77298.43,77300.2,-0.2,0.12,
17:36:36,77298.43,77300.2,-0.2,0.13,
17:36:36,77298.43,77300.2,-0.2,0.13,
17:36:51,77302.17,77303.2,-0.1,0.13,
17:36:51,77302.17,77303.2,-0.1,0.23,
17:37:32,77322.51,77315.3,0.9,0.3,
17:37:32,77322.51,77315.4,0.9,0.37,
17:37:32,77322.51,77315.3,0.9,0.22,
17:37:32,77322.51,77315.3,0.9,0.16,
17:37:47,77325.82,77315.4,1.3,0.2,
17:37:48,77325.81,77315.3,1.4,0.4,
17:38:02,77325.81,77315.4,1.3,0.16,
17:38:02,77325.81,77315.4,1.3,0.16,
17:38:02,77325.81,77315.4,1.3,0.15,
17:38:02,77325.81,77315.4,1.3,0.14,
17:38:48,77304.62,77297.6,0.9,0.17,
17:38:48,77304.62,77290.1,1.9,0.17,
17:39:00,77292.01,77286.2,0.8,0.13,
17:39:00,77292.01,77286.2,0.8,0.14,
17:39:02,77292.02,77286.3,0.7,0.13,
17:39:15,77292.01,77290.0,0.3,0.14,
17:39:15,77292.01,77290.1,0.2,0.14,
17:39:30,77292.02,77280.0,1.6,0.14,
17:39:30,77292.02,77280.0,1.6,0.15,
17:39:32,77292.01,77280.0,1.6,0.15,
17:39:32,77292.01,77280.0,1.6,0.15,
17:39:45,77285.55,77271.2,1.9,0.17,
17:39:45,77285.55,77271.2,1.9,0.2,
17:40:00,77275.24,77278.7,-0.4,0.13,
17:40:00,77275.24,77278.6,-0.4,0.15,
17:40:02,77275.23,77278.7,-0.4,0.15,
17:40:02,77275.23,77278.7,-0.4,0.19,
17:40:15,77275.23,77276.9,-0.2,0.14,
17:40:15,77275.23,77276.8,-0.2,0.14,
17:40:30,77275.24,77275.0,0.0,0.15,
17:40:30,77275.24,77275.0,0.0,0.14,
17:40:32,77275.24,77275.1,0.0,0.13,
17:40:32,77275.24,77275.1,0.0,0.19,
17:40:45,77275.24,77275.0,0.0,0.14,
17:40:45,77275.24,77275.1,0.0,0.15,
17:41:00,77275.23,77259.8,2.0,0.14,
17:41:00,77275.23,77259.8,2.0,0.18,
17:41:02,77275.23,77259.9,2.0,0.17,
17:41:02,77275.23,77259.8,2.0,0.43,
17:41:15,77275.23,77270.3,0.6,0.32,
17:41:15,77275.23,77270.3,0.6,0.36,
17:41:30,77275.24,77278.5,-0.4,0.2,
17:41:30,77275.24,77278.4,-0.4,0.29,
17:41:32,77275.24,77278.4,-0.4,0.2,
17:41:32,77275.24,77278.4,-0.4,0.26,
17:41:45,77275.23,77278.5,-0.4,0.21,
17:41:45,77275.23,77278.4,-0.4,0.26,
17:42:00,77275.23,77278.5,-0.4,0.23,
17:42:00,77275.23,77278.5,-0.4,0.25,
17:42:02,77275.24,77278.5,-0.4,0.17,
17:42:02,77275.24,77278.5,-0.4,0.23,
17:42:15,77275.23,77278.5,-0.4,0.16,
17:42:15,77275.23,77278.5,-0.4,0.15,
17:42:30,77275.23,77267.8,1.0,0.13,
17:42:32,77275.23,77267.8,1.0,0.14,
17:42:32,77275.23,77267.7,1.0,0.14,
17:42:45,77275.23,77284.4,-1.2,0.13,
17:42:45,77275.23,77284.4,-1.2,0.13,
17:43:00,77279.94,77284.4,-0.6,0.14,
17:43:00,77279.94,77284.4,-0.6,0.15,
17:43:02,77279.94,77284.3,-0.6,0.14,
17:43:02,77279.94,77284.3,-0.6,0.17,
17:43:15,77279.93,77284.4,-0.6,0.13,
17:43:15,77279.93,77284.3,-0.6,0.13,
17:43:30,77279.93,77284.1,-0.5,0.13,
17:43:30,77279.93,77284.2,-0.6,0.19,
17:43:32,77279.93,77278.3,0.2,0.13,
17:43:32,77279.93,77278.3,0.2,0.14,
17:43:45,77279.93,77278.2,0.2,0.14,
17:43:45,77279.93,77278.3,0.2,0.15,
17:44:00,77279.94,77277.3,0.3,0.13,
17:44:00,77279.94,77277.3,0.3,0.16,
17:44:02,77279.94,77277.4,0.3,0.13,
17:44:02,77279.94,77277.3,0.3,0.13,
17:44:15,77279.94,77272.8,0.9,0.16,
17:44:15,77279.94,77272.9,0.9,0.22,
17:44:30,77279.93,77274.9,0.7,0.2,
17:44:30,77279.93,77275.0,0.6,0.21,
17:44:32,77279.94,77275.0,0.6,0.16,
17:44:32,77279.94,77275.0,0.6,0.17,
17:44:45,77279.94,77275.0,0.6,0.17,
17:44:45,77279.94,77274.9,0.7,0.2,
17:45:00,77279.94,77268.9,1.4,0.22,
17:45:00,77279.94,77268.8,1.4,0.27,
17:45:02,77279.94,77268.8,1.4,0.24,
17:45:02,77279.94,77268.8,1.4,0.34,
17:45:15,77279.93,77268.9,1.4,0.15,
17:45:15,77279.93,77268.8,1.4,0.16,
17:45:30,77263.35,77258.0,0.7,0.13,
17:45:32,77263.35,77258.1,0.7,0.13,
17:45:32,77263.35,77258.1,0.7,0.14,
17:45:45,77250.01,77236.7,1.7,0.13,
17:45:45,77250.01,77236.7,1.7,0.13,
17:46:00,77244.84,77238.0,0.9,0.13,
17:46:00,77244.84,77237.9,0.9,0.13,
17:46:02,77244.85,77237.9,0.9,0.14,
17:46:02,77244.85,77237.9,0.9,0.17,
17:46:15,77244.84,77238.0,0.9,0.14,
17:46:30,77222.76,77219.1,0.5,0.16,
17:46:30,77222.76,77219.1,0.5,0.16,
17:46:32,77222.76,77215.1,1.0,0.24,
17:46:32,77222.76,77215.0,1.0,0.21,
17:46:45,77218.66,77209.1,1.2,0.14,
17:46:45,77218.66,77209.1,1.2,0.14,
17:47:00,77207.62,77209.1,-0.2,0.15,
17:47:00,77207.62,77209.1,-0.2,0.14,
17:47:02,77207.63,77209.0,-0.2,0.18,
17:47:02,77207.63,77209.1,-0.2,0.27,
17:47:15,77207.62,77205.4,0.3,0.13,
17:47:15,77207.62,77205.4,0.3,0.14,
17:47:30,77205.6,77200.1,0.7,0.17,
17:47:30,77205.6,77200.2,0.7,0.17,
17:47:32,77205.6,77200.0,0.7,0.15,
17:47:32,77205.6,77200.1,0.7,0.19,
17:47:45,77203.68,77194.9,1.1,0.19,
17:47:45,77203.68,77195.0,1.1,0.19,
17:48:00,77211.7,77204.5,0.9,0.16,
17:48:00,77211.7,77204.5,0.9,0.17,
17:48:02,77218.66,77218.1,0.1,0.15,
17:48:02,77218.66,77218.1,0.1,0.15,
17:48:45,77218.65,77218.8,-0.0,0.26,
17:48:45,77218.65,77218.8,-0.0,0.25,
17:48:58,77218.65,77206.7,1.5,0.15,
17:48:58,77218.65,77206.7,1.5,0.21,
17:49:02,77218.66,77206.6,1.6,0.2,

17:49:13,77213.34,77206.7,0.9,0.14,
17:49:13,77213.34,77206.6,0.9,0.26,
17:49:28,77207.39,77204.4,0.4,0.15,
17:49:28,77207.39,77204.4,0.4,0.15,
17:49:32,77207.4,77204.4,0.4,0.13,
17:49:32,77207.4,77204.5,0.4,0.13,
17:49:43,77207.39,77202.8,0.6,0.13,
17:49:43,77207.39,77202.8,0.6,0.13,
17:49:58,77205.66,77195.1,1.4,0.14,
17:49:58,77205.66,77195.1,1.4,0.13,
17:50:02,77200.15,77192.7,1.0,0.13,
17:50:02,77200.15,77192.7,1.0,0.12,
17:50:13,77200.16,77199.9,0.0,0.17,
17:50:13,77200.16,77200.0,0.0,0.16,
17:50:28,77206.54,77214.7,-1.1,0.24,
17:50:28,77206.54,77214.6,-1.0,0.24,
17:50:32,77206.54,77214.7,-1.1,0.14,
17:50:32,77206.54,77214.7,-1.1,0.14,
17:50:43,77206.55,77214.6,-1.0,0.15,
17:50:43,77206.55,77214.6,-1.0,0.15,
17:50:58,77206.55,77214.7,-1.1,0.14,
17:50:58,77206.55,77214.7,-1.1,0.14,
17:51:02,77206.55,77214.7,-1.1,0.15,
17:51:02,77206.55,77214.6,-1.0,0.15,
17:51:13,77222.06,77225.0,-0.4,0.13,
17:51:13,77222.06,77225.0,-0.4,0.16,
17:51:28,77222.06,77224.8,-0.4,0.22,
17:51:28,77222.06,77224.8,-0.4,0.29,
17:51:32,77222.06,77224.9,-0.4,0.22,
17:51:32,77222.06,77224.9,-0.4,0.32,
17:51:43,77222.05,77230.0,-1.0,0.21,
17:51:43,77222.05,77229.9,-1.0,0.41,
17:51:58,77228.21,77235.2,-0.9,0.25,
17:51:59,77228.21,77229.9,-0.2,0.42,
17:52:02,77228.21,77235.3,-0.9,0.21,
17:52:02,77228.21,77235.3,-0.9,0.29,
17:52:13,77216.27,77220.9,-0.6,0.17,
17:52:13,77216.27,77220.9,-0.6,0.22,
17:52:28,77216.28,77211.9,0.6,0.15,
17:52:28,77216.28,77211.9,0.6,0.17,
17:52:32,77216.27,77211.8,0.6,0.15,
17:52:32,77216.27,77211.8,0.6,0.15,
17:52:43,77216.28,77211.9,0.6,0.14,
17:52:58,77216.28,77219.3,-0.4,0.14,
17:52:58,77216.28,77219.3,-0.4,0.16,
17:53:02,77216.27,77219.4,-0.4,0.13,
17:53:02,77216.27,77219.3,-0.4,0.15,
17:53:13,77216.28,77219.3,-0.4,0.14,
17:53:13,77216.28,77219.3,-0.4,0.17,
17:53:58,77221.61,77224.7,-0.4,0.21,
17:53:58,77221.61,77224.7,-0.4,0.2,
17:54:02,77221.62,77224.8,-0.4,0.14,
17:54:02,77221.62,77224.8,-0.4,0.13,
17:54:11,77221.61,77224.8,-0.4,0.13,
17:54:11,77221.62,77224.7,-0.4,0.23,
17:54:26,77221.61,77219.5,0.3,0.13,
17:54:26,77221.61,77219.5,0.3,0.13,
17:54:32,77221.62,77219.6,0.3,0.14,
17:54:32,77221.62,77219.6,0.3,0.16,
17:54:41,77221.62,77219.5,0.3,0.14,
17:54:56,77221.61,77219.6,0.3,0.14,
17:54:56,77221.61,77219.6,0.3,0.19,
17:55:02,77221.61,77219.6,0.3,0.13,
17:55:02,77221.61,77219.6,0.3,0.13,
17:55:11,77221.61,77219.6,0.3,0.13,
17:55:11,77221.61,77219.5,0.3,0.13,
17:55:26,77221.62,77223.0,-0.2,0.14,
17:55:26,77221.62,77221.8,-0.0,0.14,
17:55:32,77232.75,77235.3,-0.3,0.15,
17:55:32,77232.75,77235.3,-0.3,0.19,
17:55:41,77232.76,77235.2,-0.3,0.13,
17:55:41,77232.76,77235.2,-0.3,0.13,
17:55:56,77232.76,77230.1,0.3,0.13,
17:55:56,77232.76,77230.1,0.3,0.14,
17:56:02,77232.75,77235.2,-0.3,0.4,
17:56:02,77232.75,77230.2,0.3,0.4,
17:56:11,77232.75,77235.1,-0.3,0.13,
17:56:11,77232.75,77235.1,-0.3,0.13,
17:56:58,77241.1,77236.8,0.6,0.18,
17:56:58,77241.1,77236.8,0.6,0.18,
17:57:02,77241.09,77236.8,0.6,0.13,
17:57:02,77241.09,77236.9,0.5,0.13,
17:57:11,77241.09,77236.8,0.6,0.13,
17:57:11,77241.09,77236.8,0.6,0.13,
