time,name,price,chg_24h_pct,vol_24h_usdt,high,low,signal
23:53:20,DOGE,0.10691,3.27,191345126.0,0.10841,0.10096,Y
23:53:20,SHIB,6.32e-06,3.61,10259404.0,6.38e-06,6e-06,
23:53:20,PEPE,3.89e-06,1.57,49264410.0,3.95e-06,3.74e-06,
23:53:20,FLOKI,3.251e-05,1.91,3489002.0,3.284e-05,3.109e-05,
23:53:20,BONK,6.24e-06,1.46,5100168.0,6.3e-06,5.98e-06,
23:53:20,WIF,0.189,8.0,6694519.0,0.189,0.171,
23:53:20,BOME,0.00053,5.16,1287322.0,0.00053,0.000483,
23:53:20,NEIRO,8.92e-05,2.39,3181973.0,9.111e-05,8.45e-05,
23:53:20,PENGU,0.009924,2.36,40524362.0,0.010009,0.009319,
23:53:55,DOGE,0.10687,3.25,191266641.0,0.10841,0.10096,Y
23:53:55,SHIB,6.31e-06,3.44,10242808.0,6.38e-06,6e-06,
23:53:55,PEPE,3.89e-06,1.57,49202650.0,3.95e-06,3.74e-06,
23:53:55,FLOKI,3.251e-05,2.04,3487527.0,3.284e-05,3.109e-05,
23:53:55,BONK,6.24e-06,1.46,5100005.0,6.3e-06,5.98e-06,
23:53:55,WIF,0.189,8.0,6635577.0,0.189,0.171,
23:53:55,BOME,0.00053,5.37,1288717.0,0.00053,0.000483,
23:53:55,NEIRO,8.924e-05,2.71,3180731.0,9.111e-05,8.45e-05,
23:53:55,PENGU,0.009919,2.55,40535922.0,0.010009,0.009319,
23:55:55,DOGE,0.10723,3.88,191066255.0,0.10841,0.10096,Y
23:55:55,SHIB,6.31e-06,3.61,10206462.0,6.38e-06,6e-06,
23:55:55,PEPE,3.89e-06,1.83,49067246.0,3.95e-06,3.74e-06,
23:55:55,FLOKI,3.256e-05,2.29,3487410.0,3.284e-05,3.109e-05,
23:55:55,BONK,6.26e-06,1.95,5100977.0,6.3e-06,5.98e-06,
23:55:55,WIF,0.189,7.39,6686474.0,0.19,0.171,
23:55:55,BOME,0.000533,5.96,1289401.0,0.000533,0.000483,
23:55:55,NEIRO,8.943e-05,3.02,3174598.0,9.111e-05,8.45e-05,
23:55:55,PENGU,0.009945,2.49,40427605.0,0.010009,0.009319,
23:56:54,DOGE,0.10722,3.95,190465735.0,0.10841,0.10096,Y
23:56:54,SHIB,6.32e-06,3.95,10202967.0,6.38e-06,6e-06,
23:56:54,PEPE,3.9e-06,2.36,48895407.0,3.95e-06,3.74e-06,
23:56:54,FLOKI,3.257e-05,2.36,3485946.0,3.284e-05,3.109e-05,
23:56:54,BONK,6.27e-06,2.12,5128414.0,6.3e-06,5.98e-06,
23:56:54,WIF,0.19,7.96,6689807.0,0.19,0.171,
23:56:54,BOME,0.000533,5.96,1291055.0,0.000533,0.000483,
23:56:54,NEIRO,8.945e-05,2.91,3177323.0,9.111e-05,8.45e-05,
23:56:54,PENGU,0.009948,2.94,40395413.0,0.010009,0.009319,
23:57:55,DOGE,0.1072,3.96,190120667.0,0.10841,0.10096,Y
23:57:55,SHIB,6.33e-06,3.94,10207998.0,6.38e-06,6e-06,
23:57:55,PEPE,3.9e-06,2.36,48810688.0,3.95e-06,3.74e-06,
23:57:55,FLOKI,3.259e-05,2.32,3486893.0,3.284e-05,3.109e-05,
23:57:55,BONK,6.27e-06,2.12,5128703.0,6.3e-06,5.98e-06,
23:57:55,WIF,0.189,7.39,6689957.0,0.19,0.171,
23:57:55,BOME,0.000532,5.76,1294436.0,0.000533,0.000483,
23:57:55,NEIRO,8.936e-05,2.81,3178054.0,9.111e-05,8.45e-05,
23:57:55,PENGU,0.009951,3.12,40449743.0,0.010009,0.009319,
23:58:55,DOGE,0.10715,3.87,189996693.0,0.10841,0.10096,Y
23:58:55,SHIB,6.33e-06,3.94,10206460.0,6.38e-06,6e-06,
23:58:55,PEPE,3.9e-06,2.09,48745070.0,3.95e-06,3.74e-06,
23:58:55,FLOKI,3.257e-05,2.26,3487466.0,3.284e-05,3.109e-05,
23:58:55,BONK,6.27e-06,2.12,5126357.0,6.3e-06,5.98e-06,
23:58:55,WIF,0.19,7.96,6705357.0,0.19,0.171,
23:58:55,BOME,0.00053,5.37,1295980.0,0.000533,0.000483,
23:58:55,NEIRO,8.92e-05,2.54,3175069.0,9.111e-05,8.45e-05,
23:58:55,PENGU,0.009946,2.68,40352636.0,0.010009,0.009319,
23:59:55,DOGE,0.10717,3.76,189936740.0,0.10841,0.10096,Y
23:59:55,SHIB,6.32e-06,3.61,10206399.0,6.38e-06,6e-06,
23:59:55,PEPE,3.89e-06,1.83,48743041.0,3.95e-06,3.74e-06,
23:59:55,FLOKI,3.255e-05,2.13,3488261.0,3.284e-05,3.109e-05,
23:59:55,BONK,6.26e-06,1.95,5132477.0,6.3e-06,5.98e-06,
23:59:55,WIF,0.189,8.0,6707586.0,0.19,0.171,
23:59:55,BOME,0.000529,5.17,1295562.0,0.000533,0.000483,
23:59:55,NEIRO,8.918e-05,2.39,3175977.0,9.111e-05,8.45e-05,
23:59:55,PENGU,0.009936,2.71,40285033.0,0.010009,0.009319,
00:00:55,DOGE,0.10711,3.76,189210249.0,0.10841,0.10096,Y
00:00:55,SHIB,6.33e-06,3.94,10200886.0,6.38e-06,6e-06,
00:00:55,PEPE,3.89e-06,1.83,48637250.0,3.95e-06,3.74e-06,
00:00:55,FLOKI,3.254e-05,2.23,3488351.0,3.284e-05,3.109e-05,
00:00:55,BONK,6.26e-06,2.12,5132408.0,6.3e-06,5.98e-06,
00:00:55,WIF,0.189,8.0,6724968.0,0.19,0.171,
00:00:55,BOME,0.000531,5.36,1297115.0,0.000533,0.000483,
00:00:55,NEIRO,8.918e-05,2.39,3176320.0,9.111e-05,8.45e-05,
00:00:55,PENGU,0.009906,2.73,40276333.0,0.010009,0.009319,
00:01:54,DOGE,0.10688,3.51,189907655.0,0.10841,0.10096,Y
00:01:54,SHIB,6.32e-06,3.61,10196979.0,6.38e-06,6e-06,
00:01:54,PEPE,3.88e-06,1.57,48599714.0,3.95e-06,3.74e-06,
00:01:54,FLOKI,3.25e-05,1.91,3488222.0,3.284e-05,3.109e-05,
00:01:54,BONK,6.25e-06,1.63,5125874.0,6.3e-06,5.98e-06,
00:01:54,WIF,0.189,7.39,6735981.0,0.19,0.171,
00:01:54,BOME,0.00053,4.95,1295875.0,0.000533,0.000483,
00:01:54,NEIRO,8.877e-05,1.81,3168733.0,9.111e-05,8.45e-05,
00:01:54,PENGU,0.009862,2.31,39930961.0,0.010009,0.009319,
00:02:55,DOGE,0.10682,3.4,190317930.0,0.10841,0.10096,Y
00:02:55,SHIB,6.31e-06,3.44,10195663.0,6.38e-06,6e-06,
00:02:55,PEPE,3.88e-06,1.3,48555206.0,3.95e-06,3.74e-06,
00:02:55,FLOKI,3.25e-05,1.85,3487976.0,3.284e-05,3.109e-05,
00:02:55,BONK,6.25e-06,1.63,5126852.0,6.3e-06,5.98e-06,
00:02:55,WIF,0.188,7.43,6747097.0,0.19,0.171,
00:02:55,BOME,0.000531,5.15,1296038.0,0.000533,0.000483,
00:02:55,NEIRO,8.913e-05,2.04,3172379.0,9.111e-05,8.45e-05,
00:02:55,PENGU,0.00989,2.48,39916554.0,0.010009,0.009319,
00:03:54,DOGE,0.10687,3.44,189799173.0,0.10841,0.10096,Y
00:03:54,SHIB,6.33e-06,3.6,10189820.0,6.38e-06,6e-06,
00:03:54,PEPE,3.89e-06,1.83,48545174.0,3.95e-06,3.74e-06,
00:03:54,FLOKI,3.253e-05,1.72,3491072.0,3.284e-05,3.109e-05,
00:03:54,BONK,6.25e-06,1.63,5125580.0,6.3e-06,5.98e-06,
00:03:54,WIF,0.189,7.39,6749790.0,0.19,0.171,
00:03:54,BOME,0.000531,5.15,1296514.0,0.000533,0.000483,
00:03:54,NEIRO,8.917e-05,1.73,3167091.0,9.111e-05,8.45e-05,
00:03:54,PENGU,0.009898,2.41,39890261.0,0.010009,0.009319,
00:04:54,DOGE,0.10702,3.33,189545492.0,0.10841,0.10096,Y
00:04:54,SHIB,6.34e-06,3.6,10189914.0,6.38e-06,6e-06,
00:04:54,PEPE,3.89e-06,1.3,48410523.0,3.95e-06,3.74e-06,
00:04:54,FLOKI,3.26e-05,1.72,3480264.0,3.284e-05,3.109e-05,
00:04:54,BONK,6.26e-06,1.46,5101694.0,6.3e-06,5.98e-06,
00:04:54,WIF,0.189,7.39,6733927.0,0.19,0.171,
00:04:54,BOME,0.000533,5.34,1297849.0,0.000534,0.000483,
00:04:54,NEIRO,8.949e-05,1.94,3167149.0,9.111e-05,8.45e-05,
00:04:54,PENGU,0.009926,2.5,39889805.0,0.010009,0.009319,
00:05:56,DOGE,0.10698,3.08,189383722.0,0.10841,0.10096,Y
00:05:56,SHIB,6.33e-06,3.43,10186946.0,6.38e-06,6e-06,
00:05:56,PEPE,3.89e-06,1.3,48409028.0,3.95e-06,3.74e-06,
00:05:56,FLOKI,3.26e-05,1.59,3484566.0,3.284e-05,3.109e-05,
00:05:56,BONK,6.26e-06,1.46,5101271.0,6.3e-06,5.98e-06,
00:05:56,WIF,0.189,7.39,6800012.0,0.19,0.171,
00:05:56,BOME,0.000532,4.72,1296836.0,0.000535,0.000483,
00:05:56,NEIRO,8.946e-05,1.86,3168461.0,9.111e-05,8.45e-05,
00:05:56,PENGU,0.009919,2.13,39854132.0,0.010009,0.009319,
00:06:55,DOGE,0.10704,3.1,189064040.0,0.10841,0.10096,Y
00:06:55,SHIB,6.34e-06,3.6,10176510.0,6.38e-06,6e-06,
00:06:55,PEPE,3.89e-06,1.3,48357774.0,3.95e-06,3.74e-06,
00:06:55,FLOKI,3.263e-05,1.71,3483664.0,3.284e-05,3.109e-05,
00:06:55,BONK,6.27e-06,1.62,5101349.0,6.3e-06,5.98e-06,
00:06:55,WIF,0.189,7.39,6825083.0,0.19,0.171,
00:06:55,BOME,0.000534,5.33,1296240.0,0.000535,0.000483,
00:06:55,NEIRO,8.943e-05,1.67,3167749.0,9.111e-05,8.45e-05,
00:06:55,PENGU,0.009915,1.98,39857102.0,0.010009,0.009319,
00:07:54,DOGE,0.10701,3.16,188767349.0,0.10841,0.10096,Y
00:07:54,SHIB,6.34e-06,3.76,10173395.0,6.38e-06,6e-06,
00:07:54,PEPE,3.89e-06,1.3,48239133.0,3.95e-06,3.74e-06,
00:07:54,FLOKI,3.261e-05,1.72,3478805.0,3.284e-05,3.109e-05,
00:07:54,BONK,6.27e-06,1.62,5097241.0,6.3e-06,5.98e-06,
00:07:54,WIF,0.189,6.78,6825122.0,0.19,0.171,
00:07:54,BOME,0.000533,5.13,1300083.0,0.000535,0.000483,
00:07:54,NEIRO,8.956e-05,1.89,3160339.0,9.111e-05,8.45e-05,
00:07:54,PENGU,0.009918,2.02,39756227.0,0.010009,0.009319,
00:08:54,DOGE,0.10709,3.41,188215596.0,0.10841,0.10096,Y
00:08:54,SHIB,6.33e-06,3.43,10076340.0,6.38e-06,6e-06,
00:08:54,PEPE,3.89e-06,1.3,48238265.0,3.95e-06,3.74e-06,
00:08:54,FLOKI,3.263e-05,1.78,3480539.0,3.284e-05,3.109e-05,
00:08:54,BONK,6.26e-06,1.46,5095621.0,6.3e-06,5.98e-06,
00:08:54,WIF,0.19,7.96,6825165.0,0.19,0.171,
00:08:54,BOME,0.000534,5.12,1297903.0,0.000535,0.000483,
00:08:54,NEIRO,8.957e-05,1.86,3157437.0,9.111e-05,8.45e-05,
00:08:54,PENGU,0.009924,2.1,39734915.0,0.010009,0.009319,
00:09:54,DOGE,0.10693,3.18,188197641.0,0.10841,0.10096,Y
00:09:54,SHIB,6.34e-06,3.6,10077422.0,6.38e-06,6e-06,
00:09:54,PEPE,3.9e-06,1.56,48230844.0,3.95e-06,3.74e-06,
00:09:54,FLOKI,3.259e-05,1.62,3482756.0,3.284e-05,3.109e-05,
00:09:54,BONK,6.26e-06,1.46,5086838.0,6.3e-06,5.98e-06,
00:09:54,WIF,0.19,7.34,6825438.0,0.19,0.171,
00:09:54,BOME,0.000533,4.92,1296515.0,0.000535,0.000483,
00:09:54,NEIRO,8.929e-05,1.63,3163822.0,9.111e-05,8.45e-05,
00:09:54,PENGU,0.009886,1.75,39843518.0,0.010009,0.009319,
00:10:54,DOGE,0.10703,3.21,188286400.0,0.10841,0.10096,Y
00:10:54,SHIB,6.33e-06,3.43,10078981.0,6.38e-06,6e-06,
00:10:54,PEPE,3.9e-06,1.56,48179295.0,3.95e-06,3.74e-06,
00:10:54,FLOKI,3.261e-05,1.65,3493539.0,3.284e-05,3.109e-05,
00:10:54,BONK,6.26e-06,1.29,5085859.0,6.3e-06,5.98e-06,
00:10:54,WIF,0.19,7.34,6840068.0,0.191,0.171,
00:10:54,BOME,0.000533,4.92,1295675.0,0.000535,0.000483,
00:10:54,NEIRO,8.942e-05,1.58,3160679.0,9.111e-05,8.45e-05,
00:10:54,PENGU,0.009902,1.75,39808668.0,0.010009,0.009319,
00:11:55,DOGE,0.10698,3.27,188246005.0,0.10841,0.10096,Y
00:11:55,SHIB,6.33e-06,3.43,10078938.0,6.38e-06,6e-06,
00:11:55,PEPE,3.89e-06,1.3,48096450.0,3.95e-06,3.74e-06,
00:11:55,FLOKI,3.26e-05,1.68,3485519.0,3.284e-05,3.109e-05,
00:11:55,BONK,6.26e-06,1.29,5074489.0,6.3e-06,5.98e-06,
00:11:55,WIF,0.19,7.34,6839512.0,0.191,0.171,
00:11:55,BOME,0.000534,5.12,1297781.0,0.000535,0.000483,
00:11:55,NEIRO,8.944e-05,1.71,3160085.0,9.111e-05,8.45e-05,
00:11:55,PENGU,0.009906,2.21,39779111.0,0.010009,0.009319,
00:12:54,DOGE,0.10692,3.33,188299474.0,0.10841,0.10096,Y
00:12:54,SHIB,6.33e-06,3.43,10091254.0,6.38e-06,6e-06,
00:12:54,PEPE,3.89e-06,1.3,48093912.0,3.95e-06,3.74e-06,
00:12:54,FLOKI,3.257e-05,1.69,3485356.0,3.284e-05,3.109e-05,
00:12:54,BONK,6.26e-06,1.46,5065779.0,6.3e-06,5.98e-06,
00:12:54,WIF,0.19,7.96,6887546.0,0.191,0.171,
00:12:54,BOME,0.000533,4.92,1297744.0,0.000535,0.000483,
00:12:54,NEIRO,8.936e-05,1.57,3159859.0,9.111e-05,8.45e-05,
00:12:54,PENGU,0.009929,2.67,39742813.0,0.010009,0.009319,
00:13:56,DOGE,0.10713,3.55,188422619.0,0.10841,0.10096,Y
00:13:56,SHIB,6.34e-06,3.76,10112355.0,6.38e-06,6e-06,
00:13:56,PEPE,3.9e-06,1.56,48081622.0,3.95e-06,3.74e-06,
00:13:56,FLOKI,3.259e-05,1.75,3482929.0,3.284e-05,3.109e-05,
00:13:56,BONK,6.27e-06,1.79,5016265.0,6.3e-06,5.98e-06,
00:13:56,WIF,0.19,7.96,6914002.0,0.191,0.171,
00:13:56,BOME,0.000534,5.12,1298248.0,0.000535,0.000483,
00:13:56,NEIRO,8.95e-05,1.66,3158552.0,9.111e-05,8.45e-05,
00:13:56,PENGU,0.00996,3.05,39704868.0,0.010009,0.009319,
00:15:54,DOGE,0.10696,3.46,188519602.0,0.10841,0.10096,Y
00:15:54,SHIB,6.33e-06,3.43,10110208.0,6.38e-06,6e-06,
00:15:54,PEPE,3.9e-06,1.3,47978056.0,3.95e-06,3.74e-06,
00:15:54,FLOKI,3.256e-05,1.53,3474167.0,3.284e-05,3.109e-05,
00:15:54,BONK,6.25e-06,1.46,5018084.0,6.3e-06,5.98e-06,
00:15:54,WIF,0.189,7.39,6916435.0,0.191,0.171,
00:15:54,BOME,0.000531,4.73,1306180.0,0.000535,0.000483,
00:15:54,NEIRO,8.927e-05,1.5,3138434.0,9.111e-05,8.45e-05,
00:15:54,PENGU,0.00993,2.07,39667814.0,0.010009,0.009319,
00:16:55,DOGE,0.10685,3.55,188368570.0,0.10841,0.10096,Y
00:16:55,SHIB,6.33e-06,3.6,10109168.0,6.38e-06,6e-06,
00:16:55,PEPE,3.89e-06,1.57,47988192.0,3.95e-06,3.74e-06,
00:16:55,FLOKI,3.253e-05,1.56,3474965.0,3.284e-05,3.109e-05,
00:16:55,BONK,6.24e-06,1.3,5035859.0,6.3e-06,5.98e-06,
00:16:55,WIF,0.189,8.0,6910486.0,0.191,0.171,
00:16:55,BOME,0.00053,4.54,1309213.0,0.000535,0.000483,
00:16:55,NEIRO,8.922e-05,1.49,3130244.0,9.111e-05,8.45e-05,
00:16:55,PENGU,0.009925,2.42,39633228.0,0.010009,0.009319,
00:17:54,DOGE,0.1069,3.7,188113611.0,0.10841,0.10096,Y
00:17:54,SHIB,6.33e-06,3.77,10103392.0,6.38e-06,6e-06,
00:17:54,PEPE,3.9e-06,1.56,47960467.0,3.95e-06,3.74e-06,
00:17:54,FLOKI,3.255e-05,1.56,3473059.0,3.284e-05,3.109e-05,
00:17:54,BONK,6.25e-06,1.63,5037874.0,6.3e-06,5.98e-06,
00:17:54,WIF,0.19,7.96,6912887.0,0.191,0.171,
00:17:54,BOME,0.000531,4.73,1309599.0,0.000535,0.000483,
00:17:54,NEIRO,8.957e-05,1.69,3128581.0,9.111e-05,8.45e-05,
00:17:54,PENGU,0.009941,2.27,39630885.0,0.010009,0.009319,
00:18:54,DOGE,0.10683,3.64,187778621.0,0.10841,0.10096,Y
00:18:54,SHIB,6.33e-06,3.6,10103457.0,6.38e-06,6e-06,
00:18:54,PEPE,3.9e-06,1.56,47920473.0,3.95e-06,3.74e-06,
00:18:54,FLOKI,3.254e-05,1.62,3472069.0,3.284e-05,3.109e-05,
00:18:54,BONK,6.25e-06,1.63,5025526.0,6.3e-06,5.98e-06,
00:18:54,WIF,0.189,8.0,6915850.0,0.191,0.171,
00:18:54,BOME,0.000532,4.93,1320342.0,0.000535,0.000483,
00:18:54,NEIRO,8.935e-05,1.48,3134355.0,9.111e-05,8.45e-05,
00:18:54,PENGU,0.00995,2.4,39652770.0,0.010009,0.009319,
00:19:55,DOGE,0.10675,3.73,187793840.0,0.10841,0.10096,Y
00:19:55,SHIB,6.32e-06,3.61,10103913.0,6.38e-06,6e-06,
00:19:55,PEPE,3.89e-06,1.3,47952170.0,3.95e-06,3.74e-06,
00:19:55,FLOKI,3.249e-05,1.56,3470992.0,3.284e-05,3.109e-05,
00:19:55,BONK,6.24e-06,1.46,5028589.0,6.3e-06,5.98e-06,
00:19:55,WIF,0.189,8.0,6918325.0,0.191,0.171,
00:19:55,BOME,0.000532,5.14,1319661.0,0.000535,0.000483,
00:19:55,NEIRO,8.932e-05,1.56,3135281.0,9.111e-05,8.45e-05,
00:19:55,PENGU,0.009959,2.52,39630616.0,0.010009,0.009319,
00:20:55,DOGE,0.10665,3.75,187531754.0,0.10841,0.10096,Y
00:20:55,SHIB,6.32e-06,3.61,10104426.0,6.38e-06,6e-06,
00:20:55,PEPE,3.88e-06,1.3,47874926.0,3.95e-06,3.74e-06,
00:20:55,FLOKI,3.249e-05,1.69,3469078.0,3.284e-05,3.109e-05,
00:20:55,BONK,6.24e-06,1.46,5021808.0,6.3e-06,5.98e-06,
00:20:55,WIF,0.188,8.05,6887694.0,0.191,0.171,
00:20:55,BOME,0.00053,4.95,1303149.0,0.000535,0.000483,
00:20:55,NEIRO,8.918e-05,1.63,3129654.0,9.111e-05,8.45e-05,
00:20:55,PENGU,0.009961,2.98,39583999.0,0.010009,0.009319,
00:21:54,DOGE,0.10663,3.83,187329352.0,0.10841,0.10096,Y
00:21:54,SHIB,6.32e-06,3.61,10104266.0,6.38e-06,6e-06,
00:21:54,PEPE,3.88e-06,1.04,47848565.0,3.95e-06,3.74e-06,
00:21:54,FLOKI,3.246e-05,1.6,3468680.0,3.284e-05,3.109e-05,
00:21:54,BONK,6.24e-06,1.46,5022343.0,6.3e-06,5.98e-06,
00:21:54,WIF,0.188,7.43,6873080.0,0.191,0.171,
00:21:54,BOME,0.000529,4.75,1307518.0,0.000535,0.000483,
00:21:54,NEIRO,8.919e-05,1.62,3129901.0,9.111e-05,8.45e-05,
00:21:54,PENGU,0.00993,2.81,39541758.0,0.010009,0.009319,
00:22:54,DOGE,0.10668,3.91,187260776.0,0.10841,0.10096,Y
00:22:54,SHIB,6.31e-06,3.44,10096204.0,6.38e-06,6e-06,
00:22:54,PEPE,3.88e-06,1.04,47842679.0,3.95e-06,3.74e-06,
00:22:54,FLOKI,3.246e-05,1.63,3468567.0,3.284e-05,3.109e-05,
00:22:54,BONK,6.24e-06,1.46,5023318.0,6.3e-06,5.98e-06,
00:22:54,WIF,0.188,7.43,6872826.0,0.191,0.171,
00:22:54,BOME,0.000529,4.75,1307553.0,0.000535,0.000483,
00:22:54,NEIRO,8.92e-05,1.66,3130111.0,9.111e-05,8.45e-05,
00:22:54,PENGU,0.009921,2.57,39535597.0,0.010009,0.009319,
00:23:54,DOGE,0.10667,4.03,187031206.0,0.10841,0.10096,Y
00:23:54,SHIB,6.31e-06,3.44,10094192.0,6.38e-06,6e-06,
00:23:54,PEPE,3.88e-06,1.3,47501953.0,3.95e-06,3.74e-06,
00:23:54,FLOKI,3.246e-05,1.75,3467103.0,3.284e-05,3.109e-05,
00:23:54,BONK,6.24e-06,1.63,5024013.0,6.3e-06,5.98e-06,
00:23:54,WIF,0.188,7.43,6859515.0,0.191,0.171,
00:23:54,BOME,0.00053,4.95,1307296.0,0.000535,0.000483,
00:23:54,NEIRO,8.914e-05,1.87,3126002.0,9.111e-05,8.45e-05,
00:23:54,PENGU,0.009929,2.68,39540069.0,0.010009,0.009319,
00:24:54,DOGE,0.1067,4.05,186726967.0,0.10841,0.10096,Y
00:24:54,SHIB,6.32e-06,3.78,10066597.0,6.38e-06,6e-06,
00:24:54,PEPE,3.89e-06,1.57,47448966.0,3.95e-06,3.74e-06,
00:24:54,FLOKI,3.246e-05,1.88,3460706.0,3.284e-05,3.109e-05,
00:24:54,BONK,6.25e-06,1.79,5020044.0,6.3e-06,5.98e-06,
00:24:54,WIF,0.188,7.43,6844591.0,0.191,0.171,
00:24:54,BOME,0.00053,5.37,1307229.0,0.000535,0.000483,
00:24:54,NEIRO,8.928e-05,2.21,3121758.0,9.111e-05,8.45e-05,
00:24:54,PENGU,0.00994,2.74,39475621.0,0.010009,0.009319,
00:25:55,DOGE,0.10659,3.88,186466195.0,0.10841,0.10096,Y
00:25:55,SHIB,6.31e-06,3.61,10056896.0,6.38e-06,6e-06,
00:25:55,PEPE,3.88e-06,1.3,47387579.0,3.95e-06,3.74e-06,
00:25:55,FLOKI,3.243e-05,1.66,3460756.0,3.284e-05,3.109e-05,
00:25:55,BONK,6.24e-06,1.63,5017934.0,6.3e-06,5.98e-06,
00:25:55,WIF,0.188,7.43,6844765.0,0.191,0.171,
00:25:55,BOME,0.00053,5.16,1307761.0,0.000535,0.000483,
00:25:55,NEIRO,8.903e-05,1.81,3117983.0,9.111e-05,8.45e-05,
00:25:55,PENGU,0.009923,2.36,39450875.0,0.010009,0.009319,
00:26:55,DOGE,0.10653,3.77,186482863.0,0.10841,0.10096,Y
00:26:55,SHIB,6.31e-06,3.61,10055568.0,6.38e-06,6e-06,
00:26:55,PEPE,3.87e-06,0.78,47356403.0,3.95e-06,3.74e-06,
00:26:55,FLOKI,3.24e-05,1.47,3461629.0,3.284e-05,3.109e-05,
00:26:55,BONK,6.24e-06,1.63,5017591.0,6.3e-06,5.98e-06,
00:26:55,WIF,0.188,7.43,6863266.0,0.191,0.171,
00:26:55,BOME,0.000529,4.75,1307958.0,0.000535,0.000483,
00:26:55,NEIRO,8.895e-05,1.54,3117805.0,9.111e-05,8.45e-05,
00:26:55,PENGU,0.009917,2.27,39433362.0,0.010009,0.009319,
00:27:54,DOGE,0.10648,3.63,186320364.0,0.10841,0.10096,Y
00:27:54,SHIB,6.3e-06,3.11,10044648.0,6.38e-06,6e-06,
00:27:54,PEPE,3.87e-06,1.04,47351396.0,3.95e-06,3.74e-06,
00:27:54,FLOKI,3.238e-05,1.28,3464672.0,3.284e-05,3.109e-05,
00:27:54,BONK,6.23e-06,1.14,5023469.0,6.3e-06,5.98e-06,
00:27:54,WIF,0.187,6.86,6869954.0,0.191,0.171,
00:27:54,BOME,0.000529,4.75,1308597.0,0.000535,0.000483,
00:27:54,NEIRO,8.892e-05,1.58,3114792.0,9.111e-05,8.45e-05,
00:27:54,PENGU,0.009899,2.02,39441077.0,0.010009,0.009319,
00:28:54,DOGE,0.10623,3.5,186443453.0,0.10841,0.10096,Y
00:28:54,SHIB,6.29e-06,3.12,10037770.0,6.38e-06,6e-06,
00:28:54,PEPE,3.87e-06,1.04,47452383.0,3.95e-06,3.74e-06,
00:28:54,FLOKI,3.232e-05,1.16,3468037.0,3.284e-05,3.109e-05,
00:28:54,BONK,6.22e-06,1.3,5021334.0,6.3e-06,5.98e-06,
00:28:54,WIF,0.187,6.86,6919274.0,0.191,0.171,
00:28:54,BOME,0.000528,4.55,1308500.0,0.000535,0.000483,
00:28:54,NEIRO,8.872e-05,1.42,3112918.0,9.111e-05,8.45e-05,
00:28:54,PENGU,0.009886,1.97,39447871.0,0.010009,0.009319,
00:29:55,DOGE,0.1064,3.61,187209797.0,0.10841,0.10096,Y
00:29:55,SHIB,6.29e-06,2.95,10041366.0,6.38e-06,6e-06,
00:29:55,PEPE,3.87e-06,0.78,47455655.0,3.95e-06,3.74e-06,
00:29:55,FLOKI,3.238e-05,1.28,3470442.0,3.284e-05,3.109e-05,
00:29:55,BONK,6.23e-06,1.3,5019393.0,6.3e-06,5.98e-06,
00:29:55,WIF,0.188,7.43,7039885.0,0.191,0.171,
00:29:55,BOME,0.000529,4.54,1307416.0,0.000535,0.000483,
00:29:55,NEIRO,8.882e-05,1.55,3112894.0,9.111e-05,8.45e-05,
00:29:55,PENGU,0.009913,1.85,39422246.0,0.010009,0.009319,
00:30:55,DOGE,0.10648,3.71,187054516.0,0.10841,0.10096,Y
00:30:55,SHIB,6.31e-06,3.61,10040848.0,6.38e-06,6e-06,
00:30:55,PEPE,3.88e-06,1.04,47455005.0,3.95e-06,3.74e-06,
00:30:55,FLOKI,3.239e-05,1.25,3478309.0,3.284e-05,3.109e-05,
00:30:55,BONK,6.23e-06,1.3,5022564.0,6.3e-06,5.98e-06,
00:30:55,WIF,0.188,7.43,7054515.0,0.191,0.171,
00:30:55,BOME,0.000529,4.75,1307371.0,0.000535,0.000483,
00:30:55,NEIRO,8.921e-05,1.92,3112509.0,9.111e-05,8.45e-05,
00:30:55,PENGU,0.009941,2.43,39412270.0,0.010009,0.009319,
00:31:54,DOGE,0.10635,3.57,187025848.0,0.10841,0.10096,Y
00:31:54,SHIB,6.31e-06,3.44,10041206.0,6.38e-06,6e-06,
00:31:54,PEPE,3.87e-06,0.78,47443393.0,3.95e-06,3.74e-06,
00:31:54,FLOKI,3.241e-05,1.38,3482177.0,3.284e-05,3.109e-05,
00:31:54,BONK,6.23e-06,1.3,5022464.0,6.3e-06,5.98e-06,
00:31:54,WIF,0.188,7.43,7069674.0,0.191,0.171,
00:31:54,BOME,0.000529,4.75,1307502.0,0.000535,0.000483,
00:31:54,NEIRO,8.928e-05,2.01,3113486.0,9.111e-05,8.45e-05,
00:31:54,PENGU,0.009914,1.94,39420619.0,0.010009,0.009319,
00:32:55,DOGE,0.10644,3.76,186986507.0,0.10841,0.10096,Y
00:32:55,SHIB,6.3e-06,3.28,10040765.0,6.38e-06,6e-06,
00:32:55,PEPE,3.87e-06,1.04,47453336.0,3.95e-06,3.74e-06,
00:32:55,FLOKI,3.237e-05,1.31,3483754.0,3.284e-05,3.109e-05,
00:32:55,BONK,6.24e-06,1.63,5021104.0,6.3e-06,5.98e-06,
00:32:55,WIF,0.188,7.43,7047546.0,0.191,0.171,
00:32:55,BOME,0.000527,4.56,1309600.0,0.000535,0.000483,
00:32:55,NEIRO,8.901e-05,1.78,3113842.0,9.111e-05,8.45e-05,
00:32:55,PENGU,0.009937,2.24,39400879.0,0.010009,0.009319,
00:33:54,DOGE,0.10641,3.72,186812414.0,0.10841,0.10096,Y
00:33:54,SHIB,6.3e-06,3.45,10044927.0,6.38e-06,6e-06,
00:33:54,PEPE,3.87e-06,0.78,47446842.0,3.95e-06,3.74e-06,
00:33:54,FLOKI,3.235e-05,1.25,3484378.0,3.284e-05,3.109e-05,
00:33:54,BONK,6.23e-06,1.47,5021099.0,6.3e-06,5.98e-06,
00:33:54,WIF,0.188,7.43,7049225.0,0.191,0.171,
00:33:54,BOME,0.000527,4.56,1309720.0,0.000535,0.000483,
00:33:54,NEIRO,8.891e-05,1.8,3114358.0,9.111e-05,8.45e-05,
00:33:54,PENGU,0.009942,2.52,39421886.0,0.010009,0.009319,
00:34:54,DOGE,0.10642,3.85,186566836.0,0.10841,0.10096,Y
00:34:54,SHIB,6.3e-06,3.28,10048653.0,6.38e-06,6e-06,
00:34:54,PEPE,3.87e-06,0.78,47438339.0,3.95e-06,3.74e-06,
00:34:54,FLOKI,3.233e-05,1.25,3484387.0,3.284e-05,3.109e-05,
00:34:54,BONK,6.22e-06,1.47,5018396.0,6.3e-06,5.98e-06,
00:34:54,WIF,0.188,7.43,7037283.0,0.191,0.171,
00:34:54,BOME,0.000526,4.37,1306656.0,0.000535,0.000483,
00:34:54,NEIRO,8.891e-05,1.61,3111669.0,9.111e-05,8.45e-05,
00:34:54,PENGU,0.009942,2.47,39425496.0,0.010009,0.009319,
00:35:55,DOGE,0.10644,3.86,186562734.0,0.10841,0.10096,Y
00:35:55,SHIB,6.29e-06,3.28,10048566.0,6.38e-06,6e-06,
00:35:55,PEPE,3.88e-06,1.3,47360773.0,3.95e-06,3.74e-06,
00:35:55,FLOKI,3.234e-05,1.28,3484360.0,3.284e-05,3.109e-05,
00:35:55,BONK,6.22e-06,1.14,5017484.0,6.3e-06,5.98e-06,
00:35:55,WIF,0.189,7.39,7037490.0,0.191,0.171,
00:35:55,BOME,0.000527,4.56,1307378.0,0.000535,0.000483,
00:35:55,NEIRO,8.893e-05,1.63,3111523.0,9.111e-05,8.45e-05,
00:35:55,PENGU,0.009972,2.78,39444093.0,0.010009,0.009319,
00:36:54,DOGE,0.10654,4.38,185190171.0,0.10841,0.10096,Y
00:36:54,SHIB,6.3e-06,3.62,10041223.0,6.38e-06,6e-06,
00:36:54,PEPE,3.88e-06,1.57,47317714.0,3.95e-06,3.74e-06,
00:36:54,FLOKI,3.235e-05,1.47,3482437.0,3.284e-05,3.109e-05,
00:36:54,BONK,6.24e-06,1.79,4999674.0,6.3e-06,5.98e-06,
00:36:54,WIF,0.189,8.62,7029201.0,0.191,0.171,
00:36:54,BOME,0.000528,5.18,1306966.0,0.000535,0.000483,
00:36:54,NEIRO,8.903e-05,1.99,3110611.0,9.111e-05,8.45e-05,
00:36:54,PENGU,0.009985,2.92,39415595.0,0.010009,0.009319,
00:37:54,DOGE,0.10652,4.48,185049506.0,0.10841,0.10096,Y
00:37:54,SHIB,6.3e-06,3.62,10041928.0,6.38e-06,6e-06,
00:37:54,PEPE,3.88e-06,1.57,47314361.0,3.95e-06,3.74e-06,
00:37:54,FLOKI,3.235e-05,1.51,3471835.0,3.284e-05,3.109e-05,
00:37:54,BONK,6.24e-06,1.96,4999214.0,6.3e-06,5.98e-06,
00:37:54,WIF,0.188,7.43,7029444.0,0.191,0.171,
00:37:54,BOME,0.000527,4.98,1311365.0,0.000535,0.000483,
00:37:54,NEIRO,8.898e-05,2.02,3111307.0,9.111e-05,8.45e-05,
00:37:54,PENGU,0.009988,3.03,39423007.0,0.010009,0.009319,
00:38:55,DOGE,0.10648,4.39,184957873.0,0.10841,0.10096,Y
00:38:55,SHIB,6.29e-06,3.28,10041192.0,6.38e-06,6e-06,
00:38:55,PEPE,3.88e-06,1.57,47308105.0,3.95e-06,3.74e-06,
00:38:55,FLOKI,3.234e-05,1.35,3465295.0,3.284e-05,3.109e-05,
00:38:55,BONK,6.22e-06,1.3,4979178.0,6.3e-06,5.98e-06,
00:38:55,WIF,0.189,8.0,7029224.0,0.191,0.171,
00:38:55,BOME,0.000527,4.98,1310943.0,0.000535,0.000483,
00:38:55,NEIRO,8.894e-05,1.84,3103181.0,9.111e-05,8.45e-05,
00:38:55,PENGU,0.009973,2.61,39419560.0,0.010009,0.009319,
00:39:54,DOGE,0.10657,4.24,184860190.0,0.10841,0.10096,Y
00:39:54,SHIB,6.3e-06,3.45,10039278.0,6.38e-06,6e-06,
00:39:54,PEPE,3.88e-06,1.3,47286698.0,3.95e-06,3.74e-06,
00:39:54,FLOKI,3.238e-05,1.31,3465591.0,3.284e-05,3.109e-05,
00:39:54,BONK,6.23e-06,1.47,4981678.0,6.3e-06,5.98e-06,
00:39:54,WIF,0.188,7.43,7021422.0,0.191,0.171,
00:39:54,BOME,0.000528,4.76,1310418.0,0.000535,0.000483,
00:39:54,NEIRO,8.89e-05,1.86,3098906.0,9.111e-05,8.45e-05,
00:39:54,PENGU,0.01003,3.21,39572313.0,0.010053,0.009319,
00:40:55,DOGE,0.10654,4.24,184798123.0,0.10841,0.10096,Y
00:40:55,SHIB,6.3e-06,3.11,10036706.0,6.38e-06,6e-06,
00:40:55,PEPE,3.88e-06,0.78,47202091.0,3.95e-06,3.74e-06,
00:40:55,FLOKI,3.239e-05,1.22,3465975.0,3.284e-05,3.109e-05,
00:40:55,BONK,6.23e-06,1.3,4981557.0,6.3e-06,5.98e-06,
00:40:55,WIF,0.189,8.0,7025950.0,0.191,0.171,
00:40:55,BOME,0.000528,4.76,1310143.0,0.000535,0.000483,
00:40:55,NEIRO,8.893e-05,1.75,3098468.0,9.111e-05,8.45e-05,
00:40:55,PENGU,0.010015,3.26,39585430.0,0.010053,0.009319,
00:41:54,DOGE,0.1065,4.4,184731825.0,0.10841,0.10096,Y
00:41:54,SHIB,6.3e-06,3.45,10039371.0,6.38e-06,6e-06,
00:41:54,PEPE,3.88e-06,1.04,47166725.0,3.95e-06,3.74e-06,
00:41:54,FLOKI,3.236e-05,1.25,3465981.0,3.284e-05,3.109e-05,
00:41:54,BONK,6.24e-06,1.46,4981742.0,6.3e-06,5.98e-06,
00:41:54,WIF,0.189,8.0,7026438.0,0.191,0.171,
00:41:54,BOME,0.000529,4.96,1309696.0,0.000535,0.000483,
00:41:54,NEIRO,8.88e-05,1.64,3096659.0,9.111e-05,8.45e-05,
00:41:54,PENGU,0.010005,3.15,39590951.0,0.010053,0.009319,
00:42:55,DOGE,0.10657,4.28,184260230.0,0.10841,0.10096,Y
00:42:55,SHIB,6.31e-06,3.44,10040047.0,6.38e-06,6e-06,
00:42:55,PEPE,3.87e-06,0.78,47164872.0,3.95e-06,3.74e-06,
00:42:55,FLOKI,3.239e-05,1.28,3466153.0,3.284e-05,3.109e-05,
00:42:55,BONK,6.24e-06,1.46,4981794.0,6.3e-06,5.98e-06,
00:42:55,WIF,0.188,7.43,7046921.0,0.191,0.171,
00:42:55,BOME,0.00053,5.16,1310628.0,0.000535,0.000483,
00:42:55,NEIRO,8.899e-05,1.65,3095813.0,9.111e-05,8.45e-05,
00:42:55,PENGU,0.010036,3.48,39611140.0,0.010053,0.009319,
00:43:54,DOGE,0.10663,4.43,184147508.0,0.10841,0.10096,Y
00:43:54,SHIB,6.31e-06,3.61,10033581.0,6.38e-06,6e-06,
00:43:54,PEPE,3.87e-06,0.78,47143357.0,3.95e-06,3.74e-06,
00:43:54,FLOKI,3.24e-05,1.31,3466405.0,3.284e-05,3.109e-05,
00:43:54,BONK,6.24e-06,1.46,4981627.0,6.3e-06,5.98e-06,
00:43:54,WIF,0.188,6.82,7048661.0,0.191,0.171,
00:43:54,BOME,0.00053,5.16,1310142.0,0.000535,0.000483,
00:43:54,NEIRO,8.903e-05,1.5,3092134.0,9.111e-05,8.45e-05,
00:43:54,PENGU,0.010012,3.27,39621496.0,0.010053,0.009319,
00:44:55,DOGE,0.10661,4.37,183294885.0,0.10841,0.10096,Y
00:44:55,SHIB,6.31e-06,3.61,10033858.0,6.38e-06,6e-06,
00:44:55,PEPE,3.88e-06,0.78,47245642.0,3.95e-06,3.74e-06,
00:44:55,FLOKI,3.243e-05,1.44,3466176.0,3.284e-05,3.109e-05,
00:44:55,BONK,6.24e-06,1.46,4981653.0,6.3e-06,5.98e-06,
00:44:55,WIF,0.188,7.43,7049071.0,0.191,0.171,
00:44:55,BOME,0.00053,5.16,1309764.0,0.000535,0.000483,
00:44:55,NEIRO,8.908e-05,1.55,3088525.0,9.111e-05,8.45e-05,
00:44:55,PENGU,0.010007,3.21,39623064.0,0.010053,0.009319,
00:45:55,DOGE,0.10651,4.28,183045113.0,0.10841,0.10096,Y
00:45:55,SHIB,6.31e-06,3.61,10039039.0,6.38e-06,6e-06,
00:45:55,PEPE,3.89e-06,1.3,47283726.0,3.95e-06,3.74e-06,
00:45:55,FLOKI,3.241e-05,1.38,3467740.0,3.284e-05,3.109e-05,
00:45:55,BONK,6.24e-06,1.46,4973609.0,6.3e-06,5.98e-06,
00:45:55,WIF,0.189,7.39,7050551.0,0.191,0.171,
00:45:55,BOME,0.000529,4.96,1311002.0,0.000535,0.000483,
00:45:55,NEIRO,8.907e-05,1.42,3083508.0,9.111e-05,8.45e-05,
00:45:55,PENGU,0.010011,3.46,39616719.0,0.010053,0.009319,
00:46:55,DOGE,0.10654,4.33,183448098.0,0.10841,0.10096,Y
00:46:55,SHIB,6.32e-06,3.61,10034485.0,6.38e-06,6e-06,
00:46:55,PEPE,3.88e-06,0.78,47284454.0,3.95e-06,3.74e-06,
00:46:55,FLOKI,3.243e-05,1.47,3467421.0,3.284e-05,3.109e-05,
00:46:55,BONK,6.24e-06,1.46,4973602.0,6.3e-06,5.98e-06,
00:46:55,WIF,0.189,7.39,7095632.0,0.191,0.171,
00:46:55,BOME,0.000529,4.96,1311160.0,0.000535,0.000483,
00:46:55,NEIRO,8.902e-05,1.35,3084988.0,9.111e-05,8.45e-05,
00:46:55,PENGU,0.010026,3.7,39627904.0,0.010053,0.009319,
00:47:55,DOGE,0.10654,4.17,183397693.0,0.10841,0.10096,Y
00:47:55,SHIB,6.31e-06,3.44,10034133.0,6.38e-06,6e-06,
00:47:55,PEPE,3.89e-06,1.04,47275374.0,3.95e-06,3.74e-06,
00:47:55,FLOKI,3.24e-05,1.38,3466979.0,3.284e-05,3.109e-05,
00:47:55,BONK,6.23e-06,1.3,4972857.0,6.3e-06,5.98e-06,
00:47:55,WIF,0.188,7.43,7118284.0,0.191,0.171,
00:47:55,BOME,0.000529,4.96,1310587.0,0.000535,0.000483,
00:47:55,NEIRO,8.907e-05,1.26,3084785.0,9.111e-05,8.45e-05,
00:47:55,PENGU,0.010019,3.43,39645617.0,0.010053,0.009319,
00:48:54,DOGE,0.10656,4.5,183303788.0,0.10841,0.10096,Y
00:48:54,SHIB,6.31e-06,3.61,10028793.0,6.38e-06,6e-06,
00:48:54,PEPE,3.89e-06,1.3,47186233.0,3.95e-06,3.74e-06,
00:48:54,FLOKI,3.24e-05,1.54,3466248.0,3.284e-05,3.109e-05,
00:48:54,BONK,6.24e-06,1.63,4970506.0,6.3e-06,5.98e-06,
00:48:54,WIF,0.188,7.43,7118113.0,0.191,0.171,
00:48:54,BOME,0.000528,4.97,1310643.0,0.000535,0.000483,
00:48:54,NEIRO,8.908e-05,1.42,3085700.0,9.111e-05,8.45e-05,
00:48:54,PENGU,0.010021,3.9,39605070.0,0.010053,0.009319,
00:49:54,DOGE,0.10666,4.46,183254167.0,0.10841,0.10096,Y
00:49:54,SHIB,6.32e-06,3.78,10036184.0,6.38e-06,6e-06,
00:49:54,PEPE,3.89e-06,1.04,47352775.0,3.95e-06,3.74e-06,
00:49:54,FLOKI,3.244e-05,1.6,3466501.0,3.284e-05,3.109e-05,
00:49:54,BONK,6.24e-06,1.46,4968937.0,6.3e-06,5.98e-06,
00:49:54,WIF,0.188,7.43,7118093.0,0.191,0.171,
00:49:54,BOME,0.00053,5.37,1310948.0,0.000535,0.000483,
00:49:54,NEIRO,8.92e-05,1.47,3082501.0,9.111e-05,8.45e-05,
00:49:54,PENGU,0.010027,3.86,39626834.0,0.010053,0.009319,
00:50:55,DOGE,0.10661,4.59,182997193.0,0.10841,0.10096,Y
00:50:55,SHIB,6.33e-06,3.77,10003320.0,6.38e-06,6e-06,
00:50:55,PEPE,3.9e-06,1.56,47327843.0,3.95e-06,3.74e-06,
00:50:55,FLOKI,3.246e-05,1.79,3463791.0,3.284e-05,3.109e-05,
00:50:55,BONK,6.24e-06,1.79,4966736.0,6.3e-06,5.98e-06,
00:50:55,WIF,0.188,7.43,7112796.0,0.191,0.171,
00:50:55,BOME,0.000532,5.76,1310862.0,0.000535,0.000483,
00:50:55,NEIRO,8.931e-05,1.7,3081600.0,9.111e-05,8.45e-05,
00:50:55,PENGU,0.010024,4.26,39529310.0,0.010053,0.009319,
00:51:55,DOGE,0.10649,4.42,182935242.0,0.10841,0.10096,Y
00:51:55,SHIB,6.32e-06,3.61,10016574.0,6.38e-06,6e-06,
00:51:55,PEPE,3.88e-06,1.3,47332640.0,3.95e-06,3.74e-06,
00:51:55,FLOKI,3.242e-05,1.63,3462597.0,3.284e-05,3.109e-05,
00:51:55,BONK,6.24e-06,1.63,4966913.0,6.3e-06,5.98e-06,
00:51:55,WIF,0.188,7.43,7112807.0,0.191,0.171,
00:51:55,BOME,0.000531,5.57,1310917.0,0.000535,0.000483,
00:51:55,NEIRO,8.903e-05,1.31,3076443.0,9.111e-05,8.45e-05,
00:51:55,PENGU,0.010038,4.59,39514027.0,0.010053,0.009319,
00:52:56,DOGE,0.10645,4.37,182631024.0,0.10841,0.10096,Y
00:52:56,SHIB,6.31e-06,3.61,10008547.0,6.38e-06,6e-06,
00:52:56,PEPE,3.88e-06,1.57,47244333.0,3.95e-06,3.74e-06,
00:52:56,FLOKI,3.239e-05,1.6,3461684.0,3.284e-05,3.109e-05,
00:52:56,BONK,6.24e-06,1.63,4968666.0,6.3e-06,5.98e-06,
00:52:56,WIF,0.188,7.43,7104593.0,0.191,0.171,
00:52:56,BOME,0.00053,5.58,1310811.0,0.000535,0.000483,
00:52:56,NEIRO,8.905e-05,1.33,3071299.0,9.111e-05,8.45e-05,
00:52:56,PENGU,0.010023,4.56,39511513.0,0.010053,0.009319,
00:53:54,DOGE,0.10634,4.22,182498135.0,0.10841,0.10096,Y
00:53:54,SHIB,6.31e-06,3.44,10007397.0,6.38e-06,6e-06,
00:53:54,PEPE,3.89e-06,1.57,47115727.0,3.95e-06,3.74e-06,
00:53:54,FLOKI,3.24e-05,1.57,3462913.0,3.284e-05,3.109e-05,
00:53:54,BONK,6.22e-06,1.47,4965766.0,6.3e-06,5.98e-06,
00:53:54,WIF,0.188,7.43,7093731.0,0.191,0.171,
00:53:54,BOME,0.000529,5.17,1311584.0,0.000535,0.000483,
00:53:54,NEIRO,8.899e-05,1.18,3068882.0,9.111e-05,8.45e-05,
00:53:54,PENGU,0.010117,5.89,38846832.0,0.010122,0.009319,
00:54:55,DOGE,0.10644,4.32,182452868.0,0.10841,0.10096,Y
00:54:55,SHIB,6.32e-06,3.78,10002833.0,6.38e-06,6e-06,
00:54:55,PEPE,3.88e-06,1.3,47092337.0,3.95e-06,3.74e-06,
00:54:55,FLOKI,3.245e-05,1.79,3461634.0,3.284e-05,3.109e-05,
00:54:55,BONK,6.24e-06,1.79,4962618.0,6.3e-06,5.98e-06,
00:54:55,WIF,0.188,7.43,7084210.0,0.191,0.171,
00:54:55,BOME,0.000532,5.98,1312270.0,0.000535,0.000483,
00:54:55,NEIRO,8.916e-05,1.39,3063569.0,9.111e-05,8.45e-05,
00:54:55,PENGU,0.010146,6.98,38391932.0,0.010148,0.009319,
00:55:55,DOGE,0.1063,4.23,181886397.0,0.10841,0.10096,Y
00:55:55,SHIB,6.32e-06,3.78,10007486.0,6.38e-06,6e-06,
00:55:55,PEPE,3.89e-06,1.57,47090916.0,3.95e-06,3.74e-06,
00:55:55,FLOKI,3.242e-05,1.63,3461145.0,3.284e-05,3.109e-05,
00:55:55,BONK,6.24e-06,1.79,4963931.0,6.3e-06,5.98e-06,
00:55:55,WIF,0.188,7.43,7084210.0,0.191,0.171,
00:55:55,BOME,0.000532,6.19,1312190.0,0.000535,0.000483,
00:55:55,NEIRO,8.91e-05,1.28,3062490.0,9.111e-05,8.45e-05,
00:55:55,PENGU,0.010129,6.55,38344506.0,0.010155,0.009319,
00:56:56,DOGE,0.10626,4.29,181555207.0,0.10841,0.10096,Y
00:56:56,SHIB,6.31e-06,3.61,10008118.0,6.38e-06,6e-06,
00:56:56,PEPE,3.88e-06,1.3,47114880.0,3.95e-06,3.74e-06,
00:56:56,FLOKI,3.24e-05,1.63,3458966.0,3.284e-05,3.109e-05,
00:56:56,BONK,6.22e-06,1.63,4962933.0,6.3e-06,5.98e-06,
00:56:56,WIF,0.188,7.43,7084211.0,0.191,0.171,
00:56:56,BOME,0.00053,5.58,1309797.0,0.000535,0.000483,
00:56:56,NEIRO,8.897e-05,1.21,3059901.0,9.111e-05,8.45e-05,
00:56:56,PENGU,0.010012,6.33,36868636.0,0.010155,0.009319,
00:57:55,DOGE,0.1062,4.06,181368484.0,0.10841,0.10096,Y
00:57:55,SHIB,6.3e-06,3.62,10022297.0,6.38e-06,6e-06,
00:57:55,PEPE,3.87e-06,1.04,47112980.0,3.95e-06,3.74e-06,
00:57:55,FLOKI,3.236e-05,1.47,3459310.0,3.284e-05,3.109e-05,
00:57:55,BONK,6.22e-06,1.47,4966653.0,6.3e-06,5.98e-06,
00:57:55,WIF,0.188,7.43,7096440.0,0.191,0.171,
00:57:55,BOME,0.00053,5.58,1308562.0,0.000535,0.000483,
00:57:55,NEIRO,8.882e-05,0.82,3059739.0,9.111e-05,8.45e-05,
00:57:55,PENGU,0.010006,6.68,36910165.0,0.010155,0.009319,
00:58:54,DOGE,0.10622,4.11,181258142.0,0.10841,0.10096,Y
00:58:54,SHIB,6.3e-06,3.45,10022206.0,6.38e-06,6e-06,
00:58:54,PEPE,3.87e-06,1.04,47112313.0,3.95e-06,3.74e-06,
00:58:54,FLOKI,3.236e-05,1.47,3459217.0,3.284e-05,3.109e-05,
00:58:54,BONK,6.22e-06,1.3,4966361.0,6.3e-06,5.98e-06,
00:58:54,WIF,0.188,7.43,7104329.0,0.191,0.171,
00:58:54,BOME,0.00053,5.58,1308510.0,0.000535,0.000483,
00:58:54,NEIRO,8.885e-05,0.89,3057153.0,9.111e-05,8.45e-05,
00:58:54,PENGU,0.010033,6.89,36715138.0,0.010155,0.009319,
00:59:55,DOGE,0.10628,3.99,180975205.0,0.10841,0.10096,Y
00:59:55,SHIB,6.3e-06,3.45,10015622.0,6.38e-06,6e-06,
00:59:55,PEPE,3.88e-06,1.3,47058909.0,3.95e-06,3.74e-06,
00:59:55,FLOKI,3.239e-05,1.54,3458439.0,3.284e-05,3.109e-05,
00:59:55,BONK,6.22e-06,1.3,4962923.0,6.3e-06,5.98e-06,
00:59:55,WIF,0.188,7.43,7105216.0,0.191,0.171,
00:59:55,BOME,0.00053,5.37,1310060.0,0.000535,0.000483,
00:59:55,NEIRO,8.895e-05,0.84,3048584.0,9.111e-05,8.45e-05,
00:59:55,PENGU,0.010052,6.94,36717311.0,0.010155,0.009319,
01:00:55,DOGE,0.1064,3.85,180809240.0,0.10841,0.10096,Y
01:00:55,SHIB,6.31e-06,3.44,10010297.0,6.38e-06,6e-06,
01:00:55,PEPE,3.88e-06,0.78,47033182.0,3.95e-06,3.74e-06,
01:00:55,FLOKI,3.242e-05,1.34,3456610.0,3.284e-05,3.109e-05,
01:00:55,BONK,6.22e-06,1.14,4961737.0,6.3e-06,5.98e-06,
01:00:55,WIF,0.188,7.43,7090763.0,0.191,0.171,
01:00:55,BOME,0.000531,5.36,1313092.0,0.000535,0.000483,
01:00:55,NEIRO,8.916e-05,0.84,3047446.0,9.111e-05,8.45e-05,
01:00:55,PENGU,0.010075,6.84,36695098.0,0.010155,0.009319,
01:01:54,DOGE,0.10642,3.88,180624623.0,0.10841,0.10096,Y
01:01:54,SHIB,6.31e-06,3.27,10010071.0,6.38e-06,6e-06,
01:01:54,PEPE,3.88e-06,0.78,46988976.0,3.95e-06,3.74e-06,
01:01:54,FLOKI,3.243e-05,1.31,3456988.0,3.284e-05,3.109e-05,
01:01:54,BONK,6.23e-06,1.3,4964553.0,6.3e-06,5.98e-06,
01:01:54,WIF,0.188,6.82,7090938.0,0.191,0.171,
01:01:54,BOME,0.000531,5.36,1313010.0,0.000535,0.000483,
01:01:54,NEIRO,8.904e-05,0.64,3045491.0,9.111e-05,8.45e-05,
01:01:54,PENGU,0.010106,6.69,36688181.0,0.010155,0.009319,
01:02:54,DOGE,0.10638,3.49,180303965.0,0.10841,0.10096,Y
01:02:54,SHIB,6.3e-06,2.94,9991969.0,6.38e-06,6e-06,
01:02:54,PEPE,3.89e-06,1.04,46858661.0,3.95e-06,3.74e-06,
01:02:54,FLOKI,3.243e-05,1.09,3461943.0,3.284e-05,3.109e-05,
01:02:54,BONK,6.22e-06,0.81,4952456.0,6.3e-06,5.98e-06,
01:02:54,WIF,0.188,7.43,7093879.0,0.191,0.171,
01:02:54,BOME,0.000532,5.35,1314053.0,0.000535,0.000483,
01:02:54,NEIRO,8.9e-05,0.26,3044382.0,9.111e-05,8.45e-05,
01:02:54,PENGU,0.010092,6.37,36400792.0,0.010155,0.009319,
01:04:54,DOGE,0.10634,3.34,178982836.0,0.10841,0.10096,Y
01:04:54,SHIB,6.29e-06,2.61,9985106.0,6.38e-06,6e-06,
01:04:54,PEPE,3.88e-06,0.52,46871644.0,3.95e-06,3.74e-06,
01:04:54,FLOKI,3.24e-05,0.87,3460123.0,3.284e-05,3.109e-05,
01:04:54,BONK,6.22e-06,0.81,4935820.0,6.3e-06,5.98e-06,
01:04:54,WIF,0.188,7.43,7091759.0,0.191,0.171,
01:04:54,BOME,0.000531,4.94,1311532.0,0.000535,0.000483,
01:04:54,NEIRO,8.894e-05,0.06,3017301.0,9.111e-05,8.45e-05,
01:04:54,PENGU,0.010084,5.98,36460436.0,0.010155,0.009319,
01:05:54,DOGE,0.10635,3.51,178822599.0,0.10841,0.10096,Y
01:05:54,SHIB,6.3e-06,2.94,9984623.0,6.38e-06,6e-06,
01:05:54,PEPE,3.88e-06,0.52,46860870.0,3.95e-06,3.74e-06,
01:05:54,FLOKI,3.239e-05,0.9,3459186.0,3.284e-05,3.109e-05,
01:05:54,BONK,6.22e-06,0.97,4935535.0,6.3e-06,5.98e-06,
01:05:54,WIF,0.187,6.86,7091912.0,0.191,0.171,
01:05:54,BOME,0.00053,4.74,1309013.0,0.000535,0.000483,
01:05:54,NEIRO,8.893e-05,0.02,3008171.0,9.111e-05,8.45e-05,
01:05:54,PENGU,0.01012,6.44,36552876.0,0.010155,0.009319,
01:06:54,DOGE,0.10635,3.67,178756363.0,0.10841,0.10096,Y
01:06:54,SHIB,6.3e-06,2.94,9984512.0,6.38e-06,6e-06,
01:06:54,PEPE,3.88e-06,0.52,46860137.0,3.95e-06,3.74e-06,
01:06:54,FLOKI,3.237e-05,0.87,3459161.0,3.284e-05,3.109e-05,
01:06:54,BONK,6.22e-06,0.97,4936820.0,6.3e-06,5.98e-06,
01:06:54,WIF,0.187,6.25,7092394.0,0.191,0.171,
01:06:54,BOME,0.000528,4.55,1342484.0,0.000535,0.000483,
01:06:54,NEIRO,8.881e-05,0.08,3006304.0,9.111e-05,8.45e-05,
01:06:54,PENGU,0.010118,6.27,36162140.0,0.010155,0.009319,
01:07:54,DOGE,0.10639,3.89,178375517.0,0.10841,0.10096,Y
01:07:54,SHIB,6.3e-06,2.94,9984499.0,6.38e-06,6e-06,
01:07:54,PEPE,3.87e-06,0.52,46837455.0,3.95e-06,3.74e-06,
01:07:54,FLOKI,3.239e-05,0.97,3459287.0,3.284e-05,3.109e-05,
01:07:54,BONK,6.22e-06,1.14,4935572.0,6.3e-06,5.98e-06,
01:07:54,WIF,0.187,6.25,7092426.0,0.191,0.171,
01:07:54,BOME,0.000528,4.76,1343150.0,0.000535,0.000483,
01:07:54,NEIRO,8.874e-05,0.08,3004533.0,9.111e-05,8.45e-05,
01:07:54,PENGU,0.010124,6.16,36151839.0,0.010155,0.009319,
01:08:55,DOGE,0.10647,3.98,178363879.0,0.10841,0.10096,Y
01:08:55,SHIB,6.3e-06,2.94,9979230.0,6.38e-06,6e-06,
01:08:55,PEPE,3.89e-06,1.04,46990725.0,3.95e-06,3.74e-06,
01:08:55,FLOKI,3.242e-05,1.03,3459214.0,3.284e-05,3.109e-05,
01:08:55,BONK,6.23e-06,1.3,4935655.0,6.3e-06,5.98e-06,
01:08:55,WIF,0.187,6.25,7092159.0,0.191,0.171,
01:08:55,BOME,0.000528,4.76,1347635.0,0.000535,0.000483,
01:08:55,NEIRO,8.883e-05,0.09,3003760.0,9.111e-05,8.45e-05,
01:08:55,PENGU,0.010167,6.64,36191176.0,0.010177,0.009319,
01:09:55,DOGE,0.10648,3.88,178223975.0,0.10841,0.10096,Y
01:09:55,SHIB,6.3e-06,2.94,9974016.0,6.38e-06,6e-06,
01:09:55,PEPE,3.88e-06,0.52,47023355.0,3.95e-06,3.74e-06,
01:09:55,FLOKI,3.242e-05,0.96,3458560.0,3.284e-05,3.109e-05,
01:09:55,BONK,6.23e-06,1.14,4930938.0,6.3e-06,5.98e-06,
01:09:55,WIF,0.187,6.86,7105773.0,0.191,0.171,
01:09:55,BOME,0.000529,4.75,1347556.0,0.000535,0.000483,
01:09:55,NEIRO,8.839e-05,-0.54,3019871.0,9.111e-05,8.45e-05,
01:09:55,PENGU,0.010111,5.33,36099543.0,0.010177,0.009319,
01:10:55,DOGE,0.10637,3.81,178027593.0,0.10841,0.10096,Y
01:10:55,SHIB,6.3e-06,2.77,9972267.0,6.38e-06,6e-06,
01:10:55,PEPE,3.88e-06,0.78,46997869.0,3.95e-06,3.74e-06,
01:10:55,FLOKI,3.239e-05,0.81,3458429.0,3.284e-05,3.109e-05,
01:10:55,BONK,6.22e-06,0.81,4931769.0,6.3e-06,5.98e-06,
01:10:55,WIF,0.187,6.25,7106061.0,0.191,0.171,
01:10:55,BOME,0.000529,4.75,1346865.0,0.000535,0.000483,
01:10:55,NEIRO,8.854e-05,-0.36,3022044.0,9.111e-05,8.45e-05,
01:10:55,PENGU,0.010112,5.46,36099905.0,0.010177,0.009319,
01:11:55,DOGE,0.10628,3.79,178559481.0,0.10841,0.10096,Y
01:11:55,SHIB,6.3e-06,2.77,9969536.0,6.38e-06,6e-06,
01:11:55,PEPE,3.87e-06,0.26,46989883.0,3.95e-06,3.74e-06,
01:11:55,FLOKI,3.237e-05,0.81,3458475.0,3.284e-05,3.109e-05,
01:11:55,BONK,6.21e-06,0.81,4932635.0,6.3e-06,5.98e-06,
01:11:55,WIF,0.188,7.43,7092082.0,0.191,0.171,
01:11:55,BOME,0.000528,4.55,1347095.0,0.000535,0.000483,
01:11:55,NEIRO,8.846e-05,-0.33,3017141.0,9.111e-05,8.45e-05,
01:11:55,PENGU,0.010077,5.25,36078988.0,0.010177,0.009319,
01:12:54,DOGE,0.10614,3.77,178627176.0,0.10841,0.10096,Y
01:12:54,SHIB,6.3e-06,2.94,9980479.0,6.38e-06,6e-06,
01:12:54,PEPE,3.88e-06,0.52,47014279.0,3.95e-06,3.74e-06,
01:12:54,FLOKI,3.234e-05,0.75,3459097.0,3.284e-05,3.109e-05,
01:12:54,BONK,6.21e-06,0.81,4930987.0,6.3e-06,5.98e-06,
01:12:54,WIF,0.186,6.29,7104026.0,0.191,0.171,
01:12:54,BOME,0.000527,4.36,1349009.0,0.000535,0.000483,
01:12:54,NEIRO,8.838e-05,-0.43,3014817.0,9.111e-05,8.45e-05,
01:12:54,PENGU,0.0101,5.3,36070221.0,0.010177,0.009319,
01:13:55,DOGE,0.10618,3.82,178585257.0,0.10841,0.10096,Y
01:13:55,SHIB,6.3e-06,2.94,9970338.0,6.38e-06,6e-06,
01:13:55,PEPE,3.88e-06,0.78,47011778.0,3.95e-06,3.74e-06,
01:13:55,FLOKI,3.239e-05,0.84,3457294.0,3.284e-05,3.109e-05,
01:13:55,BONK,6.21e-06,0.98,4936206.0,6.3e-06,5.98e-06,
01:13:55,WIF,0.187,6.25,7104089.0,0.191,0.171,
01:13:55,BOME,0.000527,4.15,1348632.0,0.000535,0.000483,
01:13:55,NEIRO,8.86e-05,-0.32,3011795.0,9.111e-05,8.45e-05,
01:13:55,PENGU,0.010117,5.57,36047794.0,0.010177,0.009319,
01:14:55,DOGE,0.10614,3.81,178558437.0,0.10841,0.10096,Y
01:14:55,SHIB,6.29e-06,2.95,9968981.0,6.38e-06,6e-06,
01:14:55,PEPE,3.88e-06,0.52,47008763.0,3.95e-06,3.74e-06,
01:14:55,FLOKI,3.24e-05,1.03,3455066.0,3.284e-05,3.109e-05,
01:14:55,BONK,6.22e-06,1.14,4937177.0,6.3e-06,5.98e-06,
01:14:55,WIF,0.187,6.86,7100923.0,0.191,0.171,
01:14:55,BOME,0.000527,4.36,1348705.0,0.000535,0.000483,
01:14:55,NEIRO,8.858e-05,-0.15,3010809.0,9.111e-05,8.45e-05,
01:14:55,PENGU,0.010126,6.22,35982900.0,0.010177,0.009319,
01:15:55,DOGE,0.10598,3.7,178696770.0,0.10841,0.10096,Y
01:15:55,SHIB,6.28e-06,2.61,9976156.0,6.38e-06,6e-06,
01:15:55,PEPE,3.88e-06,0.52,47004690.0,3.95e-06,3.74e-06,
01:15:55,FLOKI,3.24e-05,1.09,3455345.0,3.284e-05,3.109e-05,
01:15:55,BONK,6.22e-06,1.3,4928646.0,6.3e-06,5.98e-06,
01:15:55,WIF,0.186,5.68,7102441.0,0.191,0.171,
01:15:55,BOME,0.000527,4.56,1351895.0,0.000535,0.000483,
01:15:55,NEIRO,8.847e-05,-0.03,3005833.0,9.111e-05,8.45e-05,
01:15:55,PENGU,0.010086,5.78,35991580.0,0.010177,0.009319,
01:16:55,DOGE,0.10598,3.61,178643554.0,0.10841,0.10096,Y
01:16:55,SHIB,6.28e-06,2.78,9977631.0,6.38e-06,6e-06,
01:16:55,PEPE,3.87e-06,0.26,47026620.0,3.95e-06,3.74e-06,
01:16:55,FLOKI,3.238e-05,1.0,3472848.0,3.284e-05,3.109e-05,
01:16:55,BONK,6.21e-06,0.98,4924601.0,6.3e-06,5.98e-06,
01:16:55,WIF,0.186,6.29,7161259.0,0.191,0.171,
01:16:55,BOME,0.000527,4.36,1351798.0,0.000535,0.000483,
01:16:55,NEIRO,8.836e-05,-0.21,3005205.0,9.111e-05,8.45e-05,
01:16:55,PENGU,0.010093,5.9,35988443.0,0.010177,0.009319,
01:17:55,DOGE,0.10573,3.21,178830842.0,0.10841,0.10096,Y
01:17:55,SHIB,6.28e-06,2.61,9980282.0,6.38e-06,6e-06,
01:17:55,PEPE,3.86e-06,0.0,46977843.0,3.95e-06,3.74e-06,
01:17:55,FLOKI,3.229e-05,0.69,3480967.0,3.284e-05,3.109e-05,
01:17:55,BONK,6.21e-06,0.98,4934939.0,6.3e-06,5.98e-06,
01:17:55,WIF,0.186,5.68,7165147.0,0.191,0.171,
01:17:55,BOME,0.000527,4.36,1351436.0,0.000535,0.000483,
01:17:55,NEIRO,8.823e-05,-0.52,3004553.0,9.111e-05,8.45e-05,
01:17:55,PENGU,0.010115,5.79,35973169.0,0.010177,0.009319,
01:18:55,DOGE,0.10574,3.14,178782732.0,0.10841,0.10096,Y
01:18:55,SHIB,6.28e-06,2.61,9977731.0,6.38e-06,6e-06,
01:18:55,PEPE,3.86e-06,0.0,46972552.0,3.95e-06,3.74e-06,
01:18:55,FLOKI,3.229e-05,0.69,3479560.0,3.284e-05,3.109e-05,
01:18:55,BONK,6.2e-06,0.81,4934834.0,6.3e-06,5.98e-06,
01:18:55,WIF,0.185,5.11,7169000.0,0.191,0.171,
01:18:55,BOME,0.000526,4.16,1351387.0,0.000535,0.000483,
01:18:55,NEIRO,8.815e-05,-0.59,3004610.0,9.111e-05,8.45e-05,
01:18:55,PENGU,0.010133,6.8,35271304.0,0.010177,0.009319,
01:19:55,DOGE,0.10594,3.27,178705177.0,0.10841,0.10096,Y
01:19:55,SHIB,6.27e-06,2.28,9975898.0,6.38e-06,6e-06,
01:19:55,PEPE,3.86e-06,0.0,46886165.0,3.95e-06,3.74e-06,
01:19:55,FLOKI,3.234e-05,0.78,3479683.0,3.284e-05,3.109e-05,
01:19:55,BONK,6.21e-06,0.81,4933550.0,6.3e-06,5.98e-06,
01:19:55,WIF,0.185,5.11,7170793.0,0.191,0.171,
01:19:55,BOME,0.000528,4.35,1352877.0,0.000535,0.000483,
01:19:55,NEIRO,8.827e-05,-0.61,3003927.0,9.111e-05,8.45e-05,
01:19:55,PENGU,0.010151,6.74,35307217.0,0.010177,0.009319,
01:20:55,DOGE,0.10591,3.0,178599934.0,0.10841,0.10096,Y
01:20:55,SHIB,6.27e-06,2.12,9971546.0,6.38e-06,6e-06,
01:20:55,PEPE,3.87e-06,0.0,46859308.0,3.95e-06,3.74e-06,
01:20:55,FLOKI,3.236e-05,0.62,3472465.0,3.284e-05,3.109e-05,
01:20:55,BONK,6.21e-06,0.65,4934859.0,6.3e-06,5.98e-06,
01:20:55,WIF,0.185,5.11,7161499.0,0.191,0.171,
01:20:55,BOME,0.000528,4.35,1352415.0,0.000535,0.000483,
01:20:55,NEIRO,8.836e-05,-0.6,3002579.0,9.111e-05,8.45e-05,
01:20:55,PENGU,0.010155,6.41,35292808.0,0.010177,0.009319,
01:21:55,DOGE,0.10595,3.01,178509707.0,0.10841,0.10096,Y
01:21:55,SHIB,6.27e-06,2.12,9970926.0,6.38e-06,6e-06,
01:21:55,PEPE,3.87e-06,0.0,46810156.0,3.95e-06,3.74e-06,
01:21:55,FLOKI,3.236e-05,0.53,3469794.0,3.284e-05,3.109e-05,
01:21:55,BONK,6.22e-06,0.81,4932176.0,6.3e-06,5.98e-06,
01:21:55,WIF,0.186,5.08,7190144.0,0.191,0.171,
01:21:55,BOME,0.000529,4.34,1356445.0,0.000535,0.000483,
01:21:55,NEIRO,8.84e-05,-1.01,2984428.0,9.111e-05,8.45e-05,
01:21:55,PENGU,0.010127,6.09,35323195.0,0.010177,0.009319,
01:22:54,DOGE,0.10586,3.1,178534301.0,0.10841,0.10096,Y
01:22:54,SHIB,6.27e-06,2.12,9969966.0,6.38e-06,6e-06,
01:22:54,PEPE,3.86e-06,-0.26,46801605.0,3.95e-06,3.74e-06,
01:22:54,FLOKI,3.234e-05,0.59,3469786.0,3.284e-05,3.109e-05,
01:22:54,BONK,6.21e-06,0.81,4932158.0,6.3e-06,5.98e-06,
01:22:54,WIF,0.185,4.52,7188799.0,0.191,0.171,
01:22:54,BOME,0.000529,4.13,1342644.0,0.000535,0.000483,
01:22:54,NEIRO,8.836e-05,-1.15,2980714.0,9.111e-05,8.45e-05,
01:22:54,PENGU,0.010084,5.61,35387170.0,0.010177,0.009319,
01:23:55,DOGE,0.10588,3.03,178712450.0,0.10841,0.10096,Y
01:23:55,SHIB,6.28e-06,2.28,9969437.0,6.38e-06,6e-06,
01:23:55,PEPE,3.86e-06,-0.26,46780134.0,3.95e-06,3.74e-06,
01:23:55,FLOKI,3.234e-05,0.53,3469762.0,3.284e-05,3.109e-05,
01:23:55,BONK,6.21e-06,0.65,4931542.0,6.3e-06,5.98e-06,
01:23:55,WIF,0.186,5.68,7164285.0,0.191,0.171,
01:23:55,BOME,0.000529,4.34,1342109.0,0.000535,0.000483,
01:23:55,NEIRO,8.839e-05,-0.97,2978672.0,9.111e-05,8.45e-05,
01:23:55,PENGU,0.010108,6.13,35384525.0,0.010177,0.009319,
01:24:55,DOGE,0.1058,2.95,178909704.0,0.10841,0.10096,Y
01:24:55,SHIB,6.27e-06,2.12,9965721.0,6.38e-06,6e-06,
01:24:55,PEPE,3.86e-06,-0.26,46723065.0,3.95e-06,3.74e-06,
01:24:55,FLOKI,3.233e-05,0.56,3469686.0,3.284e-05,3.109e-05,
01:24:55,BONK,6.21e-06,0.65,4930915.0,6.3e-06,5.98e-06,
01:24:55,WIF,0.185,5.11,7208997.0,0.191,0.171,
01:24:55,BOME,0.000529,4.34,1341935.0,0.000535,0.000483,
01:24:55,NEIRO,8.833e-05,-0.89,2975758.0,9.111e-05,8.45e-05,
01:24:55,PENGU,0.010088,5.81,35390377.0,0.010177,0.009319,
01:25:55,DOGE,0.1058,3.1,179079255.0,0.10841,0.10096,Y
01:25:55,SHIB,6.28e-06,2.28,9961564.0,6.38e-06,6e-06,
01:25:55,PEPE,3.87e-06,0.0,46623273.0,3.95e-06,3.74e-06,
01:25:55,FLOKI,3.234e-05,0.69,3469406.0,3.284e-05,3.109e-05,
01:25:55,BONK,6.21e-06,0.98,4918466.0,6.3e-06,5.98e-06,
01:25:55,WIF,0.185,5.11,7209062.0,0.191,0.171,
01:25:55,BOME,0.000528,4.35,1342526.0,0.000535,0.000483,
01:25:55,NEIRO,8.831e-05,-0.8,2980636.0,9.111e-05,8.45e-05,
01:25:55,PENGU,0.010068,5.83,35417323.0,0.010177,0.009319,
01:26:54,DOGE,0.10573,3.08,179172950.0,0.10841,0.10096,Y
01:26:54,SHIB,6.27e-06,2.12,9964486.0,6.38e-06,6e-06,
01:26:54,PEPE,3.87e-06,0.26,46603313.0,3.95e-06,3.74e-06,
01:26:54,FLOKI,3.232e-05,0.69,3470091.0,3.284e-05,3.109e-05,
01:26:54,BONK,6.22e-06,0.97,4905339.0,6.3e-06,5.98e-06,
01:26:54,WIF,0.186,5.68,7209300.0,0.191,0.171,
01:26:54,BOME,0.00053,4.95,1342848.0,0.000535,0.000483,
01:26:54,NEIRO,8.832e-05,-0.7,2978220.0,9.111e-05,8.45e-05,
01:26:54,PENGU,0.010059,5.84,35442037.0,0.010177,0.009319,
01:27:55,DOGE,0.10568,3.22,179098306.0,0.10841,0.10096,Y
01:27:55,SHIB,6.28e-06,2.45,9960998.0,6.38e-06,6e-06,
01:27:55,PEPE,3.86e-06,0.26,46473451.0,3.95e-06,3.74e-06,
01:27:55,FLOKI,3.233e-05,0.97,3462846.0,3.284e-05,3.109e-05,
01:27:55,BONK,6.22e-06,1.3,4901169.0,6.3e-06,5.98e-06,
01:27:55,WIF,0.186,6.29,7208573.0,0.191,0.171,
01:27:55,BOME,0.00053,5.16,1342485.0,0.000535,0.000483,
01:27:55,NEIRO,8.836e-05,-0.18,2969377.0,9.111e-05,8.45e-05,
01:27:55,PENGU,0.010061,6.36,35391374.0,0.010177,0.009319,
01:28:55,DOGE,0.10568,3.24,179081939.0,0.10841,0.10096,Y
01:28:55,SHIB,6.29e-06,2.61,9956428.0,6.38e-06,6e-06,
01:28:55,PEPE,3.87e-06,0.52,46469494.0,3.95e-06,3.74e-06,
01:28:55,FLOKI,3.234e-05,0.87,3461208.0,3.284e-05,3.109e-05,
01:28:55,BONK,6.22e-06,1.14,4892707.0,6.3e-06,5.98e-06,
01:28:55,WIF,0.185,5.71,7208608.0,0.191,0.171,
01:28:55,BOME,0.00053,4.95,1342060.0,0.000535,0.000483,
01:28:55,NEIRO,8.831e-05,-0.37,2968703.0,9.111e-05,8.45e-05,
01:28:55,PENGU,0.010052,5.99,35359569.0,0.010177,0.009319,
01:29:55,DOGE,0.1056,2.99,179105413.0,0.10841,0.10096,Y
01:29:55,SHIB,6.28e-06,2.45,9957451.0,6.38e-06,6e-06,
01:29:55,PEPE,3.86e-06,0.0,46420188.0,3.95e-06,3.74e-06,
01:29:55,FLOKI,3.232e-05,0.75,3462133.0,3.284e-05,3.109e-05,
01:29:55,BONK,6.22e-06,1.14,4892664.0,6.3e-06,5.98e-06,
01:29:55,WIF,0.185,5.71,7208643.0,0.191,0.171,
01:29:55,BOME,0.000528,4.35,1341171.0,0.000535,0.000483,
01:29:55,NEIRO,8.825e-05,-0.53,2968549.0,9.111e-05,8.45e-05,
01:29:55,PENGU,0.010056,6.2,35290806.0,0.010177,0.009319,
01:30:55,DOGE,0.10572,3.11,179686466.0,0.10841,0.10096,Y
01:30:55,SHIB,6.3e-06,2.77,9943516.0,6.38e-06,6e-06,
01:30:55,PEPE,3.87e-06,0.26,46420972.0,3.95e-06,3.74e-06,
01:30:55,FLOKI,3.236e-05,0.94,3463880.0,3.284e-05,3.109e-05,
01:30:55,BONK,6.23e-06,1.14,4886343.0,6.3e-06,5.98e-06,
01:30:55,WIF,0.186,6.29,7242860.0,0.191,0.171,
01:30:55,BOME,0.000529,4.54,1341566.0,0.000535,0.000483,
01:30:55,NEIRO,8.841e-05,-0.27,2968372.0,9.111e-05,8.45e-05,
01:30:55,PENGU,0.010024,5.75,35095073.0,0.010177,0.009319,
01:31:54,DOGE,0.1056,2.93,179698628.0,0.10841,0.10096,Y
01:31:54,SHIB,6.28e-06,2.45,9950178.0,6.38e-06,6e-06,
01:31:54,PEPE,3.87e-06,0.26,46423510.0,3.95e-06,3.74e-06,
01:31:54,FLOKI,3.231e-05,0.72,3465720.0,3.284e-05,3.109e-05,
01:31:54,BONK,6.22e-06,0.97,4893545.0,6.3e-06,5.98e-06,
01:31:54,WIF,0.186,5.68,7266944.0,0.191,0.171,
01:31:54,BOME,0.000528,4.55,1340926.0,0.000535,0.000483,
01:31:54,NEIRO,8.822e-05,-0.7,2969247.0,9.111e-05,8.45e-05,
01:31:54,PENGU,0.010021,5.66,35110195.0,0.010177,0.009319,
01:33:55,DOGE,0.10557,2.77,179665761.0,0.10841,0.10096,Y
01:33:55,SHIB,6.28e-06,2.28,9963137.0,6.38e-06,6e-06,
01:33:55,PEPE,3.86e-06,0.0,46378973.0,3.95e-06,3.74e-06,
01:33:55,FLOKI,3.231e-05,0.62,3465975.0,3.284e-05,3.109e-05,
01:33:55,BONK,6.22e-06,0.97,4884556.0,6.3e-06,5.98e-06,
01:33:55,WIF,0.185,5.11,7266469.0,0.191,0.171,
01:33:55,BOME,0.000527,4.36,1339450.0,0.000535,0.000483,
01:33:55,NEIRO,8.812e-05,-0.62,2966598.0,9.111e-05,8.45e-05,
01:33:55,PENGU,0.009992,5.77,35150763.0,0.010177,0.009319,
01:34:54,DOGE,0.10571,2.89,179690309.0,0.10841,0.10096,Y
01:34:54,SHIB,6.29e-06,2.44,9954159.0,6.38e-06,6e-06,
01:34:54,PEPE,3.87e-06,0.52,46360771.0,3.95e-06,3.74e-06,
01:34:54,FLOKI,3.233e-05,0.65,3464267.0,3.284e-05,3.109e-05,
01:34:54,BONK,6.22e-06,0.81,4884756.0,6.3e-06,5.98e-06,
01:34:54,WIF,0.186,6.29,7288391.0,0.191,0.171,
01:34:54,BOME,0.000528,4.35,1343730.0,0.000535,0.000483,
01:34:54,NEIRO,8.816e-05,-0.51,2967396.0,9.111e-05,8.45e-05,
01:34:54,PENGU,0.010013,5.89,35143799.0,0.010177,0.009319,
01:35:55,DOGE,0.10578,2.0,178333335.0,0.10841,0.10096,Y
01:35:55,SHIB,6.3e-06,2.61,9955711.0,6.38e-06,6e-06,
01:35:55,PEPE,3.88e-06,0.26,46336516.0,3.95e-06,3.74e-06,
01:35:55,FLOKI,3.236e-05,0.53,3460042.0,3.284e-05,3.109e-05,
01:35:55,BONK,6.23e-06,1.14,4876518.0,6.3e-06,5.98e-06,
01:35:55,WIF,0.187,6.25,7286818.0,0.191,0.171,
01:35:55,BOME,0.000529,4.54,1343731.0,0.000535,0.000483,
01:35:55,NEIRO,8.829e-05,-0.55,2965830.0,9.111e-05,8.45e-05,
01:35:55,PENGU,0.010014,5.66,35172462.0,0.010177,0.009319,
01:36:55,DOGE,0.10569,2.25,177441825.0,0.10841,0.10096,Y
01:36:55,SHIB,6.28e-06,2.45,9944439.0,6.38e-06,6e-06,
01:36:55,PEPE,3.88e-06,0.26,46235041.0,3.95e-06,3.74e-06,
01:36:55,FLOKI,3.236e-05,0.65,3458916.0,3.284e-05,3.109e-05,
01:36:55,BONK,6.22e-06,0.97,4876008.0,6.3e-06,5.98e-06,
01:36:55,WIF,0.186,6.29,7329196.0,0.191,0.171,
01:36:55,BOME,0.000528,4.14,1342302.0,0.000535,0.000483,
01:36:55,NEIRO,8.818e-05,-0.51,2964913.0,9.111e-05,8.45e-05,
01:36:55,PENGU,0.01,5.78,35180122.0,0.010177,0.009319,
01:37:54,DOGE,0.10572,2.33,177200120.0,0.10841,0.10096,Y
01:37:54,SHIB,6.3e-06,2.61,9944285.0,6.38e-06,6e-06,
01:37:54,PEPE,3.87e-06,0.0,46228768.0,3.95e-06,3.74e-06,
01:37:54,FLOKI,3.234e-05,0.59,3458310.0,3.284e-05,3.109e-05,
01:37:54,BONK,6.22e-06,0.97,4864322.0,6.3e-06,5.98e-06,
01:37:54,WIF,0.186,6.29,7329206.0,0.191,0.171,
01:37:54,BOME,0.000528,4.35,1342271.0,0.000535,0.000483,
01:37:54,NEIRO,8.81e-05,-0.42,2965474.0,9.111e-05,8.45e-05,
01:37:54,PENGU,0.010001,5.58,35178951.0,0.010177,0.009319,
01:38:55,DOGE,0.10567,2.33,177053612.0,0.10841,0.10096,Y
01:38:55,SHIB,6.28e-06,2.28,9947948.0,6.38e-06,6e-06,
01:38:55,PEPE,3.87e-06,0.0,46249108.0,3.95e-06,3.74e-06,
01:38:55,FLOKI,3.233e-05,0.62,3459293.0,3.284e-05,3.109e-05,
01:38:55,BONK,6.22e-06,0.97,4864240.0,6.3e-06,5.98e-06,
01:38:55,WIF,0.186,6.29,7333200.0,0.191,0.171,
01:38:55,BOME,0.000527,4.36,1342070.0,0.000535,0.000483,
01:38:55,NEIRO,8.817e-05,-0.45,2969274.0,9.111e-05,8.45e-05,
01:38:55,PENGU,0.010011,5.84,35183973.0,0.010177,0.009319,
01:39:55,DOGE,0.10578,2.38,176985054.0,0.10841,0.10096,Y
01:39:55,SHIB,6.29e-06,2.61,9951666.0,6.38e-06,6e-06,
01:39:55,PEPE,3.88e-06,0.26,46243751.0,3.95e-06,3.74e-06,
01:39:55,FLOKI,3.232e-05,0.59,3462063.0,3.284e-05,3.109e-05,
01:39:55,BONK,6.22e-06,0.97,4863706.0,6.3e-06,5.98e-06,
01:39:55,WIF,0.185,5.71,7333206.0,0.191,0.171,
01:39:55,BOME,0.000528,4.55,1342242.0,0.000535,0.000483,
01:39:55,NEIRO,8.816e-05,-0.33,2967990.0,9.111e-05,8.45e-05,
01:39:55,PENGU,0.010022,5.85,35196868.0,0.010177,0.009319,
01:40:55,DOGE,0.10568,2.29,176958807.0,0.10841,0.10096,Y
01:40:55,SHIB,6.29e-06,2.44,9953107.0,6.38e-06,6e-06,
01:40:55,PEPE,3.88e-06,0.26,46167309.0,3.95e-06,3.74e-06,
01:40:55,FLOKI,3.231e-05,0.62,3460962.0,3.284e-05,3.109e-05,
01:40:55,BONK,6.22e-06,0.81,4850321.0,6.3e-06,5.98e-06,
01:40:55,WIF,0.185,5.71,7334513.0,0.191,0.171,
01:40:55,BOME,0.000528,4.55,1342110.0,0.000535,0.000483,
01:40:55,NEIRO,8.823e-05,-0.16,2967604.0,9.111e-05,8.45e-05,
01:40:55,PENGU,0.010018,5.61,35230882.0,0.010177,0.009319,
01:41:55,DOGE,0.10568,2.25,176938174.0,0.10841,0.10096,Y
01:41:55,SHIB,6.3e-06,2.77,9954296.0,6.38e-06,6e-06,
01:41:55,PEPE,3.87e-06,0.0,46165553.0,3.95e-06,3.74e-06,
01:41:55,FLOKI,3.231e-05,0.62,3460953.0,3.284e-05,3.109e-05,
01:41:55,BONK,6.22e-06,1.14,4853247.0,6.3e-06,5.98e-06,
01:41:55,WIF,0.185,5.71,7334515.0,0.191,0.171,
01:41:55,BOME,0.000528,4.55,1341735.0,0.000535,0.000483,
01:41:55,NEIRO,8.814e-05,-0.14,2965691.0,9.111e-05,8.45e-05,
01:41:55,PENGU,0.010007,5.57,35233727.0,0.010177,0.009319,
01:42:55,DOGE,0.10569,2.06,176805333.0,0.10841,0.10096,Y
01:42:55,SHIB,6.29e-06,2.61,9958519.0,6.38e-06,6e-06,
01:42:55,PEPE,3.88e-06,0.26,46156712.0,3.95e-06,3.74e-06,
01:42:55,FLOKI,3.23e-05,0.53,3460703.0,3.284e-05,3.109e-05,
01:42:55,BONK,6.22e-06,0.81,4852772.0,6.3e-06,5.98e-06,
01:42:55,WIF,0.185,5.11,7334784.0,0.191,0.171,
01:42:55,BOME,0.000529,4.75,1341008.0,0.000535,0.000483,
01:42:55,NEIRO,8.81e-05,-0.28,2965259.0,9.111e-05,8.45e-05,
01:42:55,PENGU,0.009978,5.15,35268542.0,0.010177,0.009319,
01:43:55,DOGE,0.10568,1.84,174940249.0,0.10841,0.10096,Y
01:43:55,SHIB,6.29e-06,2.44,9958681.0,6.38e-06,6e-06,
01:43:55,PEPE,3.88e-06,0.26,46113764.0,3.95e-06,3.74e-06,
01:43:55,FLOKI,3.227e-05,0.37,3461567.0,3.284e-05,3.109e-05,
01:43:55,BONK,6.22e-06,0.81,4838473.0,6.3e-06,5.98e-06,
01:43:55,WIF,0.185,5.71,7335153.0,0.191,0.171,
01:43:55,BOME,0.000529,4.75,1340827.0,0.000535,0.000483,
01:43:55,NEIRO,8.809e-05,-0.4,2963394.0,9.111e-05,8.45e-05,
01:43:55,PENGU,0.00998,5.23,35288741.0,0.010177,0.009319,
01:44:55,DOGE,0.10571,1.84,174835146.0,0.10841,0.10096,Y
01:44:55,SHIB,6.3e-06,2.61,9958106.0,6.38e-06,6e-06,
01:44:55,PEPE,3.88e-06,0.26,46115118.0,3.95e-06,3.74e-06,
01:44:55,FLOKI,3.229e-05,0.4,3462064.0,3.284e-05,3.109e-05,
01:44:55,BONK,6.21e-06,0.65,4838539.0,6.3e-06,5.98e-06,
01:44:55,WIF,0.185,5.71,7335153.0,0.191,0.171,
01:44:55,BOME,0.000529,4.54,1339148.0,0.000535,0.000483,
01:44:55,NEIRO,8.806e-05,-0.31,2965491.0,9.111e-05,8.45e-05,
01:44:55,PENGU,0.010004,5.35,35296687.0,0.010177,0.009319,
01:45:55,DOGE,0.1058,2.08,174578510.0,0.10841,0.10096,Y
01:45:55,SHIB,6.31e-06,2.77,9964668.0,6.38e-06,6e-06,
01:45:55,PEPE,3.88e-06,0.26,46112016.0,3.95e-06,3.74e-06,
01:45:55,FLOKI,3.229e-05,0.43,3462105.0,3.284e-05,3.109e-05,
01:45:55,BONK,6.21e-06,0.65,4838432.0,6.3e-06,5.98e-06,
01:45:55,WIF,0.186,5.68,7335284.0,0.191,0.171,
01:45:55,BOME,0.000529,4.75,1339069.0,0.000535,0.000483,
01:45:55,NEIRO,8.806e-05,-0.25,2964585.0,9.111e-05,8.45e-05,
01:45:55,PENGU,0.009988,5.08,35265965.0,0.010177,0.009319,
01:46:56,DOGE,0.10575,2.06,174533895.0,0.10841,0.10096,Y
01:46:56,SHIB,6.3e-06,2.77,9964539.0,6.38e-06,6e-06,
01:46:56,PEPE,3.87e-06,0.0,46108379.0,3.95e-06,3.74e-06,
01:46:56,FLOKI,3.233e-05,0.59,3471938.0,3.284e-05,3.109e-05,
01:46:56,BONK,6.23e-06,1.14,4838269.0,6.3e-06,5.98e-06,
01:46:56,WIF,0.186,6.29,7335277.0,0.191,0.171,
01:46:56,BOME,0.00053,4.95,1339098.0,0.000535,0.000483,
01:46:56,NEIRO,8.82e-05,-0.04,2964011.0,9.111e-05,8.45e-05,
01:46:56,PENGU,0.01,5.35,35267360.0,0.010177,0.009319,
01:47:56,DOGE,0.10572,1.85,174729049.0,0.10841,0.10096,Y
01:47:56,SHIB,6.31e-06,2.94,9966434.0,6.38e-06,6e-06,
01:47:56,PEPE,3.88e-06,0.26,46105817.0,3.95e-06,3.74e-06,
01:47:56,FLOKI,3.232e-05,0.53,3472121.0,3.284e-05,3.109e-05,
01:47:56,BONK,6.23e-06,1.14,4838290.0,6.3e-06,5.98e-06,
01:47:56,WIF,0.186,5.68,7335270.0,0.191,0.171,
01:47:56,BOME,0.000529,4.75,1338423.0,0.000535,0.000483,
01:47:56,NEIRO,8.811e-05,-0.27,2964248.0,9.111e-05,8.45e-05,
01:47:56,PENGU,0.009979,5.01,35271930.0,0.010177,0.009319,
01:48:55,DOGE,0.10563,1.78,174616690.0,0.10841,0.10096,Y
01:48:55,SHIB,6.31e-06,2.77,9968143.0,6.38e-06,6e-06,
01:48:55,PEPE,3.88e-06,0.26,46102301.0,3.95e-06,3.74e-06,
01:48:55,FLOKI,3.23e-05,0.4,3471491.0,3.284e-05,3.109e-05,
01:48:55,BONK,6.22e-06,0.81,4838055.0,6.3e-06,5.98e-06,
01:48:55,WIF,0.185,5.11,7333671.0,0.191,0.171,
01:48:55,BOME,0.000529,4.54,1341271.0,0.000535,0.000483,
01:48:55,NEIRO,8.802e-05,-0.43,2965025.0,9.111e-05,8.45e-05,
01:48:55,PENGU,0.009974,5.01,35259388.0,0.010177,0.009319,
01:49:55,DOGE,0.1057,1.95,174474327.0,0.10841,0.10096,Y
01:49:55,SHIB,6.31e-06,2.77,9951828.0,6.38e-06,6e-06,
01:49:55,PEPE,3.87e-06,0.0,45988667.0,3.95e-06,3.74e-06,
01:49:55,FLOKI,3.231e-05,0.34,3468900.0,3.284e-05,3.109e-05,
01:49:55,BONK,6.22e-06,0.81,4838507.0,6.3e-06,5.98e-06,
01:49:55,WIF,0.185,5.11,7307296.0,0.191,0.171,
01:49:55,BOME,0.000529,4.54,1341320.0,0.000535,0.000483,
01:49:55,NEIRO,8.815e-05,-0.38,2960060.0,9.111e-05,8.45e-05,
01:49:55,PENGU,0.009968,4.9,35225394.0,0.010177,0.009319,
01:51:55,DOGE,0.10559,1.88,174531668.0,0.10841,0.10096,Y
01:51:55,SHIB,6.31e-06,2.6,9949966.0,6.38e-06,6e-06,
01:51:55,PEPE,3.87e-06,0.0,45956152.0,3.95e-06,3.74e-06,
01:51:55,FLOKI,3.232e-05,0.34,3468127.0,3.284e-05,3.109e-05,
01:51:55,BONK,6.23e-06,0.97,4835817.0,6.3e-06,5.98e-06,
01:51:55,WIF,0.185,4.52,7300868.0,0.191,0.171,
01:51:55,BOME,0.000529,4.54,1340566.0,0.000535,0.000483,
01:51:55,NEIRO,8.807e-05,-0.56,2964790.0,9.111e-05,8.45e-05,
01:51:55,PENGU,0.009977,4.87,35233465.0,0.010177,0.009319,
01:52:54,DOGE,0.10565,1.83,174493975.0,0.10841,0.10096,Y
01:52:54,SHIB,6.3e-06,2.44,9950823.0,6.38e-06,6e-06,
01:52:54,PEPE,3.87e-06,0.0,45955673.0,3.95e-06,3.74e-06,
01:52:54,FLOKI,3.233e-05,0.37,3466958.0,3.284e-05,3.109e-05,
01:52:54,BONK,6.22e-06,0.81,4835450.0,6.3e-06,5.98e-06,
01:52:54,WIF,0.186,5.08,7300183.0,0.191,0.171,
01:52:54,BOME,0.00053,4.95,1340549.0,0.000535,0.000483,
01:52:54,NEIRO,8.808e-05,-0.55,2964583.0,9.111e-05,8.45e-05,
01:52:54,PENGU,0.009987,4.96,35233531.0,0.010177,0.009319,
01:53:55,DOGE,0.10572,1.97,174446194.0,0.10841,0.10096,Y
01:53:55,SHIB,6.31e-06,2.6,9950883.0,6.38e-06,6e-06,
01:53:55,PEPE,3.89e-06,0.78,45974785.0,3.95e-06,3.74e-06,
01:53:55,FLOKI,3.235e-05,0.53,3465593.0,3.284e-05,3.109e-05,
01:53:55,BONK,6.22e-06,0.81,4835398.0,6.3e-06,5.98e-06,
01:53:55,WIF,0.185,5.11,7300478.0,0.191,0.171,
01:53:55,BOME,0.00053,4.95,1340691.0,0.000535,0.000483,
01:53:55,NEIRO,8.822e-05,-0.11,2964294.0,9.111e-05,8.45e-05,
01:53:55,PENGU,0.009997,5.35,35232645.0,0.010177,0.009319,
01:54:54,DOGE,0.10567,1.94,174486822.0,0.10841,0.10096,Y
01:54:54,SHIB,6.31e-06,2.6,9950954.0,6.38e-06,6e-06,
01:54:54,PEPE,3.89e-06,0.52,45973469.0,3.95e-06,3.74e-06,
01:54:54,FLOKI,3.237e-05,0.62,3465260.0,3.284e-05,3.109e-05,
01:54:54,BONK,6.24e-06,1.14,4835812.0,6.3e-06,5.98e-06,
01:54:54,WIF,0.186,5.68,7300617.0,0.191,0.171,
01:54:54,BOME,0.00053,4.95,1355284.0,0.000535,0.000483,
01:54:54,NEIRO,8.825e-05,-0.16,2961561.0,9.111e-05,8.45e-05,
01:54:54,PENGU,0.009996,5.16,35245423.0,0.010177,0.009319,
01:56:55,DOGE,0.10575,2.08,174427275.0,0.10841,0.10096,Y
01:56:55,SHIB,6.31e-06,2.77,9949290.0,6.38e-06,6e-06,
01:56:55,PEPE,3.89e-06,0.52,45969930.0,3.95e-06,3.74e-06,
01:56:55,FLOKI,3.236e-05,0.43,3461206.0,3.284e-05,3.109e-05,
01:56:55,BONK,6.24e-06,1.14,4827629.0,6.3e-06,5.98e-06,
01:56:55,WIF,0.186,5.08,7300528.0,0.191,0.171,
01:56:55,BOME,0.000531,5.15,1355136.0,0.000535,0.000483,
01:56:55,NEIRO,8.823e-05,-0.19,2960315.0,9.111e-05,8.45e-05,
01:56:55,PENGU,0.009982,4.83,35248958.0,0.010177,0.009319,
01:58:55,DOGE,0.1057,2.04,174405787.0,0.10841,0.10096,Y
01:58:55,SHIB,6.31e-06,2.6,9950346.0,6.38e-06,6e-06,
01:58:55,PEPE,3.88e-06,0.52,45968915.0,3.95e-06,3.74e-06,
01:58:55,FLOKI,3.233e-05,0.4,3460838.0,3.284e-05,3.109e-05,
01:58:55,BONK,6.24e-06,0.97,4827328.0,6.3e-06,5.98e-06,
01:58:55,WIF,0.186,5.68,7302425.0,0.191,0.171,
01:58:55,BOME,0.00053,4.95,1355254.0,0.000535,0.000483,
01:58:55,NEIRO,8.82e-05,-0.2,2960324.0,9.111e-05,8.45e-05,
01:58:55,PENGU,0.009947,4.56,35231377.0,0.010177,0.009319,
01:59:54,DOGE,0.10587,1.88,174350453.0,0.10841,0.10096,Y
01:59:54,SHIB,6.31e-06,2.44,9956726.0,6.38e-06,6e-06,
01:59:54,PEPE,3.89e-06,0.26,45740480.0,3.95e-06,3.74e-06,
01:59:54,FLOKI,3.235e-05,0.31,3459710.0,3.284e-05,3.109e-05,
01:59:54,BONK,6.24e-06,0.81,4819889.0,6.3e-06,5.98e-06,
01:59:54,WIF,0.186,5.68,7302564.0,0.191,0.171,
01:59:54,BOME,0.000532,4.93,1355245.0,0.000535,0.000483,
01:59:54,NEIRO,8.826e-05,-0.55,2958466.0,9.111e-05,8.45e-05,
01:59:54,PENGU,0.009967,4.64,35233936.0,0.010177,0.009319,
02:00:55,DOGE,0.10591,1.88,174200219.0,0.10841,0.10096,Y
02:00:55,SHIB,6.32e-06,2.6,9942956.0,6.38e-06,6e-06,
02:00:55,PEPE,3.89e-06,0.52,45448631.0,3.95e-06,3.74e-06,
02:00:55,FLOKI,3.238e-05,0.43,3463836.0,3.284e-05,3.109e-05,
02:00:55,BONK,6.24e-06,0.97,4769898.0,6.3e-06,5.98e-06,
02:00:55,WIF,0.186,5.68,7296235.0,0.191,0.171,
02:00:55,BOME,0.000532,5.14,1354901.0,0.000535,0.000483,
02:00:55,NEIRO,8.838e-05,-0.45,2955708.0,9.111e-05,8.45e-05,
02:00:55,PENGU,0.009975,4.63,35202518.0,0.010177,0.009319,
02:01:55,DOGE,0.10594,1.96,174227347.0,0.10841,0.10096,Y
02:01:55,SHIB,6.32e-06,2.43,9914872.0,6.38e-06,6e-06,
02:01:55,PEPE,3.89e-06,0.52,45407430.0,3.95e-06,3.74e-06,
02:01:55,FLOKI,3.239e-05,0.37,3462820.0,3.284e-05,3.109e-05,
02:01:55,BONK,6.24e-06,0.81,4756400.0,6.3e-06,5.98e-06,
02:01:55,WIF,0.186,5.08,7297430.0,0.191,0.171,
02:01:55,BOME,0.000532,5.14,1355242.0,0.000535,0.000483,
02:01:55,NEIRO,8.838e-05,-0.25,2953835.0,9.111e-05,8.45e-05,
02:01:55,PENGU,0.009987,4.63,35221883.0,0.010177,0.009319,
02:02:54,DOGE,0.10601,2.23,174162661.0,0.10841,0.10096,Y
02:02:54,SHIB,6.32e-06,2.43,9904104.0,6.38e-06,6e-06,
02:02:54,PEPE,3.89e-06,0.78,45399838.0,3.95e-06,3.74e-06,
02:02:54,FLOKI,3.24e-05,0.59,3462655.0,3.284e-05,3.109e-05,
02:02:54,BONK,6.24e-06,0.97,4747610.0,6.3e-06,5.98e-06,
02:02:54,WIF,0.185,5.11,7297466.0,0.191,0.171,
02:02:54,BOME,0.000531,5.36,1355014.0,0.000535,0.000483,
02:02:54,NEIRO,8.857e-05,0.27,2954046.0,9.111e-05,8.45e-05,
02:02:54,PENGU,0.010015,5.11,35213892.0,0.010177,0.009319,
02:03:55,DOGE,0.10618,2.42,174142224.0,0.10841,0.10096,Y
02:03:55,SHIB,6.32e-06,2.6,9914520.0,6.38e-06,6e-06,
02:03:55,PEPE,3.9e-06,1.04,45311766.0,3.95e-06,3.74e-06,
02:03:55,FLOKI,3.243e-05,0.81,3457931.0,3.284e-05,3.109e-05,
02:03:55,BONK,6.25e-06,1.13,4751186.0,6.3e-06,5.98e-06,
02:03:55,WIF,0.186,5.08,7297597.0,0.191,0.171,
02:03:55,BOME,0.000532,5.76,1356446.0,0.000535,0.000483,
02:03:55,NEIRO,8.866e-05,0.58,2941798.0,9.111e-05,8.45e-05,
02:03:55,PENGU,0.010003,5.79,35113420.0,0.010177,0.009319,
02:04:54,DOGE,0.10607,2.37,173971807.0,0.10841,0.10096,Y
02:04:54,SHIB,6.32e-06,2.76,9909862.0,6.38e-06,6e-06,
02:04:54,PEPE,3.89e-06,1.04,45298597.0,3.95e-06,3.74e-06,
02:04:54,FLOKI,3.241e-05,0.84,3456652.0,3.284e-05,3.109e-05,
02:04:54,BONK,6.25e-06,1.3,4751625.0,6.3e-06,5.98e-06,
02:04:54,WIF,0.185,5.11,7297628.0,0.191,0.171,
02:04:54,BOME,0.000532,5.76,1353888.0,0.000535,0.000483,
02:04:54,NEIRO,8.853e-05,0.58,2925732.0,9.111e-05,8.45e-05,
02:04:54,PENGU,0.009999,5.52,35100896.0,0.010177,0.009319,
02:05:54,DOGE,0.10589,2.38,173995371.0,0.10841,0.10096,Y
02:05:54,SHIB,6.31e-06,2.77,9908987.0,6.38e-06,6e-06,
02:05:54,PEPE,3.88e-06,0.78,45290263.0,3.95e-06,3.74e-06,
02:05:54,FLOKI,3.239e-05,0.87,3451690.0,3.284e-05,3.109e-05,
02:05:54,BONK,6.24e-06,1.3,4749720.0,6.3e-06,5.98e-06,
02:05:54,WIF,0.185,5.11,7297760.0,0.191,0.171,
02:05:54,BOME,0.000532,5.98,1353398.0,0.000535,0.000483,
02:05:54,NEIRO,8.85e-05,0.73,2867292.0,9.111e-05,8.45e-05,
02:05:54,PENGU,0.009987,5.2,35077170.0,0.010177,0.009319,
02:06:54,DOGE,0.10585,2.57,173948065.0,0.10841,0.10096,Y
02:06:54,SHIB,6.3e-06,2.61,9911897.0,6.38e-06,6e-06,
02:06:54,PEPE,3.88e-06,1.04,45198318.0,3.95e-06,3.74e-06,
02:06:54,FLOKI,3.239e-05,0.97,3449984.0,3.284e-05,3.109e-05,
02:06:54,BONK,6.24e-06,1.46,4744794.0,6.3e-06,5.98e-06,
02:06:54,WIF,0.186,5.68,7288867.0,0.191,0.171,
02:06:54,BOME,0.000532,5.98,1353089.0,0.000535,0.000483,
02:06:54,NEIRO,8.846e-05,0.92,2863252.0,9.111e-05,8.45e-05,
02:06:54,PENGU,0.009995,5.27,35076548.0,0.010177,0.009319,
02:07:55,DOGE,0.10575,2.57,173641185.0,0.10841,0.10096,Y
02:07:55,SHIB,6.31e-06,2.94,9902911.0,6.38e-06,6e-06,
02:07:55,PEPE,3.89e-06,1.3,45074849.0,3.95e-06,3.74e-06,
02:07:55,FLOKI,3.236e-05,0.97,3452260.0,3.284e-05,3.109e-05,
02:07:55,BONK,6.24e-06,1.46,4738307.0,6.3e-06,5.98e-06,
02:07:55,WIF,0.185,5.71,7289292.0,0.191,0.171,
02:07:55,BOME,0.000532,5.98,1353002.0,0.000535,0.000483,
02:07:55,NEIRO,8.837e-05,0.96,2859644.0,9.111e-05,8.45e-05,
02:07:55,PENGU,0.009982,5.21,35060671.0,0.010177,0.009319,
02:08:55,DOGE,0.10561,3.53,171897736.0,0.10841,0.10096,Y
02:08:55,SHIB,6.3e-06,3.28,9865773.0,6.38e-06,6e-06,
02:08:55,PEPE,3.89e-06,1.83,44735469.0,3.95e-06,3.74e-06,
02:08:55,FLOKI,3.231e-05,1.19,3410357.0,3.284e-05,3.109e-05,
02:08:55,BONK,6.22e-06,1.63,4717053.0,6.3e-06,5.98e-06,
02:08:55,WIF,0.185,5.71,7309831.0,0.191,0.171,
02:08:55,BOME,0.000531,6.2,1349557.0,0.000535,0.000483,
02:08:55,NEIRO,8.828e-05,1.34,2831161.0,9.111e-05,8.45e-05,
02:08:55,PENGU,0.009974,5.41,35038701.0,0.010177,0.009319,
02:09:54,DOGE,0.10565,3.87,170496523.0,0.10841,0.10096,Y
02:09:54,SHIB,6.29e-06,3.45,9830162.0,6.38e-06,6e-06,
02:09:54,PEPE,3.89e-06,2.64,43991080.0,3.95e-06,3.74e-06,
02:09:54,FLOKI,3.23e-05,1.89,3358729.0,3.284e-05,3.109e-05,
02:09:54,BONK,6.22e-06,2.3,4633667.0,6.3e-06,5.98e-06,
02:09:54,WIF,0.184,6.36,7330506.0,0.191,0.171,
02:09:54,BOME,0.000531,6.84,1314003.0,0.000535,0.000483,
02:09:54,NEIRO,8.837e-05,2.04,2803161.0,9.111e-05,8.45e-05,
02:09:54,PENGU,0.009955,5.96,34874545.0,0.010177,0.009319,
02:10:55,DOGE,0.10555,3.87,169178721.0,0.10841,0.10096,Y
02:10:55,SHIB,6.29e-06,3.97,9645337.0,6.38e-06,6e-06,
02:10:55,PEPE,3.88e-06,2.92,41660539.0,3.95e-06,3.74e-06,
02:10:55,FLOKI,3.226e-05,2.51,3241155.0,3.284e-05,3.109e-05,
02:10:55,BONK,6.22e-06,2.98,4516470.0,6.3e-06,5.98e-06,
02:10:55,WIF,0.185,6.94,7265721.0,0.191,0.171,
02:10:55,BOME,0.00053,8.16,1264548.0,0.000535,0.000483,
02:10:55,NEIRO,8.809e-05,2.67,2754902.0,9.111e-05,8.45e-05,
02:10:55,PENGU,0.009964,6.17,34721529.0,0.010177,0.009346,
02:11:55,DOGE,0.10557,3.6,168858449.0,0.10841,0.10096,Y
02:11:55,SHIB,6.29e-06,4.14,9619897.0,6.38e-06,6e-06,
02:11:55,PEPE,3.88e-06,2.92,41484581.0,3.95e-06,3.74e-06,
02:11:55,FLOKI,3.226e-05,2.71,3229731.0,3.284e-05,3.109e-05,
02:11:55,BONK,6.22e-06,3.32,4494639.0,6.3e-06,5.98e-06,
02:11:55,WIF,0.184,6.98,7249527.0,0.191,0.171,
02:11:55,BOME,0.00053,8.38,1261849.0,0.000535,0.000483,
02:11:55,NEIRO,8.81e-05,2.71,2725072.0,9.111e-05,8.45e-05,
02:11:55,PENGU,0.009941,5.97,34621259.0,0.010177,0.009346,
02:12:55,DOGE,0.1056,3.87,168600829.0,0.10841,0.10096,Y
02:12:55,SHIB,6.29e-06,4.49,9426401.0,6.38e-06,6e-06,
02:12:55,PEPE,3.88e-06,3.47,41108479.0,3.95e-06,3.75e-06,
02:12:55,FLOKI,3.226e-05,3.43,3157875.0,3.284e-05,3.119e-05,
02:12:55,BONK,6.22e-06,3.84,4475432.0,6.3e-06,5.98e-06,
02:12:55,WIF,0.185,7.56,7198549.0,0.191,0.171,
02:12:55,BOME,0.000528,8.87,1254321.0,0.000535,0.000483,
02:12:55,NEIRO,8.814e-05,4.13,2681794.0,9.111e-05,8.455e-05,
02:12:55,PENGU,0.009952,5.94,34578241.0,0.010177,0.00939,
02:13:55,DOGE,0.10568,3.76,168454687.0,0.10841,0.10096,Y
02:13:55,SHIB,6.3e-06,4.65,9424317.0,6.38e-06,6e-06,
02:13:55,PEPE,3.88e-06,2.65,40917757.0,3.95e-06,3.75e-06,
02:13:55,FLOKI,3.229e-05,3.0,3149468.0,3.284e-05,3.119e-05,
02:13:55,BONK,6.22e-06,3.32,4467094.0,6.3e-06,5.98e-06,
02:13:55,WIF,0.184,6.36,7190830.0,0.191,0.172,
02:13:55,BOME,0.000529,8.4,1249302.0,0.000535,0.000483,
02:13:55,NEIRO,8.825e-05,3.51,2668750.0,9.111e-05,8.455e-05,
02:13:55,PENGU,0.010003,5.43,34590539.0,0.010177,0.00939,
02:14:55,DOGE,0.10572,3.72,168146230.0,0.10841,0.10096,Y
02:14:55,SHIB,6.3e-06,4.48,9386039.0,6.38e-06,6e-06,
02:14:55,PEPE,3.89e-06,2.91,40725819.0,3.95e-06,3.75e-06,
02:14:55,FLOKI,3.23e-05,2.73,3129008.0,3.284e-05,3.119e-05,
02:14:55,BONK,6.22e-06,3.15,4450561.0,6.3e-06,5.98e-06,
02:14:55,WIF,0.184,6.36,7185632.0,0.191,0.172,
02:14:55,BOME,0.00053,8.38,1244979.0,0.000535,0.000483,
02:14:55,NEIRO,8.821e-05,3.0,2660649.0,9.111e-05,8.455e-05,
02:14:55,PENGU,0.010023,5.29,34512256.0,0.010177,0.00939,
02:15:55,DOGE,0.10579,4.09,168011836.0,0.10841,0.10096,Y
02:15:55,SHIB,6.3e-06,4.65,9331977.0,6.38e-06,6e-06,
02:15:55,PEPE,3.88e-06,3.19,40590187.0,3.95e-06,3.75e-06,
02:15:55,FLOKI,3.235e-05,3.19,3116263.0,3.284e-05,3.119e-05,
02:15:55,BONK,6.22e-06,3.49,4442645.0,6.3e-06,5.98e-06,
02:15:55,WIF,0.184,6.98,7185759.0,0.191,0.172,
02:15:55,BOME,0.00053,8.83,1239885.0,0.000535,0.000483,
02:15:55,NEIRO,8.833e-05,3.2,2652623.0,9.111e-05,8.455e-05,
02:15:55,PENGU,0.010106,5.47,34667729.0,0.010177,0.00939,
02:16:55,DOGE,0.10583,3.73,167732190.0,0.10841,0.10096,Y
02:16:55,SHIB,6.31e-06,4.3,9329195.0,6.38e-06,6e-06,
02:16:55,PEPE,3.9e-06,3.17,40537340.0,3.95e-06,3.75e-06,
02:16:55,FLOKI,3.238e-05,2.99,3113985.0,3.284e-05,3.119e-05,
02:16:55,BONK,6.23e-06,3.32,4428010.0,6.3e-06,5.98e-06,
02:16:55,WIF,0.184,6.98,7185875.0,0.191,0.172,
02:16:55,BOME,0.000531,8.37,1229900.0,0.000535,0.000483,
02:16:55,NEIRO,8.844e-05,3.29,2648115.0,9.111e-05,8.455e-05,
02:16:55,PENGU,0.010138,5.29,34614807.0,0.010177,0.00939,
02:17:55,DOGE,0.10594,4.0,167610303.0,0.10841,0.10096,Y
02:17:55,SHIB,6.31e-06,4.47,9322948.0,6.38e-06,6e-06,
02:17:55,PEPE,3.89e-06,3.18,40435059.0,3.95e-06,3.75e-06,
02:17:55,FLOKI,3.24e-05,3.12,3111309.0,3.284e-05,3.119e-05,
02:17:55,BONK,6.24e-06,3.65,4419165.0,6.3e-06,5.98e-06,
02:17:55,WIF,0.184,6.36,7180127.0,0.191,0.172,
02:17:55,BOME,0.00053,8.38,1239518.0,0.000535,0.000483,
02:17:55,NEIRO,8.857e-05,3.74,2648924.0,9.111e-05,8.455e-05,
02:17:55,PENGU,0.01015,5.98,34615594.0,0.0102,0.00939,
02:18:55,DOGE,0.10598,4.11,167628461.0,0.10841,0.10096,Y
02:18:55,SHIB,6.32e-06,4.64,9311892.0,6.38e-06,6e-06,
02:18:55,PEPE,3.89e-06,3.18,40337097.0,3.95e-06,3.75e-06,
02:18:55,FLOKI,3.239e-05,3.12,3108869.0,3.284e-05,3.119e-05,
02:18:55,BONK,6.24e-06,3.83,4411464.0,6.3e-06,5.98e-06,
02:18:55,WIF,0.184,6.36,7174776.0,0.191,0.172,
02:18:55,BOME,0.00053,8.61,1237910.0,0.000535,0.000483,
02:18:55,NEIRO,8.854e-05,3.75,2643898.0,9.111e-05,8.455e-05,
02:18:55,PENGU,0.010143,6.07,34618043.0,0.0102,0.00939,
02:19:55,DOGE,0.10599,4.41,167553703.0,0.10841,0.10096,Y
02:19:55,SHIB,6.31e-06,4.82,9299543.0,6.38e-06,6e-06,
02:19:55,PEPE,3.89e-06,3.46,40306289.0,3.95e-06,3.75e-06,
02:19:55,FLOKI,3.238e-05,3.35,3096427.0,3.284e-05,3.119e-05,
02:19:55,BONK,6.24e-06,4.0,4402196.0,6.3e-06,5.98e-06,
02:19:55,WIF,0.184,6.98,7174814.0,0.191,0.172,
02:19:55,BOME,0.000529,8.62,1242434.0,0.000535,0.000483,
02:19:55,NEIRO,8.843e-05,3.88,2639009.0,9.111e-05,8.455e-05,
02:19:55,PENGU,0.010132,6.21,34589387.0,0.0102,0.00939,
02:20:55,DOGE,0.10605,4.52,167319279.0,0.10841,0.10096,Y
02:20:55,SHIB,6.31e-06,4.64,9253575.0,6.38e-06,6e-06,
02:20:55,PEPE,3.9e-06,3.72,40262567.0,3.95e-06,3.75e-06,
02:20:55,FLOKI,3.24e-05,3.45,3090914.0,3.284e-05,3.119e-05,
02:20:55,BONK,6.24e-06,4.17,4400670.0,6.3e-06,5.98e-06,
02:20:55,WIF,0.185,6.94,7163196.0,0.191,0.172,
02:20:55,BOME,0.000529,8.85,1228041.0,0.000535,0.000483,
02:20:55,NEIRO,8.841e-05,3.89,2626598.0,9.111e-05,8.455e-05,
02:20:55,PENGU,0.010119,6.08,34563418.0,0.0102,0.00939,
02:21:55,DOGE,0.10594,3.9,167129648.0,0.10841,0.10096,Y
02:21:55,SHIB,6.31e-06,4.3,9222763.0,6.38e-06,6e-06,
02:21:55,PEPE,3.88e-06,2.38,40115240.0,3.95e-06,3.75e-06,
02:21:55,FLOKI,3.238e-05,2.73,3081919.0,3.284e-05,3.119e-05,
02:21:55,BONK,6.23e-06,3.32,4383447.0,6.3e-06,5.98e-06,
02:21:55,WIF,0.184,6.36,7151807.0,0.191,0.172,
02:21:55,BOME,0.000529,7.74,1217529.0,0.000535,0.000483,
02:21:55,NEIRO,8.834e-05,2.86,2619603.0,9.111e-05,8.455e-05,
02:21:55,PENGU,0.010115,5.51,34669355.0,0.0102,0.00939,
02:22:55,DOGE,0.10598,3.89,166944890.0,0.10841,0.10096,Y
02:22:55,SHIB,6.31e-06,4.3,9221078.0,6.38e-06,6e-06,
02:22:55,PEPE,3.89e-06,2.64,40113411.0,3.95e-06,3.75e-06,
02:22:55,FLOKI,3.238e-05,2.63,3078797.0,3.284e-05,3.119e-05,
02:22:55,BONK,6.23e-06,3.15,4377044.0,6.3e-06,5.98e-06,
02:22:55,WIF,0.184,6.36,7151830.0,0.191,0.172,
02:22:55,BOME,0.000528,7.54,1217747.0,0.000535,0.000483,
02:22:55,NEIRO,8.841e-05,2.95,2615002.0,9.111e-05,8.455e-05,
02:22:55,PENGU,0.010134,5.33,34631956.0,0.0102,0.00939,
02:23:55,DOGE,0.1059,3.88,166915064.0,0.10841,0.10096,Y
02:23:55,SHIB,6.3e-06,3.96,9221000.0,6.38e-06,6e-06,
02:23:55,PEPE,3.88e-06,2.1,40031210.0,3.95e-06,3.75e-06,
02:23:55,FLOKI,3.232e-05,2.34,3127720.0,3.284e-05,3.119e-05,
02:23:55,BONK,6.23e-06,2.98,4373209.0,6.3e-06,5.98e-06,
02:23:55,WIF,0.184,5.75,7152048.0,0.191,0.172,
02:23:55,BOME,0.000528,7.54,1215162.0,0.000535,0.000483,
02:23:55,NEIRO,8.833e-05,2.55,2611246.0,9.111e-05,8.455e-05,
02:23:55,PENGU,0.010143,5.5,34572128.0,0.0102,0.00939,
02:24:55,DOGE,0.10583,3.75,166858331.0,0.10841,0.10096,Y
02:24:55,SHIB,6.31e-06,4.12,9197539.0,6.38e-06,6e-06,
02:24:55,PEPE,3.88e-06,2.1,40025825.0,3.95e-06,3.75e-06,
02:24:55,FLOKI,3.231e-05,2.21,3123153.0,3.284e-05,3.119e-05,
02:24:55,BONK,6.22e-06,2.81,4366271.0,6.3e-06,5.98e-06,
02:24:55,WIF,0.185,6.32,7143632.0,0.191,0.172,
02:24:55,BOME,0.000528,7.54,1211749.0,0.000535,0.000483,
02:24:55,NEIRO,8.835e-05,2.27,2603922.0,9.111e-05,8.455e-05,
02:24:55,PENGU,0.010125,5.48,34546677.0,0.0102,0.00939,
02:26:55,DOGE,0.10569,3.75,166798589.0,0.10841,0.10096,Y
02:26:55,SHIB,6.3e-06,3.96,9192576.0,6.38e-06,6e-06,
02:26:55,PEPE,3.88e-06,2.1,39936517.0,3.95e-06,3.75e-06,
02:26:55,FLOKI,3.225e-05,2.22,3115687.0,3.284e-05,3.119e-05,
02:26:55,BONK,6.21e-06,2.81,4353266.0,6.3e-06,5.98e-06,
02:26:55,WIF,0.183,5.17,7197018.0,0.191,0.172,
02:26:55,BOME,0.000529,7.96,1224415.0,0.000535,0.000483,
02:26:55,NEIRO,8.824e-05,2.41,2600713.0,9.111e-05,8.455e-05,
02:26:55,PENGU,0.010081,5.31,34594111.0,0.0102,0.00939,
02:27:55,DOGE,0.10573,3.82,166745991.0,0.10841,0.10096,Y
02:27:55,SHIB,6.29e-06,4.14,9168330.0,6.38e-06,6e-06,
02:27:55,PEPE,3.88e-06,2.65,39918531.0,3.95e-06,3.75e-06,
02:27:55,FLOKI,3.226e-05,2.38,3110138.0,3.284e-05,3.119e-05,
02:27:55,BONK,6.21e-06,2.81,4339284.0,6.3e-06,5.98e-06,
02:27:55,WIF,0.184,6.36,7197760.0,0.191,0.172,
02:27:55,BOME,0.000528,7.75,1222840.0,0.000535,0.000483,
02:27:55,NEIRO,8.822e-05,2.53,2605771.0,9.111e-05,8.455e-05,
02:27:55,PENGU,0.010101,5.66,34566797.0,0.0102,0.00939,
02:28:55,DOGE,0.10577,4.31,166509659.0,0.10841,0.10096,Y
02:28:55,SHIB,6.29e-06,4.49,9141675.0,6.38e-06,6e-06,
02:28:55,PEPE,3.88e-06,2.92,39699741.0,3.95e-06,3.75e-06,
02:28:55,FLOKI,3.225e-05,2.77,3103277.0,3.284e-05,3.119e-05,
02:28:55,BONK,6.22e-06,3.49,4328220.0,6.3e-06,5.98e-06,
02:28:55,WIF,0.184,6.98,7200549.0,0.191,0.172,
02:28:55,BOME,0.000528,8.42,1222951.0,0.000535,0.000483,
02:28:55,NEIRO,8.826e-05,3.24,2591236.0,9.111e-05,8.455e-05,
02:28:55,PENGU,0.010094,6.12,34534606.0,0.0102,0.00939,
02:29:55,DOGE,0.10567,4.17,166294643.0,0.10841,0.10096,Y
02:29:55,SHIB,6.3e-06,4.48,9100930.0,6.38e-06,6e-06,
02:29:55,PEPE,3.88e-06,2.92,39476998.0,3.95e-06,3.75e-06,
02:29:55,FLOKI,3.222e-05,2.74,3099555.0,3.284e-05,3.119e-05,
02:29:55,BONK,6.22e-06,3.32,4317087.0,6.3e-06,5.98e-06,
02:29:55,WIF,0.184,6.98,7214446.0,0.191,0.172,
02:29:55,BOME,0.000528,8.42,1214430.0,0.000535,0.000483,
02:29:55,NEIRO,8.822e-05,3.34,2585359.0,9.111e-05,8.455e-05,
02:29:55,PENGU,0.010083,5.81,34560729.0,0.0102,0.00939,
02:30:55,DOGE,0.10567,4.42,166026020.0,0.10841,0.10096,Y
02:30:55,SHIB,6.29e-06,4.49,9087472.0,6.38e-06,6e-06,
02:30:55,PEPE,3.87e-06,2.93,39341598.0,3.95e-06,3.75e-06,
02:30:55,FLOKI,3.223e-05,3.0,3097148.0,3.284e-05,3.119e-05,
02:30:55,BONK,6.21e-06,3.67,4312982.0,6.3e-06,5.98e-06,
02:30:55,WIF,0.184,6.98,7165339.0,0.191,0.172,
02:30:55,BOME,0.000528,8.64,1211984.0,0.000535,0.000483,
02:30:55,NEIRO,8.815e-05,3.68,2582118.0,9.111e-05,8.455e-05,
02:30:55,PENGU,0.010104,6.28,34542795.0,0.0102,0.00939,
02:31:55,DOGE,0.10549,4.3,165479380.0,0.10841,0.10105,Y
02:31:55,SHIB,6.3e-06,5.0,9005459.0,6.38e-06,6e-06,
02:31:55,PEPE,3.88e-06,3.47,39115087.0,3.95e-06,3.75e-06,
02:31:55,FLOKI,3.22e-05,3.14,3075398.0,3.284e-05,3.122e-05,
02:31:55,BONK,6.21e-06,3.67,4288797.0,6.3e-06,5.99e-06,
02:31:55,WIF,0.184,6.98,7167899.0,0.191,0.172,
02:31:55,BOME,0.000527,8.66,1206062.0,0.000535,0.000485,
02:31:55,NEIRO,8.801e-05,3.74,2565753.0,9.111e-05,8.475e-05,
02:31:55,PENGU,0.010079,5.91,34468430.0,0.0102,0.00939,
02:32:55,DOGE,0.10553,4.13,165385916.0,0.10841,0.10105,Y
02:32:55,SHIB,6.29e-06,4.66,8973611.0,6.38e-06,6.01e-06,
02:32:55,PEPE,3.88e-06,2.92,39056717.0,3.95e-06,3.76e-06,
02:32:55,FLOKI,3.22e-05,2.81,3074292.0,3.284e-05,3.13e-05,
02:32:55,BONK,6.21e-06,3.5,4293141.0,6.3e-06,6e-06,
02:32:55,WIF,0.184,6.36,7167915.0,0.191,0.173,
02:32:55,BOME,0.000527,8.21,1203630.0,0.000535,0.000486,
02:32:55,NEIRO,8.815e-05,3.8,2565757.0,9.111e-05,8.488e-05,
02:32:55,PENGU,0.010103,5.9,34429875.0,0.0102,0.00939,
02:33:55,DOGE,0.10548,3.97,165214065.0,0.10841,0.10105,Y
02:33:55,SHIB,6.29e-06,4.49,8945868.0,6.38e-06,6.01e-06,
02:33:55,PEPE,3.88e-06,3.19,39047226.0,3.95e-06,3.76e-06,
02:33:55,FLOKI,3.217e-05,2.48,3069054.0,3.284e-05,3.134e-05,
02:33:55,BONK,6.21e-06,3.33,4276770.0,6.3e-06,6e-06,
02:33:55,WIF,0.184,6.36,7167395.0,0.191,0.173,
02:33:55,BOME,0.000527,8.21,1202971.0,0.000535,0.000486,
02:33:55,NEIRO,8.793e-05,2.91,2564707.0,9.111e-05,8.5e-05,
02:33:55,PENGU,0.010069,5.45,34432377.0,0.0102,0.00939,
02:34:55,DOGE,0.10552,4.05,165002824.0,0.10841,0.10105,Y
02:34:55,SHIB,6.3e-06,4.65,8941690.0,6.38e-06,6.02e-06,
02:34:55,PEPE,3.88e-06,2.92,39039209.0,3.95e-06,3.76e-06,
02:34:55,FLOKI,3.22e-05,2.68,3065265.0,3.284e-05,3.134e-05,
02:34:55,BONK,6.21e-06,3.5,4267352.0,6.3e-06,6e-06,
02:34:55,WIF,0.184,6.36,7148864.0,0.191,0.173,
02:34:55,BOME,0.000527,8.21,1201791.0,0.000535,0.000487,
02:34:55,NEIRO,8.807e-05,3.42,2561598.0,9.111e-05,8.5e-05,
02:34:55,PENGU,0.010089,5.6,34394388.0,0.0102,0.00939,
02:35:55,DOGE,0.10558,3.84,164899946.0,0.10841,0.10105,Y
02:35:55,SHIB,6.3e-06,4.3,8904195.0,6.38e-06,6.03e-06,
02:35:55,PEPE,3.88e-06,2.65,39025880.0,3.95e-06,3.77e-06,
02:35:55,FLOKI,3.223e-05,2.45,3039330.0,3.284e-05,3.14e-05,
02:35:55,BONK,6.21e-06,3.16,4258706.0,6.3e-06,6.01e-06,
02:35:55,WIF,0.184,6.36,7148833.0,0.191,0.173,
02:35:55,BOME,0.000527,7.77,1211023.0,0.000535,0.000488,
02:35:55,NEIRO,8.815e-05,3.04,2557389.0,9.111e-05,8.544e-05,
02:35:55,PENGU,0.010119,4.87,34284159.0,0.0102,0.00939,
02:36:55,DOGE,0.10565,3.82,164725056.0,0.10841,0.10105,Y
02:36:55,SHIB,6.3e-06,4.3,8888055.0,6.38e-06,6.03e-06,
02:36:55,PEPE,3.89e-06,2.91,38912499.0,3.95e-06,3.77e-06,
02:36:55,FLOKI,3.223e-05,2.51,3032247.0,3.284e-05,3.14e-05,
02:36:55,BONK,6.21e-06,2.98,4255968.0,6.3e-06,6.02e-06,
02:36:55,WIF,0.185,6.94,7157154.0,0.191,0.173,
02:36:55,BOME,0.000527,7.77,1206611.0,0.000535,0.000489,
02:36:55,NEIRO,8.817e-05,3.01,2548112.0,9.111e-05,8.545e-05,
02:36:55,PENGU,0.010133,5.27,34293794.0,0.0102,0.00939,
02:37:55,DOGE,0.10572,3.95,164558007.0,0.10841,0.10105,Y
02:37:55,SHIB,6.3e-06,4.48,8847503.0,6.38e-06,6.03e-06,
02:37:55,PEPE,3.88e-06,2.65,38799677.0,3.95e-06,3.77e-06,
02:37:55,FLOKI,3.224e-05,2.58,3023631.0,3.284e-05,3.14e-05,
02:37:55,BONK,6.21e-06,3.16,4251360.0,6.3e-06,6.02e-06,
02:37:55,WIF,0.184,6.36,7157161.0,0.191,0.173,
02:37:55,BOME,0.000526,7.57,1202430.0,0.000535,0.000489,
02:37:55,NEIRO,8.814e-05,2.97,2540631.0,9.111e-05,8.549e-05,
02:37:55,PENGU,0.010134,5.46,34259904.0,0.0102,0.00939,
02:38:55,DOGE,0.10571,3.82,164476863.0,0.10841,0.10105,Y
02:38:55,SHIB,6.3e-06,4.3,8837578.0,6.38e-06,6.04e-06,
02:38:55,PEPE,3.88e-06,2.38,38762163.0,3.95e-06,3.77e-06,
02:38:55,FLOKI,3.224e-05,2.51,3015995.0,3.284e-05,3.14e-05,
02:38:55,BONK,6.22e-06,3.15,4248202.0,6.3e-06,6.02e-06,
02:38:55,WIF,0.184,6.36,7157161.0,0.191,0.173,
02:38:55,BOME,0.000526,7.35,1200334.0,0.000535,0.000489,
02:38:55,NEIRO,8.819e-05,2.92,2538649.0,9.111e-05,8.563e-05,
02:38:55,PENGU,0.010137,5.46,34259812.0,0.0102,0.00939,
02:39:55,DOGE,0.1058,3.78,164400334.0,0.10841,0.10105,Y
02:39:55,SHIB,6.31e-06,4.47,8822228.0,6.38e-06,6.04e-06,
02:39:55,PEPE,3.88e-06,2.65,38760145.0,3.95e-06,3.77e-06,
02:39:55,FLOKI,3.226e-05,2.54,3014560.0,3.284e-05,3.14e-05,
02:39:55,BONK,6.22e-06,3.15,4247385.0,6.3e-06,6.02e-06,
02:39:55,WIF,0.184,6.36,7157191.0,0.191,0.173,
02:39:55,BOME,0.000527,7.55,1200504.0,0.000535,0.000489,
02:39:55,NEIRO,8.832e-05,2.96,2535063.0,9.111e-05,8.571e-05,
02:39:55,PENGU,0.010112,5.45,34243873.0,0.0102,0.00939,
02:40:55,DOGE,0.10581,3.97,164483794.0,0.10841,0.10105,Y
02:40:55,SHIB,6.3e-06,4.3,8822028.0,6.38e-06,6.04e-06,
02:40:55,PEPE,3.88e-06,2.65,38703008.0,3.95e-06,3.77e-06,
02:40:55,FLOKI,3.226e-05,2.51,3011813.0,3.284e-05,3.14e-05,
02:40:55,BONK,6.22e-06,3.15,4246979.0,6.3e-06,6.02e-06,
02:40:55,WIF,0.185,6.94,7151248.0,0.191,0.173,
02:40:55,BOME,0.000527,7.55,1200714.0,0.000535,0.000489,
02:40:55,NEIRO,8.829e-05,2.78,2525652.0,9.111e-05,8.571e-05,
02:40:55,PENGU,0.010122,5.39,34243893.0,0.0102,0.00939,
02:41:55,DOGE,0.10576,3.97,164402803.0,0.10841,0.10105,Y
02:41:55,SHIB,6.3e-06,4.3,8814994.0,6.38e-06,6.04e-06,
02:41:55,PEPE,3.89e-06,2.91,38655356.0,3.95e-06,3.77e-06,
02:41:55,FLOKI,3.227e-05,2.58,3009664.0,3.284e-05,3.14e-05,
02:41:55,BONK,6.22e-06,3.15,4246102.0,6.3e-06,6.02e-06,
02:41:55,WIF,0.186,6.9,7207194.0,0.191,0.173,
02:41:55,BOME,0.000527,7.55,1201102.0,0.000535,0.000489,
02:41:55,NEIRO,8.841e-05,3.03,2521460.0,9.111e-05,8.571e-05,
02:41:55,PENGU,0.010125,5.29,34226014.0,0.0102,0.00939,
02:42:55,DOGE,0.10578,4.07,164407645.0,0.10841,0.10105,Y
02:42:55,SHIB,6.31e-06,4.47,8814738.0,6.38e-06,6.04e-06,
02:42:55,PEPE,3.89e-06,2.91,38651835.0,3.95e-06,3.77e-06,
02:42:55,FLOKI,3.227e-05,2.61,3009202.0,3.284e-05,3.14e-05,
02:42:55,BONK,6.22e-06,3.15,4246100.0,6.3e-06,6.02e-06,
02:42:55,WIF,0.184,5.75,7215695.0,0.191,0.173,
02:42:55,BOME,0.000527,7.55,1200637.0,0.000535,0.000489,
02:42:55,NEIRO,8.844e-05,3.05,2518994.0,9.111e-05,8.576e-05,
02:42:55,PENGU,0.010146,5.51,34228018.0,0.0102,0.00939,
02:43:55,DOGE,0.1059,4.16,164361918.0,0.10841,0.10105,Y
02:43:55,SHIB,6.3e-06,4.3,8814931.0,6.38e-06,6.04e-06,
02:43:55,PEPE,3.89e-06,2.91,38541491.0,3.95e-06,3.77e-06,
02:43:55,FLOKI,3.231e-05,2.67,3009271.0,3.284e-05,3.14e-05,
02:43:55,BONK,6.22e-06,3.15,4246164.0,6.3e-06,6.02e-06,
02:43:55,WIF,0.184,5.75,7215399.0,0.191,0.174,
02:43:55,BOME,0.000528,7.54,1201321.0,0.000535,0.00049,
02:43:55,NEIRO,8.86e-05,2.98,2516623.0,9.111e-05,8.576e-05,
02:43:55,PENGU,0.010155,5.54,34249101.0,0.0102,0.00939,
02:44:55,DOGE,0.10586,4.24,164296097.0,0.10841,0.10105,Y
02:44:55,SHIB,6.31e-06,4.47,8846559.0,6.38e-06,6.04e-06,
02:44:55,PEPE,3.88e-06,2.65,38549622.0,3.95e-06,3.77e-06,
02:44:55,FLOKI,3.228e-05,2.74,3016514.0,3.284e-05,3.14e-05,
02:44:55,BONK,6.22e-06,3.15,4244165.0,6.3e-06,6.02e-06,
02:44:55,WIF,0.185,6.32,7228159.0,0.191,0.174,
02:44:55,BOME,0.000529,7.96,1201033.0,0.000535,0.00049,
02:44:55,NEIRO,8.856e-05,3.19,2514706.0,9.111e-05,8.579e-05,
02:44:55,PENGU,0.010091,4.96,34270445.0,0.0102,0.00939,
02:45:55,DOGE,0.10599,4.32,164264985.0,0.10841,0.10105,Y
02:45:55,SHIB,6.31e-06,4.3,8847883.0,6.38e-06,6.04e-06,
02:45:55,PEPE,3.89e-06,2.91,38566622.0,3.95e-06,3.77e-06,
02:45:55,FLOKI,3.23e-05,2.7,3011130.0,3.284e-05,3.141e-05,
02:45:55,BONK,6.23e-06,3.32,4247442.0,6.3e-06,6.02e-06,
02:45:55,WIF,0.185,6.32,7228159.0,0.191,0.174,
02:45:55,BOME,0.00053,8.16,1201221.0,0.000535,0.00049,
02:45:55,NEIRO,8.858e-05,3.11,2514061.0,9.111e-05,8.591e-05,
02:45:55,PENGU,0.010103,4.96,34317828.0,0.0102,0.00939,
02:46:55,DOGE,0.10595,4.47,164097780.0,0.10841,0.10105,Y
02:46:55,SHIB,6.3e-06,4.3,8849118.0,6.38e-06,6.04e-06,
02:46:55,PEPE,3.9e-06,3.17,38526232.0,3.95e-06,3.77e-06,
02:46:55,FLOKI,3.232e-05,2.83,3010530.0,3.284e-05,3.143e-05,
02:46:55,BONK,6.23e-06,3.49,4266962.0,6.3e-06,6.02e-06,
02:46:55,WIF,0.184,5.75,7229555.0,0.191,0.174,
02:46:55,BOME,0.00053,8.16,1200507.0,0.000535,0.00049,
02:46:55,NEIRO,8.851e-05,2.88,2515582.0,9.111e-05,8.599e-05,
02:46:55,PENGU,0.010108,4.92,34310242.0,0.0102,0.00939,
02:47:55,DOGE,0.10589,4.27,164017805.0,0.10841,0.10105,Y
02:47:55,SHIB,6.31e-06,4.47,8844068.0,6.38e-06,6.04e-06,
02:47:55,PEPE,3.89e-06,2.91,38512048.0,3.95e-06,3.78e-06,
02:47:55,FLOKI,3.23e-05,2.57,3008798.0,3.284e-05,3.149e-05,
02:47:55,BONK,6.23e-06,3.15,4262804.0,6.3e-06,6.02e-06,
02:47:55,WIF,0.185,6.32,7221507.0,0.191,0.174,
02:47:55,BOME,0.00053,7.94,1199634.0,0.000535,0.00049,
02:47:55,NEIRO,8.85e-05,2.63,2513821.0,9.111e-05,8.599e-05,
02:47:55,PENGU,0.010075,4.4,34229839.0,0.0102,0.00939,
02:48:55,DOGE,0.10592,4.24,163972561.0,0.10841,0.10105,Y
02:48:55,SHIB,6.3e-06,4.13,8844039.0,6.38e-06,6.04e-06,
02:48:55,PEPE,3.88e-06,2.38,38510537.0,3.95e-06,3.78e-06,
02:48:55,FLOKI,3.23e-05,2.48,3007910.0,3.284e-05,3.149e-05,
02:48:55,BONK,6.23e-06,3.15,4260471.0,6.3e-06,6.02e-06,
02:48:55,WIF,0.185,5.71,7221203.0,0.191,0.174,
02:48:55,BOME,0.00053,7.72,1199813.0,0.000535,0.00049,
02:48:55,NEIRO,8.842e-05,2.49,2513511.0,9.111e-05,8.599e-05,
02:48:55,PENGU,0.010058,4.09,34254977.0,0.0102,0.00939,
02:49:55,DOGE,0.10598,4.29,163932734.0,0.10841,0.10105,Y
02:49:55,SHIB,6.3e-06,3.96,8838352.0,6.38e-06,6.05e-06,
02:49:55,PEPE,3.89e-06,2.64,38523103.0,3.95e-06,3.78e-06,
02:49:55,FLOKI,3.233e-05,2.5,3007018.0,3.284e-05,3.149e-05,
02:49:55,BONK,6.23e-06,3.15,4258585.0,6.3e-06,6.02e-06,
02:49:55,WIF,0.185,5.71,7221497.0,0.191,0.174,
02:49:55,BOME,0.000532,8.35,1200074.0,0.000535,0.00049,
02:49:55,NEIRO,8.849e-05,2.6,2513419.0,9.111e-05,8.599e-05,
02:49:55,PENGU,0.010065,4.39,34242194.0,0.0102,0.00939,
02:50:55,DOGE,0.10595,4.21,163916660.0,0.10841,0.10105,Y
02:50:55,SHIB,6.31e-06,4.12,8841076.0,6.38e-06,6.05e-06,
02:50:55,PEPE,3.89e-06,2.64,38524310.0,3.95e-06,3.78e-06,
02:50:55,FLOKI,3.233e-05,2.5,3003169.0,3.284e-05,3.149e-05,
02:50:55,BONK,6.24e-06,3.14,4257302.0,6.3e-06,6.02e-06,
02:50:55,WIF,0.185,5.71,7221497.0,0.191,0.174,
02:50:55,BOME,0.000532,8.13,1198422.0,0.000535,0.00049,
02:50:55,NEIRO,8.859e-05,2.83,2513395.0,9.111e-05,8.599e-05,
02:50:55,PENGU,0.010049,4.32,34216687.0,0.0102,0.00939,
02:51:55,DOGE,0.10593,4.09,163617915.0,0.10841,0.10105,Y
02:51:55,SHIB,6.31e-06,4.3,8845806.0,6.38e-06,6.05e-06,
02:51:55,PEPE,3.88e-06,2.38,38509121.0,3.95e-06,3.78e-06,
02:51:55,FLOKI,3.231e-05,2.31,2978721.0,3.284e-05,3.149e-05,
02:51:55,BONK,6.23e-06,2.98,4257158.0,6.3e-06,6.02e-06,
02:51:55,WIF,0.184,5.14,7217554.0,0.191,0.175,
02:51:55,BOME,0.000531,7.93,1198155.0,0.000535,0.00049,
02:51:55,NEIRO,8.858e-05,2.67,2513657.0,9.111e-05,8.599e-05,
02:51:55,PENGU,0.010039,4.14,34210944.0,0.0102,0.00939,
02:52:55,DOGE,0.10594,4.03,163548755.0,0.10841,0.10105,Y
02:52:55,SHIB,6.3e-06,4.13,8845797.0,6.38e-06,6.05e-06,
02:52:55,PEPE,3.88e-06,2.65,38511476.0,3.95e-06,3.78e-06,
02:52:55,FLOKI,3.231e-05,2.31,2977168.0,3.284e-05,3.149e-05,
02:52:55,BONK,6.23e-06,2.98,4257150.0,6.3e-06,6.02e-06,
02:52:55,WIF,0.184,5.14,7217554.0,0.191,0.175,
02:52:55,BOME,0.00053,7.72,1198258.0,0.000535,0.00049,
02:52:55,NEIRO,8.871e-05,2.8,2514706.0,9.111e-05,8.599e-05,
02:52:55,PENGU,0.010046,4.51,34086925.0,0.0102,0.00939,
02:53:55,DOGE,0.10586,3.83,163525860.0,0.10841,0.10105,Y
02:53:55,SHIB,6.31e-06,3.95,8833984.0,6.38e-06,6.05e-06,
02:53:55,PEPE,3.89e-06,2.37,38484954.0,3.95e-06,3.78e-06,
02:53:55,FLOKI,3.229e-05,2.09,2980826.0,3.284e-05,3.149e-05,
02:53:55,BONK,6.23e-06,2.81,4255114.0,6.3e-06,6.02e-06,
02:53:55,WIF,0.184,5.14,7212373.0,0.191,0.175,
02:53:55,BOME,0.00053,7.72,1198069.0,0.000535,0.00049,
02:53:55,NEIRO,8.853e-05,2.5,2513984.0,9.111e-05,8.599e-05,
02:53:55,PENGU,0.010032,4.33,34075781.0,0.0102,0.00939,
02:54:55,DOGE,0.10582,3.81,163513326.0,0.10841,0.10105,Y
02:54:55,SHIB,6.31e-06,4.12,8834066.0,6.38e-06,6.05e-06,
02:54:55,PEPE,3.89e-06,2.37,38471495.0,3.95e-06,3.78e-06,
02:54:55,FLOKI,3.228e-05,1.99,2978885.0,3.284e-05,3.149e-05,
02:54:55,BONK,6.23e-06,2.98,4255061.0,6.3e-06,6.02e-06,
02:54:55,WIF,0.184,5.14,7212367.0,0.191,0.175,
02:54:55,BOME,0.00053,7.72,1198029.0,0.000535,0.00049,
02:54:55,NEIRO,8.858e-05,2.52,2513548.0,9.111e-05,8.599e-05,
02:54:55,PENGU,0.010034,4.42,34060187.0,0.0102,0.00939,
02:55:55,DOGE,0.10581,3.75,163455522.0,0.10841,0.10105,Y
02:55:55,SHIB,6.3e-06,3.79,8841575.0,6.38e-06,6.05e-06,
02:55:55,PEPE,3.89e-06,2.1,38392860.0,3.95e-06,3.78e-06,
02:55:55,FLOKI,3.228e-05,1.96,2977352.0,3.284e-05,3.149e-05,
02:55:55,BONK,6.22e-06,2.64,4247248.0,6.3e-06,6.02e-06,
02:55:55,WIF,0.185,5.11,7212375.0,0.191,0.175,
02:55:55,BOME,0.00053,7.5,1197445.0,0.000535,0.00049,
02:55:55,NEIRO,8.853e-05,2.41,2513657.0,9.111e-05,8.599e-05,
02:55:55,PENGU,0.010023,4.19,34061962.0,0.0102,0.00939,
02:56:55,DOGE,0.10575,3.78,163093528.0,0.10841,0.10105,Y
02:56:55,SHIB,6.3e-06,3.62,8842083.0,6.38e-06,6.05e-06,
02:56:55,PEPE,3.89e-06,2.1,38392721.0,3.95e-06,3.78e-06,
02:56:55,FLOKI,3.225e-05,1.83,2975679.0,3.284e-05,3.149e-05,
02:56:55,BONK,6.22e-06,2.47,4244464.0,6.3e-06,6.02e-06,
02:56:55,WIF,0.185,5.11,7212406.0,0.191,0.175,
02:56:55,BOME,0.00053,7.5,1197761.0,0.000535,0.00049,
02:56:55,NEIRO,8.851e-05,2.18,2507704.0,9.111e-05,8.599e-05,
02:56:55,PENGU,0.010039,4.21,34175784.0,0.0102,0.00939,
02:57:55,DOGE,0.10572,3.7,163068860.0,0.10841,0.10105,Y
02:57:55,SHIB,6.3e-06,3.62,8840984.0,6.38e-06,6.05e-06,
02:57:55,PEPE,3.88e-06,1.57,38318655.0,3.95e-06,3.78e-06,
02:57:55,FLOKI,3.225e-05,1.64,2969664.0,3.284e-05,3.149e-05,
02:57:55,BONK,6.22e-06,2.3,4238358.0,6.3e-06,6.02e-06,
02:57:55,WIF,0.185,5.11,7212406.0,0.191,0.175,
02:57:55,BOME,0.00053,7.29,1198470.0,0.000535,0.00049,
02:57:55,NEIRO,8.851e-05,2.12,2505782.0,9.111e-05,8.599e-05,
02:57:55,PENGU,0.010033,3.39,34050975.0,0.0102,0.00939,
02:58:55,DOGE,0.10566,3.53,163020051.0,0.10841,0.10105,Y
02:58:55,SHIB,6.3e-06,3.62,8817412.0,6.38e-06,6.05e-06,
02:58:55,PEPE,3.88e-06,1.57,38317519.0,3.95e-06,3.78e-06,
02:58:55,FLOKI,3.224e-05,1.57,2968148.0,3.284e-05,3.149e-05,
02:58:55,BONK,6.21e-06,2.31,4236270.0,6.3e-06,6.02e-06,
02:58:55,WIF,0.185,5.11,7212406.0,0.191,0.175,
02:58:55,BOME,0.00053,7.07,1198255.0,0.000535,0.00049,
02:58:55,NEIRO,8.838e-05,1.88,2504811.0,9.111e-05,8.599e-05,
02:58:55,PENGU,0.010037,3.56,34079826.0,0.0102,0.00939,
03:00:55,DOGE,0.10561,3.53,162178438.0,0.10841,0.10105,Y
03:00:55,SHIB,6.28e-06,3.46,8811613.0,6.38e-06,6.05e-06,
03:00:55,PEPE,3.87e-06,1.57,38329714.0,3.95e-06,3.78e-06,
03:00:55,FLOKI,3.22e-05,1.32,2964499.0,3.284e-05,3.149e-05,
03:00:55,BONK,6.21e-06,2.31,4227461.0,6.3e-06,6.02e-06,
03:00:55,WIF,0.184,3.96,7240223.0,0.191,0.175,
03:00:55,BOME,0.000528,6.67,1197752.0,0.000535,0.00049,
03:00:55,NEIRO,8.818e-05,1.38,2500220.0,9.111e-05,8.599e-05,
03:00:55,PENGU,0.009994,2.91,34122520.0,0.0102,0.00939,
03:01:55,DOGE,0.10569,3.61,162126969.0,0.10841,0.10105,Y
03:01:55,SHIB,6.29e-06,3.45,8818004.0,6.38e-06,6.05e-06,
03:01:55,PEPE,3.88e-06,1.84,38333372.0,3.95e-06,3.78e-06,
03:01:55,FLOKI,3.223e-05,1.64,2957932.0,3.284e-05,3.149e-05,
03:01:55,BONK,6.21e-06,2.48,4198318.0,6.3e-06,6.02e-06,
03:01:55,WIF,0.185,5.11,7207037.0,0.191,0.175,
03:01:55,BOME,0.000528,6.88,1197143.0,0.000535,0.00049,
03:01:55,NEIRO,8.84e-05,1.74,2499141.0,9.111e-05,8.599e-05,
03:01:55,PENGU,0.010004,2.68,33873417.0,0.0102,0.00939,
03:02:55,DOGE,0.1057,3.76,162046611.0,0.10841,0.10105,Y
03:02:55,SHIB,6.3e-06,3.62,8818012.0,6.38e-06,6.05e-06,
03:02:55,PEPE,3.89e-06,2.1,38293715.0,3.95e-06,3.78e-06,
03:02:55,FLOKI,3.225e-05,1.74,2957730.0,3.284e-05,3.149e-05,
03:02:55,BONK,6.22e-06,2.64,4192672.0,6.3e-06,6.02e-06,
03:02:55,WIF,0.185,5.11,7206726.0,0.191,0.175,
03:02:55,BOME,0.000528,6.88,1197140.0,0.000535,0.00049,
03:02:55,NEIRO,8.86e-05,1.92,2493606.0,9.111e-05,8.599e-05,
03:02:55,PENGU,0.01001,3.17,33844802.0,0.0102,0.00939,
03:03:55,DOGE,0.10559,3.61,162039588.0,0.10841,0.10105,Y
03:03:55,SHIB,6.29e-06,3.62,8788577.0,6.38e-06,6.05e-06,
03:03:55,PEPE,3.88e-06,1.57,38204628.0,3.95e-06,3.78e-06,
03:03:55,FLOKI,3.222e-05,1.74,2956463.0,3.284e-05,3.149e-05,
03:03:55,BONK,6.21e-06,2.48,4190852.0,6.3e-06,6.02e-06,
03:03:55,WIF,0.184,5.14,7206113.0,0.191,0.175,
03:03:55,BOME,0.000527,6.68,1197140.0,0.000535,0.00049,
03:03:55,NEIRO,8.835e-05,1.93,2491716.0,9.111e-05,8.599e-05,
03:03:55,PENGU,0.009986,2.81,33793361.0,0.0102,0.00939,
03:04:55,DOGE,0.10581,3.73,162039692.0,0.10841,0.10105,Y
03:04:55,SHIB,6.29e-06,3.45,8778844.0,6.38e-06,6.05e-06,
03:04:55,PEPE,3.89e-06,1.83,38239163.0,3.95e-06,3.78e-06,
03:04:55,FLOKI,3.222e-05,1.77,2955212.0,3.284e-05,3.149e-05,
03:04:55,BONK,6.21e-06,2.31,4179143.0,6.3e-06,6.02e-06,
03:04:55,WIF,0.184,5.14,7206356.0,0.191,0.175,
03:04:55,BOME,0.000527,6.68,1196865.0,0.000535,0.00049,
03:04:55,NEIRO,8.839e-05,1.97,2491082.0,9.111e-05,8.599e-05,
03:04:55,PENGU,0.009988,2.55,33779114.0,0.0102,0.00939,
03:05:55,DOGE,0.10576,3.87,161973823.0,0.10841,0.10105,Y
03:05:55,SHIB,6.28e-06,3.46,8754996.0,6.38e-06,6.05e-06,
03:05:55,PEPE,3.89e-06,2.37,38162008.0,3.95e-06,3.78e-06,
03:05:55,FLOKI,3.221e-05,1.9,2953464.0,3.284e-05,3.149e-05,
03:05:55,BONK,6.21e-06,2.65,4168875.0,6.3e-06,6.02e-06,
03:05:55,WIF,0.184,4.54,7206306.0,0.191,0.175,
03:05:55,BOME,0.000527,6.9,1197212.0,0.000535,0.00049,
03:05:55,NEIRO,8.836e-05,2.3,2488620.0,9.111e-05,8.599e-05,
03:05:55,PENGU,0.009972,2.58,33775018.0,0.0102,0.00939,
03:07:55,DOGE,0.10592,3.92,162291355.0,0.10841,0.10105,Y
03:07:55,SHIB,6.3e-06,3.62,8748135.0,6.38e-06,6.05e-06,
03:07:55,PEPE,3.89e-06,2.1,38190286.0,3.95e-06,3.78e-06,
03:07:55,FLOKI,3.226e-05,1.99,2953959.0,3.284e-05,3.149e-05,
03:07:55,BONK,6.22e-06,2.64,4151719.0,6.3e-06,6.02e-06,
03:07:55,WIF,0.185,5.11,7230993.0,0.191,0.175,
03:07:55,BOME,0.000528,7.1,1198411.0,0.000535,0.00049,
03:07:55,NEIRO,8.855e-05,2.54,2488949.0,9.111e-05,8.599e-05,
03:07:55,PENGU,0.010019,3.03,33760233.0,0.0102,0.00939,
03:08:55,DOGE,0.10601,3.97,162241405.0,0.10841,0.10105,Y
03:08:55,SHIB,6.3e-06,3.62,8746997.0,6.38e-06,6.05e-06,
03:08:55,PEPE,3.9e-06,2.36,38184619.0,3.95e-06,3.78e-06,
03:08:55,FLOKI,3.228e-05,2.09,2953503.0,3.284e-05,3.149e-05,
03:08:55,BONK,6.22e-06,2.64,4149039.0,6.3e-06,6.02e-06,
03:08:55,WIF,0.185,5.71,7239908.0,0.191,0.175,
03:08:55,BOME,0.000528,7.1,1198849.0,0.000535,0.00049,
03:08:55,NEIRO,8.861e-05,2.53,2489153.0,9.111e-05,8.599e-05,
03:08:55,PENGU,0.010034,3.43,33748928.0,0.0102,0.00939,
03:09:55,DOGE,0.10608,4.09,162226115.0,0.10841,0.10105,Y
03:09:55,SHIB,6.29e-06,3.62,8748849.0,6.38e-06,6.05e-06,
03:09:55,PEPE,3.89e-06,2.1,38182551.0,3.95e-06,3.78e-06,
03:09:55,FLOKI,3.23e-05,2.15,2947564.0,3.284e-05,3.149e-05,
03:09:55,BONK,6.23e-06,2.81,4149872.0,6.3e-06,6.02e-06,
03:09:55,WIF,0.185,5.11,7239691.0,0.191,0.175,
03:09:55,BOME,0.000528,7.1,1198518.0,0.000535,0.00049,
03:09:55,NEIRO,8.868e-05,2.53,2488942.0,9.111e-05,8.599e-05,
03:09:55,PENGU,0.010036,3.52,33727366.0,0.0102,0.00939,
03:10:55,DOGE,0.10613,4.15,162214519.0,0.10841,0.10105,Y
03:10:55,SHIB,6.31e-06,4.12,8749133.0,6.38e-06,6.05e-06,
03:10:55,PEPE,3.9e-06,2.36,38181792.0,3.95e-06,3.78e-06,
03:10:55,FLOKI,3.23e-05,2.15,2947386.0,3.284e-05,3.149e-05,
03:10:55,BONK,6.23e-06,2.81,4155156.0,6.3e-06,6.02e-06,
03:10:55,WIF,0.185,5.11,7239691.0,0.191,0.175,
03:10:55,BOME,0.000529,7.3,1199307.0,0.000535,0.00049,
03:10:55,NEIRO,8.868e-05,2.64,2490015.0,9.111e-05,8.599e-05,
03:10:55,PENGU,0.01005,3.71,33736550.0,0.0102,0.00939,
03:12:55,DOGE,0.1061,4.13,162120898.0,0.10841,0.10105,Y
03:12:55,SHIB,6.3e-06,3.79,8753355.0,6.38e-06,6.05e-06,
03:12:55,PEPE,3.9e-06,2.36,38126456.0,3.95e-06,3.78e-06,
03:12:55,FLOKI,3.23e-05,2.02,2942009.0,3.284e-05,3.149e-05,
03:12:55,BONK,6.23e-06,2.64,4155473.0,6.3e-06,6.02e-06,
03:12:55,WIF,0.185,5.11,7199178.0,0.191,0.175,
03:12:55,BOME,0.000529,7.3,1196910.0,0.000535,0.00049,
03:12:55,NEIRO,8.869e-05,2.44,2489231.0,9.111e-05,8.599e-05,
03:12:55,PENGU,0.01008,4.01,33700345.0,0.0102,0.00939,
03:13:55,DOGE,0.10614,4.05,162090543.0,0.10841,0.10105,Y
03:13:55,SHIB,6.31e-06,4.12,8745292.0,6.38e-06,6.05e-06,
03:13:55,PEPE,3.9e-06,2.36,38114523.0,3.95e-06,3.78e-06,
03:13:55,FLOKI,3.231e-05,1.96,2942037.0,3.284e-05,3.149e-05,
03:13:55,BONK,6.23e-06,2.64,4153408.0,6.3e-06,6.02e-06,
03:13:55,WIF,0.185,5.11,7177828.0,0.191,0.175,
03:13:55,BOME,0.000529,7.08,1196823.0,0.000535,0.00049,
03:13:55,NEIRO,8.875e-05,2.35,2483296.0,9.111e-05,8.599e-05,
03:13:55,PENGU,0.010075,3.75,33683009.0,0.0102,0.00939,
03:14:55,DOGE,0.10614,3.98,162080978.0,0.10841,0.10105,Y
03:14:55,SHIB,6.31e-06,3.78,8740217.0,6.38e-06,6.05e-06,
03:14:55,PEPE,3.89e-06,1.83,38074605.0,3.95e-06,3.78e-06,
03:14:55,FLOKI,3.231e-05,1.83,2937057.0,3.284e-05,3.149e-05,
03:14:55,BONK,6.23e-06,2.47,4153032.0,6.3e-06,6.02e-06,
03:14:55,WIF,0.185,4.52,7168112.0,0.191,0.175,
03:14:55,BOME,0.000529,6.87,1196812.0,0.000535,0.00049,
03:14:55,NEIRO,8.871e-05,1.94,2480306.0,9.111e-05,8.599e-05,
03:14:55,PENGU,0.010054,3.54,33691076.0,0.0102,0.00939,
03:15:55,DOGE,0.10602,3.8,162079747.0,0.10841,0.10105,Y
03:15:55,SHIB,6.3e-06,3.62,8731095.0,6.38e-06,6.05e-06,
03:15:55,PEPE,3.9e-06,2.09,38069650.0,3.95e-06,3.78e-06,
03:15:55,FLOKI,3.229e-05,1.57,2935099.0,3.284e-05,3.149e-05,
03:15:55,BONK,6.23e-06,2.47,4146611.0,6.3e-06,6.02e-06,
03:15:55,WIF,0.186,5.08,7168063.0,0.191,0.175,
03:15:55,BOME,0.00053,7.07,1196365.0,0.000535,0.00049,
03:15:55,NEIRO,8.871e-05,1.7,2468086.0,9.111e-05,8.599e-05,
03:15:55,PENGU,0.010019,2.81,33693862.0,0.0102,0.00939,
03:16:55,DOGE,0.106,3.86,162065224.0,0.10841,0.10105,Y
03:16:55,SHIB,6.3e-06,3.62,8728470.0,6.38e-06,6.05e-06,
03:16:55,PEPE,3.9e-06,2.09,38005857.0,3.95e-06,3.78e-06,
03:16:55,FLOKI,3.229e-05,1.54,2929354.0,3.284e-05,3.149e-05,
03:16:55,BONK,6.22e-06,2.3,4139542.0,6.3e-06,6.02e-06,
03:16:55,WIF,0.186,5.08,7168063.0,0.191,0.175,
03:16:55,BOME,0.000529,6.87,1195911.0,0.000535,0.00049,
03:16:55,NEIRO,8.872e-05,1.77,2467729.0,9.111e-05,8.599e-05,
03:16:55,PENGU,0.010021,2.73,33694568.0,0.0102,0.00939,
03:17:55,DOGE,0.10602,3.9,162002589.0,0.10841,0.10105,Y
03:17:55,SHIB,6.3e-06,3.62,8712190.0,6.38e-06,6.05e-06,
03:17:55,PEPE,3.89e-06,2.1,37966677.0,3.95e-06,3.78e-06,
03:17:55,FLOKI,3.228e-05,1.6,2922490.0,3.284e-05,3.149e-05,
03:17:55,BONK,6.22e-06,2.47,4134736.0,6.3e-06,6.02e-06,
03:17:55,WIF,0.185,4.52,7168065.0,0.191,0.175,
03:17:55,BOME,0.000529,6.87,1195353.0,0.000535,0.00049,
03:17:55,NEIRO,8.875e-05,1.87,2466270.0,9.111e-05,8.599e-05,
03:17:55,PENGU,0.010028,2.6,33655386.0,0.0102,0.00939,
03:18:55,DOGE,0.106,3.86,161980347.0,0.10841,0.10105,Y
03:18:55,SHIB,6.29e-06,3.28,8712303.0,6.38e-06,6.05e-06,
03:18:55,PEPE,3.89e-06,1.83,37961030.0,3.95e-06,3.78e-06,
03:18:55,FLOKI,3.227e-05,1.48,2922113.0,3.284e-05,3.149e-05,
03:18:55,BONK,6.23e-06,2.47,4134396.0,6.3e-06,6.02e-06,
03:18:55,WIF,0.185,4.52,7168065.0,0.191,0.175,
03:18:55,BOME,0.000529,6.87,1195383.0,0.000535,0.00049,
03:18:55,NEIRO,8.872e-05,1.91,2465995.0,9.111e-05,8.599e-05,
03:18:55,PENGU,0.009997,2.18,33657010.0,0.0102,0.00939,
03:19:55,DOGE,0.10604,3.96,161890333.0,0.10841,0.10105,Y
03:19:55,SHIB,6.29e-06,3.28,8710615.0,6.38e-06,6.05e-06,
03:19:55,PEPE,3.9e-06,2.36,37955187.0,3.95e-06,3.78e-06,
03:19:55,FLOKI,3.227e-05,1.48,2921611.0,3.284e-05,3.149e-05,
03:19:55,BONK,6.22e-06,2.3,4132960.0,6.3e-06,6.02e-06,
03:19:55,WIF,0.186,5.08,7168107.0,0.191,0.175,
03:19:55,BOME,0.000529,6.87,1195374.0,0.000535,0.00049,
03:19:55,NEIRO,8.868e-05,1.8,2466360.0,9.111e-05,8.599e-05,
03:19:55,PENGU,0.009998,2.1,33655414.0,0.0102,0.00939,
03:21:55,DOGE,0.10601,4.07,161654094.0,0.10841,0.10105,Y
03:21:55,SHIB,6.28e-06,3.12,8712391.0,6.38e-06,6.05e-06,
03:21:55,PEPE,3.9e-06,2.36,37938198.0,3.95e-06,3.78e-06,
03:21:55,FLOKI,3.225e-05,1.48,2918462.0,3.284e-05,3.149e-05,
03:21:55,BONK,6.22e-06,2.3,4132067.0,6.3e-06,6.02e-06,
03:21:55,WIF,0.185,4.52,7168106.0,0.191,0.175,
03:21:55,BOME,0.000529,7.08,1194897.0,0.000535,0.00049,
03:21:55,NEIRO,8.859e-05,1.84,2466237.0,9.111e-05,8.599e-05,
03:21:55,PENGU,0.010024,2.57,33610855.0,0.0102,0.00939,
03:22:55,DOGE,0.10605,4.13,161666534.0,0.10841,0.10105,Y
03:22:55,SHIB,6.29e-06,3.28,8708301.0,6.38e-06,6.05e-06,
03:22:55,PEPE,3.89e-06,1.83,37941315.0,3.95e-06,3.78e-06,
03:22:55,FLOKI,3.226e-05,1.51,2916690.0,3.284e-05,3.149e-05,
03:22:55,BONK,6.22e-06,2.47,4125561.0,6.3e-06,6.02e-06,
03:22:55,WIF,0.185,4.52,7169283.0,0.191,0.175,
03:22:55,BOME,0.000529,7.08,1194897.0,0.000535,0.00049,
03:22:55,NEIRO,8.87e-05,1.98,2465560.0,9.111e-05,8.599e-05,
03:22:55,PENGU,0.010024,2.93,33513319.0,0.0102,0.00939,
03:23:55,DOGE,0.10601,4.18,161658621.0,0.10841,0.10105,Y
03:23:55,SHIB,6.29e-06,3.45,8707118.0,6.38e-06,6.05e-06,
03:23:55,PEPE,3.9e-06,2.09,37942333.0,3.95e-06,3.78e-06,
03:23:55,FLOKI,3.225e-05,1.57,2916016.0,3.284e-05,3.149e-05,
03:23:55,BONK,6.22e-06,2.47,4125254.0,6.3e-06,6.02e-06,
03:23:55,WIF,0.185,4.52,7169283.0,0.191,0.175,
03:23:55,BOME,0.000529,7.08,1194508.0,0.000535,0.00049,
03:23:55,NEIRO,8.893e-05,2.4,2469346.0,9.111e-05,8.599e-05,
03:23:55,PENGU,0.010006,2.59,33481741.0,0.0102,0.00939,
03:24:55,DOGE,0.10613,4.28,161657576.0,0.10841,0.10105,Y
03:24:55,SHIB,6.29e-06,3.45,8697402.0,6.38e-06,6.05e-06,
03:24:55,PEPE,3.89e-06,2.1,37848530.0,3.95e-06,3.78e-06,
03:24:55,FLOKI,3.229e-05,1.64,2914507.0,3.284e-05,3.149e-05,
03:24:55,BONK,6.23e-06,2.47,4123453.0,6.3e-06,6.02e-06,
03:24:55,WIF,0.185,4.52,7169268.0,0.191,0.175,
03:24:55,BOME,0.000529,7.08,1194506.0,0.000535,0.00049,
03:24:55,NEIRO,8.89e-05,2.4,2469343.0,9.111e-05,8.599e-05,
03:24:55,PENGU,0.010023,2.95,33487385.0,0.0102,0.00939,
03:26:55,DOGE,0.10607,4.22,161585399.0,0.10841,0.10105,Y
03:26:55,SHIB,6.29e-06,3.28,8701138.0,6.38e-06,6.05e-06,
03:26:55,PEPE,3.89e-06,1.83,37837596.0,3.95e-06,3.78e-06,
03:26:55,FLOKI,3.225e-05,1.54,2919005.0,3.284e-05,3.149e-05,
03:26:55,BONK,6.21e-06,2.14,4124249.0,6.3e-06,6.02e-06,
03:26:55,WIF,0.185,5.11,7180180.0,0.191,0.175,
03:26:55,BOME,0.000529,7.08,1194994.0,0.000535,0.00049,
03:26:55,NEIRO,8.885e-05,2.27,2455880.0,9.111e-05,8.599e-05,
03:26:55,PENGU,0.010017,2.94,33505097.0,0.0102,0.00939,
03:27:55,DOGE,0.10603,4.18,161607599.0,0.10841,0.10105,Y
03:27:55,SHIB,6.29e-06,3.28,8701735.0,6.38e-06,6.05e-06,
03:27:55,PEPE,3.9e-06,2.09,37833560.0,3.95e-06,3.78e-06,
03:27:55,FLOKI,3.225e-05,1.61,2919285.0,3.284e-05,3.149e-05,
03:27:55,BONK,6.21e-06,2.31,4124256.0,6.3e-06,6.02e-06,
03:27:55,WIF,0.185,4.52,7180388.0,0.191,0.175,
03:27:55,BOME,0.000527,6.9,1194455.0,0.000535,0.00049,
03:27:55,NEIRO,8.885e-05,2.34,2455547.0,9.111e-05,8.599e-05,
03:27:55,PENGU,0.01002,2.86,33490958.0,0.0102,0.00939,
03:28:55,DOGE,0.10606,4.21,161629426.0,0.10841,0.10105,Y
03:28:55,SHIB,6.28e-06,3.12,8702025.0,6.38e-06,6.05e-06,
03:28:55,PEPE,3.89e-06,1.83,37833010.0,3.95e-06,3.78e-06,
03:28:55,FLOKI,3.223e-05,1.58,2919078.0,3.284e-05,3.149e-05,
03:28:55,BONK,6.21e-06,2.31,4124357.0,6.3e-06,6.02e-06,
03:28:55,WIF,0.185,5.11,7180189.0,0.191,0.175,
03:28:55,BOME,0.000527,6.9,1194455.0,0.000535,0.00049,
03:28:55,NEIRO,8.886e-05,2.37,2455327.0,9.111e-05,8.599e-05,
03:28:55,PENGU,0.010019,2.92,33494931.0,0.0102,0.00939,
03:29:55,DOGE,0.10605,4.17,161596725.0,0.10841,0.10105,Y
03:29:55,SHIB,6.29e-06,3.62,8700646.0,6.38e-06,6.05e-06,
03:29:55,PEPE,3.9e-06,2.36,37834150.0,3.95e-06,3.78e-06,
03:29:55,FLOKI,3.222e-05,1.67,2918575.0,3.284e-05,3.149e-05,
03:29:55,BONK,6.21e-06,2.31,4120424.0,6.3e-06,6.02e-06,
03:29:55,WIF,0.185,5.11,7180189.0,0.191,0.175,
03:29:55,BOME,0.000527,6.9,1194455.0,0.000535,0.00049,
03:29:55,NEIRO,8.883e-05,2.58,2453360.0,9.111e-05,8.599e-05,
03:29:55,PENGU,0.010011,2.95,33505705.0,0.0102,0.00939,
03:30:55,DOGE,0.10611,4.34,161631810.0,0.10841,0.10105,Y
03:30:55,SHIB,6.28e-06,3.46,8706189.0,6.38e-06,6.05e-06,
03:30:55,PEPE,3.9e-06,2.36,37750126.0,3.95e-06,3.78e-06,
03:30:55,FLOKI,3.22e-05,1.8,2919105.0,3.284e-05,3.149e-05,
03:30:55,BONK,6.21e-06,2.48,4119597.0,6.3e-06,6.02e-06,
03:30:55,WIF,0.185,5.71,7169801.0,0.191,0.175,
03:30:55,BOME,0.000526,6.91,1192996.0,0.000535,0.00049,
03:30:55,NEIRO,8.875e-05,2.71,2449109.0,9.111e-05,8.599e-05,
03:30:55,PENGU,0.010022,3.49,33483632.0,0.0102,0.00939,
03:31:55,DOGE,0.10616,4.62,161497903.0,0.10841,0.10105,Y
03:31:55,SHIB,6.29e-06,3.97,8701045.0,6.38e-06,6.05e-06,
03:31:55,PEPE,3.9e-06,2.63,37691896.0,3.95e-06,3.78e-06,
03:31:55,FLOKI,3.221e-05,2.09,2918221.0,3.284e-05,3.149e-05,
03:31:55,BONK,6.21e-06,2.81,4107329.0,6.3e-06,6.02e-06,
03:31:55,WIF,0.185,5.71,7169320.0,0.191,0.175,
03:31:55,BOME,0.000526,6.91,1191659.0,0.000535,0.00049,
03:31:55,NEIRO,8.875e-05,3.08,2446706.0,9.111e-05,8.599e-05,
03:31:55,PENGU,0.010023,3.84,33416278.0,0.0102,0.00939,
03:32:55,DOGE,0.10615,4.42,161365403.0,0.10841,0.10105,Y
03:32:55,SHIB,6.28e-06,3.63,8699384.0,6.38e-06,6.05e-06,
03:32:55,PEPE,3.89e-06,2.64,37685315.0,3.95e-06,3.78e-06,
03:32:55,FLOKI,3.22e-05,1.96,2916973.0,3.284e-05,3.149e-05,
03:32:55,BONK,6.21e-06,2.81,4109712.0,6.3e-06,6.02e-06,
03:32:55,WIF,0.185,5.71,7168022.0,0.191,0.175,
03:32:55,BOME,0.000527,7.33,1191616.0,0.000535,0.00049,
03:32:55,NEIRO,8.866e-05,2.85,2441435.0,9.111e-05,8.599e-05,
03:32:55,PENGU,0.01002,3.81,33385954.0,0.0102,0.00939,
03:33:55,DOGE,0.10618,4.5,161347164.0,0.10841,0.10105,Y
03:33:55,SHIB,6.28e-06,3.63,8689467.0,6.38e-06,6.05e-06,
03:33:55,PEPE,3.89e-06,2.37,37618174.0,3.95e-06,3.79e-06,
03:33:55,FLOKI,3.22e-05,2.09,2915440.0,3.284e-05,3.149e-05,
03:33:55,BONK,6.21e-06,2.81,4106467.0,6.3e-06,6.03e-06,
03:33:55,WIF,0.185,5.71,7168277.0,0.191,0.175,
03:33:55,BOME,0.000527,7.33,1191596.0,0.000535,0.00049,
03:33:55,NEIRO,8.866e-05,2.97,2439168.0,9.111e-05,8.599e-05,
03:33:55,PENGU,0.010028,4.29,33367571.0,0.0102,0.00939,
03:34:55,DOGE,0.1062,4.54,161355779.0,0.10841,0.10105,Y
03:34:55,SHIB,6.28e-06,3.63,8689804.0,6.38e-06,6.05e-06,
03:34:55,PEPE,3.9e-06,2.63,37599951.0,3.95e-06,3.79e-06,
03:34:55,FLOKI,3.22e-05,2.06,2913828.0,3.284e-05,3.149e-05,
03:34:55,BONK,6.21e-06,2.81,4105874.0,6.3e-06,6.03e-06,
03:34:55,WIF,0.185,5.71,7168277.0,0.191,0.175,
03:34:55,BOME,0.000527,7.33,1191984.0,0.000535,0.00049,
03:34:55,NEIRO,8.86e-05,2.9,2439802.0,9.111e-05,8.599e-05,
03:34:55,PENGU,0.010036,4.16,33350908.0,0.0102,0.00939,
03:35:55,DOGE,0.10627,4.67,161375780.0,0.10841,0.10105,Y
03:35:55,SHIB,6.29e-06,3.97,8690230.0,6.38e-06,6.05e-06,
03:35:55,PEPE,3.9e-06,2.63,37588315.0,3.95e-06,3.79e-06,
03:35:55,FLOKI,3.221e-05,2.09,2912504.0,3.284e-05,3.149e-05,
03:35:55,BONK,6.21e-06,2.81,4104909.0,6.3e-06,6.04e-06,
03:35:55,WIF,0.185,5.71,7183562.0,0.191,0.175,
03:35:55,BOME,0.000526,7.13,1191432.0,0.000535,0.00049,
03:35:55,NEIRO,8.858e-05,2.96,2439640.0,9.111e-05,8.602e-05,
03:35:55,PENGU,0.010035,4.11,33349405.0,0.0102,0.00939,
03:36:55,DOGE,0.10621,4.64,161288087.0,0.10841,0.10105,Y
03:36:55,SHIB,6.29e-06,3.62,8681894.0,6.38e-06,6.05e-06,
03:36:55,PEPE,3.9e-06,2.63,37588721.0,3.95e-06,3.79e-06,
03:36:55,FLOKI,3.219e-05,1.96,2911777.0,3.284e-05,3.149e-05,
03:36:55,BONK,6.21e-06,2.81,4102323.0,6.3e-06,6.04e-06,
03:36:55,WIF,0.185,5.11,7183702.0,0.191,0.175,
03:36:55,BOME,0.000526,7.13,1191182.0,0.000535,0.00049,
03:36:55,NEIRO,8.855e-05,2.8,2438865.0,9.111e-05,8.606e-05,
03:36:55,PENGU,0.01002,4.1,33341465.0,0.0102,0.00939,
03:37:55,DOGE,0.10618,4.72,161247365.0,0.10841,0.10105,Y
03:37:55,SHIB,6.29e-06,3.79,8676405.0,6.38e-06,6.06e-06,
03:37:55,PEPE,3.9e-06,2.63,37614123.0,3.95e-06,3.79e-06,
03:37:55,FLOKI,3.217e-05,2.03,2904608.0,3.284e-05,3.153e-05,
03:37:55,BONK,6.21e-06,2.65,4102348.0,6.3e-06,6.04e-06,
03:37:55,WIF,0.186,6.29,7183701.0,0.191,0.175,
03:37:55,BOME,0.000526,7.13,1191328.0,0.000535,0.00049,
03:37:55,NEIRO,8.856e-05,2.75,2438313.0,9.111e-05,8.618e-05,
03:37:55,PENGU,0.010034,4.34,33344228.0,0.0102,0.00939,
03:38:55,DOGE,0.10615,4.65,161135285.0,0.10841,0.10105,Y
03:38:55,SHIB,6.29e-06,3.62,8676497.0,6.38e-06,6.06e-06,
03:38:55,PEPE,3.89e-06,2.64,37614076.0,3.95e-06,3.79e-06,
03:38:55,FLOKI,3.216e-05,1.93,2903553.0,3.284e-05,3.153e-05,
03:38:55,BONK,6.21e-06,2.81,4101830.0,6.3e-06,6.04e-06,
03:38:55,WIF,0.186,5.68,7183694.0,0.191,0.175,
03:38:55,BOME,0.000527,7.33,1191919.0,0.000535,0.00049,
03:38:55,NEIRO,8.849e-05,2.48,2438168.0,9.111e-05,8.618e-05,
03:38:55,PENGU,0.01003,4.38,33337552.0,0.0102,0.00939,
03:39:55,DOGE,0.10622,4.77,160836904.0,0.10841,0.10105,Y
03:39:55,SHIB,6.29e-06,3.62,8673517.0,6.38e-06,6.06e-06,
03:39:55,PEPE,3.89e-06,2.37,37632282.0,3.95e-06,3.79e-06,
03:39:55,FLOKI,3.218e-05,2.03,2904026.0,3.284e-05,3.154e-05,
03:39:55,BONK,6.22e-06,2.81,4102975.0,6.3e-06,6.04e-06,
03:39:55,WIF,0.186,6.29,7183693.0,0.191,0.175,
03:39:55,BOME,0.000526,7.13,1192021.0,0.000535,0.00049,
03:39:55,NEIRO,8.854e-05,2.65,2438666.0,9.111e-05,8.618e-05,
03:39:55,PENGU,0.010027,4.39,33332283.0,0.0102,0.00939,
03:40:55,DOGE,0.10627,4.74,160777575.0,0.10841,0.10105,Y
03:40:55,SHIB,6.29e-06,3.62,8676901.0,6.38e-06,6.06e-06,
03:40:55,PEPE,3.89e-06,2.37,37632897.0,3.95e-06,3.79e-06,
03:40:55,FLOKI,3.218e-05,1.87,2904112.0,3.284e-05,3.156e-05,
03:40:55,BONK,6.22e-06,2.81,4102716.0,6.3e-06,6.04e-06,
03:40:55,WIF,0.186,5.68,7183693.0,0.191,0.175,
03:40:55,BOME,0.000527,7.11,1192415.0,0.000535,0.00049,
03:40:55,NEIRO,8.862e-05,2.59,2438425.0,9.111e-05,8.618e-05,
03:40:55,PENGU,0.010045,4.44,33336013.0,0.0102,0.00939,
03:41:55,DOGE,0.10617,4.74,160670479.0,0.10841,0.10105,Y
03:41:55,SHIB,6.28e-06,3.46,8668786.0,6.38e-06,6.06e-06,
03:41:55,PEPE,3.9e-06,2.63,37625245.0,3.95e-06,3.79e-06,
03:41:55,FLOKI,3.215e-05,1.84,2904460.0,3.284e-05,3.156e-05,
03:41:55,BONK,6.2e-06,2.65,4102936.0,6.3e-06,6.04e-06,
03:41:55,WIF,0.186,6.29,7183686.0,0.191,0.175,
03:41:55,BOME,0.000526,7.35,1193088.0,0.000535,0.00049,
03:41:55,NEIRO,8.839e-05,2.36,2440131.0,9.111e-05,8.618e-05,
03:41:55,PENGU,0.01002,4.26,33331077.0,0.0102,0.00939,
03:43:55,DOGE,0.10623,4.86,160548532.0,0.10841,0.10105,Y
03:43:55,SHIB,6.29e-06,3.79,8671888.0,6.38e-06,6.06e-06,
03:43:55,PEPE,3.9e-06,2.63,37628006.0,3.95e-06,3.79e-06,
03:43:55,FLOKI,3.226e-05,2.19,2909604.0,3.284e-05,3.156e-05,
03:43:55,BONK,6.21e-06,2.81,4082167.0,6.3e-06,6.04e-06,
03:43:55,WIF,0.186,6.29,7183967.0,0.191,0.175,
03:43:55,BOME,0.000527,7.33,1194862.0,0.000535,0.00049,
03:43:55,NEIRO,8.856e-05,2.69,2439824.0,9.111e-05,8.618e-05,
03:43:55,PENGU,0.010031,4.4,33328429.0,0.0102,0.00939,
03:44:55,DOGE,0.1062,4.81,160413843.0,0.10841,0.10105,Y
03:44:55,SHIB,6.28e-06,3.46,8672172.0,6.38e-06,6.06e-06,
03:44:55,PEPE,3.9e-06,2.63,37634956.0,3.95e-06,3.79e-06,
03:44:55,FLOKI,3.225e-05,2.12,2910877.0,3.284e-05,3.156e-05,
03:44:55,BONK,6.21e-06,2.65,4082246.0,6.3e-06,6.04e-06,
03:44:55,WIF,0.185,5.11,7184027.0,0.191,0.175,
03:44:55,BOME,0.000527,7.33,1195077.0,0.000535,0.00049,
03:44:55,NEIRO,8.852e-05,2.6,2439646.0,9.111e-05,8.618e-05,
03:44:55,PENGU,0.010042,4.67,33323634.0,0.0102,0.00939,
03:45:55,DOGE,0.10622,4.83,160481436.0,0.10841,0.10105,Y
03:45:55,SHIB,6.29e-06,3.62,8666111.0,6.38e-06,6.06e-06,
03:45:55,PEPE,3.9e-06,2.63,37634285.0,3.95e-06,3.79e-06,
03:45:55,FLOKI,3.223e-05,2.06,2910939.0,3.284e-05,3.156e-05,
03:45:55,BONK,6.21e-06,2.65,4081914.0,6.3e-06,6.04e-06,
03:45:55,WIF,0.185,5.11,7184027.0,0.191,0.175,
03:45:55,BOME,0.000526,7.13,1194697.0,0.000535,0.00049,
03:45:55,NEIRO,8.85e-05,2.68,2439067.0,9.111e-05,8.618e-05,
03:45:55,PENGU,0.010032,4.51,33310006.0,0.0102,0.00939,
03:46:55,DOGE,0.10611,4.76,160419924.0,0.10841,0.10105,Y
03:46:55,SHIB,6.29e-06,3.45,8667468.0,6.38e-06,6.06e-06,
03:46:55,PEPE,3.89e-06,2.64,37640929.0,3.95e-06,3.79e-06,
03:46:55,FLOKI,3.22e-05,1.96,2911440.0,3.284e-05,3.156e-05,
03:46:55,BONK,6.2e-06,2.48,4079016.0,6.3e-06,6.04e-06,
03:46:55,WIF,0.185,5.11,7184027.0,0.191,0.175,
03:46:55,BOME,0.000526,7.13,1194898.0,0.000535,0.00049,
03:46:55,NEIRO,8.841e-05,2.47,2438230.0,9.111e-05,8.619e-05,
03:46:55,PENGU,0.010012,4.08,33308170.0,0.0102,0.00939,
03:47:55,DOGE,0.10606,4.8,160290237.0,0.10841,0.10105,Y
03:47:55,SHIB,6.28e-06,3.46,8659219.0,6.38e-06,6.06e-06,
03:47:55,PEPE,3.89e-06,2.37,37634746.0,3.95e-06,3.79e-06,
03:47:55,FLOKI,3.221e-05,1.9,2910906.0,3.284e-05,3.156e-05,
03:47:55,BONK,6.2e-06,2.31,4079097.0,6.3e-06,6.04e-06,
03:47:55,WIF,0.186,5.68,7184423.0,0.191,0.175,
03:47:55,BOME,0.000526,6.91,1194877.0,0.000535,0.000491,
03:47:55,NEIRO,8.841e-05,2.42,2437094.0,9.111e-05,8.621e-05,
03:47:55,PENGU,0.01001,3.88,33285215.0,0.0102,0.00939,
03:48:55,DOGE,0.10615,4.77,160211769.0,0.10841,0.10105,Y
03:48:55,SHIB,6.28e-06,3.29,8659031.0,6.38e-06,6.06e-06,
03:48:55,PEPE,3.89e-06,2.64,37631978.0,3.95e-06,3.79e-06,
03:48:55,FLOKI,3.223e-05,1.93,2910958.0,3.284e-05,3.156e-05,
03:48:55,BONK,6.2e-06,2.31,4079419.0,6.3e-06,6.04e-06,
03:48:55,WIF,0.186,5.68,7184423.0,0.191,0.175,
03:48:55,BOME,0.000526,6.91,1195549.0,0.000535,0.000491,
03:48:55,NEIRO,8.843e-05,2.4,2436569.0,9.111e-05,8.621e-05,
03:48:55,PENGU,0.010018,4.02,33282952.0,0.0102,0.00939,
03:49:55,DOGE,0.10618,4.81,160183841.0,0.10841,0.10105,Y
03:49:55,SHIB,6.29e-06,3.45,8651233.0,6.38e-06,6.06e-06,
03:49:55,PEPE,3.89e-06,2.64,37598455.0,3.95e-06,3.79e-06,
03:49:55,FLOKI,3.223e-05,1.96,2910882.0,3.284e-05,3.156e-05,
03:49:55,BONK,6.2e-06,2.48,4077752.0,6.3e-06,6.04e-06,
03:49:55,WIF,0.185,5.71,7183141.0,0.191,0.175,
03:49:55,BOME,0.000526,7.13,1195348.0,0.000535,0.000491,
03:49:55,NEIRO,8.845e-05,2.36,2435539.0,9.111e-05,8.621e-05,
03:49:55,PENGU,0.010019,4.29,33274369.0,0.0102,0.00939,
03:50:55,DOGE,0.10608,4.83,160208563.0,0.10841,0.10105,Y
03:50:55,SHIB,6.27e-06,3.29,8658163.0,6.38e-06,6.06e-06,
03:50:55,PEPE,3.89e-06,2.37,37595445.0,3.95e-06,3.79e-06,
03:50:55,FLOKI,3.22e-05,1.93,2912086.0,3.284e-05,3.156e-05,
03:50:55,BONK,6.19e-06,2.31,4076264.0,6.3e-06,6.05e-06,
03:50:55,WIF,0.185,5.11,7183154.0,0.191,0.175,
03:50:55,BOME,0.000525,6.92,1197595.0,0.000535,0.000491,
03:50:55,NEIRO,8.823e-05,2.24,2436752.0,9.111e-05,8.623e-05,
03:50:55,PENGU,0.009982,3.96,33240803.0,0.0102,0.00939,
03:51:55,DOGE,0.10611,4.88,160098959.0,0.10841,0.10105,Y
03:51:55,SHIB,6.27e-06,3.29,8652240.0,6.38e-06,6.06e-06,
03:51:55,PEPE,3.89e-06,2.64,37593691.0,3.95e-06,3.79e-06,
03:51:55,FLOKI,3.219e-05,1.93,2913202.0,3.284e-05,3.156e-05,
03:51:55,BONK,6.19e-06,2.15,4076434.0,6.3e-06,6.05e-06,
03:51:55,WIF,0.185,5.71,7182043.0,0.191,0.175,
03:51:55,BOME,0.000525,6.92,1197595.0,0.000535,0.000491,
03:51:55,NEIRO,8.826e-05,2.25,2436261.0,9.111e-05,8.623e-05,
03:51:55,PENGU,0.009994,4.09,33227897.0,0.0102,0.00939,
03:52:55,DOGE,0.10609,4.85,160001483.0,0.10841,0.10117,Y
03:52:55,SHIB,6.27e-06,3.29,8651149.0,6.38e-06,6.06e-06,
03:52:55,PEPE,3.89e-06,2.37,37633354.0,3.95e-06,3.79e-06,
03:52:55,FLOKI,3.217e-05,1.84,2914207.0,3.284e-05,3.157e-05,
03:52:55,BONK,6.19e-06,2.15,4076633.0,6.3e-06,6.05e-06,
03:52:55,WIF,0.185,5.11,7182308.0,0.191,0.175,
03:52:55,BOME,0.000525,6.49,1196730.0,0.000535,0.000491,
03:52:55,NEIRO,8.821e-05,2.18,2436004.0,9.111e-05,8.633e-05,
03:52:55,PENGU,0.009989,3.98,33223895.0,0.0102,0.00939,
03:53:55,DOGE,0.10617,4.88,159910509.0,0.10841,0.10119,Y
03:53:55,SHIB,6.28e-06,3.46,8646471.0,6.38e-06,6.06e-06,
03:53:55,PEPE,3.88e-06,2.1,37632248.0,3.95e-06,3.79e-06,
03:53:55,FLOKI,3.219e-05,1.87,2914084.0,3.284e-05,3.157e-05,
03:53:55,BONK,6.19e-06,2.31,4079582.0,6.3e-06,6.05e-06,
03:53:55,WIF,0.185,5.71,7182301.0,0.191,0.175,
03:53:55,BOME,0.000524,6.5,1200088.0,0.000535,0.000491,
03:53:55,NEIRO,8.822e-05,2.0,2435215.0,9.111e-05,8.633e-05,
03:53:55,PENGU,0.009991,4.0,33213944.0,0.0102,0.00939,
03:54:55,DOGE,0.10623,4.8,159843204.0,0.10841,0.10132,Y
03:54:55,SHIB,6.28e-06,3.29,8647225.0,6.38e-06,6.06e-06,
03:54:55,PEPE,3.88e-06,2.1,37633323.0,3.95e-06,3.79e-06,
03:54:55,FLOKI,3.22e-05,1.77,2914387.0,3.284e-05,3.157e-05,
03:54:55,BONK,6.2e-06,2.31,4079834.0,6.3e-06,6.05e-06,
03:54:55,WIF,0.185,5.71,7182301.0,0.191,0.175,
03:54:55,BOME,0.000524,6.5,1199987.0,0.000535,0.000491,
03:54:55,NEIRO,8.815e-05,1.86,2442512.0,9.111e-05,8.633e-05,
03:54:55,PENGU,0.010007,4.13,33225915.0,0.0102,0.00939,
03:55:55,DOGE,0.10606,4.61,159753487.0,0.10841,0.10132,Y
03:55:55,SHIB,6.28e-06,3.46,8665016.0,6.38e-06,6.06e-06,
03:55:55,PEPE,3.88e-06,1.84,37626943.0,3.95e-06,3.79e-06,
03:55:55,FLOKI,3.215e-05,1.71,2914721.0,3.284e-05,3.157e-05,
03:55:55,BONK,6.19e-06,1.98,4076210.0,6.3e-06,6.05e-06,
03:55:55,WIF,0.185,5.11,7182282.0,0.191,0.175,
03:55:55,BOME,0.000523,6.3,1200823.0,0.000535,0.000491,
03:55:55,NEIRO,8.801e-05,1.75,2440662.0,9.111e-05,8.633e-05,
03:55:55,PENGU,0.009968,3.69,33238407.0,0.0102,0.00939,
03:56:55,DOGE,0.10608,4.62,159751151.0,0.10841,0.10132,Y
03:56:55,SHIB,6.27e-06,3.12,8664592.0,6.38e-06,6.06e-06,
03:56:55,PEPE,3.88e-06,1.84,37671573.0,3.95e-06,3.79e-06,
03:56:55,FLOKI,3.216e-05,1.71,2914839.0,3.284e-05,3.157e-05,
03:56:55,BONK,6.19e-06,1.98,4076248.0,6.3e-06,6.05e-06,
03:56:55,WIF,0.185,5.11,7182011.0,0.191,0.175,
03:56:55,BOME,0.000523,6.08,1200579.0,0.000535,0.000491,
03:56:55,NEIRO,8.799e-05,1.65,2440435.0,9.111e-05,8.633e-05,
03:56:55,PENGU,0.009968,3.62,33237307.0,0.0102,0.00939,
03:57:55,DOGE,0.1062,4.65,159717900.0,0.10841,0.10132,Y
03:57:55,SHIB,6.28e-06,3.29,8674534.0,6.38e-06,6.06e-06,
03:57:55,PEPE,3.88e-06,2.1,37680106.0,3.95e-06,3.79e-06,
03:57:55,FLOKI,3.219e-05,1.83,2915334.0,3.284e-05,3.157e-05,
03:57:55,BONK,6.19e-06,2.15,4078208.0,6.3e-06,6.05e-06,
03:57:55,WIF,0.185,5.71,7182248.0,0.191,0.175,
03:57:55,BOME,0.000523,6.3,1200877.0,0.000535,0.000491,
03:57:55,NEIRO,8.812e-05,1.91,2437637.0,9.111e-05,8.633e-05,
03:57:55,PENGU,0.009985,3.58,33231412.0,0.0102,0.00939,
03:58:55,DOGE,0.10622,4.76,159698457.0,0.10841,0.10132,Y
03:58:55,SHIB,6.27e-06,3.29,8674381.0,6.38e-06,6.06e-06,
03:58:55,PEPE,3.89e-06,2.37,37645884.0,3.95e-06,3.79e-06,
03:58:55,FLOKI,3.218e-05,1.93,2915290.0,3.284e-05,3.157e-05,
03:58:55,BONK,6.19e-06,2.15,4077646.0,6.3e-06,6.05e-06,
03:58:55,WIF,0.185,5.11,7182220.0,0.191,0.175,
03:58:55,BOME,0.000523,6.3,1201300.0,0.000535,0.000491,
03:58:55,NEIRO,8.806e-05,1.96,2435560.0,9.111e-05,8.633e-05,
03:58:55,PENGU,0.009984,3.63,33214246.0,0.0102,0.00939,
03:59:55,DOGE,0.10628,4.81,159592143.0,0.10841,0.10139,Y
03:59:55,SHIB,6.29e-06,3.62,8673890.0,6.38e-06,6.06e-06,
03:59:55,PEPE,3.89e-06,2.37,37545777.0,3.95e-06,3.79e-06,
03:59:55,FLOKI,3.22e-05,1.96,2915388.0,3.284e-05,3.158e-05,
03:59:55,BONK,6.19e-06,2.15,4077426.0,6.3e-06,6.05e-06,
03:59:55,WIF,0.185,5.11,7182226.0,0.191,0.175,
03:59:55,BOME,0.000523,6.3,1200913.0,0.000535,0.000492,
03:59:55,NEIRO,8.812e-05,1.86,2434760.0,9.111e-05,8.633e-05,
03:59:55,PENGU,0.010003,3.77,33205455.0,0.0102,0.00939,
04:00:55,DOGE,0.10607,4.4,159546280.0,0.10841,0.10141,Y
04:00:55,SHIB,6.27e-06,3.29,8688039.0,6.38e-06,6.06e-06,
04:00:55,PEPE,3.88e-06,1.84,37486108.0,3.95e-06,3.79e-06,
04:00:55,FLOKI,3.215e-05,1.61,2913333.0,3.284e-05,3.161e-05,
04:00:55,BONK,6.18e-06,1.81,4073631.0,6.3e-06,6.06e-06,
04:00:55,WIF,0.185,5.11,7194150.0,0.191,0.175,
04:00:55,BOME,0.000522,5.88,1202590.0,0.000535,0.000492,
04:00:55,NEIRO,8.796e-05,1.42,2433062.0,9.111e-05,8.633e-05,
04:00:55,PENGU,0.009967,3.34,33176633.0,0.0102,0.00939,
04:01:55,DOGE,0.10593,4.38,159433658.0,0.10841,0.10145,Y
04:01:55,SHIB,6.27e-06,3.46,8663081.0,6.38e-06,6.06e-06,
04:01:55,PEPE,3.88e-06,2.1,37459531.0,3.95e-06,3.79e-06,
04:01:55,FLOKI,3.214e-05,1.61,2909352.0,3.284e-05,3.163e-05,
04:01:55,BONK,6.18e-06,1.81,4063021.0,6.3e-06,6.07e-06,
04:01:55,WIF,0.186,5.68,7194070.0,0.191,0.176,
04:01:55,BOME,0.000522,5.88,1202614.0,0.000535,0.000493,
04:01:55,NEIRO,8.796e-05,1.51,2431550.0,9.111e-05,8.633e-05,
04:01:55,PENGU,0.009962,3.25,33158296.0,0.0102,0.00939,
04:02:55,DOGE,0.10593,4.2,159370436.0,0.10841,0.10146,Y
04:02:55,SHIB,6.26e-06,2.79,8639579.0,6.38e-06,6.07e-06,
04:02:55,PEPE,3.88e-06,1.84,37389338.0,3.95e-06,3.79e-06,
04:02:55,FLOKI,3.214e-05,1.32,2907055.0,3.284e-05,3.166e-05,
04:02:55,BONK,6.18e-06,1.48,4071215.0,6.3e-06,6.07e-06,
04:02:55,WIF,0.185,5.11,7229052.0,0.191,0.176,
04:02:55,BOME,0.000523,5.66,1200443.0,0.000535,0.000494,
04:02:55,NEIRO,8.794e-05,1.37,2435594.0,9.111e-05,8.633e-05,
04:02:55,PENGU,0.009963,3.1,33161918.0,0.0102,0.00939,
04:03:55,DOGE,0.10602,3.98,159256116.0,0.10841,0.10146,Y
04:03:55,SHIB,6.27e-06,2.96,8625280.0,6.38e-06,6.07e-06,
04:03:55,PEPE,3.88e-06,1.57,37315148.0,3.95e-06,3.79e-06,
04:03:55,FLOKI,3.215e-05,1.0,2886567.0,3.284e-05,3.166e-05,
04:03:55,BONK,6.19e-06,1.48,4063294.0,6.3e-06,6.07e-06,
04:03:55,WIF,0.185,4.52,7229038.0,0.191,0.176,
04:03:55,BOME,0.000523,5.44,1199593.0,0.000535,0.000494,
04:03:55,NEIRO,8.798e-05,0.94,2432910.0,9.111e-05,8.633e-05,
04:03:55,PENGU,0.009972,3.06,33130789.0,0.0102,0.00939,
04:04:55,DOGE,0.10596,4.05,158930421.0,0.10841,0.10146,Y
04:04:55,SHIB,6.27e-06,2.79,8615157.0,6.38e-06,6.07e-06,
04:04:55,PEPE,3.87e-06,1.31,37293599.0,3.95e-06,3.79e-06,
04:04:55,FLOKI,3.214e-05,1.01,2880177.0,3.284e-05,3.166e-05,
04:04:55,BONK,6.18e-06,1.48,4049807.0,6.3e-06,6.07e-06,
04:04:55,WIF,0.185,5.11,7229036.0,0.191,0.176,
04:04:55,BOME,0.000522,5.24,1200162.0,0.000535,0.000494,
04:04:55,NEIRO,8.785e-05,1.14,2431999.0,9.111e-05,8.633e-05,
04:04:55,PENGU,0.009961,3.06,33121536.0,0.0102,0.00939,
04:05:55,DOGE,0.10601,4.26,158884236.0,0.10841,0.10146,Y
04:05:55,SHIB,6.27e-06,2.96,8612447.0,6.38e-06,6.07e-06,
04:05:55,PEPE,3.87e-06,1.57,37268228.0,3.95e-06,3.79e-06,
04:05:55,FLOKI,3.214e-05,1.2,2876967.0,3.284e-05,3.166e-05,
04:05:55,BONK,6.18e-06,1.48,4039564.0,6.3e-06,6.07e-06,
04:05:55,WIF,0.185,4.52,7237558.0,0.191,0.176,
04:05:55,BOME,0.000522,5.24,1201380.0,0.000535,0.000494,
04:05:55,NEIRO,8.787e-05,1.47,2425154.0,9.111e-05,8.633e-05,
04:05:55,PENGU,0.009968,3.49,33098468.0,0.0102,0.00939,
04:08:55,DOGE,0.10592,3.92,158498100.0,0.10841,0.10146,Y
04:08:55,SHIB,6.26e-06,2.62,8611864.0,6.38e-06,6.07e-06,
04:08:55,PEPE,3.87e-06,1.31,37163219.0,3.95e-06,3.79e-06,
04:08:55,FLOKI,3.212e-05,1.04,2865879.0,3.284e-05,3.166e-05,
04:08:55,BONK,6.17e-06,1.31,4039010.0,6.3e-06,6.07e-06,
04:08:55,WIF,0.185,4.52,7252465.0,0.191,0.176,
04:08:55,BOME,0.000521,5.04,1201038.0,0.000535,0.000494,
04:08:55,NEIRO,8.761e-05,0.94,2427749.0,9.111e-05,8.633e-05,
04:08:55,PENGU,0.009975,3.1,33089234.0,0.0102,0.00939,
04:09:55,DOGE,0.106,4.06,158487494.0,0.10841,0.10146,Y
04:09:55,SHIB,6.25e-06,2.46,8611754.0,6.38e-06,6.07e-06,
04:09:55,PEPE,3.87e-06,1.57,37162387.0,3.95e-06,3.79e-06,
04:09:55,FLOKI,3.214e-05,1.1,2865269.0,3.284e-05,3.166e-05,
04:09:55,BONK,6.19e-06,1.64,4043361.0,6.3e-06,6.07e-06,
04:09:55,WIF,0.184,4.54,7252462.0,0.191,0.176,
04:09:55,BOME,0.000522,5.24,1201688.0,0.000535,0.000494,
04:09:55,NEIRO,8.765e-05,0.99,2427606.0,9.111e-05,8.633e-05,
04:09:55,PENGU,0.009992,3.31,33090363.0,0.0102,0.00939,
04:10:55,DOGE,0.10597,3.95,158488550.0,0.10841,0.10146,Y
04:10:55,SHIB,6.25e-06,2.46,8608827.0,6.38e-06,6.07e-06,
04:10:55,PEPE,3.87e-06,1.84,37115987.0,3.95e-06,3.79e-06,
04:10:55,FLOKI,3.215e-05,1.23,2867422.0,3.284e-05,3.166e-05,
04:10:55,BONK,6.18e-06,1.48,4040692.0,6.3e-06,6.07e-06,
04:10:55,WIF,0.185,5.11,7252463.0,0.191,0.176,
04:10:55,BOME,0.000523,5.44,1200787.0,0.000535,0.000494,
04:10:55,NEIRO,8.778e-05,1.09,2427785.0,9.111e-05,8.633e-05,
04:10:55,PENGU,0.009995,3.54,33083678.0,0.0102,0.00939,
04:11:55,DOGE,0.106,4.09,158413053.0,0.10841,0.10146,Y
04:11:55,SHIB,6.25e-06,2.8,8599664.0,6.38e-06,6.07e-06,
04:11:55,PEPE,3.88e-06,1.84,37084023.0,3.95e-06,3.79e-06,
04:11:55,FLOKI,3.215e-05,1.36,2864536.0,3.284e-05,3.166e-05,
04:11:55,BONK,6.18e-06,1.48,4039980.0,6.3e-06,6.07e-06,
04:11:55,WIF,0.185,4.52,7252432.0,0.191,0.176,
04:11:55,BOME,0.000523,5.66,1200052.0,0.000535,0.000494,
04:11:55,NEIRO,8.777e-05,1.43,2425427.0,9.111e-05,8.633e-05,
04:11:55,PENGU,0.009984,3.72,33055600.0,0.0102,0.00939,
04:12:55,DOGE,0.10609,4.25,158406914.0,0.10841,0.10146,Y
04:12:55,SHIB,6.26e-06,2.96,8603210.0,6.38e-06,6.07e-06,
04:12:55,PEPE,3.87e-06,1.84,37079086.0,3.95e-06,3.79e-06,
04:12:55,FLOKI,3.218e-05,1.48,2865071.0,3.284e-05,3.166e-05,
04:12:55,BONK,6.19e-06,1.81,4039425.0,6.3e-06,6.07e-06,
04:12:55,WIF,0.185,5.11,7276125.0,0.191,0.176,
04:12:55,BOME,0.000523,5.66,1199923.0,0.000535,0.000494,
04:12:55,NEIRO,8.782e-05,1.46,2426620.0,9.111e-05,8.633e-05,
04:12:55,PENGU,0.009987,3.81,33058573.0,0.0102,0.00939,
04:13:55,DOGE,0.10611,4.33,158408750.0,0.10841,0.10146,Y
04:13:55,SHIB,6.26e-06,2.96,8601697.0,6.38e-06,6.07e-06,
04:13:55,PEPE,3.88e-06,2.38,37028104.0,3.95e-06,3.79e-06,
04:13:55,FLOKI,3.217e-05,1.42,2864514.0,3.284e-05,3.166e-05,
04:13:55,BONK,6.19e-06,1.81,4039319.0,6.3e-06,6.07e-06,
04:13:55,WIF,0.185,5.11,7294669.0,0.191,0.176,
04:13:55,BOME,0.000522,5.46,1201410.0,0.000535,0.000494,
04:13:55,NEIRO,8.776e-05,1.26,2426779.0,9.111e-05,8.633e-05,
04:13:55,PENGU,0.009992,4.07,33049812.0,0.0102,0.00939,
04:14:55,DOGE,0.10614,4.57,158380953.0,0.10841,0.10146,Y
04:14:55,SHIB,6.26e-06,2.96,8598886.0,6.38e-06,6.07e-06,
04:14:55,PEPE,3.87e-06,2.11,37076185.0,3.95e-06,3.79e-06,
04:14:55,FLOKI,3.218e-05,1.58,2862659.0,3.284e-05,3.167e-05,
04:14:55,BONK,6.18e-06,1.65,4036293.0,6.3e-06,6.08e-06,
04:14:55,WIF,0.184,4.54,7291610.0,0.191,0.176,
04:14:55,BOME,0.000523,5.87,1201291.0,0.000535,0.000494,
04:14:55,NEIRO,8.788e-05,1.54,2426294.0,9.111e-05,8.633e-05,
04:14:55,PENGU,0.009988,3.91,33030734.0,0.0102,0.00939,
04:15:55,DOGE,0.10615,4.44,158375984.0,0.10841,0.10146,Y
04:15:55,SHIB,6.26e-06,2.96,8579967.0,6.38e-06,6.08e-06,
04:15:55,PEPE,3.88e-06,1.84,37014177.0,3.95e-06,3.79e-06,
04:15:55,FLOKI,3.218e-05,1.39,2861858.0,3.284e-05,3.169e-05,
04:15:55,BONK,6.19e-06,1.64,4036817.0,6.3e-06,6.08e-06,
04:15:55,WIF,0.185,5.11,7303264.0,0.191,0.176,
04:15:55,BOME,0.000523,5.66,1200524.0,0.000535,0.000495,
04:15:55,NEIRO,8.781e-05,1.18,2425618.0,9.111e-05,8.633e-05,
04:15:55,PENGU,0.009992,3.94,33024904.0,0.0102,0.00939,
04:16:55,DOGE,0.10623,4.61,158388253.0,0.10841,0.10146,Y
04:16:55,SHIB,6.27e-06,3.12,8580641.0,6.38e-06,6.08e-06,
04:16:55,PEPE,3.88e-06,2.1,36992319.0,3.95e-06,3.79e-06,
04:16:55,FLOKI,3.218e-05,1.45,2862584.0,3.284e-05,3.169e-05,
04:16:55,BONK,6.19e-06,1.64,4035951.0,6.3e-06,6.08e-06,
04:16:55,WIF,0.185,4.52,7303257.0,0.191,0.176,
04:16:55,BOME,0.000523,5.44,1200443.0,0.000535,0.000496,
04:16:55,NEIRO,8.784e-05,1.28,2425732.0,9.111e-05,8.633e-05,
04:16:55,PENGU,0.009975,3.75,33046991.0,0.0102,0.00939,
04:17:55,DOGE,0.10616,4.59,158764926.0,0.10841,0.10146,Y
04:17:55,SHIB,6.26e-06,2.79,8580617.0,6.38e-06,6.08e-06,
04:17:55,PEPE,3.87e-06,1.84,36972995.0,3.95e-06,3.79e-06,
04:17:55,FLOKI,3.216e-05,1.42,2862858.0,3.284e-05,3.169e-05,
04:17:55,BONK,6.19e-06,1.81,4035483.0,6.3e-06,6.08e-06,
04:17:55,WIF,0.185,4.52,7303250.0,0.191,0.176,
04:17:55,BOME,0.000523,5.44,1200443.0,0.000535,0.000496,
04:17:55,NEIRO,8.767e-05,1.13,2426222.0,9.111e-05,8.633e-05,
04:17:55,PENGU,0.009953,3.58,33040792.0,0.0102,0.00939,
04:18:55,DOGE,0.10608,4.4,158804802.0,0.10841,0.10161,Y
04:18:55,SHIB,6.26e-06,2.96,8580608.0,6.38e-06,6.08e-06,
04:18:55,PEPE,3.87e-06,1.84,36966289.0,3.95e-06,3.8e-06,
04:18:55,FLOKI,3.214e-05,1.29,2862464.0,3.284e-05,3.169e-05,
04:18:55,BONK,6.18e-06,1.48,4038741.0,6.3e-06,6.08e-06,
04:18:55,WIF,0.185,5.11,7303246.0,0.191,0.176,
04:18:55,BOME,0.000523,5.44,1200452.0,0.000535,0.000496,
04:18:55,NEIRO,8.762e-05,1.15,2425752.0,9.111e-05,8.633e-05,
04:18:55,PENGU,0.009948,3.53,33048951.0,0.0102,0.00939,
04:20:55,DOGE,0.10623,4.3,158975234.0,0.10841,0.10176,Y
04:20:55,SHIB,6.26e-06,2.79,8560203.0,6.38e-06,6.09e-06,
04:20:55,PEPE,3.88e-06,2.1,36908512.0,3.95e-06,3.8e-06,
04:20:55,FLOKI,3.216e-05,1.07,2861441.0,3.284e-05,3.169e-05,
04:20:55,BONK,6.18e-06,1.48,4036930.0,6.3e-06,6.08e-06,
04:20:55,WIF,0.185,5.11,7301842.0,0.191,0.176,
04:20:55,BOME,0.000523,5.23,1200471.0,0.000535,0.000496,
04:20:55,NEIRO,8.772e-05,1.02,2426204.0,9.111e-05,8.633e-05,
04:20:55,PENGU,0.009969,3.2,33008037.0,0.0102,0.00939,
04:21:55,DOGE,0.10627,4.29,158974638.0,0.10841,0.10177,Y
04:21:55,SHIB,6.27e-06,2.79,8546250.0,6.38e-06,6.09e-06,
04:21:55,PEPE,3.88e-06,2.1,36955725.0,3.95e-06,3.8e-06,
04:21:55,FLOKI,3.218e-05,1.1,2862146.0,3.284e-05,3.169e-05,
04:21:55,BONK,6.19e-06,1.48,4037309.0,6.3e-06,6.08e-06,
04:21:55,WIF,0.185,5.11,7301764.0,0.191,0.176,
04:21:55,BOME,0.000524,5.43,1200688.0,0.000535,0.000496,
04:21:55,NEIRO,8.784e-05,1.06,2426854.0,9.111e-05,8.633e-05,
04:21:55,PENGU,0.009973,3.25,32970049.0,0.0102,0.00939,
04:22:55,DOGE,0.10636,4.42,159032568.0,0.10841,0.10177,Y
04:22:55,SHIB,6.27e-06,2.79,8535449.0,6.38e-06,6.09e-06,
04:22:55,PEPE,3.87e-06,1.84,36986873.0,3.95e-06,3.8e-06,
04:22:55,FLOKI,3.22e-05,1.23,2862604.0,3.284e-05,3.169e-05,
04:22:55,BONK,6.19e-06,1.48,4036891.0,6.3e-06,6.08e-06,
04:22:55,WIF,0.185,5.11,7301745.0,0.191,0.176,
04:22:55,BOME,0.000524,5.43,1200108.0,0.000535,0.000496,
04:22:55,NEIRO,8.79e-05,1.17,2426975.0,9.111e-05,8.633e-05,
04:22:55,PENGU,0.009983,3.46,32968987.0,0.0102,0.00939,
04:23:55,DOGE,0.10642,4.45,159050957.0,0.10841,0.10177,Y
04:23:55,SHIB,6.26e-06,2.79,8533166.0,6.38e-06,6.09e-06,
04:23:55,PEPE,3.89e-06,2.37,36995587.0,3.95e-06,3.8e-06,
04:23:55,FLOKI,3.222e-05,1.29,2862880.0,3.284e-05,3.169e-05,
04:23:55,BONK,6.2e-06,1.81,4038568.0,6.3e-06,6.08e-06,
04:23:55,WIF,0.185,4.52,7288921.0,0.191,0.176,
04:23:55,BOME,0.000524,5.43,1200116.0,0.000535,0.000496,
04:23:55,NEIRO,8.793e-05,1.13,2426924.0,9.111e-05,8.633e-05,
04:23:55,PENGU,0.010011,3.77,32978172.0,0.0102,0.00939,
04:24:55,DOGE,0.10644,4.56,159036153.0,0.10841,0.10177,Y
04:24:55,SHIB,6.26e-06,2.46,8532010.0,6.38e-06,6.09e-06,
04:24:55,PEPE,3.88e-06,2.1,36996373.0,3.95e-06,3.8e-06,
04:24:55,FLOKI,3.222e-05,1.29,2862787.0,3.284e-05,3.169e-05,
04:24:55,BONK,6.19e-06,1.48,4038748.0,6.3e-06,6.08e-06,
04:24:55,WIF,0.185,5.11,7288914.0,0.191,0.176,
04:24:55,BOME,0.000525,5.63,1200831.0,0.000535,0.000496,
04:24:55,NEIRO,8.791e-05,1.08,2426789.0,9.111e-05,8.633e-05,
04:24:55,PENGU,0.009997,3.6,32980947.0,0.0102,0.00939,
04:25:55,DOGE,0.10633,4.42,159115992.0,0.10841,0.10177,Y
04:25:55,SHIB,6.27e-06,2.79,8522062.0,6.38e-06,6.09e-06,
04:25:55,PEPE,3.88e-06,1.84,37025269.0,3.95e-06,3.8e-06,
04:25:55,FLOKI,3.219e-05,1.26,2863121.0,3.284e-05,3.169e-05,
04:25:55,BONK,6.19e-06,1.64,4038149.0,6.3e-06,6.08e-06,
04:25:55,WIF,0.185,5.11,7288914.0,0.191,0.176,
04:25:55,BOME,0.000523,5.44,1202041.0,0.000535,0.000496,
04:25:55,NEIRO,8.793e-05,1.23,2427777.0,9.111e-05,8.633e-05,
04:25:55,PENGU,0.009985,3.59,32982685.0,0.0102,0.00939,
04:26:55,DOGE,0.10633,4.46,159124370.0,0.10841,0.10179,Y
04:26:55,SHIB,6.27e-06,2.96,8521860.0,6.38e-06,6.09e-06,
04:26:55,PEPE,3.88e-06,1.84,36992671.0,3.95e-06,3.8e-06,
04:26:55,FLOKI,3.219e-05,1.23,2864840.0,3.284e-05,3.169e-05,
04:26:55,BONK,6.19e-06,1.64,4038153.0,6.3e-06,6.08e-06,
04:26:55,WIF,0.186,5.08,7289309.0,0.191,0.176,
04:26:55,BOME,0.000523,5.44,1202038.0,0.000535,0.000496,
04:26:55,NEIRO,8.792e-05,1.24,2427534.0,9.111e-05,8.633e-05,
04:26:55,PENGU,0.00998,3.47,32980764.0,0.0102,0.00939,
04:27:55,DOGE,0.10636,4.48,159124902.0,0.10841,0.1018,Y
04:27:55,SHIB,6.26e-06,2.62,8518513.0,6.38e-06,6.09e-06,
04:27:55,PEPE,3.88e-06,1.84,37005836.0,3.95e-06,3.8e-06,
04:27:55,FLOKI,3.221e-05,1.32,2864958.0,3.284e-05,3.169e-05,
04:27:55,BONK,6.19e-06,1.64,4037919.0,6.3e-06,6.08e-06,
04:27:55,WIF,0.186,5.08,7289261.0,0.191,0.176,
04:27:55,BOME,0.000525,5.63,1204315.0,0.000535,0.000496,
04:27:55,NEIRO,8.799e-05,1.36,2428137.0,9.111e-05,8.633e-05,
04:27:55,PENGU,0.009976,3.28,32976820.0,0.0102,0.00939,
04:28:55,DOGE,0.10637,4.4,159045797.0,0.10841,0.10183,Y
04:28:55,SHIB,6.26e-06,2.62,8511372.0,6.38e-06,6.1e-06,
04:28:55,PEPE,3.89e-06,2.1,36995806.0,3.95e-06,3.8e-06,
04:28:55,FLOKI,3.22e-05,1.26,2863336.0,3.284e-05,3.169e-05,
04:28:55,BONK,6.19e-06,1.64,4037901.0,6.3e-06,6.08e-06,
04:28:55,WIF,0.186,5.68,7289244.0,0.191,0.176,
04:28:55,BOME,0.000525,5.63,1204884.0,0.000535,0.000496,
04:28:55,NEIRO,8.8e-05,1.25,2427956.0,9.111e-05,8.633e-05,
04:28:55,PENGU,0.009979,3.19,32958726.0,0.0102,0.00939,
04:29:55,DOGE,0.10638,4.36,159005812.0,0.10841,0.10183,Y
04:29:55,SHIB,6.26e-06,2.62,8506641.0,6.38e-06,6.1e-06,
04:29:55,PEPE,3.89e-06,1.83,36987272.0,3.95e-06,3.8e-06,
04:29:55,FLOKI,3.22e-05,1.19,2863070.0,3.284e-05,3.169e-05,
04:29:55,BONK,6.18e-06,1.31,4038232.0,6.3e-06,6.08e-06,
04:29:55,WIF,0.186,5.08,7289237.0,0.191,0.177,
04:29:55,BOME,0.000525,5.63,1204944.0,0.000535,0.000496,
04:29:55,NEIRO,8.798e-05,1.2,2428639.0,9.111e-05,8.633e-05,
04:29:55,PENGU,0.009988,3.14,32956469.0,0.0102,0.00939,
04:30:55,DOGE,0.10638,4.29,159025694.0,0.10841,0.10183,Y
04:30:55,SHIB,6.26e-06,2.46,8537167.0,6.38e-06,6.1e-06,
04:30:55,PEPE,3.88e-06,1.84,37041869.0,3.95e-06,3.8e-06,
04:30:55,FLOKI,3.218e-05,1.07,2865486.0,3.284e-05,3.169e-05,
04:30:55,BONK,6.18e-06,1.31,4052118.0,6.3e-06,6.08e-06,
04:30:55,WIF,0.185,3.93,7282965.0,0.191,0.177,
04:30:55,BOME,0.000525,5.42,1205903.0,0.000535,0.000496,
04:30:55,NEIRO,8.782e-05,0.87,2428806.0,9.111e-05,8.633e-05,
04:30:55,PENGU,0.009969,2.98,32929443.0,0.0102,0.00939,
04:31:55,DOGE,0.10637,4.38,158982115.0,0.10841,0.10183,Y
04:31:55,SHIB,6.27e-06,2.62,8525132.0,6.38e-06,6.1e-06,
04:31:55,PEPE,3.88e-06,1.57,37043603.0,3.95e-06,3.8e-06,
04:31:55,FLOKI,3.219e-05,1.13,2864842.0,3.284e-05,3.169e-05,
04:31:55,BONK,6.19e-06,1.31,4043296.0,6.3e-06,6.08e-06,
04:31:55,WIF,0.185,3.93,7283396.0,0.191,0.177,
04:31:55,BOME,0.000524,5.22,1205945.0,0.000535,0.000496,
04:31:55,NEIRO,8.788e-05,0.78,2428196.0,9.111e-05,8.633e-05,
04:31:55,PENGU,0.00997,3.05,32922125.0,0.0102,0.00939,
04:32:55,DOGE,0.10641,4.49,158948072.0,0.10841,0.10184,Y
04:32:55,SHIB,6.26e-06,2.46,8529131.0,6.38e-06,6.1e-06,
04:32:55,PEPE,3.89e-06,2.1,37017711.0,3.95e-06,3.8e-06,
04:32:55,FLOKI,3.219e-05,1.16,2863853.0,3.284e-05,3.169e-05,
04:32:55,BONK,6.19e-06,1.48,4041328.0,6.3e-06,6.08e-06,
04:32:55,WIF,0.185,3.93,7283396.0,0.191,0.177,
04:32:55,BOME,0.000524,5.22,1204563.0,0.000535,0.000496,
04:32:55,NEIRO,8.784e-05,0.94,2423771.0,9.111e-05,8.633e-05,
04:32:55,PENGU,0.009981,3.15,32911576.0,0.0102,0.00939,
04:33:55,DOGE,0.10646,4.44,158928519.0,0.10841,0.10188,Y
04:33:55,SHIB,6.26e-06,2.62,8529063.0,6.38e-06,6.1e-06,
04:33:55,PEPE,3.89e-06,2.1,36986483.0,3.95e-06,3.8e-06,
04:33:55,FLOKI,3.221e-05,1.1,2864649.0,3.284e-05,3.169e-05,
04:33:55,BONK,6.18e-06,1.15,4049691.0,6.3e-06,6.08e-06,
04:33:55,WIF,0.185,3.93,7283903.0,0.191,0.177,
04:33:55,BOME,0.000524,5.01,1204277.0,0.000535,0.000496,
04:33:55,NEIRO,8.791e-05,0.93,2422973.0,9.111e-05,8.633e-05,
04:33:55,PENGU,0.009992,3.07,32910046.0,0.0102,0.00939,
04:34:55,DOGE,0.10646,4.47,158987070.0,0.10841,0.10188,Y
04:34:55,SHIB,6.26e-06,2.46,8529714.0,6.38e-06,6.11e-06,
04:34:55,PEPE,3.89e-06,1.83,36983537.0,3.95e-06,3.8e-06,
04:34:55,FLOKI,3.22e-05,1.03,2859992.0,3.284e-05,3.169e-05,
04:34:55,BONK,6.19e-06,1.31,4049816.0,6.3e-06,6.08e-06,
04:34:55,WIF,0.185,3.93,7283903.0,0.191,0.177,
04:34:55,BOME,0.000524,5.22,1204211.0,0.000535,0.000496,
04:34:55,NEIRO,8.793e-05,1.02,2422960.0,9.111e-05,8.633e-05,
04:34:55,PENGU,0.009969,2.77,32894145.0,0.0102,0.00939,
04:35:55,DOGE,0.10651,4.48,159009102.0,0.10841,0.10188,Y
04:35:55,SHIB,6.27e-06,2.62,8530307.0,6.38e-06,6.11e-06,
04:35:55,PEPE,3.88e-06,1.84,36999650.0,3.95e-06,3.8e-06,
04:35:55,FLOKI,3.224e-05,1.1,2860084.0,3.284e-05,3.169e-05,
04:35:55,BONK,6.19e-06,1.31,4049602.0,6.3e-06,6.08e-06,
04:35:55,WIF,0.186,4.49,7283968.0,0.191,0.177,
04:35:55,BOME,0.000524,5.22,1204914.0,0.000535,0.000496,
04:35:55,NEIRO,8.802e-05,1.07,2420902.0,9.111e-05,8.633e-05,
04:35:55,PENGU,0.009968,2.71,32887525.0,0.0102,0.00939,
04:36:55,DOGE,0.10647,4.34,158985081.0,0.10841,0.10188,Y
04:36:55,SHIB,6.27e-06,2.45,8525243.0,6.38e-06,6.11e-06,
04:36:55,PEPE,3.88e-06,1.3,36959473.0,3.95e-06,3.8e-06,
04:36:55,FLOKI,3.222e-05,0.78,2854209.0,3.284e-05,3.169e-05,
04:36:55,BONK,6.19e-06,1.14,4048077.0,6.3e-06,6.08e-06,
04:36:55,WIF,0.186,4.49,7283157.0,0.191,0.177,
04:36:55,BOME,0.000524,5.01,1203994.0,0.000535,0.000496,
04:36:55,NEIRO,8.801e-05,0.82,2420496.0,9.111e-05,8.633e-05,
04:36:55,PENGU,0.00996,2.78,32877128.0,0.0102,0.00939,
04:37:55,DOGE,0.1065,4.29,158949435.0,0.10841,0.10188,Y
04:37:55,SHIB,6.25e-06,2.12,8517169.0,6.38e-06,6.11e-06,
04:37:55,PEPE,3.89e-06,1.57,36960327.0,3.95e-06,3.8e-06,
04:37:55,FLOKI,3.22e-05,0.69,2850641.0,3.284e-05,3.169e-05,
04:37:55,BONK,6.18e-06,0.82,4040070.0,6.3e-06,6.08e-06,
04:37:55,WIF,0.185,3.93,7228711.0,0.191,0.177,
04:37:55,BOME,0.000523,4.81,1206990.0,0.000535,0.000496,
04:37:55,NEIRO,8.799e-05,0.59,2419175.0,9.111e-05,8.633e-05,
04:37:55,PENGU,0.009954,2.33,32863939.0,0.0102,0.00939,
04:38:56,DOGE,0.10656,4.4,158867428.0,0.10841,0.10188,Y
04:38:56,SHIB,6.26e-06,2.12,8518638.0,6.38e-06,6.11e-06,
04:38:56,PEPE,3.88e-06,1.3,36940593.0,3.95e-06,3.8e-06,
04:38:56,FLOKI,3.219e-05,0.72,2848954.0,3.284e-05,3.169e-05,
04:38:56,BONK,6.18e-06,0.98,4040524.0,6.3e-06,6.08e-06,
04:38:56,WIF,0.185,4.52,7246688.0,0.191,0.177,
04:38:56,BOME,0.000524,5.01,1198014.0,0.000535,0.000496,
04:38:56,NEIRO,8.804e-05,0.66,2419153.0,9.111e-05,8.633e-05,
04:38:56,PENGU,0.009965,2.57,32859209.0,0.0102,0.00939,
04:39:55,DOGE,0.10655,4.42,158661223.0,0.10841,0.10188,Y
04:39:55,SHIB,6.25e-06,1.96,8498720.0,6.38e-06,6.11e-06,
04:39:55,PEPE,3.88e-06,1.3,36888462.0,3.95e-06,3.8e-06,
04:39:55,FLOKI,3.219e-05,0.69,2837102.0,3.284e-05,3.169e-05,
04:39:55,BONK,6.19e-06,1.31,4041946.0,6.3e-06,6.08e-06,
04:39:55,WIF,0.185,4.52,7246680.0,0.191,0.177,
04:39:55,BOME,0.000524,5.01,1198011.0,0.000535,0.000496,
04:39:55,NEIRO,8.808e-05,0.84,2419125.0,9.111e-05,8.633e-05,
04:39:55,PENGU,0.009956,2.59,32846804.0,0.0102,0.00939,
04:40:55,DOGE,0.10649,4.42,158692231.0,0.10841,0.10188,Y
04:40:55,SHIB,6.25e-06,2.29,8496360.0,6.38e-06,6.11e-06,
04:40:55,PEPE,3.88e-06,1.57,36878251.0,3.95e-06,3.8e-06,
04:40:55,FLOKI,3.217e-05,0.66,2836513.0,3.284e-05,3.169e-05,
04:40:55,BONK,6.19e-06,1.14,4041482.0,6.3e-06,6.08e-06,
04:40:55,WIF,0.185,4.52,7246813.0,0.191,0.177,
04:40:55,BOME,0.000524,5.01,1198011.0,0.000535,0.000496,
04:40:55,NEIRO,8.804e-05,0.84,2418348.0,9.111e-05,8.633e-05,
04:40:55,PENGU,0.009968,2.79,32848640.0,0.0102,0.00939,
04:41:55,DOGE,0.10658,4.5,158705028.0,0.10841,0.10188,Y
04:41:55,SHIB,6.26e-06,2.46,8495435.0,6.38e-06,6.11e-06,
04:41:55,PEPE,3.89e-06,1.83,36873727.0,3.95e-06,3.8e-06,
04:41:55,FLOKI,3.218e-05,0.75,2836485.0,3.284e-05,3.169e-05,
04:41:55,BONK,6.19e-06,1.31,4041332.0,6.3e-06,6.08e-06,
04:41:55,WIF,0.185,3.93,7246537.0,0.191,0.177,
04:41:55,BOME,0.000523,4.81,1198363.0,0.000535,0.000496,
04:41:55,NEIRO,8.806e-05,0.88,2418320.0,9.111e-05,8.633e-05,
04:41:55,PENGU,0.009959,2.74,32972167.0,0.0102,0.00939,
04:42:55,DOGE,0.10659,4.51,158703017.0,0.10841,0.10196,Y
04:42:55,SHIB,6.26e-06,2.29,8490549.0,6.38e-06,6.11e-06,
04:42:55,PEPE,3.89e-06,1.57,36783227.0,3.95e-06,3.8e-06,
04:42:55,FLOKI,3.217e-05,0.69,2835247.0,3.284e-05,3.169e-05,
04:42:55,BONK,6.19e-06,1.31,4041297.0,6.3e-06,6.08e-06,
04:42:55,WIF,0.186,4.49,7246530.0,0.191,0.177,
04:42:55,BOME,0.000523,4.81,1198363.0,0.000535,0.000496,
04:42:55,NEIRO,8.808e-05,0.88,2417630.0,9.111e-05,8.633e-05,
04:42:55,PENGU,0.009961,2.83,32970708.0,0.0102,0.00939,
04:43:55,DOGE,0.10668,4.52,158711980.0,0.10841,0.10197,Y
04:43:55,SHIB,6.26e-06,2.29,8481956.0,6.38e-06,6.11e-06,
04:43:55,PEPE,3.88e-06,1.57,36737476.0,3.95e-06,3.8e-06,
04:43:55,FLOKI,3.218e-05,0.59,2835244.0,3.284e-05,3.169e-05,
04:43:55,BONK,6.18e-06,0.82,4035641.0,6.3e-06,6.08e-06,
04:43:55,WIF,0.185,3.93,7246607.0,0.191,0.177,
04:43:55,BOME,0.000523,4.81,1199205.0,0.000535,0.000496,
04:43:55,NEIRO,8.814e-05,0.72,2416281.0,9.111e-05,8.633e-05,
04:43:55,PENGU,0.009968,2.76,32970330.0,0.0102,0.00939,
04:44:55,DOGE,0.10665,4.45,158681028.0,0.10841,0.10197,Y
04:44:55,SHIB,6.26e-06,2.12,8481974.0,6.38e-06,6.11e-06,
04:44:55,PEPE,3.88e-06,1.3,36901651.0,3.95e-06,3.8e-06,
04:44:55,FLOKI,3.218e-05,0.66,2833464.0,3.284e-05,3.169e-05,
04:44:55,BONK,6.18e-06,0.98,4034460.0,6.3e-06,6.08e-06,
04:44:55,WIF,0.185,3.93,7224462.0,0.191,0.177,
04:44:55,BOME,0.000523,4.81,1199165.0,0.000535,0.000496,
04:44:55,NEIRO,8.804e-05,0.58,2415964.0,9.111e-05,8.633e-05,
04:44:55,PENGU,0.009971,2.84,32968139.0,0.0102,0.00939,
04:45:55,DOGE,0.1067,4.47,158680575.0,0.10841,0.10197,Y
04:45:55,SHIB,6.26e-06,2.46,8488889.0,6.38e-06,6.11e-06,
04:45:55,PEPE,3.89e-06,1.57,36920095.0,3.95e-06,3.8e-06,
04:45:55,FLOKI,3.217e-05,0.69,2833071.0,3.284e-05,3.169e-05,
04:45:55,BONK,6.18e-06,0.98,4037585.0,6.3e-06,6.08e-06,
04:45:55,WIF,0.186,4.49,7224732.0,0.191,0.177,
04:45:55,BOME,0.000523,4.81,1199165.0,0.000535,0.000496,
04:45:55,NEIRO,8.803e-05,0.7,2415175.0,9.111e-05,8.633e-05,
04:45:55,PENGU,0.009982,2.77,32978878.0,0.0102,0.00939,
04:46:55,DOGE,0.10659,4.26,158704717.0,0.10841,0.10197,Y
04:46:55,SHIB,6.26e-06,2.12,8486659.0,6.38e-06,6.11e-06,
04:46:55,PEPE,3.88e-06,1.3,36892920.0,3.95e-06,3.8e-06,
04:46:55,FLOKI,3.216e-05,0.53,2823891.0,3.284e-05,3.169e-05,
04:46:55,BONK,6.18e-06,0.82,4037987.0,6.3e-06,6.08e-06,
04:46:55,WIF,0.186,4.49,7218016.0,0.191,0.177,
04:46:55,BOME,0.000523,4.81,1197500.0,0.000535,0.000496,
04:46:55,NEIRO,8.797e-05,0.5,2414708.0,9.111e-05,8.633e-05,
04:46:55,PENGU,0.009979,2.48,32991017.0,0.0102,0.00939,
04:47:55,DOGE,0.10658,4.25,158909129.0,0.10841,0.10197,Y
04:47:55,SHIB,6.26e-06,2.29,8487824.0,6.38e-06,6.11e-06,
04:47:55,PEPE,3.89e-06,1.83,36874989.0,3.95e-06,3.8e-06,
04:47:55,FLOKI,3.216e-05,0.56,2823018.0,3.284e-05,3.169e-05,
04:47:55,BONK,6.18e-06,0.98,4038850.0,6.3e-06,6.08e-06,
04:47:55,WIF,0.186,4.49,7218257.0,0.191,0.177,
04:47:55,BOME,0.000523,4.81,1197040.0,0.000535,0.000496,
04:47:55,NEIRO,8.8e-05,0.64,2411966.0,9.111e-05,8.633e-05,
04:47:55,PENGU,0.009986,2.71,32985141.0,0.0102,0.00939,
04:48:55,DOGE,0.10661,4.28,158927231.0,0.10841,0.10197,Y
04:48:55,SHIB,6.26e-06,2.29,8481774.0,6.38e-06,6.11e-06,
04:48:55,PEPE,3.88e-06,1.3,36874989.0,3.95e-06,3.8e-06,
04:48:55,FLOKI,3.214e-05,0.41,2824142.0,3.284e-05,3.169e-05,
04:48:55,BONK,6.18e-06,0.98,4039107.0,6.3e-06,6.08e-06,
04:48:55,WIF,0.185,3.93,7218328.0,0.191,0.177,
04:48:55,BOME,0.000523,4.81,1196986.0,0.000535,0.000496,
04:48:55,NEIRO,8.799e-05,0.56,2411391.0,9.111e-05,8.633e-05,
04:48:55,PENGU,0.00999,2.59,32977257.0,0.0102,0.00939,
04:49:55,DOGE,0.10671,4.31,158968590.0,0.10841,0.10197,Y
04:49:55,SHIB,6.26e-06,2.12,8481862.0,6.38e-06,6.11e-06,
04:49:55,PEPE,3.89e-06,1.57,36893342.0,3.95e-06,3.8e-06,
04:49:55,FLOKI,3.218e-05,0.56,2825765.0,3.284e-05,3.169e-05,
04:49:55,BONK,6.18e-06,0.98,4039911.0,6.3e-06,6.08e-06,
04:49:55,WIF,0.186,4.49,7230959.0,0.191,0.177,
04:49:55,BOME,0.000523,4.81,1196985.0,0.000535,0.000496,
04:49:55,NEIRO,8.812e-05,0.73,2404602.0,9.111e-05,8.633e-05,
04:49:55,PENGU,0.009993,2.63,32980260.0,0.0102,0.00939,
04:50:55,DOGE,0.10671,4.31,158973389.0,0.10841,0.10197,Y
04:50:55,SHIB,6.26e-06,2.29,8482473.0,6.38e-06,6.11e-06,
04:50:55,PEPE,3.88e-06,1.3,36841739.0,3.95e-06,3.8e-06,
04:50:55,FLOKI,3.216e-05,0.53,2819190.0,3.284e-05,3.169e-05,
04:50:55,BONK,6.19e-06,1.14,4039808.0,6.3e-06,6.08e-06,
04:50:55,WIF,0.185,3.93,7231050.0,0.191,0.177,
04:50:55,BOME,0.000523,5.02,1196659.0,0.000535,0.000496,
04:50:55,NEIRO,8.818e-05,0.93,2403621.0,9.111e-05,8.633e-05,
04:50:55,PENGU,0.010005,2.78,32980340.0,0.0102,0.00939,
04:51:55,DOGE,0.10666,4.31,159042976.0,0.10841,0.10197,Y
04:51:55,SHIB,6.26e-06,2.29,8474771.0,6.38e-06,6.11e-06,
04:51:55,PEPE,3.88e-06,1.57,36837346.0,3.95e-06,3.8e-06,
04:51:55,FLOKI,3.215e-05,0.53,2819112.0,3.284e-05,3.169e-05,
04:51:55,BONK,6.18e-06,0.98,4046548.0,6.3e-06,6.08e-06,
04:51:55,WIF,0.185,3.93,7231032.0,0.191,0.177,
04:51:55,BOME,0.000523,5.02,1196063.0,0.000535,0.000496,
04:51:55,NEIRO,8.808e-05,0.73,2404967.0,9.111e-05,8.633e-05,
04:51:55,PENGU,0.009997,2.77,32973622.0,0.0102,0.00939,
04:52:55,DOGE,0.10666,4.28,159060488.0,0.10841,0.10197,Y
04:52:55,SHIB,6.26e-06,2.29,8467452.0,6.38e-06,6.11e-06,
04:52:55,PEPE,3.89e-06,1.57,36813734.0,3.95e-06,3.8e-06,
04:52:55,FLOKI,3.215e-05,0.47,2820020.0,3.284e-05,3.169e-05,
04:52:55,BONK,6.18e-06,0.82,4046858.0,6.3e-06,6.08e-06,
04:52:55,WIF,0.185,3.93,7231029.0,0.191,0.177,
04:52:55,BOME,0.000523,5.02,1196055.0,0.000535,0.000496,
04:52:55,NEIRO,8.811e-05,0.63,2407101.0,9.111e-05,8.633e-05,
04:52:55,PENGU,0.009995,2.67,32982603.0,0.0102,0.00939,
04:53:55,DOGE,0.10672,4.31,159092284.0,0.10841,0.10197,Y
04:53:55,SHIB,6.26e-06,2.12,8458705.0,6.38e-06,6.11e-06,
04:53:55,PEPE,3.89e-06,1.3,36802292.0,3.95e-06,3.8e-06,
04:53:55,FLOKI,3.215e-05,0.41,2819671.0,3.284e-05,3.169e-05,
04:53:55,BONK,6.17e-06,0.65,4046899.0,6.3e-06,6.08e-06,
04:53:55,WIF,0.185,3.93,7231809.0,0.191,0.177,
04:53:55,BOME,0.000523,4.81,1196095.0,0.000535,0.000496,
04:53:55,NEIRO,8.808e-05,0.58,2405833.0,9.111e-05,8.633e-05,
04:53:55,PENGU,0.009993,2.66,32979999.0,0.0102,0.00939,
04:54:55,DOGE,0.10669,4.29,158988894.0,0.10841,0.10197,Y
04:54:55,SHIB,6.27e-06,2.28,8469143.0,6.38e-06,6.11e-06,
04:54:55,PEPE,3.89e-06,1.57,36779229.0,3.95e-06,3.8e-06,
04:54:55,FLOKI,3.214e-05,0.34,2819877.0,3.284e-05,3.169e-05,
04:54:55,BONK,6.17e-06,0.65,4046896.0,6.3e-06,6.08e-06,
04:54:55,WIF,0.186,4.49,7232083.0,0.191,0.177,
04:54:55,BOME,0.000522,4.61,1196139.0,0.000535,0.000496,
04:54:55,NEIRO,8.81e-05,0.57,2386882.0,9.111e-05,8.633e-05,
04:54:55,PENGU,0.009989,2.46,32973406.0,0.0102,0.00939,
04:55:55,DOGE,0.10661,4.22,158830055.0,0.10841,0.10197,Y
04:55:55,SHIB,6.26e-06,2.12,8468821.0,6.38e-06,6.11e-06,
04:55:55,PEPE,3.89e-06,1.3,36779184.0,3.95e-06,3.8e-06,
04:55:55,FLOKI,3.214e-05,0.19,2817782.0,3.284e-05,3.169e-05,
04:55:55,BONK,6.18e-06,0.82,4050032.0,6.3e-06,6.08e-06,
04:55:55,WIF,0.186,4.49,7232083.0,0.191,0.177,
04:55:55,BOME,0.000522,4.61,1196221.0,0.000535,0.000496,
04:55:55,NEIRO,8.799e-05,0.58,2386193.0,9.111e-05,8.633e-05,
04:55:55,PENGU,0.009983,2.41,32958521.0,0.0102,0.00939,
04:56:55,DOGE,0.10656,4.02,158816550.0,0.10841,0.10197,Y
04:56:55,SHIB,6.27e-06,2.28,8467754.0,6.38e-06,6.11e-06,
04:56:55,PEPE,3.88e-06,1.04,36771151.0,3.95e-06,3.8e-06,
04:56:55,FLOKI,3.214e-05,0.34,2812243.0,3.284e-05,3.169e-05,
04:56:55,BONK,6.18e-06,0.82,4049955.0,6.3e-06,6.08e-06,
04:56:55,WIF,0.186,4.49,7232083.0,0.191,0.177,
04:56:55,BOME,0.000522,4.61,1196195.0,0.000535,0.000496,
04:56:55,NEIRO,8.811e-05,0.59,2385467.0,9.111e-05,8.633e-05,
04:56:55,PENGU,0.009983,2.34,32932202.0,0.0102,0.00939,
04:57:55,DOGE,0.10653,4.19,158692945.0,0.10841,0.10197,Y
04:57:55,SHIB,6.27e-06,2.28,8468153.0,6.38e-06,6.11e-06,
04:57:55,PEPE,3.89e-06,1.57,36708611.0,3.95e-06,3.8e-06,
04:57:55,FLOKI,3.214e-05,0.34,2802119.0,3.284e-05,3.169e-05,
04:57:55,BONK,6.18e-06,0.82,4044698.0,6.3e-06,6.08e-06,
04:57:55,WIF,0.186,4.49,7232057.0,0.191,0.177,
04:57:55,BOME,0.000522,4.82,1196047.0,0.000535,0.000496,
04:57:55,NEIRO,8.789e-05,0.53,2388826.0,9.111e-05,8.633e-05,
04:57:55,PENGU,0.009981,2.63,32898122.0,0.0102,0.00939,
04:58:55,DOGE,0.10655,4.26,158670875.0,0.10841,0.10197,Y
04:58:55,SHIB,6.27e-06,2.28,8465784.0,6.38e-06,6.11e-06,
04:58:55,PEPE,3.89e-06,1.57,36709532.0,3.95e-06,3.8e-06,
04:58:55,FLOKI,3.214e-05,0.34,2801071.0,3.284e-05,3.169e-05,
04:58:55,BONK,6.18e-06,0.82,4044843.0,6.3e-06,6.08e-06,
04:58:55,WIF,0.185,3.93,7232184.0,0.191,0.177,
04:58:55,BOME,0.000523,5.02,1195969.0,0.000535,0.000496,
04:58:55,NEIRO,8.778e-05,0.33,2387496.0,9.111e-05,8.633e-05,
04:58:55,PENGU,0.009965,2.49,32885680.0,0.0102,0.00939,
04:59:55,DOGE,0.10654,4.29,158688318.0,0.10841,0.10197,Y
04:59:55,SHIB,6.25e-06,2.29,8462226.0,6.38e-06,6.11e-06,
04:59:55,PEPE,3.88e-06,1.3,36660347.0,3.95e-06,3.8e-06,
04:59:55,FLOKI,3.21e-05,0.47,2800308.0,3.284e-05,3.169e-05,
04:59:55,BONK,6.18e-06,1.15,4042736.0,6.3e-06,6.08e-06,
04:59:55,WIF,0.185,3.35,7203579.0,0.191,0.177,
04:59:55,BOME,0.000522,5.03,1197631.0,0.000535,0.000496,
04:59:55,NEIRO,8.763e-05,0.32,2386552.0,9.111e-05,8.633e-05,
04:59:55,PENGU,0.009958,2.43,32876310.0,0.0102,0.00939,
05:01:55,DOGE,0.10657,4.32,158598223.0,0.10841,0.10197,Y
05:01:55,SHIB,6.26e-06,2.29,8462240.0,6.38e-06,6.11e-06,
05:01:55,PEPE,3.88e-06,1.57,36667715.0,3.95e-06,3.8e-06,
05:01:55,FLOKI,3.214e-05,0.63,2786991.0,3.284e-05,3.169e-05,
05:01:55,BONK,6.17e-06,0.98,4042207.0,6.3e-06,6.08e-06,
05:01:55,WIF,0.186,4.49,7203569.0,0.191,0.177,
05:01:55,BOME,0.000522,5.03,1197275.0,0.000535,0.000496,
05:01:55,NEIRO,8.771e-05,0.54,2384641.0,9.111e-05,8.633e-05,
05:01:55,PENGU,0.009962,2.55,32854857.0,0.0102,0.00939,
05:02:55,DOGE,0.1065,4.27,158611820.0,0.10841,0.10197,Y
05:02:55,SHIB,6.26e-06,2.29,8459791.0,6.38e-06,6.11e-06,
05:02:55,PEPE,3.88e-06,1.3,36669737.0,3.95e-06,3.8e-06,
05:02:55,FLOKI,3.215e-05,0.66,2782065.0,3.284e-05,3.169e-05,
05:02:55,BONK,6.17e-06,0.65,4041446.0,6.3e-06,6.08e-06,
05:02:55,WIF,0.186,3.91,7203562.0,0.191,0.177,
05:02:55,BOME,0.000522,5.03,1197299.0,0.000535,0.000496,
05:02:55,NEIRO,8.76e-05,0.42,2385860.0,9.111e-05,8.633e-05,
05:02:55,PENGU,0.009962,2.17,32796030.0,0.0102,0.00939,
05:03:55,DOGE,0.10656,4.42,158702705.0,0.10841,0.10197,Y
05:03:55,SHIB,6.26e-06,2.46,8464706.0,6.38e-06,6.11e-06,
05:03:55,PEPE,3.88e-06,1.3,36674176.0,3.95e-06,3.8e-06,
05:03:55,FLOKI,3.214e-05,0.63,2768449.0,3.284e-05,3.169e-05,
05:03:55,BONK,6.17e-06,0.98,4038028.0,6.3e-06,6.08e-06,
05:03:55,WIF,0.186,3.91,7203540.0,0.191,0.177,
05:03:55,BOME,0.000522,5.03,1197179.0,0.000535,0.000496,
05:03:55,NEIRO,8.761e-05,0.41,2386322.0,9.111e-05,8.633e-05,
05:03:55,PENGU,0.009969,2.49,32790262.0,0.0102,0.00939,
05:05:55,DOGE,0.10655,4.38,158533281.0,0.10841,0.10202,Y
05:05:55,SHIB,6.25e-06,2.12,8462755.0,6.38e-06,6.11e-06,
05:05:55,PEPE,3.88e-06,1.3,36680360.0,3.95e-06,3.8e-06,
05:05:55,FLOKI,3.213e-05,0.53,2764821.0,3.284e-05,3.169e-05,
05:05:55,BONK,6.18e-06,0.98,4037555.0,6.3e-06,6.08e-06,
05:05:55,WIF,0.185,3.35,7204015.0,0.191,0.177,
05:05:55,BOME,0.000522,5.03,1197280.0,0.000535,0.000496,
05:05:55,NEIRO,8.774e-05,0.63,2385991.0,9.111e-05,8.633e-05,
05:05:55,PENGU,0.009941,2.06,32825235.0,0.0102,0.00939,
05:06:55,DOGE,0.10657,4.43,158475245.0,0.10841,0.10202,Y
05:06:55,SHIB,6.25e-06,2.12,8450166.0,6.38e-06,6.11e-06,
05:06:55,PEPE,3.88e-06,1.3,36471894.0,3.95e-06,3.8e-06,
05:06:55,FLOKI,3.214e-05,0.72,2760886.0,3.284e-05,3.169e-05,
05:06:55,BONK,6.17e-06,0.82,4032075.0,6.3e-06,6.08e-06,
05:06:55,WIF,0.185,3.35,7204008.0,0.191,0.177,
05:06:55,BOME,0.000522,5.24,1196699.0,0.000535,0.000496,
05:06:55,NEIRO,8.775e-05,0.99,2385084.0,9.111e-05,8.633e-05,
05:06:55,PENGU,0.009937,2.18,32702922.0,0.0102,0.00939,
05:07:55,DOGE,0.10649,4.26,158479867.0,0.10841,0.10205,Y
05:07:55,SHIB,6.26e-06,2.29,8451086.0,6.38e-06,6.11e-06,
05:07:55,PEPE,3.88e-06,1.3,36469487.0,3.95e-06,3.8e-06,
05:07:55,FLOKI,3.211e-05,0.59,2759776.0,3.284e-05,3.169e-05,
05:07:55,BONK,6.18e-06,1.15,4032255.0,6.3e-06,6.08e-06,
05:07:55,WIF,0.185,3.35,7204022.0,0.191,0.177,
05:07:55,BOME,0.000522,5.03,1196893.0,0.000535,0.000496,
05:07:55,NEIRO,8.766e-05,0.65,2380247.0,9.111e-05,8.633e-05,
05:07:55,PENGU,0.009923,1.87,32695003.0,0.0102,0.00939,
05:08:55,DOGE,0.10653,4.38,158496329.0,0.10841,0.10205,Y
05:08:55,SHIB,6.26e-06,2.46,8451744.0,6.38e-06,6.11e-06,
05:08:55,PEPE,3.89e-06,1.83,36463710.0,3.95e-06,3.8e-06,
05:08:55,FLOKI,3.212e-05,0.63,2760072.0,3.284e-05,3.169e-05,
05:08:55,BONK,6.18e-06,0.98,4032263.0,6.3e-06,6.08e-06,
05:08:55,WIF,0.185,3.93,7204015.0,0.191,0.177,
05:08:55,BOME,0.000521,4.83,1196900.0,0.000535,0.000496,
05:08:55,NEIRO,8.768e-05,0.73,2380084.0,9.111e-05,8.633e-05,
05:08:55,PENGU,0.009924,1.8,32695788.0,0.0102,0.00939,
05:09:55,DOGE,0.10641,4.25,158501423.0,0.10841,0.10205,Y
05:09:55,SHIB,6.26e-06,2.46,8451782.0,6.38e-06,6.11e-06,
05:09:55,PEPE,3.88e-06,1.3,36465920.0,3.95e-06,3.8e-06,
05:09:55,FLOKI,3.211e-05,0.59,2760139.0,3.284e-05,3.169e-05,
05:09:55,BONK,6.17e-06,0.82,4032360.0,6.3e-06,6.08e-06,
05:09:55,WIF,0.185,3.35,7203816.0,0.191,0.177,
05:09:55,BOME,0.000521,4.83,1196613.0,0.000535,0.000496,
05:09:55,NEIRO,8.75e-05,0.52,2383162.0,9.111e-05,8.633e-05,
05:09:55,PENGU,0.009915,1.8,32713482.0,0.0102,0.00939,
05:10:55,DOGE,0.10642,4.25,158501441.0,0.10841,0.10207,Y
05:10:55,SHIB,6.26e-06,2.46,8450716.0,6.38e-06,6.11e-06,
05:10:55,PEPE,3.88e-06,1.3,36482657.0,3.95e-06,3.8e-06,
05:10:55,FLOKI,3.21e-05,0.53,2767464.0,3.284e-05,3.169e-05,
05:10:55,BONK,6.16e-06,0.65,4029679.0,6.3e-06,6.08e-06,
05:10:55,WIF,0.185,3.35,7203816.0,0.191,0.177,
05:10:55,BOME,0.000521,4.83,1196475.0,0.000535,0.000496,
05:10:55,NEIRO,8.752e-05,0.6,2387872.0,9.111e-05,8.633e-05,
05:10:55,PENGU,0.009916,1.66,32705001.0,0.0102,0.00939,
05:11:55,DOGE,0.10644,4.21,158508192.0,0.10841,0.10214,Y
05:11:55,SHIB,6.26e-06,2.29,8451037.0,6.38e-06,6.11e-06,
05:11:55,PEPE,3.87e-06,1.04,36482836.0,3.95e-06,3.8e-06,
05:11:55,FLOKI,3.21e-05,0.53,2768904.0,3.284e-05,3.169e-05,
05:11:55,BONK,6.17e-06,0.65,4030921.0,6.3e-06,6.08e-06,
05:11:55,WIF,0.185,3.35,7203816.0,0.191,0.177,
05:11:55,BOME,0.000521,4.83,1196560.0,0.000535,0.000496,
05:11:55,NEIRO,8.746e-05,0.44,2390262.0,9.111e-05,8.633e-05,
05:11:55,PENGU,0.009924,1.64,32698242.0,0.0102,0.00939,
05:12:55,DOGE,0.10649,4.19,158565850.0,0.10841,0.10221,Y
05:12:55,SHIB,6.26e-06,2.29,8451031.0,6.38e-06,6.12e-06,
05:12:55,PEPE,3.88e-06,1.04,36473137.0,3.95e-06,3.8e-06,
05:12:55,FLOKI,3.211e-05,0.41,2767549.0,3.284e-05,3.169e-05,
05:12:55,BONK,6.17e-06,0.65,4022532.0,6.3e-06,6.08e-06,
05:12:55,WIF,0.185,3.35,7206004.0,0.191,0.177,
05:12:55,BOME,0.000521,4.62,1196536.0,0.000535,0.000496,
05:12:55,NEIRO,8.75e-05,0.4,2390337.0,9.111e-05,8.633e-05,
05:12:55,PENGU,0.009935,1.62,32704383.0,0.0102,0.00939,
05:14:55,DOGE,0.10675,4.26,158587724.0,0.10841,0.1023,Y
05:14:55,SHIB,6.25e-06,1.79,8410969.0,6.38e-06,6.12e-06,
05:14:55,PEPE,3.88e-06,1.04,36440693.0,3.95e-06,3.8e-06,
05:14:55,FLOKI,3.217e-05,0.34,2767175.0,3.284e-05,3.169e-05,
05:14:55,BONK,6.18e-06,0.65,4009709.0,6.3e-06,6.08e-06,
05:14:55,WIF,0.185,3.93,7201547.0,0.191,0.177,
05:14:55,BOME,0.000522,4.82,1196648.0,0.000535,0.000496,
05:14:55,NEIRO,8.763e-05,0.26,2391150.0,9.111e-05,8.633e-05,
05:14:55,PENGU,0.009949,1.45,32685016.0,0.0102,0.00939,
05:15:55,DOGE,0.10673,4.32,158498911.0,0.10841,0.1023,Y
05:15:55,SHIB,6.25e-06,1.96,8409924.0,6.38e-06,6.12e-06,
05:15:55,PEPE,3.87e-06,0.78,36426021.0,3.95e-06,3.8e-06,
05:15:55,FLOKI,3.217e-05,0.44,2760883.0,3.284e-05,3.169e-05,
05:15:55,BONK,6.18e-06,0.65,4008755.0,6.3e-06,6.08e-06,
05:15:55,WIF,0.185,3.35,7200899.0,0.191,0.177,
05:15:55,BOME,0.000522,4.82,1196650.0,0.000535,0.000496,
05:15:55,NEIRO,8.776e-05,0.41,2391850.0,9.111e-05,8.633e-05,
05:15:55,PENGU,0.009962,1.51,32678983.0,0.0102,0.00939,
05:16:55,DOGE,0.10666,4.2,158496583.0,0.10841,0.10231,Y
05:16:55,SHIB,6.26e-06,2.12,8408598.0,6.38e-06,6.12e-06,
05:16:55,PEPE,3.88e-06,1.3,36422506.0,3.95e-06,3.8e-06,
05:16:55,FLOKI,3.215e-05,0.28,2755180.0,3.284e-05,3.169e-05,
05:16:55,BONK,6.17e-06,0.49,4008770.0,6.3e-06,6.08e-06,
05:16:55,WIF,0.185,3.93,7200288.0,0.191,0.177,
05:16:55,BOME,0.000522,4.61,1196446.0,0.000535,0.000496,
05:16:55,NEIRO,8.772e-05,0.43,2391064.0,9.111e-05,8.633e-05,
05:16:55,PENGU,0.009962,1.64,32664761.0,0.0102,0.00939,
05:17:55,DOGE,0.10668,4.27,158502461.0,0.10841,0.10231,Y
05:17:55,SHIB,6.25e-06,1.79,8405045.0,6.38e-06,6.12e-06,
05:17:55,PEPE,3.87e-06,0.78,36422753.0,3.95e-06,3.8e-06,
05:17:55,FLOKI,3.215e-05,0.38,2751678.0,3.284e-05,3.169e-05,
05:17:55,BONK,6.17e-06,0.49,4005069.0,6.3e-06,6.08e-06,
05:17:55,WIF,0.185,3.93,7200288.0,0.191,0.177,
05:17:55,BOME,0.000522,4.61,1196380.0,0.000535,0.000496,
05:17:55,NEIRO,8.769e-05,0.38,2389833.0,9.111e-05,8.633e-05,
05:17:55,PENGU,0.009965,1.72,32663271.0,0.0102,0.00939,
05:18:55,DOGE,0.10673,4.24,158508880.0,0.10841,0.10238,Y
05:18:55,SHIB,6.25e-06,1.79,8404194.0,6.38e-06,6.12e-06,
05:18:55,PEPE,3.87e-06,0.52,36416106.0,3.95e-06,3.8e-06,
05:18:55,FLOKI,3.215e-05,0.25,2748028.0,3.284e-05,3.169e-05,
05:18:55,BONK,6.18e-06,0.49,4001559.0,6.3e-06,6.08e-06,
05:18:55,WIF,0.185,3.93,7200288.0,0.191,0.177,
05:18:55,BOME,0.000521,4.41,1202325.0,0.000535,0.000496,
05:18:55,NEIRO,8.762e-05,0.13,2389831.0,9.111e-05,8.633e-05,
05:18:55,PENGU,0.009965,1.88,32661077.0,0.0102,0.00939,
05:19:55,DOGE,0.10668,4.09,158525846.0,0.10841,0.10244,Y
05:19:55,SHIB,6.25e-06,1.79,8390737.0,6.38e-06,6.12e-06,
05:19:55,PEPE,3.87e-06,0.52,36423088.0,3.95e-06,3.8e-06,
05:19:55,FLOKI,3.214e-05,0.16,2746230.0,3.284e-05,3.169e-05,
05:19:55,BONK,6.17e-06,0.33,3993291.0,6.3e-06,6.08e-06,
05:19:55,WIF,0.185,3.93,7200288.0,0.191,0.177,
05:19:55,BOME,0.000521,4.2,1202278.0,0.000535,0.000496,
05:19:55,NEIRO,8.762e-05,0.07,2388645.0,9.111e-05,8.633e-05,
05:19:55,PENGU,0.009965,1.94,32660791.0,0.0102,0.00939,
05:21:55,DOGE,0.10671,4.07,158554385.0,0.10841,0.10253,Y
05:21:55,SHIB,6.25e-06,1.63,8386248.0,6.38e-06,6.12e-06,
05:21:55,PEPE,3.87e-06,0.52,36457342.0,3.95e-06,3.8e-06,
05:21:55,FLOKI,3.212e-05,-0.03,2745277.0,3.284e-05,3.169e-05,
05:21:55,BONK,6.17e-06,0.16,3996345.0,6.3e-06,6.08e-06,
05:21:55,WIF,0.185,3.93,7211410.0,0.191,0.177,
05:21:55,BOME,0.000522,4.19,1202683.0,0.000535,0.000496,
05:21:55,NEIRO,8.767e-05,-0.01,2388540.0,9.111e-05,8.633e-05,
05:21:55,PENGU,0.009993,2.33,32674511.0,0.0102,0.00939,
05:22:55,DOGE,0.10671,3.96,158511986.0,0.10841,0.10264,Y
05:22:55,SHIB,6.25e-06,1.63,8386499.0,6.38e-06,6.12e-06,
05:22:55,PEPE,3.87e-06,0.52,36269643.0,3.95e-06,3.8e-06,
05:22:55,FLOKI,3.21e-05,-0.12,2744867.0,3.284e-05,3.169e-05,
05:22:55,BONK,6.17e-06,0.33,3996474.0,6.3e-06,6.08e-06,
05:22:55,WIF,0.185,3.93,7209566.0,0.191,0.177,
05:22:55,BOME,0.000521,3.99,1203946.0,0.000535,0.000496,
05:22:55,NEIRO,8.758e-05,-0.08,2379854.0,9.111e-05,8.633e-05,
05:22:55,PENGU,0.009991,2.41,32674160.0,0.0102,0.00939,
05:23:55,DOGE,0.10669,3.82,158449123.0,0.10841,0.10276,Y
05:23:55,SHIB,6.24e-06,1.46,8374356.0,6.38e-06,6.12e-06,
05:23:55,PEPE,3.86e-06,0.0,36268785.0,3.95e-06,3.8e-06,
05:23:55,FLOKI,3.21e-05,-0.22,2739214.0,3.284e-05,3.169e-05,
05:23:55,BONK,6.17e-06,0.0,3992260.0,6.3e-06,6.08e-06,
05:23:55,WIF,0.185,3.35,7209337.0,0.191,0.177,
05:23:55,BOME,0.000521,3.79,1204313.0,0.000535,0.000496,
05:23:55,NEIRO,8.76e-05,-0.16,2372929.0,9.111e-05,8.633e-05,
05:23:55,PENGU,0.009965,2.02,32676529.0,0.0102,0.00939,
05:24:55,DOGE,0.10671,3.75,158408365.0,0.10841,0.10279,Y
05:24:55,SHIB,6.25e-06,1.63,8374032.0,6.38e-06,6.12e-06,
05:24:55,PEPE,3.86e-06,0.26,36256748.0,3.95e-06,3.8e-06,
05:24:55,FLOKI,3.21e-05,-0.28,2735016.0,3.284e-05,3.169e-05,
05:24:55,BONK,6.17e-06,0.16,3992505.0,6.3e-06,6.08e-06,
05:24:55,WIF,0.185,3.35,7209151.0,0.191,0.177,
05:24:55,BOME,0.000521,3.99,1203677.0,0.000535,0.000496,
05:24:55,NEIRO,8.766e-05,-0.08,2371365.0,9.111e-05,8.633e-05,
05:24:55,PENGU,0.009974,2.3,32671090.0,0.0102,0.00939,
05:25:55,DOGE,0.10665,3.75,158379324.0,0.10841,0.1028,Y
05:25:55,SHIB,6.25e-06,1.63,8365884.0,6.38e-06,6.12e-06,
05:25:55,PEPE,3.86e-06,0.0,36256301.0,3.95e-06,3.8e-06,
05:25:55,FLOKI,3.21e-05,-0.19,2730264.0,3.284e-05,3.169e-05,
05:25:55,BONK,6.18e-06,0.33,3990826.0,6.3e-06,6.08e-06,
05:25:55,WIF,0.185,3.93,7209142.0,0.191,0.177,
05:25:55,BOME,0.000521,3.79,1203453.0,0.000535,0.000496,
05:25:55,NEIRO,8.77e-05,0.08,2371318.0,9.111e-05,8.633e-05,
05:25:55,PENGU,0.009973,2.29,32672442.0,0.0102,0.00939,
05:26:55,DOGE,0.10666,3.7,158373893.0,0.10841,0.1028,Y
05:26:55,SHIB,6.25e-06,1.63,8366541.0,6.38e-06,6.12e-06,
05:26:55,PEPE,3.86e-06,0.0,36253552.0,3.95e-06,3.8e-06,
05:26:55,FLOKI,3.21e-05,-0.31,2724277.0,3.284e-05,3.169e-05,
05:26:55,BONK,6.18e-06,0.33,3987214.0,6.3e-06,6.08e-06,
05:26:55,WIF,0.185,3.93,7208990.0,0.191,0.177,
05:26:55,BOME,0.000521,3.79,1203453.0,0.000535,0.000496,
05:26:55,NEIRO,8.772e-05,0.09,2371087.0,9.111e-05,8.633e-05,
05:26:55,PENGU,0.009975,2.25,32674272.0,0.0102,0.00939,
05:27:55,DOGE,0.1067,3.71,158341342.0,0.10841,0.1028,Y
05:27:55,SHIB,6.25e-06,1.63,8366257.0,6.38e-06,6.12e-06,
05:27:55,PEPE,3.87e-06,0.26,36188231.0,3.95e-06,3.8e-06,
05:27:55,FLOKI,3.21e-05,-0.31,2723034.0,3.284e-05,3.169e-05,
05:27:55,BONK,6.18e-06,0.16,3987199.0,6.3e-06,6.08e-06,
05:27:55,WIF,0.185,3.93,7208981.0,0.191,0.177,
05:27:55,BOME,0.000521,3.79,1202977.0,0.000535,0.000496,
05:27:55,NEIRO,8.756e-05,-0.2,2371059.0,9.111e-05,8.633e-05,
05:27:55,PENGU,0.009958,2.1,32684481.0,0.0102,0.00939,
05:28:55,DOGE,0.10653,3.62,158362272.0,0.10841,0.1028,Y
05:28:55,SHIB,6.25e-06,1.79,8357057.0,6.38e-06,6.12e-06,
05:28:55,PEPE,3.87e-06,0.52,36188002.0,3.95e-06,3.8e-06,
05:28:55,FLOKI,3.206e-05,-0.34,2723505.0,3.284e-05,3.169e-05,
05:28:55,BONK,6.17e-06,0.16,3987456.0,6.3e-06,6.08e-06,
05:28:55,WIF,0.185,3.93,7209033.0,0.191,0.177,
05:28:55,BOME,0.000522,4.19,1202335.0,0.000535,0.000496,
05:28:55,NEIRO,8.752e-05,-0.06,2370816.0,9.111e-05,8.633e-05,
05:28:55,PENGU,0.009937,1.94,32709823.0,0.0102,0.00939,
05:29:55,DOGE,0.10649,3.48,158382668.0,0.10841,0.10286,Y
05:29:55,SHIB,6.24e-06,1.46,8356352.0,6.38e-06,6.12e-06,
05:29:55,PEPE,3.86e-06,0.0,36184346.0,3.95e-06,3.8e-06,
05:29:55,FLOKI,3.205e-05,-0.43,2723306.0,3.284e-05,3.169e-05,
05:29:55,BONK,6.15e-06,-0.16,3993208.0,6.3e-06,6.08e-06,
05:29:55,WIF,0.185,3.93,7207948.0,0.191,0.177,
05:29:55,BOME,0.000521,3.99,1203042.0,0.000535,0.000496,
05:29:55,NEIRO,8.736e-05,-0.32,2371431.0,9.111e-05,8.633e-05,
05:29:55,PENGU,0.009927,1.65,32712964.0,0.0102,0.00939,
05:30:55,DOGE,0.10661,3.48,158232555.0,0.10841,0.1029,Y
05:30:55,SHIB,6.25e-06,1.63,8322566.0,6.38e-06,6.12e-06,
05:30:55,PEPE,3.86e-06,0.26,36184233.0,3.95e-06,3.8e-06,
05:30:55,FLOKI,3.204e-05,-0.4,2724577.0,3.284e-05,3.169e-05,
05:30:55,BONK,6.16e-06,0.0,4001111.0,6.3e-06,6.08e-06,
05:30:55,WIF,0.184,2.79,7208394.0,0.191,0.177,
05:30:55,BOME,0.000521,3.79,1205513.0,0.000535,0.000496,
05:30:55,NEIRO,8.741e-05,-0.31,2371411.0,9.111e-05,8.633e-05,
05:30:55,PENGU,0.009918,1.49,32732198.0,0.0102,0.00939,
05:31:55,DOGE,0.10662,3.58,158067377.0,0.10841,0.1029,Y
05:31:55,SHIB,6.24e-06,1.63,8322715.0,6.38e-06,6.12e-06,
05:31:55,PEPE,3.86e-06,0.26,36180129.0,3.95e-06,3.8e-06,
05:31:55,FLOKI,3.206e-05,-0.37,2723730.0,3.284e-05,3.169e-05,
05:31:55,BONK,6.16e-06,0.0,3998511.0,6.3e-06,6.08e-06,
05:31:55,WIF,0.184,3.37,7208199.0,0.191,0.177,
05:31:55,BOME,0.000521,3.79,1206044.0,0.000535,0.000496,
05:31:55,NEIRO,8.745e-05,-0.18,2370574.0,9.111e-05,8.633e-05,
05:31:55,PENGU,0.009927,1.63,32722504.0,0.0102,0.00939,
05:32:55,DOGE,0.10661,3.48,158052950.0,0.10841,0.10297,Y
05:32:55,SHIB,6.24e-06,1.46,8322912.0,6.38e-06,6.12e-06,
05:32:55,PEPE,3.87e-06,0.26,36180710.0,3.95e-06,3.8e-06,
05:32:55,FLOKI,3.205e-05,-0.43,2723751.0,3.284e-05,3.169e-05,
05:32:55,BONK,6.15e-06,-0.32,3997894.0,6.3e-06,6.08e-06,
05:32:55,WIF,0.184,3.37,7208271.0,0.191,0.177,
05:32:55,BOME,0.000521,3.79,1206004.0,0.000535,0.000496,
05:32:55,NEIRO,8.729e-05,-0.41,2368783.0,9.111e-05,8.633e-05,
05:32:55,PENGU,0.009917,1.63,32714507.0,0.0102,0.00939,
05:33:55,DOGE,0.1067,3.52,158039021.0,0.10841,0.10297,Y
05:33:55,SHIB,6.24e-06,1.3,8318157.0,6.38e-06,6.12e-06,
05:33:55,PEPE,3.87e-06,0.26,36181433.0,3.95e-06,3.8e-06,
05:33:55,FLOKI,3.208e-05,-0.37,2723925.0,3.284e-05,3.169e-05,
05:33:55,BONK,6.16e-06,-0.16,4001631.0,6.3e-06,6.08e-06,
05:33:55,WIF,0.184,2.79,7208264.0,0.191,0.177,
05:33:55,BOME,0.000522,3.78,1205973.0,0.000535,0.000496,
05:33:55,NEIRO,8.738e-05,-0.39,2368854.0,9.111e-05,8.633e-05,
05:33:55,PENGU,0.00992,1.53,32714990.0,0.0102,0.00939,
05:34:55,DOGE,0.10678,3.56,158025820.0,0.10841,0.10297,Y
05:34:55,SHIB,6.25e-06,1.63,8322680.0,6.38e-06,6.12e-06,
05:34:55,PEPE,3.87e-06,0.52,36239013.0,3.95e-06,3.8e-06,
05:34:55,FLOKI,3.209e-05,-0.34,2723581.0,3.284e-05,3.169e-05,
05:34:55,BONK,6.17e-06,0.0,4002359.0,6.3e-06,6.08e-06,
05:34:55,WIF,0.185,3.93,7208279.0,0.191,0.177,
05:34:55,BOME,0.000522,3.98,1205810.0,0.000535,0.000496,
05:34:55,NEIRO,8.762e-05,-0.08,2375959.0,9.111e-05,8.633e-05,
05:34:55,PENGU,0.009923,1.66,32712309.0,0.0102,0.00939,
05:35:55,DOGE,0.10682,3.67,157968364.0,0.10841,0.10297,Y
05:35:55,SHIB,6.25e-06,1.63,8310582.0,6.38e-06,6.12e-06,
05:35:55,PEPE,3.87e-06,0.26,36236233.0,3.95e-06,3.8e-06,
05:35:55,FLOKI,3.211e-05,-0.28,2729736.0,3.284e-05,3.169e-05,
05:35:55,BONK,6.16e-06,0.0,4003331.0,6.3e-06,6.08e-06,
05:35:55,WIF,0.185,3.35,7208272.0,0.191,0.177,
05:35:55,BOME,0.000522,3.98,1205411.0,0.000535,0.000496,
05:35:55,NEIRO,8.749e-05,-0.18,2376062.0,9.111e-05,8.633e-05,
05:35:55,PENGU,0.009911,1.51,32943620.0,0.0102,0.00939,
05:36:55,DOGE,0.10669,3.54,157977969.0,0.10841,0.10297,Y
05:36:55,SHIB,6.24e-06,1.46,8309202.0,6.38e-06,6.12e-06,
05:36:55,PEPE,3.88e-06,0.78,36235731.0,3.95e-06,3.8e-06,
05:36:55,FLOKI,3.213e-05,-0.19,2732375.0,3.284e-05,3.169e-05,
05:36:55,BONK,6.17e-06,0.0,4002954.0,6.3e-06,6.08e-06,
05:36:55,WIF,0.184,3.37,7218865.0,0.191,0.177,
05:36:55,BOME,0.000522,3.98,1206374.0,0.000535,0.000496,
05:36:55,NEIRO,8.735e-05,-0.28,2377379.0,9.111e-05,8.633e-05,
05:36:55,PENGU,0.009912,1.59,32944296.0,0.0102,0.00939,
05:37:55,DOGE,0.10675,3.56,157981861.0,0.10841,0.10297,Y
05:37:55,SHIB,6.25e-06,1.63,8288787.0,6.38e-06,6.12e-06,
05:37:55,PEPE,3.87e-06,0.26,36235213.0,3.95e-06,3.8e-06,
05:37:55,FLOKI,3.213e-05,-0.19,2732548.0,3.284e-05,3.169e-05,
05:37:55,BONK,6.16e-06,0.0,4002964.0,6.3e-06,6.08e-06,
05:37:55,WIF,0.184,3.37,7218865.0,0.191,0.177,
05:37:55,BOME,0.000522,3.98,1205840.0,0.000535,0.000496,
05:37:55,NEIRO,8.741e-05,-0.32,2377570.0,9.111e-05,8.633e-05,
05:37:55,PENGU,0.009898,1.49,32949307.0,0.0102,0.00939,
05:38:55,DOGE,0.10675,3.46,157857379.0,0.10841,0.10297,Y
05:38:55,SHIB,6.24e-06,1.46,8283465.0,6.38e-06,6.12e-06,
05:38:55,PEPE,3.87e-06,0.52,36218064.0,3.95e-06,3.8e-06,
05:38:55,FLOKI,3.212e-05,-0.28,2732423.0,3.284e-05,3.169e-05,
05:38:55,BONK,6.16e-06,-0.16,4003090.0,6.3e-06,6.08e-06,
05:38:55,WIF,0.185,3.35,7218860.0,0.191,0.177,
05:38:55,BOME,0.000523,3.98,1205805.0,0.000535,0.000496,
05:38:55,NEIRO,8.735e-05,-0.21,2377417.0,9.111e-05,8.633e-05,
05:38:55,PENGU,0.009894,1.38,32956188.0,0.0102,0.00939,
05:39:55,DOGE,0.1067,3.49,157839693.0,0.10841,0.10297,Y
05:39:55,SHIB,6.25e-06,1.63,8279809.0,6.38e-06,6.12e-06,
05:39:55,PEPE,3.88e-06,0.78,36148079.0,3.95e-06,3.8e-06,
05:39:55,FLOKI,3.211e-05,-0.28,2732762.0,3.284e-05,3.169e-05,
05:39:55,BONK,6.16e-06,-0.16,4003204.0,6.3e-06,6.08e-06,
05:39:55,WIF,0.184,2.79,7219594.0,0.191,0.177,
05:39:55,BOME,0.000523,3.98,1205233.0,0.000535,0.000496,
05:39:55,NEIRO,8.732e-05,-0.25,2381178.0,9.111e-05,8.633e-05,
05:39:55,PENGU,0.009887,1.24,32955857.0,0.0102,0.00939,
05:40:55,DOGE,0.10673,3.33,157755074.0,0.10841,0.10297,Y
05:40:55,SHIB,6.25e-06,1.46,8278347.0,6.38e-06,6.12e-06,
05:40:55,PEPE,3.87e-06,0.26,36148566.0,3.95e-06,3.8e-06,
05:40:55,FLOKI,3.211e-05,-0.34,2731658.0,3.284e-05,3.169e-05,
05:40:55,BONK,6.16e-06,-0.16,3994617.0,6.3e-06,6.08e-06,
05:40:55,WIF,0.185,3.35,7219583.0,0.191,0.177,
05:40:55,BOME,0.000523,3.77,1205195.0,0.000535,0.000496,
05:40:55,NEIRO,8.731e-05,-0.46,2382899.0,9.111e-05,8.633e-05,
05:40:55,PENGU,0.009893,1.18,32956246.0,0.0102,0.00939,
05:41:55,DOGE,0.1068,3.35,157768142.0,0.10841,0.10297,Y
05:41:55,SHIB,6.25e-06,1.46,8238815.0,6.38e-06,6.12e-06,
05:41:55,PEPE,3.87e-06,0.52,36124298.0,3.95e-06,3.8e-06,
05:41:55,FLOKI,3.21e-05,-0.43,2733972.0,3.284e-05,3.169e-05,
05:41:55,BONK,6.16e-06,-0.16,3995762.0,6.3e-06,6.08e-06,
05:41:55,WIF,0.184,2.79,7211414.0,0.191,0.177,
05:41:55,BOME,0.000523,3.77,1205195.0,0.000535,0.000496,
05:41:55,NEIRO,8.736e-05,-0.51,2381716.0,9.111e-05,8.633e-05,
05:41:55,PENGU,0.009892,1.22,32948840.0,0.0102,0.00939,
05:42:55,DOGE,0.10684,3.27,157759623.0,0.10841,0.10297,Y
05:42:55,SHIB,6.24e-06,1.46,8238606.0,6.38e-06,6.12e-06,
05:42:55,PEPE,3.87e-06,0.26,36098548.0,3.95e-06,3.8e-06,
05:42:55,FLOKI,3.211e-05,-0.47,2731607.0,3.284e-05,3.169e-05,
05:42:55,BONK,6.15e-06,-0.48,3991050.0,6.3e-06,6.08e-06,
05:42:55,WIF,0.184,2.79,7211067.0,0.191,0.177,
05:42:55,BOME,0.000522,3.78,1205150.0,0.000535,0.000496,
05:42:55,NEIRO,8.744e-05,-0.57,2381498.0,9.111e-05,8.633e-05,
05:42:55,PENGU,0.009894,0.96,32940896.0,0.0102,0.00939,
05:44:55,DOGE,0.10677,3.29,157807712.0,0.10841,0.10297,Y
05:44:55,SHIB,6.25e-06,1.46,8227358.0,6.38e-06,6.12e-06,
05:44:55,PEPE,3.88e-06,0.78,36014555.0,3.95e-06,3.8e-06,
05:44:55,FLOKI,3.212e-05,-0.4,2731702.0,3.284e-05,3.169e-05,
05:44:55,BONK,6.15e-06,-0.48,3994215.0,6.3e-06,6.08e-06,
05:44:55,WIF,0.184,2.22,7213563.0,0.191,0.177,
05:44:55,BOME,0.000522,3.78,1204089.0,0.000535,0.000496,
05:44:55,NEIRO,8.74e-05,-0.73,2379107.0,9.111e-05,8.633e-05,
05:44:55,PENGU,0.009893,1.0,32941010.0,0.0102,0.00939,
05:45:55,DOGE,0.10674,3.12,157759757.0,0.10841,0.10297,Y
05:45:55,SHIB,6.24e-06,1.46,8226895.0,6.38e-06,6.12e-06,
05:45:55,PEPE,3.87e-06,0.26,36019246.0,3.95e-06,3.8e-06,
05:45:55,FLOKI,3.212e-05,-0.37,2731434.0,3.284e-05,3.169e-05,
05:45:55,BONK,6.15e-06,-0.48,3990509.0,6.3e-06,6.08e-06,
05:45:55,WIF,0.184,2.22,7213563.0,0.191,0.177,
05:45:55,BOME,0.000522,3.78,1204096.0,0.000535,0.000496,
05:45:55,NEIRO,8.738e-05,-0.55,2377983.0,9.111e-05,8.633e-05,
05:45:55,PENGU,0.009892,1.08,32940489.0,0.0102,0.00939,
05:46:55,DOGE,0.10656,2.97,157730517.0,0.10841,0.10297,Y
05:46:55,SHIB,6.24e-06,1.46,8205506.0,6.38e-06,6.12e-06,
05:46:55,PEPE,3.88e-06,0.52,36007680.0,3.95e-06,3.8e-06,
05:46:55,FLOKI,3.209e-05,-0.56,2735286.0,3.284e-05,3.169e-05,
05:46:55,BONK,6.16e-06,-0.32,3968630.0,6.3e-06,6.08e-06,
05:46:55,WIF,0.184,2.22,7213563.0,0.191,0.177,
05:46:55,BOME,0.000522,3.78,1205211.0,0.000535,0.000496,
05:46:55,NEIRO,8.764e-05,-0.31,2390106.0,9.111e-05,8.633e-05,
05:46:55,PENGU,0.009875,0.98,32952625.0,0.0102,0.00939,
05:47:55,DOGE,0.10662,2.94,157667416.0,0.10841,0.10297,Y
05:47:55,SHIB,6.24e-06,1.14,8187904.0,6.38e-06,6.12e-06,
05:47:55,PEPE,3.88e-06,0.52,35980424.0,3.95e-06,3.8e-06,
05:47:55,FLOKI,3.208e-05,-0.71,2730469.0,3.284e-05,3.169e-05,
05:47:55,BONK,6.15e-06,-0.32,3957716.0,6.3e-06,6.08e-06,
05:47:55,WIF,0.184,2.22,7213563.0,0.191,0.177,
05:47:55,BOME,0.000522,3.57,1204564.0,0.000535,0.000496,
05:47:55,NEIRO,8.776e-05,-0.35,2403893.0,9.111e-05,8.633e-05,
05:47:55,PENGU,0.009874,0.87,32951963.0,0.0102,0.00939,
05:48:55,DOGE,0.10659,2.9,157632008.0,0.10841,0.10297,Y
05:48:55,SHIB,6.24e-06,1.14,8187803.0,6.38e-06,6.12e-06,
05:48:55,PEPE,3.88e-06,0.52,35948644.0,3.95e-06,3.8e-06,
05:48:55,FLOKI,3.208e-05,-0.71,2730458.0,3.284e-05,3.169e-05,
05:48:55,BONK,6.15e-06,-0.32,3965352.0,6.3e-06,6.08e-06,
05:48:55,WIF,0.185,2.78,7213564.0,0.191,0.177,
05:48:55,BOME,0.000522,3.78,1204768.0,0.000535,0.000496,
05:48:55,NEIRO,8.771e-05,-0.4,2403920.0,9.111e-05,8.633e-05,
05:48:55,PENGU,0.009873,0.97,32949840.0,0.0102,0.00939,
05:49:55,DOGE,0.10662,3.12,157630169.0,0.10841,0.10297,Y
05:49:55,SHIB,6.24e-06,1.14,8186832.0,6.38e-06,6.12e-06,
05:49:55,PEPE,3.88e-06,0.52,36001197.0,3.95e-06,3.8e-06,
05:49:55,FLOKI,3.208e-05,-0.68,2730137.0,3.284e-05,3.169e-05,
05:49:55,BONK,6.15e-06,-0.32,3965267.0,6.3e-06,6.08e-06,
05:49:55,WIF,0.184,2.79,7203213.0,0.191,0.177,
05:49:55,BOME,0.000521,3.58,1204813.0,0.000535,0.000496,
05:49:55,NEIRO,8.769e-05,-0.25,2405515.0,9.111e-05,8.633e-05,
05:49:55,PENGU,0.00989,1.3,32941237.0,0.0102,0.00939,
05:50:55,DOGE,0.10662,3.17,157579314.0,0.10841,0.10297,Y
05:50:55,SHIB,6.24e-06,1.14,8186961.0,6.38e-06,6.12e-06,
05:50:55,PEPE,3.88e-06,0.52,36000367.0,3.95e-06,3.8e-06,
05:50:55,FLOKI,3.207e-05,-0.65,2731100.0,3.284e-05,3.169e-05,
05:50:55,BONK,6.15e-06,-0.32,3957586.0,6.3e-06,6.08e-06,
05:50:55,WIF,0.184,2.79,7203206.0,0.191,0.177,
05:50:55,BOME,0.000522,3.78,1203273.0,0.000535,0.000496,
05:50:55,NEIRO,8.769e-05,-0.24,2405167.0,9.111e-05,8.633e-05,
05:50:55,PENGU,0.009888,1.22,32936356.0,0.0102,0.00939,
05:51:55,DOGE,0.10661,3.24,157513455.0,0.10841,0.10297,Y
05:51:55,SHIB,6.24e-06,1.46,8170731.0,6.38e-06,6.12e-06,
05:51:55,PEPE,3.88e-06,0.52,36000474.0,3.95e-06,3.8e-06,
05:51:55,FLOKI,3.207e-05,-0.62,2730973.0,3.284e-05,3.169e-05,
05:51:55,BONK,6.15e-06,-0.32,3957702.0,6.3e-06,6.08e-06,
05:51:55,WIF,0.184,2.79,7203206.0,0.191,0.177,
05:51:55,BOME,0.000521,3.58,1203286.0,0.000535,0.000496,
05:51:55,NEIRO,8.76e-05,-0.26,2405202.0,9.111e-05,8.633e-05,
05:51:55,PENGU,0.009881,1.31,32929674.0,0.0102,0.00939,
05:53:55,DOGE,0.10653,3.28,157498434.0,0.10841,0.10297,Y
05:53:55,SHIB,6.24e-06,1.3,8152338.0,6.38e-06,6.12e-06,
05:53:55,PEPE,3.87e-06,0.52,36015581.0,3.95e-06,3.8e-06,
05:53:55,FLOKI,3.205e-05,-0.53,2717651.0,3.284e-05,3.169e-05,
05:53:55,BONK,6.15e-06,-0.32,3948247.0,6.3e-06,6.08e-06,
05:53:55,WIF,0.185,3.35,7203206.0,0.191,0.177,
05:53:55,BOME,0.000522,3.78,1199645.0,0.000535,0.000496,
05:53:55,NEIRO,8.768e-05,-0.09,2406597.0,9.111e-05,8.633e-05,
05:53:55,PENGU,0.009879,1.39,32916869.0,0.0102,0.00939,
05:54:55,DOGE,0.10642,2.97,157426202.0,0.10841,0.10297,Y
05:54:55,SHIB,6.24e-06,1.46,8148481.0,6.38e-06,6.12e-06,
05:54:55,PEPE,3.87e-06,0.52,35996203.0,3.95e-06,3.8e-06,
05:54:55,FLOKI,3.205e-05,-0.53,2717555.0,3.284e-05,3.169e-05,
05:54:55,BONK,6.15e-06,-0.32,3948048.0,6.3e-06,6.08e-06,
05:54:55,WIF,0.184,2.79,7203207.0,0.191,0.177,
05:54:55,BOME,0.000521,3.79,1199442.0,0.000535,0.000496,
05:54:55,NEIRO,8.773e-05,0.01,2406960.0,9.111e-05,8.633e-05,
05:54:55,PENGU,0.009866,1.26,32914733.0,0.0102,0.00939,
05:55:55,DOGE,0.10641,2.91,157501511.0,0.10841,0.10297,Y
05:55:55,SHIB,6.24e-06,1.46,8168132.0,6.38e-06,6.12e-06,
05:55:55,PEPE,3.87e-06,0.78,35988244.0,3.95e-06,3.8e-06,
05:55:55,FLOKI,3.205e-05,-0.56,2719853.0,3.284e-05,3.169e-05,
05:55:55,BONK,6.14e-06,-0.49,3963270.0,6.3e-06,6.08e-06,
05:55:55,WIF,0.184,2.79,7203404.0,0.191,0.177,
05:55:55,BOME,0.000522,3.98,1199454.0,0.000535,0.000496,
05:55:55,NEIRO,8.767e-05,-0.3,2406157.0,9.111e-05,8.633e-05,
05:55:55,PENGU,0.009873,1.21,32916729.0,0.0102,0.00939,
05:56:55,DOGE,0.10641,3.01,157475966.0,0.10841,0.10297,Y
05:56:55,SHIB,6.24e-06,1.63,8167171.0,6.38e-06,6.12e-06,
05:56:55,PEPE,3.87e-06,0.52,35993634.0,3.95e-06,3.8e-06,
05:56:55,FLOKI,3.205e-05,-0.56,2719852.0,3.284e-05,3.169e-05,
05:56:55,BONK,6.14e-06,-0.49,3967474.0,6.3e-06,6.08e-06,
05:56:55,WIF,0.184,2.79,7203404.0,0.191,0.177,
05:56:55,BOME,0.000522,3.78,1199522.0,0.000535,0.000496,
05:56:55,NEIRO,8.771e-05,-0.16,2402896.0,9.111e-05,8.633e-05,
05:56:55,PENGU,0.00987,1.2,32916449.0,0.0102,0.00939,
05:57:55,DOGE,0.10631,2.95,157444124.0,0.10841,0.10297,Y
05:57:55,SHIB,6.24e-06,1.46,8075795.0,6.38e-06,6.12e-06,
05:57:55,PEPE,3.87e-06,0.52,36015066.0,3.95e-06,3.8e-06,
05:57:55,FLOKI,3.203e-05,-0.62,2724560.0,3.284e-05,3.169e-05,
05:57:55,BONK,6.14e-06,-0.33,3968201.0,6.3e-06,6.08e-06,
05:57:55,WIF,0.184,2.79,7203652.0,0.191,0.177,
05:57:55,BOME,0.000522,3.78,1202625.0,0.000535,0.000496,
05:57:55,NEIRO,8.76e-05,-0.4,2408412.0,9.111e-05,8.633e-05,
05:57:55,PENGU,0.009836,0.88,32958151.0,0.0102,0.00939,
05:58:55,DOGE,0.10638,3.01,157499989.0,0.10841,0.10297,Y
05:58:55,SHIB,6.23e-06,1.47,8076144.0,6.38e-06,6.12e-06,
05:58:55,PEPE,3.86e-06,0.52,36013780.0,3.95e-06,3.8e-06,
05:58:55,FLOKI,3.204e-05,-0.59,2726960.0,3.284e-05,3.169e-05,
05:58:55,BONK,6.14e-06,-0.33,3968223.0,6.3e-06,6.08e-06,
05:58:55,WIF,0.184,2.79,7203652.0,0.191,0.177,
05:58:55,BOME,0.000522,3.98,1197209.0,0.000535,0.000496,
05:58:55,NEIRO,8.779e-05,0.01,2408463.0,9.111e-05,8.633e-05,
05:58:55,PENGU,0.00985,1.11,32975150.0,0.0102,0.00939,
05:59:55,DOGE,0.10638,3.05,157520869.0,0.10841,0.10297,Y
05:59:55,SHIB,6.23e-06,1.47,8062386.0,6.38e-06,6.12e-06,
05:59:55,PEPE,3.86e-06,0.26,35961459.0,3.95e-06,3.8e-06,
05:59:55,FLOKI,3.205e-05,-0.43,2726329.0,3.284e-05,3.169e-05,
05:59:55,BONK,6.14e-06,-0.33,3962213.0,6.3e-06,6.08e-06,
05:59:55,WIF,0.184,2.79,7203652.0,0.191,0.177,
05:59:55,BOME,0.000522,4.19,1197217.0,0.000535,0.000496,
05:59:55,NEIRO,8.78e-05,-0.05,2408504.0,9.111e-05,8.633e-05,
05:59:55,PENGU,0.009835,0.75,32974879.0,0.0102,0.00939,
06:00:55,DOGE,0.10639,3.22,157529469.0,0.10841,0.10297,Y
06:00:55,SHIB,6.23e-06,1.63,8057276.0,6.38e-06,6.12e-06,
06:00:55,PEPE,3.87e-06,0.78,35949042.0,3.95e-06,3.8e-06,
06:00:55,FLOKI,3.204e-05,-0.31,2723843.0,3.284e-05,3.169e-05,
06:00:55,BONK,6.14e-06,0.0,3947820.0,6.3e-06,6.08e-06,
06:00:55,WIF,0.184,2.79,7199963.0,0.191,0.177,
06:00:55,BOME,0.000521,3.99,1197233.0,0.000535,0.000496,
06:00:55,NEIRO,8.772e-05,0.1,2407695.0,9.111e-05,8.633e-05,
06:00:55,PENGU,0.009835,0.86,32997158.0,0.0102,0.00939,
06:01:55,DOGE,0.10642,3.2,157505968.0,0.10841,0.10297,Y
06:01:55,SHIB,6.23e-06,1.47,8051930.0,6.38e-06,6.12e-06,
06:01:55,PEPE,3.88e-06,1.04,35987617.0,3.95e-06,3.8e-06,
06:01:55,FLOKI,3.206e-05,-0.34,2723411.0,3.284e-05,3.169e-05,
06:01:55,BONK,6.15e-06,0.0,3944147.0,6.3e-06,6.08e-06,
06:01:55,WIF,0.184,3.37,7199956.0,0.191,0.177,
06:01:55,BOME,0.000522,4.19,1198000.0,0.000535,0.000496,
06:01:55,NEIRO,8.774e-05,0.05,2407603.0,9.111e-05,8.633e-05,
06:01:55,PENGU,0.009843,1.02,32999012.0,0.0102,0.00939,
06:02:55,DOGE,0.10639,3.25,157434744.0,0.10841,0.10297,Y
06:02:55,SHIB,6.23e-06,1.63,8039927.0,6.38e-06,6.12e-06,
06:02:55,PEPE,3.87e-06,1.04,35965985.0,3.95e-06,3.8e-06,
06:02:55,FLOKI,3.203e-05,-0.43,2723660.0,3.284e-05,3.169e-05,
06:02:55,BONK,6.15e-06,-0.16,3952535.0,6.3e-06,6.08e-06,
06:02:55,WIF,0.184,3.37,7199956.0,0.191,0.177,
06:02:55,BOME,0.000522,4.19,1198237.0,0.000535,0.000496,
06:02:55,NEIRO,8.779e-05,0.17,2407956.0,9.111e-05,8.633e-05,
06:02:55,PENGU,0.009836,0.76,33000984.0,0.0102,0.00939,
06:03:55,DOGE,0.10624,3.13,157456665.0,0.10841,0.10299,Y
06:03:55,SHIB,6.22e-06,1.3,8040158.0,6.38e-06,6.12e-06,
06:03:55,PEPE,3.86e-06,0.78,35961771.0,3.95e-06,3.8e-06,
06:03:55,FLOKI,3.2e-05,-0.5,2729759.0,3.284e-05,3.169e-05,
06:03:55,BONK,6.14e-06,-0.16,3952751.0,6.3e-06,6.08e-06,
06:03:55,WIF,0.184,3.37,7218868.0,0.191,0.177,
06:03:55,BOME,0.00052,3.79,1195135.0,0.000535,0.000496,
06:03:55,NEIRO,8.778e-05,0.16,2409192.0,9.111e-05,8.633e-05,
06:03:55,PENGU,0.009823,0.72,33010855.0,0.0102,0.00939,
06:05:55,DOGE,0.10621,3.03,157508315.0,0.10841,0.10309,Y
06:05:55,SHIB,6.22e-06,1.3,8030342.0,6.38e-06,6.13e-06,
06:05:55,PEPE,3.87e-06,0.78,35940503.0,3.95e-06,3.8e-06,
06:05:55,FLOKI,3.201e-05,-0.62,2730659.0,3.284e-05,3.169e-05,
06:05:55,BONK,6.14e-06,-0.33,3925275.0,6.3e-06,6.08e-06,
06:05:55,WIF,0.184,3.37,7218622.0,0.191,0.177,
06:05:55,BOME,0.00052,3.59,1196042.0,0.000535,0.000496,
06:05:55,NEIRO,8.782e-05,0.01,2408355.0,9.111e-05,8.633e-05,
06:05:55,PENGU,0.009821,0.46,33004070.0,0.0102,0.00939,
06:07:55,DOGE,0.10618,2.8,157444680.0,0.10841,0.10312,Y
06:07:55,SHIB,6.24e-06,1.79,8036969.0,6.38e-06,6.13e-06,
06:07:55,PEPE,3.86e-06,0.0,35907989.0,3.95e-06,3.8e-06,
06:07:55,FLOKI,3.203e-05,-0.71,2731816.0,3.284e-05,3.169e-05,
06:07:55,BONK,6.14e-06,-0.49,3926437.0,6.3e-06,6.08e-06,
06:07:55,WIF,0.184,3.37,7228007.0,0.191,0.177,
06:07:55,BOME,0.00052,3.59,1197662.0,0.000535,0.000496,
06:07:55,NEIRO,8.797e-05,-0.08,2408334.0,9.111e-05,8.633e-05,
06:07:55,PENGU,0.009835,0.24,32978830.0,0.0102,0.00939,
06:08:55,DOGE,0.10624,2.8,157442379.0,0.10841,0.10312,Y
06:08:55,SHIB,6.23e-06,1.47,8029034.0,6.38e-06,6.13e-06,
06:08:55,PEPE,3.86e-06,0.26,35909737.0,3.95e-06,3.8e-06,
06:08:55,FLOKI,3.203e-05,-0.77,2731338.0,3.284e-05,3.169e-05,
06:08:55,BONK,6.15e-06,-0.32,3926603.0,6.3e-06,6.08e-06,
06:08:55,WIF,0.183,2.81,7241911.0,0.191,0.177,
06:08:55,BOME,0.00052,3.59,1197672.0,0.000535,0.000496,
06:08:55,NEIRO,8.804e-05,-0.07,2409920.0,9.111e-05,8.633e-05,
06:08:55,PENGU,0.009841,0.16,32977243.0,0.0102,0.00939,
06:10:55,DOGE,0.10616,2.89,157443094.0,0.10841,0.10312,Y
06:10:55,SHIB,6.22e-06,1.47,8015610.0,6.38e-06,6.13e-06,
06:10:55,PEPE,3.86e-06,0.26,35921431.0,3.95e-06,3.8e-06,
06:10:55,FLOKI,3.2e-05,-0.71,2731666.0,3.284e-05,3.169e-05,
06:10:55,BONK,6.14e-06,-0.49,3926912.0,6.3e-06,6.08e-06,
06:10:55,WIF,0.183,2.81,7231289.0,0.191,0.177,
06:10:55,BOME,0.00052,3.59,1199338.0,0.000535,0.000496,
06:10:55,NEIRO,8.794e-05,0.05,2409582.0,9.111e-05,8.633e-05,
06:10:55,PENGU,0.009821,0.28,32986145.0,0.0102,0.00939,
06:11:55,DOGE,0.10624,2.88,157435942.0,0.10841,0.10312,Y
06:11:55,SHIB,6.24e-06,1.63,8022501.0,6.38e-06,6.13e-06,
06:11:55,PEPE,3.87e-06,0.26,35925265.0,3.95e-06,3.8e-06,
06:11:55,FLOKI,3.203e-05,-0.71,2731655.0,3.284e-05,3.169e-05,
06:11:55,BONK,6.14e-06,-0.49,3927037.0,6.3e-06,6.08e-06,
06:11:55,WIF,0.184,3.37,7231501.0,0.191,0.177,
06:11:55,BOME,0.00052,3.79,1199652.0,0.000535,0.000496,
06:11:55,NEIRO,8.797e-05,0.06,2409484.0,9.111e-05,8.633e-05,
06:11:55,PENGU,0.009828,0.26,32989716.0,0.0102,0.00939,
06:12:55,DOGE,0.10635,3.1,157441791.0,0.10841,0.10312,Y
06:12:55,SHIB,6.24e-06,1.79,8017136.0,6.38e-06,6.13e-06,
06:12:55,PEPE,3.86e-06,0.0,35923310.0,3.95e-06,3.8e-06,
06:12:55,FLOKI,3.203e-05,-0.68,2731291.0,3.284e-05,3.169e-05,
06:12:55,BONK,6.14e-06,-0.33,3927888.0,6.3e-06,6.08e-06,
06:12:55,WIF,0.183,2.23,7233993.0,0.191,0.177,
06:12:55,BOME,0.00052,3.79,1199658.0,0.000535,0.000496,
06:12:55,NEIRO,8.808e-05,0.27,2410367.0,9.111e-05,8.633e-05,
06:12:55,PENGU,0.009831,0.3,32992692.0,0.0102,0.00939,
06:13:55,DOGE,0.10635,3.11,157460875.0,0.10841,0.10312,Y
06:13:55,SHIB,6.23e-06,1.47,8017556.0,6.38e-06,6.13e-06,
06:13:55,PEPE,3.86e-06,0.0,35905880.0,3.95e-06,3.8e-06,
06:13:55,FLOKI,3.203e-05,-0.65,2731165.0,3.284e-05,3.169e-05,
06:13:55,BONK,6.14e-06,-0.33,3930037.0,6.3e-06,6.08e-06,
06:13:55,WIF,0.183,2.81,7233986.0,0.191,0.177,
06:13:55,BOME,0.00052,3.79,1199658.0,0.000535,0.000496,
06:13:55,NEIRO,8.808e-05,0.33,2409991.0,9.111e-05,8.633e-05,
06:13:55,PENGU,0.009833,0.36,32994169.0,0.0102,0.00939,
06:14:55,DOGE,0.1064,3.09,157444342.0,0.10841,0.10312,Y
06:14:55,SHIB,6.24e-06,1.63,8010217.0,6.38e-06,6.13e-06,
06:14:55,PEPE,3.87e-06,0.26,35903157.0,3.95e-06,3.8e-06,
06:14:55,FLOKI,3.203e-05,-0.81,2730706.0,3.284e-05,3.169e-05,
06:14:55,BONK,6.14e-06,-0.49,3930768.0,6.3e-06,6.08e-06,
06:14:55,WIF,0.183,2.81,7233986.0,0.191,0.177,
06:14:55,BOME,0.000521,3.79,1199748.0,0.000535,0.000496,
06:14:55,NEIRO,8.801e-05,0.15,2409273.0,9.111e-05,8.633e-05,
06:14:55,PENGU,0.009834,0.16,32994134.0,0.0102,0.00939,
06:15:55,DOGE,0.10643,3.06,157437865.0,0.10841,0.10312,Y
06:15:55,SHIB,6.24e-06,1.46,8010577.0,6.38e-06,6.13e-06,
06:15:55,PEPE,3.87e-06,0.26,35902901.0,3.95e-06,3.8e-06,
06:15:55,FLOKI,3.204e-05,-0.77,2725513.0,3.284e-05,3.169e-05,
06:15:55,BONK,6.15e-06,-0.32,3930969.0,6.3e-06,6.08e-06,
06:15:55,WIF,0.183,2.81,7233889.0,0.191,0.177,
06:15:55,BOME,0.000521,3.79,1199576.0,0.000535,0.000496,
06:15:55,NEIRO,8.799e-05,0.1,2408039.0,9.111e-05,8.633e-05,
06:15:55,PENGU,0.00983,0.09,32991245.0,0.0102,0.00939,
06:16:55,DOGE,0.10655,3.28,157441892.0,0.10841,0.10312,Y
06:16:55,SHIB,6.24e-06,1.46,8010667.0,6.38e-06,6.13e-06,
06:16:55,PEPE,3.86e-06,0.0,35902078.0,3.95e-06,3.8e-06,
06:16:55,FLOKI,3.205e-05,-0.62,2727583.0,3.284e-05,3.169e-05,
06:16:55,BONK,6.14e-06,-0.49,3928762.0,6.3e-06,6.08e-06,
06:16:55,WIF,0.184,3.37,7240149.0,0.191,0.177,
06:16:55,BOME,0.000521,3.79,1199560.0,0.000535,0.000496,
06:16:55,NEIRO,8.803e-05,0.48,2398159.0,9.111e-05,8.633e-05,
06:16:55,PENGU,0.009839,0.35,32990678.0,0.0102,0.00939,
06:17:55,DOGE,0.10659,3.27,157553547.0,0.10841,0.10312,Y
06:17:55,SHIB,6.24e-06,1.46,8011000.0,6.38e-06,6.13e-06,
06:17:55,PEPE,3.86e-06,0.0,35978421.0,3.95e-06,3.8e-06,
06:17:55,FLOKI,3.206e-05,-0.56,2727274.0,3.284e-05,3.169e-05,
06:17:55,BONK,6.14e-06,-0.33,3920455.0,6.3e-06,6.08e-06,
06:17:55,WIF,0.184,2.79,7246196.0,0.191,0.177,
06:17:55,BOME,0.000521,3.79,1199283.0,0.000535,0.000496,
06:17:55,NEIRO,8.812e-05,0.65,2396045.0,9.111e-05,8.633e-05,
06:17:55,PENGU,0.009843,0.36,32989455.0,0.0102,0.00939,
06:18:55,DOGE,0.10667,3.32,157574193.0,0.10841,0.10312,Y
06:18:55,SHIB,6.23e-06,1.3,8009651.0,6.38e-06,6.13e-06,
06:18:55,PEPE,3.87e-06,0.26,35984983.0,3.95e-06,3.8e-06,
06:18:55,FLOKI,3.208e-05,-0.47,2727448.0,3.284e-05,3.169e-05,
06:18:55,BONK,6.15e-06,-0.32,3923854.0,6.3e-06,6.08e-06,
06:18:55,WIF,0.184,3.37,7254537.0,0.191,0.177,
06:18:55,BOME,0.000522,3.98,1199446.0,0.000535,0.000496,
06:18:55,NEIRO,8.808e-05,0.56,2394308.0,9.111e-05,8.633e-05,
06:18:55,PENGU,0.009853,0.5,33003934.0,0.0102,0.00939,
06:19:55,DOGE,0.10661,3.23,157564233.0,0.10841,0.10312,Y
06:19:55,SHIB,6.23e-06,1.3,8009170.0,6.38e-06,6.13e-06,
06:19:55,PEPE,3.88e-06,0.78,35982315.0,3.95e-06,3.8e-06,
06:19:55,FLOKI,3.207e-05,-0.53,2727616.0,3.284e-05,3.169e-05,
06:19:55,BONK,6.15e-06,-0.32,3923982.0,6.3e-06,6.08e-06,
06:19:55,WIF,0.184,3.37,7254537.0,0.191,0.177,
06:19:55,BOME,0.000523,4.18,1199561.0,0.000535,0.000496,
06:19:55,NEIRO,8.798e-05,0.46,2394002.0,9.111e-05,8.633e-05,
06:19:55,PENGU,0.009849,0.41,32996236.0,0.0102,0.00939,
06:20:55,DOGE,0.10661,3.27,157558209.0,0.10841,0.10312,Y
06:20:55,SHIB,6.24e-06,1.63,8030105.0,6.38e-06,6.13e-06,
06:20:55,PEPE,3.87e-06,0.26,35983320.0,3.95e-06,3.8e-06,
06:20:55,FLOKI,3.206e-05,-0.5,2726839.0,3.284e-05,3.169e-05,
06:20:55,BONK,6.15e-06,-0.16,3922850.0,6.3e-06,6.08e-06,
06:20:55,WIF,0.184,2.79,7254530.0,0.191,0.177,
06:20:55,BOME,0.000522,3.98,1199619.0,0.000535,0.000496,
06:20:55,NEIRO,8.794e-05,0.35,2393659.0,9.111e-05,8.633e-05,
06:20:55,PENGU,0.009852,0.41,32998898.0,0.0102,0.00939,
06:21:55,DOGE,0.10655,3.31,157540493.0,0.10841,0.10312,Y
06:21:55,SHIB,6.24e-06,1.63,7999820.0,6.38e-06,6.13e-06,
06:21:55,PEPE,3.87e-06,0.26,35976768.0,3.95e-06,3.8e-06,
06:21:55,FLOKI,3.206e-05,-0.43,2725669.0,3.284e-05,3.169e-05,
06:21:55,BONK,6.15e-06,0.0,3922045.0,6.3e-06,6.08e-06,
06:21:55,WIF,0.184,3.37,7254523.0,0.191,0.177,
06:21:55,BOME,0.000522,4.19,1199414.0,0.000535,0.000496,
06:21:55,NEIRO,8.784e-05,0.28,2392525.0,9.111e-05,8.633e-05,
06:21:55,PENGU,0.009839,0.6,32981333.0,0.0102,0.00939,
06:22:55,DOGE,0.10651,3.23,157486366.0,0.10841,0.10312,Y
06:22:55,SHIB,6.24e-06,1.46,7999931.0,6.38e-06,6.13e-06,
06:22:55,PEPE,3.87e-06,0.26,35976506.0,3.95e-06,3.8e-06,
06:22:55,FLOKI,3.206e-05,-0.47,2725486.0,3.284e-05,3.169e-05,
06:22:55,BONK,6.14e-06,-0.33,3922058.0,6.3e-06,6.08e-06,
06:22:55,WIF,0.184,3.37,7254523.0,0.191,0.177,
06:22:55,BOME,0.000522,4.19,1199414.0,0.000535,0.000496,
06:22:55,NEIRO,8.786e-05,0.32,2392276.0,9.111e-05,8.633e-05,
06:22:55,PENGU,0.009851,0.68,32984741.0,0.0102,0.00939,
06:23:55,DOGE,0.10648,3.22,157437630.0,0.10841,0.10315,Y
06:23:55,SHIB,6.23e-06,1.3,7969184.0,6.38e-06,6.13e-06,
06:23:55,PEPE,3.87e-06,0.52,35944397.0,3.95e-06,3.8e-06,
06:23:55,FLOKI,3.204e-05,-0.43,2724493.0,3.284e-05,3.169e-05,
06:23:55,BONK,6.14e-06,-0.33,3918149.0,6.3e-06,6.08e-06,
06:23:55,WIF,0.184,3.37,7254537.0,0.191,0.177,
06:23:55,BOME,0.000522,4.19,1199414.0,0.000535,0.000496,
06:23:55,NEIRO,8.781e-05,0.4,2390835.0,9.111e-05,8.633e-05,
06:23:55,PENGU,0.009851,0.74,32985880.0,0.0102,0.00939,
06:24:55,DOGE,0.10652,3.21,157416380.0,0.10841,0.10316,Y
06:24:55,SHIB,6.23e-06,1.3,7984238.0,6.38e-06,6.13e-06,
06:24:55,PEPE,3.87e-06,0.52,35932748.0,3.95e-06,3.8e-06,
06:24:55,FLOKI,3.205e-05,-0.4,2724528.0,3.284e-05,3.169e-05,
06:24:55,BONK,6.14e-06,-0.16,3917841.0,6.3e-06,6.08e-06,
06:24:55,WIF,0.184,3.37,7254537.0,0.191,0.177,
06:24:55,BOME,0.000522,4.19,1199414.0,0.000535,0.000496,
06:24:55,NEIRO,8.79e-05,0.46,2390430.0,9.111e-05,8.633e-05,
06:24:55,PENGU,0.009861,0.8,32991956.0,0.0102,0.00939,
06:25:55,DOGE,0.10651,3.23,157358946.0,0.10841,0.10316,Y
06:25:55,SHIB,6.23e-06,1.47,7972759.0,6.38e-06,6.13e-06,
06:25:55,PEPE,3.88e-06,1.04,35925612.0,3.95e-06,3.8e-06,
06:25:55,FLOKI,3.205e-05,-0.43,2724136.0,3.284e-05,3.169e-05,
06:25:55,BONK,6.14e-06,-0.16,3917634.0,6.3e-06,6.08e-06,
06:25:55,WIF,0.184,3.37,7254537.0,0.191,0.177,
06:25:55,BOME,0.000522,4.19,1199414.0,0.000535,0.000496,
06:25:55,NEIRO,8.79e-05,0.53,2390320.0,9.111e-05,8.633e-05,
06:25:55,PENGU,0.009873,1.01,32995976.0,0.0102,0.00939,
06:26:55,DOGE,0.10651,3.2,157357807.0,0.10841,0.10316,Y
06:26:55,SHIB,6.22e-06,1.47,7973030.0,6.38e-06,6.13e-06,
06:26:55,PEPE,3.88e-06,1.04,35923188.0,3.95e-06,3.8e-06,
06:26:55,FLOKI,3.206e-05,-0.37,2724639.0,3.284e-05,3.169e-05,
06:26:55,BONK,6.15e-06,-0.16,3919136.0,6.3e-06,6.08e-06,
06:26:55,WIF,0.184,3.37,7254537.0,0.191,0.177,
06:26:55,BOME,0.000522,4.19,1199414.0,0.000535,0.000496,
06:26:55,NEIRO,8.784e-05,0.41,2390378.0,9.111e-05,8.633e-05,
06:26:55,PENGU,0.009867,0.93,33004286.0,0.0102,0.00939,
06:27:55,DOGE,0.10652,3.16,157349200.0,0.10841,0.10316,Y
06:27:55,SHIB,6.23e-06,1.47,7985929.0,6.38e-06,6.13e-06,
06:27:55,PEPE,3.87e-06,0.52,35923515.0,3.95e-06,3.8e-06,
06:27:55,FLOKI,3.204e-05,-0.43,2724777.0,3.284e-05,3.169e-05,
06:27:55,BONK,6.15e-06,-0.16,3919136.0,6.3e-06,6.08e-06,
06:27:55,WIF,0.184,3.37,7254537.0,0.191,0.177,
06:27:55,BOME,0.000522,4.19,1193886.0,0.000535,0.000496,
06:27:55,NEIRO,8.784e-05,0.47,2390054.0,9.111e-05,8.633e-05,
06:27:55,PENGU,0.009867,1.0,33000108.0,0.0102,0.00939,
06:28:55,DOGE,0.10653,3.18,157328831.0,0.10841,0.10316,Y
06:28:55,SHIB,6.23e-06,1.63,7986059.0,6.38e-06,6.13e-06,
06:28:55,PEPE,3.88e-06,1.04,35923857.0,3.95e-06,3.8e-06,
06:28:55,FLOKI,3.204e-05,-0.43,2724758.0,3.284e-05,3.169e-05,
06:28:55,BONK,6.15e-06,0.0,3919179.0,6.3e-06,6.08e-06,
06:28:55,WIF,0.184,3.37,7254537.0,0.191,0.177,
06:28:55,BOME,0.000521,3.99,1193899.0,0.000535,0.000496,
06:28:55,NEIRO,8.782e-05,0.54,2389266.0,9.111e-05,8.633e-05,
06:28:55,PENGU,0.009869,1.16,32990013.0,0.0102,0.00939,
06:29:55,DOGE,0.10657,3.21,157306453.0,0.10841,0.10324,Y
06:29:55,SHIB,6.23e-06,1.47,7953880.0,6.38e-06,6.13e-06,
06:29:55,PEPE,3.88e-06,1.04,35918800.0,3.95e-06,3.8e-06,
06:29:55,FLOKI,3.204e-05,-0.37,2721189.0,3.284e-05,3.169e-05,
06:29:55,BONK,6.14e-06,-0.16,3917106.0,6.3e-06,6.08e-06,
06:29:55,WIF,0.184,3.37,7259612.0,0.191,0.177,
06:29:55,BOME,0.00052,3.79,1194123.0,0.000535,0.000496,
06:29:55,NEIRO,8.782e-05,0.71,2386956.0,9.111e-05,8.633e-05,
06:29:55,PENGU,0.00987,1.22,32986871.0,0.0102,0.00939,
06:30:55,DOGE,0.10653,3.11,157291401.0,0.10841,0.10327,Y
06:30:55,SHIB,6.22e-06,1.3,7953865.0,6.38e-06,6.13e-06,
06:30:55,PEPE,3.87e-06,0.78,35918828.0,3.95e-06,3.8e-06,
06:30:55,FLOKI,3.205e-05,-0.43,2720971.0,3.284e-05,3.169e-05,
06:30:55,BONK,6.14e-06,-0.33,3915301.0,6.3e-06,6.08e-06,
06:30:55,WIF,0.184,2.79,7259600.0,0.191,0.177,
06:30:55,BOME,0.000521,3.99,1196702.0,0.000535,0.000496,
06:30:55,NEIRO,8.785e-05,0.61,2386105.0,9.111e-05,8.633e-05,
06:30:55,PENGU,0.009871,1.11,32993770.0,0.0102,0.00939,
06:31:55,DOGE,0.10653,3.14,157252637.0,0.10841,0.10327,Y
06:31:55,SHIB,6.22e-06,1.47,7953149.0,6.38e-06,6.13e-06,
06:31:55,PEPE,3.88e-06,1.04,35918796.0,3.95e-06,3.8e-06,
06:31:55,FLOKI,3.206e-05,-0.4,2721724.0,3.284e-05,3.169e-05,
06:31:55,BONK,6.15e-06,0.0,3916461.0,6.3e-06,6.08e-06,
06:31:55,WIF,0.184,3.37,7259694.0,0.191,0.177,
06:31:55,BOME,0.000521,3.99,1196702.0,0.000535,0.000496,
06:31:55,NEIRO,8.782e-05,0.62,2385011.0,9.111e-05,8.633e-05,
06:31:55,PENGU,0.009867,1.03,32992366.0,0.0102,0.00939,
06:32:55,DOGE,0.10657,3.1,157255768.0,0.10841,0.10336,Y
06:32:55,SHIB,6.23e-06,1.63,7963499.0,6.38e-06,6.13e-06,
06:32:55,PEPE,3.88e-06,1.04,35918960.0,3.95e-06,3.8e-06,
06:32:55,FLOKI,3.208e-05,-0.34,2722225.0,3.284e-05,3.169e-05,
06:32:55,BONK,6.15e-06,-0.16,3917692.0,6.3e-06,6.08e-06,
06:32:55,WIF,0.184,2.79,7259687.0,0.191,0.177,
06:32:55,BOME,0.000521,3.99,1197505.0,0.000535,0.000496,
06:32:55,NEIRO,8.784e-05,0.73,2384535.0,9.111e-05,8.633e-05,
06:32:55,PENGU,0.009879,1.21,32993811.0,0.0102,0.00939,
06:34:55,DOGE,0.10642,2.7,157117677.0,0.10841,0.10341,Y
06:34:55,SHIB,6.23e-06,1.3,7944229.0,6.38e-06,6.13e-06,
06:34:55,PEPE,3.88e-06,1.04,35920288.0,3.95e-06,3.8e-06,
06:34:55,FLOKI,3.206e-05,-0.5,2733348.0,3.284e-05,3.169e-05,
06:34:55,BONK,6.14e-06,-0.33,3921758.0,6.3e-06,6.08e-06,
06:34:55,WIF,0.184,3.37,7260097.0,0.191,0.177,
06:34:55,BOME,0.000521,4.2,1197785.0,0.000535,0.000496,
06:34:55,NEIRO,8.771e-05,0.45,2383286.0,9.111e-05,8.633e-05,
06:34:55,PENGU,0.009845,0.89,32994191.0,0.0102,0.00939,
06:35:55,DOGE,0.1064,2.65,157010840.0,0.10841,0.10341,Y
06:35:55,SHIB,6.23e-06,1.3,7943875.0,6.38e-06,6.13e-06,
06:35:55,PEPE,3.88e-06,0.78,35922634.0,3.95e-06,3.8e-06,
06:35:55,FLOKI,3.206e-05,-0.56,2731900.0,3.284e-05,3.169e-05,
06:35:55,BONK,6.14e-06,-0.16,3923310.0,6.3e-06,6.08e-06,
06:35:55,WIF,0.183,2.23,7260123.0,0.191,0.177,
06:35:55,BOME,0.000521,3.99,1197998.0,0.000535,0.000496,
06:35:55,NEIRO,8.775e-05,0.47,2383328.0,9.111e-05,8.633e-05,
06:35:55,PENGU,0.009838,0.69,33007286.0,0.0102,0.00939,
06:36:55,DOGE,0.10623,2.66,157021423.0,0.10841,0.10341,Y
06:36:55,SHIB,6.22e-06,1.14,7959909.0,6.38e-06,6.13e-06,
06:36:55,PEPE,3.87e-06,0.52,36028354.0,3.95e-06,3.8e-06,
06:36:55,FLOKI,3.2e-05,-0.74,2733623.0,3.284e-05,3.169e-05,
06:36:55,BONK,6.13e-06,-0.33,3927673.0,6.3e-06,6.08e-06,
06:36:55,WIF,0.183,2.23,7288292.0,0.191,0.177,
06:36:55,BOME,0.00052,3.79,1198177.0,0.000535,0.000496,
06:36:55,NEIRO,8.756e-05,0.32,2383714.0,9.111e-05,8.633e-05,
06:36:55,PENGU,0.009812,0.37,33039982.0,0.0102,0.00939,
06:37:55,DOGE,0.10619,2.59,157004661.0,0.10841,0.10341,Y
06:37:55,SHIB,6.22e-06,1.3,7960144.0,6.38e-06,6.13e-06,
06:37:55,PEPE,3.87e-06,0.78,36159345.0,3.95e-06,3.8e-06,
06:37:55,FLOKI,3.196e-05,-0.96,2745822.0,3.284e-05,3.169e-05,
06:37:55,BONK,6.13e-06,-0.49,3928100.0,6.3e-06,6.08e-06,
06:37:55,WIF,0.182,1.68,7290551.0,0.191,0.177,
06:37:55,BOME,0.000519,3.59,1198705.0,0.000535,0.000496,
06:37:55,NEIRO,8.749e-05,0.2,2383815.0,9.111e-05,8.633e-05,
06:37:55,PENGU,0.009814,0.27,33046402.0,0.0102,0.00939,
06:38:55,DOGE,0.10622,2.52,157008984.0,0.10841,0.10341,Y
06:38:55,SHIB,6.21e-06,0.98,7960249.0,6.38e-06,6.13e-06,
06:38:55,PEPE,3.86e-06,0.26,36111471.0,3.95e-06,3.8e-06,
06:38:55,FLOKI,3.2e-05,-0.84,2747579.0,3.284e-05,3.169e-05,
06:38:55,BONK,6.13e-06,-0.49,3928116.0,6.3e-06,6.08e-06,
06:38:55,WIF,0.183,2.23,7290632.0,0.191,0.177,
06:38:55,BOME,0.00052,3.79,1198691.0,0.000535,0.000496,
06:38:55,NEIRO,8.751e-05,0.21,2383446.0,9.111e-05,8.633e-05,
06:38:55,PENGU,0.009829,0.49,33051028.0,0.0102,0.00939,
06:39:55,DOGE,0.10622,2.52,157033958.0,0.10841,0.10341,Y
06:39:55,SHIB,6.23e-06,1.3,7976847.0,6.38e-06,6.13e-06,
06:39:55,PEPE,3.86e-06,0.26,36108782.0,3.95e-06,3.8e-06,
06:39:55,FLOKI,3.201e-05,-0.78,2747649.0,3.284e-05,3.169e-05,
06:39:55,BONK,6.14e-06,-0.33,3928772.0,6.3e-06,6.08e-06,
06:39:55,WIF,0.183,2.23,7290632.0,0.191,0.177,
06:39:55,BOME,0.00052,3.79,1198690.0,0.000535,0.000496,
06:39:55,NEIRO,8.757e-05,0.29,2384056.0,9.111e-05,8.633e-05,
06:39:55,PENGU,0.009832,0.72,33049901.0,0.0102,0.00939,
06:40:55,DOGE,0.1062,2.56,157045624.0,0.10841,0.10341,Y
06:40:55,SHIB,6.23e-06,1.3,7979268.0,6.38e-06,6.13e-06,
06:40:55,PEPE,3.86e-06,0.0,36112193.0,3.95e-06,3.8e-06,
06:40:55,FLOKI,3.199e-05,-0.78,2748542.0,3.284e-05,3.169e-05,
06:40:55,BONK,6.14e-06,-0.33,3928570.0,6.3e-06,6.08e-06,
06:40:55,WIF,0.183,2.23,7290662.0,0.191,0.177,
06:40:55,BOME,0.00052,3.79,1198694.0,0.000535,0.000496,
06:40:55,NEIRO,8.757e-05,0.32,2384242.0,9.111e-05,8.633e-05,
06:40:55,PENGU,0.00983,0.8,33044020.0,0.0102,0.00939,
06:41:55,DOGE,0.10628,2.64,157141512.0,0.10841,0.10341,Y
06:41:55,SHIB,6.22e-06,1.14,7980050.0,6.38e-06,6.13e-06,
06:41:55,PEPE,3.87e-06,0.78,36055238.0,3.95e-06,3.8e-06,
06:41:55,FLOKI,3.201e-05,-0.74,2748695.0,3.284e-05,3.169e-05,
06:41:55,BONK,6.14e-06,-0.33,3928289.0,6.3e-06,6.08e-06,
06:41:55,WIF,0.183,2.23,7290662.0,0.191,0.177,
06:41:55,BOME,0.00052,3.79,1198659.0,0.000535,0.000496,
06:41:55,NEIRO,8.763e-05,0.35,2384242.0,9.111e-05,8.633e-05,
06:41:55,PENGU,0.009843,0.89,33044479.0,0.0102,0.00939,
06:42:55,DOGE,0.10624,2.66,157104904.0,0.10841,0.10341,Y
06:42:55,SHIB,6.23e-06,1.3,7979921.0,6.38e-06,6.13e-06,
06:42:55,PEPE,3.86e-06,0.26,36053806.0,3.95e-06,3.8e-06,
06:42:55,FLOKI,3.199e-05,-0.78,2748843.0,3.284e-05,3.169e-05,
06:42:55,BONK,6.14e-06,-0.16,3928146.0,6.3e-06,6.08e-06,
06:42:55,WIF,0.183,2.23,7290662.0,0.191,0.177,
06:42:55,BOME,0.000519,3.59,1198367.0,0.000535,0.000496,
06:42:55,NEIRO,8.765e-05,0.37,2383822.0,9.111e-05,8.633e-05,
06:42:55,PENGU,0.00984,0.89,33044523.0,0.0102,0.00939,
06:43:55,DOGE,0.10625,2.67,156958539.0,0.10841,0.10341,Y
06:43:55,SHIB,6.22e-06,1.14,7980913.0,6.38e-06,6.13e-06,
06:43:55,PEPE,3.86e-06,0.26,36095062.0,3.95e-06,3.8e-06,
06:43:55,FLOKI,3.2e-05,-0.74,2749525.0,3.284e-05,3.169e-05,
06:43:55,BONK,6.14e-06,-0.33,3928184.0,6.3e-06,6.08e-06,
06:43:55,WIF,0.183,2.23,7305070.0,0.191,0.177,
06:43:55,BOME,0.000519,3.59,1198329.0,0.000535,0.000496,
06:43:55,NEIRO,8.768e-05,0.32,2380569.0,9.111e-05,8.633e-05,
06:43:55,PENGU,0.00985,0.92,33043707.0,0.0102,0.00939,
06:44:55,DOGE,0.10627,2.77,156952508.0,0.10841,0.10341,Y
06:44:55,SHIB,6.22e-06,1.3,7981018.0,6.38e-06,6.13e-06,
06:44:55,PEPE,3.87e-06,0.52,36094719.0,3.95e-06,3.8e-06,
06:44:55,FLOKI,3.201e-05,-0.74,2749773.0,3.284e-05,3.169e-05,
06:44:55,BONK,6.14e-06,-0.16,3928182.0,6.3e-06,6.08e-06,
06:44:55,WIF,0.183,2.81,7314605.0,0.191,0.177,
06:44:55,BOME,0.00052,3.79,1198355.0,0.000535,0.000496,
06:44:55,NEIRO,8.768e-05,0.27,2380571.0,9.111e-05,8.633e-05,
06:44:55,PENGU,0.009851,0.93,33045271.0,0.0102,0.00939,
06:45:55,DOGE,0.1062,2.64,156937152.0,0.10841,0.10342,Y
06:45:55,SHIB,6.22e-06,1.14,8007301.0,6.38e-06,6.13e-06,
06:45:55,PEPE,3.87e-06,0.52,36093912.0,3.95e-06,3.8e-06,
06:45:55,FLOKI,3.2e-05,-0.78,2749962.0,3.284e-05,3.169e-05,
06:45:55,BONK,6.13e-06,-0.49,3928739.0,6.3e-06,6.08e-06,
06:45:55,WIF,0.183,2.81,7320363.0,0.191,0.177,
06:45:55,BOME,0.00052,3.79,1198163.0,0.000535,0.000496,
06:45:55,NEIRO,8.765e-05,0.16,2381566.0,9.111e-05,8.633e-05,
06:45:55,PENGU,0.009868,1.09,33064213.0,0.0102,0.00939,
06:46:55,DOGE,0.10618,2.51,156927346.0,0.10841,0.10342,Y
06:46:55,SHIB,6.22e-06,1.3,8007288.0,6.38e-06,6.13e-06,
06:46:55,PEPE,3.87e-06,0.26,36067658.0,3.95e-06,3.8e-06,
06:46:55,FLOKI,3.199e-05,-0.87,2749859.0,3.284e-05,3.169e-05,
06:46:55,BONK,6.14e-06,-0.33,3928766.0,6.3e-06,6.08e-06,
06:46:55,WIF,0.183,2.81,7320241.0,0.191,0.177,
06:46:55,BOME,0.00052,3.59,1196947.0,0.000535,0.000496,
06:46:55,NEIRO,8.765e-05,0.18,2381848.0,9.111e-05,8.633e-05,
06:46:55,PENGU,0.00986,0.98,33062830.0,0.0102,0.00939,
06:47:55,DOGE,0.10616,2.48,156931185.0,0.10841,0.10342,Y
06:47:55,SHIB,6.22e-06,1.3,8001610.0,6.38e-06,6.13e-06,
06:47:55,PEPE,3.86e-06,0.0,36037191.0,3.95e-06,3.8e-06,
06:47:55,FLOKI,3.197e-05,-0.87,2749113.0,3.284e-05,3.169e-05,
06:47:55,BONK,6.14e-06,-0.33,3925219.0,6.3e-06,6.08e-06,
06:47:55,WIF,0.183,2.81,7320241.0,0.191,0.177,
06:47:55,BOME,0.00052,3.59,1196947.0,0.000535,0.000496,
06:47:55,NEIRO,8.764e-05,0.28,2384970.0,9.111e-05,8.633e-05,
06:47:55,PENGU,0.009848,0.91,33065317.0,0.0102,0.00939,
06:48:55,DOGE,0.10613,2.51,156925002.0,0.10841,0.10342,Y
06:48:55,SHIB,6.22e-06,1.3,8017801.0,6.38e-06,6.13e-06,
06:48:55,PEPE,3.86e-06,0.26,36067241.0,3.95e-06,3.8e-06,
06:48:55,FLOKI,3.197e-05,-0.87,2749449.0,3.284e-05,3.169e-05,
06:48:55,BONK,6.12e-06,-0.65,3924771.0,6.3e-06,6.08e-06,
06:48:55,WIF,0.183,2.81,7320241.0,0.191,0.177,
06:48:55,BOME,0.00052,3.79,1196942.0,0.000535,0.000496,
06:48:55,NEIRO,8.764e-05,0.3,2387596.0,9.111e-05,8.633e-05,
06:48:55,PENGU,0.009849,0.92,33074503.0,0.0102,0.00939,
06:49:55,DOGE,0.10624,2.58,156935175.0,0.10841,0.10342,Y
06:49:55,SHIB,6.22e-06,1.14,8018293.0,6.38e-06,6.13e-06,
06:49:55,PEPE,3.86e-06,0.0,36152479.0,3.95e-06,3.8e-06,
06:49:55,FLOKI,3.198e-05,-0.93,2748353.0,3.284e-05,3.169e-05,
06:49:55,BONK,6.13e-06,-0.33,3924874.0,6.3e-06,6.08e-06,
06:49:55,WIF,0.183,2.81,7320241.0,0.191,0.177,
06:49:55,BOME,0.00052,3.59,1196664.0,0.000535,0.000496,
06:49:55,NEIRO,8.77e-05,0.25,2384944.0,9.111e-05,8.633e-05,
06:49:55,PENGU,0.009859,0.96,33083539.0,0.0102,0.00939,
06:50:55,DOGE,0.10629,2.68,156924169.0,0.10841,0.10342,Y
06:50:55,SHIB,6.22e-06,1.14,8018235.0,6.38e-06,6.13e-06,
06:50:55,PEPE,3.86e-06,0.0,36145426.0,3.95e-06,3.8e-06,
06:50:55,FLOKI,3.199e-05,-0.9,2748429.0,3.284e-05,3.169e-05,
06:50:55,BONK,6.14e-06,-0.33,3927425.0,6.3e-06,6.08e-06,
06:50:55,WIF,0.183,2.81,7320210.0,0.191,0.177,
06:50:55,BOME,0.000519,3.39,1196800.0,0.000535,0.000496,
06:50:55,NEIRO,8.774e-05,0.37,2385032.0,9.111e-05,8.633e-05,
06:50:55,PENGU,0.009871,1.25,33082093.0,0.0102,0.00939,
06:51:55,DOGE,0.1063,2.53,156837104.0,0.10841,0.10342,Y
06:51:55,SHIB,6.23e-06,1.3,8044377.0,6.38e-06,6.13e-06,
06:51:55,PEPE,3.86e-06,0.26,36143654.0,3.95e-06,3.8e-06,
06:51:55,FLOKI,3.198e-05,-0.99,2744642.0,3.284e-05,3.169e-05,
06:51:55,BONK,6.14e-06,-0.33,3921676.0,6.3e-06,6.08e-06,
06:51:55,WIF,0.183,2.81,7320383.0,0.191,0.177,
06:51:55,BOME,0.000519,3.39,1196800.0,0.000535,0.000496,
06:51:55,NEIRO,8.771e-05,0.24,2384954.0,9.111e-05,8.633e-05,
06:51:55,PENGU,0.00986,1.1,33082157.0,0.0102,0.00939,
06:52:55,DOGE,0.10627,2.49,156844003.0,0.10841,0.10342,Y
06:52:55,SHIB,6.23e-06,1.3,8045200.0,6.38e-06,6.13e-06,
06:52:55,PEPE,3.86e-06,0.0,36141251.0,3.95e-06,3.8e-06,
06:52:55,FLOKI,3.198e-05,-1.02,2745018.0,3.284e-05,3.169e-05,
06:52:55,BONK,6.13e-06,-0.65,3921547.0,6.3e-06,6.08e-06,
06:52:55,WIF,0.183,2.23,7320385.0,0.191,0.177,
06:52:55,BOME,0.000519,3.39,1196800.0,0.000535,0.000496,
06:52:55,NEIRO,8.766e-05,0.18,2385024.0,9.111e-05,8.633e-05,
06:52:55,PENGU,0.009853,1.0,33080549.0,0.0102,0.00939,
06:53:55,DOGE,0.10612,2.3,156784344.0,0.10841,0.10342,Y
06:53:55,SHIB,6.23e-06,1.3,8041095.0,6.38e-06,6.13e-06,
06:53:55,PEPE,3.85e-06,-0.26,36120232.0,3.95e-06,3.8e-06,
06:53:55,FLOKI,3.195e-05,-1.18,2745013.0,3.284e-05,3.169e-05,
06:53:55,BONK,6.13e-06,-0.65,3922088.0,6.3e-06,6.08e-06,
06:53:55,WIF,0.183,2.81,7320378.0,0.191,0.177,
06:53:55,BOME,0.000519,3.39,1192534.0,0.000535,0.000496,
06:53:55,NEIRO,8.768e-05,0.06,2382374.0,9.111e-05,8.633e-05,
06:53:55,PENGU,0.009819,0.6,33094839.0,0.0102,0.00939,
06:54:55,DOGE,0.10609,2.29,156769865.0,0.10841,0.10342,Y
06:54:55,SHIB,6.23e-06,1.3,8041257.0,6.38e-06,6.13e-06,
06:54:55,PEPE,3.85e-06,-0.26,36120164.0,3.95e-06,3.8e-06,
06:54:55,FLOKI,3.195e-05,-1.15,2744825.0,3.284e-05,3.169e-05,
06:54:55,BONK,6.13e-06,-0.49,3921992.0,6.3e-06,6.08e-06,
06:54:55,WIF,0.183,2.81,7322401.0,0.191,0.177,
06:54:55,BOME,0.000519,3.39,1192534.0,0.000535,0.000496,
06:54:55,NEIRO,8.771e-05,0.0,2382278.0,9.111e-05,8.633e-05,
06:54:55,PENGU,0.009822,0.7,33102877.0,0.0102,0.00939,
06:55:55,DOGE,0.10613,2.32,156783569.0,0.10841,0.10342,Y
06:55:55,SHIB,6.23e-06,1.3,8041735.0,6.38e-06,6.13e-06,
06:55:55,PEPE,3.85e-06,-0.26,36123628.0,3.95e-06,3.8e-06,
06:55:55,FLOKI,3.197e-05,-1.08,2745256.0,3.284e-05,3.169e-05,
06:55:55,BONK,6.13e-06,-0.65,3922340.0,6.3e-06,6.08e-06,
06:55:55,WIF,0.183,2.23,7322394.0,0.191,0.177,
06:55:55,BOME,0.000519,3.39,1189984.0,0.000535,0.000496,
06:55:55,NEIRO,8.777e-05,0.05,2382266.0,9.111e-05,8.633e-05,
06:55:55,PENGU,0.009839,0.91,33148160.0,0.0102,0.00939,
06:56:55,DOGE,0.10612,2.38,156745966.0,0.10841,0.10342,Y
06:56:55,SHIB,6.23e-06,1.14,8042376.0,6.38e-06,6.13e-06,
06:56:55,PEPE,3.86e-06,0.0,36119944.0,3.95e-06,3.8e-06,
06:56:55,FLOKI,3.197e-05,-1.08,2745060.0,3.284e-05,3.169e-05,
06:56:55,BONK,6.13e-06,-0.65,3922936.0,6.3e-06,6.08e-06,
06:56:55,WIF,0.183,2.81,7322387.0,0.191,0.177,
06:56:55,BOME,0.000519,3.39,1189327.0,0.000535,0.000496,
06:56:55,NEIRO,8.781e-05,0.19,2381988.0,9.111e-05,8.633e-05,
06:56:55,PENGU,0.009837,0.95,33150859.0,0.0102,0.00939,
06:57:55,DOGE,0.10605,2.37,156874907.0,0.10841,0.10342,Y
06:57:55,SHIB,6.23e-06,1.14,8042596.0,6.38e-06,6.13e-06,
06:57:55,PEPE,3.85e-06,-0.26,36120492.0,3.95e-06,3.8e-06,
06:57:55,FLOKI,3.196e-05,-1.08,2744968.0,3.284e-05,3.169e-05,
06:57:55,BONK,6.13e-06,-0.65,3922940.0,6.3e-06,6.08e-06,
06:57:55,WIF,0.183,2.81,7322387.0,0.191,0.177,
06:57:55,BOME,0.000519,3.59,1189691.0,0.000535,0.000496,
06:57:55,NEIRO,8.779e-05,0.2,2382643.0,9.111e-05,8.633e-05,
06:57:55,PENGU,0.009827,0.82,33148787.0,0.0102,0.00939,
06:58:55,DOGE,0.10604,2.37,156870783.0,0.10841,0.10342,Y
06:58:55,SHIB,6.23e-06,1.3,8025263.0,6.38e-06,6.13e-06,
06:58:55,PEPE,3.85e-06,0.0,36119045.0,3.95e-06,3.8e-06,
06:58:55,FLOKI,3.194e-05,-1.05,2744845.0,3.284e-05,3.169e-05,
06:58:55,BONK,6.13e-06,-0.33,3921935.0,6.3e-06,6.08e-06,
06:58:55,WIF,0.183,2.23,7322380.0,0.191,0.177,
06:58:55,BOME,0.000519,3.59,1189700.0,0.000535,0.000496,
06:58:55,NEIRO,8.781e-05,0.34,2382286.0,9.111e-05,8.633e-05,
06:58:55,PENGU,0.009843,1.19,33144205.0,0.0102,0.00939,
06:59:55,DOGE,0.10614,2.53,156662809.0,0.10841,0.10342,Y
06:59:55,SHIB,6.23e-06,1.3,8025266.0,6.38e-06,6.13e-06,
06:59:55,PEPE,3.85e-06,0.26,36059768.0,3.95e-06,3.8e-06,
06:59:55,FLOKI,3.197e-05,-0.87,2743230.0,3.284e-05,3.169e-05,
06:59:55,BONK,6.13e-06,-0.49,3923181.0,6.3e-06,6.08e-06,
06:59:55,WIF,0.183,2.81,7322373.0,0.191,0.177,
06:59:55,BOME,0.00052,3.79,1190223.0,0.000535,0.000496,
06:59:55,NEIRO,8.775e-05,0.41,2382700.0,9.111e-05,8.633e-05,
06:59:55,PENGU,0.009846,1.46,33103259.0,0.0102,0.00939,
07:00:55,DOGE,0.10629,2.61,156641007.0,0.10841,0.10342,Y
07:00:55,SHIB,6.22e-06,1.3,8027504.0,6.38e-06,6.13e-06,
07:00:55,PEPE,3.85e-06,0.0,36184868.0,3.95e-06,3.8e-06,
07:00:55,FLOKI,3.198e-05,-0.81,2743107.0,3.284e-05,3.169e-05,
07:00:55,BONK,6.14e-06,-0.16,3923418.0,6.3e-06,6.08e-06,
07:00:55,WIF,0.183,2.81,7321427.0,0.191,0.177,
07:00:55,BOME,0.00052,3.79,1190305.0,0.000535,0.000496,
07:00:55,NEIRO,8.787e-05,0.64,2382478.0,9.111e-05,8.633e-05,
07:00:55,PENGU,0.009856,1.82,33082804.0,0.0102,0.00939,
07:01:55,DOGE,0.1063,2.58,156553328.0,0.10841,0.10342,Y
07:01:55,SHIB,6.23e-06,1.3,8029624.0,6.38e-06,6.13e-06,
07:01:55,PEPE,3.86e-06,0.52,36162703.0,3.95e-06,3.8e-06,
07:01:55,FLOKI,3.198e-05,-0.9,2742220.0,3.284e-05,3.169e-05,
07:01:55,BONK,6.14e-06,-0.33,3923441.0,6.3e-06,6.08e-06,
07:01:55,WIF,0.182,2.25,7323443.0,0.191,0.177,
07:01:55,BOME,0.00052,3.79,1189911.0,0.000535,0.000496,
07:01:55,NEIRO,8.781e-05,0.65,2382879.0,9.111e-05,8.633e-05,
07:01:55,PENGU,0.009835,1.56,33056118.0,0.0102,0.00939,
07:02:55,DOGE,0.10634,2.5,156541300.0,0.10841,0.10342,Y
07:02:55,SHIB,6.23e-06,1.3,8029936.0,6.38e-06,6.13e-06,
07:02:55,PEPE,3.85e-06,0.0,36164808.0,3.95e-06,3.8e-06,
07:02:55,FLOKI,3.198e-05,-0.93,2742510.0,3.284e-05,3.169e-05,
07:02:55,BONK,6.13e-06,-0.49,3923469.0,6.3e-06,6.08e-06,
07:02:55,WIF,0.182,2.25,7323645.0,0.191,0.177,
07:02:55,BOME,0.000521,3.99,1192558.0,0.000535,0.000496,
07:02:55,NEIRO,8.8e-05,0.81,2384682.0,9.111e-05,8.633e-05,
07:02:55,PENGU,0.009838,1.67,32938359.0,0.0102,0.00939,
07:03:55,DOGE,0.10633,2.62,156442997.0,0.10841,0.10342,Y
07:03:55,SHIB,6.23e-06,1.3,8030245.0,6.38e-06,6.13e-06,
07:03:55,PEPE,3.86e-06,0.26,36166094.0,3.95e-06,3.8e-06,
07:03:55,FLOKI,3.199e-05,-0.84,2741905.0,3.284e-05,3.169e-05,
07:03:55,BONK,6.13e-06,-0.49,3922158.0,6.3e-06,6.08e-06,
07:03:55,WIF,0.182,2.25,7323645.0,0.191,0.177,
07:03:55,BOME,0.000521,4.2,1191997.0,0.000535,0.000496,
07:03:55,NEIRO,8.8e-05,0.99,2384625.0,9.111e-05,8.633e-05,
07:03:55,PENGU,0.009837,1.74,32926029.0,0.0102,0.00939,
07:04:55,DOGE,0.10624,2.65,156431670.0,0.10841,0.10342,Y
07:04:55,SHIB,6.23e-06,1.47,8030210.0,6.38e-06,6.13e-06,
07:04:55,PEPE,3.85e-06,0.0,36154502.0,3.95e-06,3.8e-06,
07:04:55,FLOKI,3.197e-05,-0.84,2742303.0,3.284e-05,3.169e-05,
07:04:55,BONK,6.13e-06,-0.33,3922536.0,6.3e-06,6.08e-06,
07:04:55,WIF,0.182,2.25,7323202.0,0.191,0.177,
07:04:55,BOME,0.00052,4.0,1193087.0,0.000535,0.000496,
07:04:55,NEIRO,8.805e-05,1.1,2391851.0,9.111e-05,8.633e-05,
07:04:55,PENGU,0.009823,1.6,32917360.0,0.0102,0.00939,
07:05:55,DOGE,0.10627,2.66,156327578.0,0.10841,0.10345,Y
07:05:55,SHIB,6.23e-06,1.47,8029993.0,6.38e-06,6.13e-06,
07:05:55,PEPE,3.86e-06,0.26,36240771.0,3.95e-06,3.8e-06,
07:05:55,FLOKI,3.199e-05,-0.71,2742144.0,3.284e-05,3.169e-05,
07:05:55,BONK,6.13e-06,-0.33,3911814.0,6.3e-06,6.08e-06,
07:05:55,WIF,0.182,2.25,7318439.0,0.191,0.177,
07:05:55,BOME,0.000522,4.4,1195165.0,0.000535,0.000496,
07:05:55,NEIRO,8.818e-05,1.31,2390729.0,9.111e-05,8.633e-05,
07:05:55,PENGU,0.009824,1.68,32918164.0,0.0102,0.00939,
07:06:55,DOGE,0.1063,2.69,156264899.0,0.10841,0.10347,Y
07:06:55,SHIB,6.22e-06,1.14,8029720.0,6.38e-06,6.13e-06,
07:06:55,PEPE,3.86e-06,0.26,36253078.0,3.95e-06,3.8e-06,
07:06:55,FLOKI,3.199e-05,-0.81,2740633.0,3.284e-05,3.169e-05,
07:06:55,BONK,6.14e-06,-0.16,3911652.0,6.3e-06,6.08e-06,
07:06:55,WIF,0.182,2.25,7315826.0,0.191,0.177,
07:06:55,BOME,0.000521,4.2,1193091.0,0.000535,0.000496,
07:06:55,NEIRO,8.801e-05,1.02,2390745.0,9.111e-05,8.633e-05,
07:06:55,PENGU,0.009819,1.5,32914485.0,0.0102,0.00939,
07:07:55,DOGE,0.10627,2.67,156266474.0,0.10841,0.10347,Y
07:07:55,SHIB,6.22e-06,1.3,8029808.0,6.38e-06,6.13e-06,
07:07:55,PEPE,3.85e-06,0.26,36256880.0,3.95e-06,3.8e-06,
07:07:55,FLOKI,3.199e-05,-0.78,2741025.0,3.284e-05,3.169e-05,
07:07:55,BONK,6.13e-06,-0.33,3911657.0,6.3e-06,6.08e-06,
07:07:55,WIF,0.183,2.81,7307960.0,0.191,0.177,
07:07:55,BOME,0.00052,4.0,1202814.0,0.000535,0.000496,
07:07:55,NEIRO,8.803e-05,1.06,2390442.0,9.111e-05,8.633e-05,
07:07:55,PENGU,0.009815,1.51,32910484.0,0.0102,0.00939,
07:08:55,DOGE,0.10627,2.64,156258569.0,0.10841,0.10347,Y
07:08:55,SHIB,6.22e-06,1.14,8029799.0,6.38e-06,6.13e-06,
07:08:55,PEPE,3.85e-06,0.0,36257095.0,3.95e-06,3.8e-06,
07:08:55,FLOKI,3.199e-05,-0.78,2741068.0,3.284e-05,3.169e-05,
07:08:55,BONK,6.14e-06,-0.16,3906111.0,6.3e-06,6.08e-06,
07:08:55,WIF,0.183,2.81,7295099.0,0.191,0.177,
07:08:55,BOME,0.00052,4.0,1202802.0,0.000535,0.000496,
07:08:55,NEIRO,8.803e-05,1.08,2390476.0,9.111e-05,8.633e-05,
07:08:55,PENGU,0.009814,1.51,32902777.0,0.0102,0.00939,
07:09:55,DOGE,0.10621,2.49,156276297.0,0.10841,0.10347,Y
07:09:55,SHIB,6.23e-06,1.3,8029834.0,6.38e-06,6.13e-06,
07:09:55,PEPE,3.85e-06,0.26,36267007.0,3.95e-06,3.8e-06,
07:09:55,FLOKI,3.196e-05,-0.9,2739887.0,3.284e-05,3.169e-05,
07:09:55,BONK,6.14e-06,-0.33,3906104.0,6.3e-06,6.08e-06,
07:09:55,WIF,0.183,2.81,7295171.0,0.191,0.177,
07:09:55,BOME,0.00052,4.0,1202480.0,0.000535,0.000496,
07:09:55,NEIRO,8.802e-05,0.91,2398786.0,9.111e-05,8.633e-05,
07:09:55,PENGU,0.009832,1.75,32902317.0,0.0102,0.00939,
07:10:55,DOGE,0.10615,2.41,156279900.0,0.10841,0.10347,Y
07:10:55,SHIB,6.22e-06,1.3,8053989.0,6.38e-06,6.13e-06,
07:10:55,PEPE,3.85e-06,0.0,36442803.0,3.95e-06,3.8e-06,
07:10:55,FLOKI,3.193e-05,-0.99,2739908.0,3.284e-05,3.169e-05,
07:10:55,BONK,6.13e-06,-0.33,3907988.0,6.3e-06,6.08e-06,
07:10:55,WIF,0.183,2.81,7295188.0,0.191,0.177,
07:10:55,BOME,0.000518,3.39,1202800.0,0.000535,0.000496,
07:10:55,NEIRO,8.789e-05,0.74,2399796.0,9.111e-05,8.633e-05,
07:10:55,PENGU,0.009817,1.52,32919326.0,0.0102,0.00939,
07:11:55,DOGE,0.10612,2.25,156143355.0,0.10841,0.10347,Y
07:11:55,SHIB,6.22e-06,1.14,8053851.0,6.38e-06,6.13e-06,
07:11:55,PEPE,3.86e-06,0.26,36452544.0,3.95e-06,3.8e-06,
07:11:55,FLOKI,3.193e-05,-0.99,2738340.0,3.284e-05,3.169e-05,
07:11:55,BONK,6.13e-06,-0.49,3898241.0,6.3e-06,6.08e-06,
07:11:55,WIF,0.183,2.23,7285095.0,0.191,0.177,
07:11:55,BOME,0.000518,3.39,1202800.0,0.000535,0.000496,
07:11:55,NEIRO,8.793e-05,0.66,2399226.0,9.111e-05,8.633e-05,
07:11:55,PENGU,0.009816,1.41,32922766.0,0.0102,0.00939,
07:12:55,DOGE,0.10616,2.24,156123194.0,0.10841,0.10347,Y
07:12:55,SHIB,6.23e-06,1.14,8032654.0,6.38e-06,6.13e-06,
07:12:55,PEPE,3.85e-06,0.0,36461639.0,3.95e-06,3.8e-06,
07:12:55,FLOKI,3.196e-05,-0.96,2737026.0,3.284e-05,3.169e-05,
07:12:55,BONK,6.13e-06,-0.65,3898101.0,6.3e-06,6.08e-06,
07:12:55,WIF,0.183,2.23,7285095.0,0.191,0.177,
07:12:55,BOME,0.000518,3.39,1202800.0,0.000535,0.000496,
07:12:55,NEIRO,8.81e-05,0.84,2405957.0,9.111e-05,8.633e-05,
07:12:55,PENGU,0.009919,2.38,33710700.0,0.0102,0.00939,
07:13:55,DOGE,0.10613,2.15,156109048.0,0.10841,0.10347,Y
07:13:55,SHIB,6.23e-06,1.14,8033242.0,6.38e-06,6.13e-06,
07:13:55,PEPE,3.86e-06,0.26,36402125.0,3.95e-06,3.8e-06,
07:13:55,FLOKI,3.197e-05,-0.9,2735521.0,3.284e-05,3.169e-05,
07:13:55,BONK,6.13e-06,-0.49,3898239.0,6.3e-06,6.08e-06,
07:13:55,WIF,0.183,2.23,7285095.0,0.191,0.177,
07:13:55,BOME,0.000518,3.39,1202313.0,0.000535,0.000496,
07:13:55,NEIRO,8.812e-05,0.76,2406161.0,9.111e-05,8.633e-05,
07:13:55,PENGU,0.009943,2.63,33833340.0,0.0102,0.00939,
07:14:55,DOGE,0.10615,2.27,156067053.0,0.10841,0.10347,Y
07:14:55,SHIB,6.23e-06,1.3,8031946.0,6.38e-06,6.13e-06,
07:14:55,PEPE,3.86e-06,0.26,36401812.0,3.95e-06,3.8e-06,
07:14:55,FLOKI,3.197e-05,-0.87,2734723.0,3.284e-05,3.169e-05,
07:14:55,BONK,6.13e-06,-0.65,3898131.0,6.3e-06,6.08e-06,
07:14:55,WIF,0.183,2.23,7285095.0,0.191,0.177,
07:14:55,BOME,0.000519,3.59,1202559.0,0.000535,0.000496,
07:14:55,NEIRO,8.845e-05,1.19,2446315.0,9.111e-05,8.633e-05,
07:14:55,PENGU,0.009943,2.72,33836884.0,0.0102,0.00939,
07:15:55,DOGE,0.10613,2.32,156019255.0,0.10841,0.10347,Y
07:15:55,SHIB,6.22e-06,0.97,8031840.0,6.38e-06,6.13e-06,
07:15:55,PEPE,3.85e-06,-0.26,36394374.0,3.95e-06,3.8e-06,
07:15:55,FLOKI,3.196e-05,-0.81,2733957.0,3.284e-05,3.169e-05,
07:15:55,BONK,6.14e-06,-0.49,3897844.0,6.3e-06,6.08e-06,
07:15:55,WIF,0.183,2.81,7284681.0,0.191,0.177,
07:15:55,BOME,0.00052,3.79,1201374.0,0.000535,0.000496,
07:15:55,NEIRO,8.846e-05,1.25,2490645.0,9.111e-05,8.633e-05,
07:15:55,PENGU,0.009917,2.55,33873075.0,0.0102,0.00939,
07:16:56,DOGE,0.10626,2.5,156023526.0,0.10841,0.10347,Y
07:16:56,SHIB,6.22e-06,1.14,8031787.0,6.38e-06,6.13e-06,
07:16:56,PEPE,3.86e-06,0.26,36425522.0,3.95e-06,3.8e-06,
07:16:56,FLOKI,3.197e-05,-0.71,2734329.0,3.284e-05,3.169e-05,
07:16:56,BONK,6.14e-06,-0.33,3899577.0,6.3e-06,6.08e-06,
07:16:56,WIF,0.183,2.23,7283818.0,0.191,0.177,
07:16:56,BOME,0.00052,3.79,1201404.0,0.000535,0.000496,
07:16:56,NEIRO,8.85e-05,1.35,2491562.0,9.111e-05,8.633e-05,
07:16:56,PENGU,0.009912,2.67,33871495.0,0.0102,0.00939,
07:17:55,DOGE,0.10623,2.43,156020416.0,0.10841,0.10347,Y
07:17:55,SHIB,6.22e-06,1.14,8031900.0,6.38e-06,6.13e-06,
07:17:55,PEPE,3.85e-06,0.0,36449655.0,3.95e-06,3.8e-06,
07:17:55,FLOKI,3.197e-05,-0.71,2731788.0,3.284e-05,3.169e-05,
07:17:55,BONK,6.15e-06,-0.16,3899344.0,6.3e-06,6.08e-06,
07:17:55,WIF,0.183,2.81,7282484.0,0.191,0.177,
07:17:55,BOME,0.00052,3.79,1201391.0,0.000535,0.000496,
07:17:55,NEIRO,8.85e-05,1.42,2491853.0,9.111e-05,8.633e-05,
07:17:55,PENGU,0.009894,2.39,33884999.0,0.0102,0.00939,
07:18:55,DOGE,0.10623,2.54,156010354.0,0.10841,0.10347,Y
07:18:55,SHIB,6.22e-06,1.3,7992255.0,6.38e-06,6.13e-06,
07:18:55,PEPE,3.85e-06,0.0,36468827.0,3.95e-06,3.8e-06,
07:18:55,FLOKI,3.198e-05,-0.53,2731383.0,3.284e-05,3.169e-05,
07:18:55,BONK,6.15e-06,0.0,3900594.0,6.3e-06,6.08e-06,
07:18:55,WIF,0.183,2.81,7278844.0,0.191,0.177,
07:18:55,BOME,0.00052,4.0,1198916.0,0.000535,0.000496,
07:18:55,NEIRO,8.852e-05,1.65,2491935.0,9.111e-05,8.633e-05,
07:18:55,PENGU,0.009905,2.5,33884877.0,0.0102,0.00939,
07:19:55,DOGE,0.10625,2.56,156008150.0,0.10841,0.10347,Y
07:19:55,SHIB,6.23e-06,1.3,7991572.0,6.38e-06,6.13e-06,
07:19:55,PEPE,3.86e-06,0.26,36479187.0,3.95e-06,3.8e-06,
07:19:55,FLOKI,3.199e-05,-0.5,2731660.0,3.284e-05,3.169e-05,
07:19:55,BONK,6.15e-06,-0.16,3900588.0,6.3e-06,6.08e-06,
07:19:55,WIF,0.183,2.81,7278287.0,0.191,0.177,
07:19:55,BOME,0.00052,4.0,1199417.0,0.000535,0.000496,
07:19:55,NEIRO,8.86e-05,1.73,2492194.0,9.111e-05,8.633e-05,
07:19:55,PENGU,0.009902,2.47,33900946.0,0.0102,0.00939,
07:20:55,DOGE,0.10626,2.62,155861783.0,0.10841,0.10347,Y
07:20:55,SHIB,6.22e-06,1.3,7989918.0,6.38e-06,6.13e-06,
07:20:55,PEPE,3.86e-06,0.26,36465631.0,3.95e-06,3.8e-06,
07:20:55,FLOKI,3.2e-05,-0.41,2731782.0,3.284e-05,3.169e-05,
07:20:55,BONK,6.15e-06,-0.16,3893153.0,6.3e-06,6.08e-06,
07:20:55,WIF,0.183,2.81,7292619.0,0.191,0.177,
07:20:55,BOME,0.000521,4.2,1199398.0,0.000535,0.000496,
07:20:55,NEIRO,8.862e-05,1.81,2492626.0,9.111e-05,8.633e-05,
07:20:55,PENGU,0.009933,3.04,33923934.0,0.0102,0.00939,
07:21:55,DOGE,0.10628,2.55,155738222.0,0.10841,0.10347,Y
07:21:55,SHIB,6.23e-06,1.3,7989674.0,6.38e-06,6.13e-06,
07:21:55,PEPE,3.87e-06,0.52,36463079.0,3.95e-06,3.8e-06,
07:21:55,FLOKI,3.2e-05,-0.37,2730440.0,3.284e-05,3.169e-05,
07:21:55,BONK,6.15e-06,-0.16,3893303.0,6.3e-06,6.08e-06,
07:21:55,WIF,0.183,2.81,7301874.0,0.191,0.177,
07:21:55,BOME,0.000521,4.2,1199398.0,0.000535,0.000496,
07:21:55,NEIRO,8.862e-05,1.83,2492435.0,9.111e-05,8.633e-05,
07:21:55,PENGU,0.009909,2.69,33935530.0,0.0102,0.00939,
07:22:55,DOGE,0.10626,2.64,155733629.0,0.10841,0.10347,Y
07:22:55,SHIB,6.22e-06,1.47,7940556.0,6.38e-06,6.13e-06,
07:22:55,PEPE,3.86e-06,0.78,36390003.0,3.95e-06,3.8e-06,
07:22:55,FLOKI,3.2e-05,-0.31,2726929.0,3.284e-05,3.169e-05,
07:22:55,BONK,6.14e-06,-0.16,3873555.0,6.3e-06,6.08e-06,
07:22:55,WIF,0.183,2.81,7301451.0,0.191,0.177,
07:22:55,BOME,0.000521,4.2,1199142.0,0.000535,0.000496,
07:22:55,NEIRO,8.852e-05,1.86,2490441.0,9.111e-05,8.633e-05,
07:22:55,PENGU,0.00991,2.85,33935064.0,0.0102,0.00939,
07:23:55,DOGE,0.10626,2.62,155722483.0,0.10841,0.10348,Y
07:23:55,SHIB,6.23e-06,1.47,7940363.0,6.38e-06,6.13e-06,
07:23:55,PEPE,3.86e-06,0.78,36364225.0,3.95e-06,3.8e-06,
07:23:55,FLOKI,3.2e-05,-0.28,2722390.0,3.284e-05,3.169e-05,
07:23:55,BONK,6.14e-06,-0.16,3873363.0,6.3e-06,6.08e-06,
07:23:55,WIF,0.183,2.81,7301451.0,0.191,0.177,
07:23:55,BOME,0.000521,4.2,1199141.0,0.000535,0.000496,
07:23:55,NEIRO,8.861e-05,1.98,2490396.0,9.111e-05,8.633e-05,
07:23:55,PENGU,0.009906,2.81,33921345.0,0.0102,0.00939,
07:24:55,DOGE,0.10631,2.67,155698679.0,0.10841,0.10348,Y
07:24:55,SHIB,6.23e-06,1.47,7940081.0,6.38e-06,6.13e-06,
07:24:55,PEPE,3.87e-06,1.04,36361825.0,3.95e-06,3.8e-06,
07:24:55,FLOKI,3.2e-05,-0.25,2722245.0,3.284e-05,3.169e-05,
07:24:55,BONK,6.15e-06,0.16,3873066.0,6.3e-06,6.08e-06,
07:24:55,WIF,0.182,2.25,7301457.0,0.191,0.177,
07:24:55,BOME,0.000521,4.2,1199056.0,0.000535,0.000496,
07:24:55,NEIRO,8.858e-05,1.98,2490634.0,9.111e-05,8.633e-05,
07:24:55,PENGU,0.009907,2.88,33919647.0,0.0102,0.00939,
07:25:55,DOGE,0.10629,2.54,155709393.0,0.10841,0.10348,Y
07:25:55,SHIB,6.22e-06,1.47,7944800.0,6.38e-06,6.13e-06,
07:25:55,PEPE,3.87e-06,0.78,36355745.0,3.95e-06,3.8e-06,
07:25:55,FLOKI,3.199e-05,-0.41,2717670.0,3.284e-05,3.169e-05,
07:25:55,BONK,6.15e-06,0.0,3872977.0,6.3e-06,6.08e-06,
07:25:55,WIF,0.183,3.39,7300915.0,0.191,0.177,
07:25:55,BOME,0.000521,4.2,1199053.0,0.000535,0.000496,
07:25:55,NEIRO,8.847e-05,1.9,2489853.0,9.111e-05,8.633e-05,
07:25:55,PENGU,0.009915,2.85,33927218.0,0.0102,0.00939,
07:26:55,DOGE,0.10629,2.53,155674786.0,0.10841,0.10348,Y
07:26:55,SHIB,6.22e-06,1.47,7929479.0,6.38e-06,6.13e-06,
07:26:55,PEPE,3.87e-06,0.78,36360052.0,3.95e-06,3.8e-06,
07:26:55,FLOKI,3.199e-05,-0.47,2717255.0,3.284e-05,3.169e-05,
07:26:55,BONK,6.15e-06,-0.16,3870640.0,6.3e-06,6.08e-06,
07:26:55,WIF,0.183,3.39,7300915.0,0.191,0.177,
07:26:55,BOME,0.000521,3.99,1199020.0,0.000535,0.000496,
07:26:55,NEIRO,8.856e-05,1.99,2490031.0,9.111e-05,8.633e-05,
07:26:55,PENGU,0.00991,2.64,33930606.0,0.0102,0.00939,
07:27:55,DOGE,0.10627,2.48,155592116.0,0.10841,0.10348,Y
07:27:55,SHIB,6.22e-06,1.47,7926248.0,6.38e-06,6.13e-06,
07:27:55,PEPE,3.87e-06,0.78,36353942.0,3.95e-06,3.8e-06,
07:27:55,FLOKI,3.198e-05,-0.5,2718224.0,3.284e-05,3.169e-05,
07:27:55,BONK,6.15e-06,0.0,3870484.0,6.3e-06,6.08e-06,
07:27:55,WIF,0.183,3.39,7301102.0,0.191,0.177,
07:27:55,BOME,0.000521,3.99,1199327.0,0.000535,0.000496,
07:27:55,NEIRO,8.852e-05,1.98,2487261.0,9.111e-05,8.633e-05,
07:27:55,PENGU,0.009916,2.7,33930049.0,0.0102,0.00939,
07:28:55,DOGE,0.10631,2.6,155554364.0,0.10841,0.10348,Y
07:28:55,SHIB,6.22e-06,1.3,7915082.0,6.38e-06,6.13e-06,
07:28:55,PEPE,3.86e-06,0.78,36187094.0,3.95e-06,3.8e-06,
07:28:55,FLOKI,3.198e-05,-0.47,2717086.0,3.284e-05,3.169e-05,
07:28:55,BONK,6.15e-06,-0.16,3869375.0,6.3e-06,6.08e-06,
07:28:55,WIF,0.183,3.39,7303567.0,0.191,0.177,
07:28:55,BOME,0.000521,4.2,1199190.0,0.000535,0.000496,
07:28:55,NEIRO,8.86e-05,2.14,2487281.0,9.111e-05,8.633e-05,
07:28:55,PENGU,0.009933,2.99,33903680.0,0.0102,0.00939,
07:29:55,DOGE,0.10641,2.69,155581513.0,0.10841,0.10348,Y
07:29:55,SHIB,6.23e-06,1.3,7912418.0,6.38e-06,6.13e-06,
07:29:55,PEPE,3.87e-06,1.04,36189133.0,3.95e-06,3.8e-06,
07:29:55,FLOKI,3.199e-05,-0.44,2716244.0,3.284e-05,3.169e-05,
07:29:55,BONK,6.15e-06,0.0,3863492.0,6.3e-06,6.08e-06,
07:29:55,WIF,0.184,3.96,7322051.0,0.191,0.177,
07:29:55,BOME,0.000521,4.2,1199185.0,0.000535,0.000496,
07:29:55,NEIRO,8.867e-05,2.19,2487020.0,9.111e-05,8.633e-05,
07:29:55,PENGU,0.009944,3.05,33906881.0,0.0102,0.00939,
07:30:55,DOGE,0.10641,2.68,155564881.0,0.10841,0.10348,Y
07:30:55,SHIB,6.23e-06,1.3,7912424.0,6.38e-06,6.13e-06,
07:30:55,PEPE,3.88e-06,1.04,36207163.0,3.95e-06,3.8e-06,
07:30:55,FLOKI,3.208e-05,-0.22,2720708.0,3.284e-05,3.169e-05,
07:30:55,BONK,6.15e-06,-0.16,3867206.0,6.3e-06,6.08e-06,
07:30:55,WIF,0.183,3.39,7322060.0,0.191,0.177,
07:30:55,BOME,0.000522,4.4,1199304.0,0.000535,0.000496,
07:30:55,NEIRO,8.892e-05,2.43,2488036.0,9.111e-05,8.633e-05,
07:30:55,PENGU,0.009984,3.43,33975412.0,0.0102,0.00939,
07:31:55,DOGE,0.10638,2.77,155607729.0,0.10841,0.10348,Y
07:31:55,SHIB,6.24e-06,1.63,7926196.0,6.38e-06,6.13e-06,
07:31:55,PEPE,3.87e-06,0.78,36175669.0,3.95e-06,3.8e-06,
07:31:55,FLOKI,3.212e-05,-0.03,2724474.0,3.284e-05,3.169e-05,
07:31:55,BONK,6.17e-06,0.33,3873023.0,6.3e-06,6.08e-06,
07:31:55,WIF,0.183,3.39,7322060.0,0.191,0.177,
07:31:55,BOME,0.000523,4.6,1200210.0,0.000535,0.000496,
07:31:55,NEIRO,8.89e-05,2.48,2489971.0,9.111e-05,8.633e-05,
07:31:55,PENGU,0.010009,3.72,33992743.0,0.0102,0.00939,
07:32:55,DOGE,0.10638,2.78,155602551.0,0.10841,0.1035,Y
07:32:55,SHIB,6.23e-06,1.3,7898239.0,6.38e-06,6.14e-06,
07:32:55,PEPE,3.87e-06,1.04,36179806.0,3.95e-06,3.8e-06,
07:32:55,FLOKI,3.215e-05,0.06,2726403.0,3.284e-05,3.169e-05,
07:32:55,BONK,6.17e-06,0.33,3873844.0,6.3e-06,6.08e-06,
07:32:55,WIF,0.183,3.39,7322060.0,0.191,0.177,
07:32:55,BOME,0.000522,4.19,1200570.0,0.000535,0.000496,
07:32:55,NEIRO,8.885e-05,2.3,2490188.0,9.111e-05,8.633e-05,
07:32:55,PENGU,0.009998,3.51,34045349.0,0.0102,0.00939,
07:33:55,DOGE,0.10646,2.81,155584944.0,0.10841,0.10352,Y
07:33:55,SHIB,6.24e-06,1.46,7897384.0,6.38e-06,6.14e-06,
07:33:55,PEPE,3.88e-06,1.04,36181191.0,3.95e-06,3.8e-06,
07:33:55,FLOKI,3.215e-05,-0.03,2730891.0,3.284e-05,3.169e-05,
07:33:55,BONK,6.17e-06,0.16,3874025.0,6.3e-06,6.08e-06,
07:33:55,WIF,0.183,3.39,7322060.0,0.191,0.177,
07:33:55,BOME,0.000523,4.39,1200740.0,0.000535,0.000496,
07:33:55,NEIRO,8.87e-05,1.95,2491156.0,9.111e-05,8.633e-05,
07:33:55,PENGU,0.009989,3.29,34053503.0,0.0102,0.00939,
07:34:55,DOGE,0.10647,2.76,155630570.0,0.10841,0.10352,Y
07:34:55,SHIB,6.23e-06,1.47,7909960.0,6.38e-06,6.14e-06,
07:34:55,PEPE,3.88e-06,1.3,36373999.0,3.95e-06,3.8e-06,
07:34:55,FLOKI,3.212e-05,-0.15,2732105.0,3.284e-05,3.169e-05,
07:34:55,BONK,6.17e-06,0.16,3877637.0,6.3e-06,6.08e-06,
07:34:55,WIF,0.183,3.39,7322060.0,0.191,0.177,
07:34:55,BOME,0.000522,4.19,1200668.0,0.000535,0.000496,
07:34:55,NEIRO,8.843e-05,1.58,2493166.0,9.111e-05,8.633e-05,
07:34:55,PENGU,0.00999,3.22,34058940.0,0.0102,0.00939,
07:35:55,DOGE,0.10638,2.71,155712920.0,0.10841,0.10356,Y
07:35:55,SHIB,6.24e-06,1.63,7907975.0,6.38e-06,6.14e-06,
07:35:55,PEPE,3.88e-06,1.3,36368853.0,3.95e-06,3.8e-06,
07:35:55,FLOKI,3.208e-05,-0.25,2734080.0,3.284e-05,3.169e-05,
07:35:55,BONK,6.16e-06,0.0,3894073.0,6.3e-06,6.08e-06,
07:35:55,WIF,0.183,3.39,7322060.0,0.191,0.177,
07:35:55,BOME,0.000521,3.99,1201632.0,0.000535,0.000496,
07:35:55,NEIRO,8.832e-05,1.45,2494222.0,9.111e-05,8.633e-05,
07:35:55,PENGU,0.009984,3.13,34084060.0,0.0102,0.00939,
07:36:55,DOGE,0.10641,2.69,155742691.0,0.10841,0.10359,Y
07:36:55,SHIB,6.24e-06,1.46,7908148.0,6.38e-06,6.14e-06,
07:36:55,PEPE,3.88e-06,1.3,36366835.0,3.95e-06,3.8e-06,
07:36:55,FLOKI,3.209e-05,-0.25,2734095.0,3.284e-05,3.169e-05,
07:36:55,BONK,6.16e-06,0.0,3896731.0,6.3e-06,6.08e-06,
07:36:55,WIF,0.183,2.81,7322048.0,0.191,0.177,
07:36:55,BOME,0.000521,3.99,1201632.0,0.000535,0.000496,
07:36:55,NEIRO,8.834e-05,1.49,2494573.0,9.111e-05,8.633e-05,
07:36:55,PENGU,0.009988,3.15,34094365.0,0.0102,0.00939,
07:38:55,DOGE,0.1064,2.53,155630815.0,0.10841,0.10376,Y
07:38:55,SHIB,6.23e-06,1.3,7900705.0,6.38e-06,6.14e-06,
07:38:55,PEPE,3.87e-06,0.52,36353123.0,3.95e-06,3.8e-06,
07:38:55,FLOKI,3.211e-05,-0.31,2739548.0,3.284e-05,3.169e-05,
07:38:55,BONK,6.17e-06,0.16,3896624.0,6.3e-06,6.08e-06,
07:38:55,WIF,0.183,2.81,7322013.0,0.191,0.177,
07:38:55,BOME,0.000521,3.79,1201407.0,0.000535,0.000496,
07:38:55,NEIRO,8.825e-05,1.25,2494111.0,9.111e-05,8.633e-05,
07:38:55,PENGU,0.010005,3.11,34134789.0,0.0102,0.00939,
07:39:55,DOGE,0.10649,2.52,155633302.0,0.10841,0.1038,Y
07:39:55,SHIB,6.24e-06,1.46,7903284.0,6.38e-06,6.14e-06,
07:39:55,PEPE,3.87e-06,0.78,36352525.0,3.95e-06,3.8e-06,
07:39:55,FLOKI,3.211e-05,-0.4,2739006.0,3.284e-05,3.169e-05,
07:39:55,BONK,6.16e-06,-0.16,3896466.0,6.3e-06,6.08e-06,
07:39:55,WIF,0.183,2.23,7314569.0,0.191,0.177,
07:39:55,BOME,0.000521,3.79,1201429.0,0.000535,0.000496,
07:39:55,NEIRO,8.825e-05,1.17,2494427.0,9.111e-05,8.633e-05,
07:39:55,PENGU,0.010007,3.22,34139467.0,0.0102,0.00939,
07:40:55,DOGE,0.1064,2.42,155422718.0,0.10841,0.1038,Y
07:40:55,SHIB,6.23e-06,1.14,7897258.0,6.38e-06,6.14e-06,
07:40:55,PEPE,3.87e-06,0.52,36488589.0,3.95e-06,3.8e-06,
07:40:55,FLOKI,3.21e-05,-0.4,2743943.0,3.284e-05,3.169e-05,
07:40:55,BONK,6.17e-06,0.0,3890133.0,6.3e-06,6.08e-06,
07:40:55,WIF,0.183,2.23,7314569.0,0.191,0.177,
07:40:55,BOME,0.000521,3.79,1201429.0,0.000535,0.000496,
07:40:55,NEIRO,8.83e-05,1.11,2493780.0,9.111e-05,8.633e-05,
07:40:55,PENGU,0.010013,3.29,34150805.0,0.0102,0.00939,
07:41:55,DOGE,0.10644,2.47,155412090.0,0.10841,0.1038,Y
07:41:55,SHIB,6.23e-06,1.3,7897289.0,6.38e-06,6.14e-06,
07:41:55,PEPE,3.88e-06,1.04,36489008.0,3.95e-06,3.8e-06,
07:41:55,FLOKI,3.21e-05,-0.43,2743584.0,3.284e-05,3.169e-05,
07:41:55,BONK,6.17e-06,0.16,3884374.0,6.3e-06,6.08e-06,
07:41:55,WIF,0.183,2.81,7308249.0,0.191,0.177,
07:41:55,BOME,0.000521,3.79,1201427.0,0.000535,0.000496,
07:41:55,NEIRO,8.83e-05,1.19,2493884.0,9.111e-05,8.633e-05,
07:41:55,PENGU,0.01003,3.43,34153177.0,0.0102,0.00939,
07:42:55,DOGE,0.1065,2.58,155439206.0,0.10841,0.1038,Y
07:42:55,SHIB,6.23e-06,1.14,7896877.0,6.38e-06,6.14e-06,
07:42:55,PEPE,3.87e-06,0.78,36493089.0,3.95e-06,3.8e-06,
07:42:55,FLOKI,3.209e-05,-0.43,2743298.0,3.284e-05,3.169e-05,
07:42:55,BONK,6.17e-06,0.0,3883903.0,6.3e-06,6.08e-06,
07:42:55,WIF,0.183,3.39,7308242.0,0.191,0.177,
07:42:55,BOME,0.000521,3.99,1201421.0,0.000535,0.000496,
07:42:55,NEIRO,8.826e-05,1.19,2494226.0,9.111e-05,8.633e-05,
07:42:55,PENGU,0.010023,3.44,34189134.0,0.0102,0.00939,
07:43:55,DOGE,0.10661,2.61,155437940.0,0.10841,0.10384,Y
07:43:55,SHIB,6.23e-06,1.3,7921136.0,6.38e-06,6.14e-06,
07:43:55,PEPE,3.88e-06,1.04,36492042.0,3.95e-06,3.8e-06,
07:43:55,FLOKI,3.21e-05,-0.37,2742657.0,3.284e-05,3.169e-05,
07:43:55,BONK,6.17e-06,0.0,3883935.0,6.3e-06,6.08e-06,
07:43:55,WIF,0.183,3.39,7308273.0,0.191,0.177,
07:43:55,BOME,0.000521,3.99,1201421.0,0.000535,0.000496,
07:43:55,NEIRO,8.838e-05,1.35,2495826.0,9.111e-05,8.633e-05,
07:43:55,PENGU,0.010015,3.29,34191108.0,0.0102,0.00939,
07:44:55,DOGE,0.10657,2.45,155438780.0,0.10841,0.10384,Y
07:44:55,SHIB,6.23e-06,1.3,7923327.0,6.38e-06,6.14e-06,
07:44:55,PEPE,3.87e-06,0.78,36495621.0,3.95e-06,3.8e-06,
07:44:55,FLOKI,3.211e-05,-0.56,2741946.0,3.284e-05,3.169e-05,
07:44:55,BONK,6.17e-06,0.0,3883766.0,6.3e-06,6.08e-06,
07:44:55,WIF,0.183,2.81,7299220.0,0.191,0.177,
07:44:55,BOME,0.000521,3.79,1200945.0,0.000535,0.000496,
07:44:55,NEIRO,8.837e-05,1.19,2496532.0,9.111e-05,8.633e-05,
07:44:55,PENGU,0.01001,2.97,34187201.0,0.0102,0.00939,
07:46:55,DOGE,0.10663,2.68,155346269.0,0.10841,0.10385,Y
07:46:55,SHIB,6.23e-06,1.3,7948045.0,6.38e-06,6.14e-06,
07:46:55,PEPE,3.87e-06,0.52,36440998.0,3.95e-06,3.8e-06,
07:46:55,FLOKI,3.213e-05,-0.47,2742464.0,3.284e-05,3.169e-05,
07:46:55,BONK,6.17e-06,0.0,3885473.0,6.3e-06,6.08e-06,
07:46:55,WIF,0.183,2.81,7280451.0,0.191,0.177,
07:46:55,BOME,0.000521,3.79,1204245.0,0.000535,0.000496,
07:46:55,NEIRO,8.852e-05,1.3,2500691.0,9.111e-05,8.633e-05,
07:46:55,PENGU,0.010035,3.2,34194301.0,0.0102,0.00939,
07:48:55,DOGE,0.10656,2.4,155244081.0,0.10841,0.10395,Y
07:48:55,SHIB,6.23e-06,0.97,7946510.0,6.38e-06,6.14e-06,
07:48:55,PEPE,3.88e-06,0.52,36427944.0,3.95e-06,3.8e-06,
07:48:55,FLOKI,3.213e-05,-0.56,2738453.0,3.284e-05,3.169e-05,
07:48:55,BONK,6.17e-06,-0.16,3896136.0,6.3e-06,6.08e-06,
07:48:55,WIF,0.183,2.81,7279406.0,0.191,0.177,
07:48:55,BOME,0.000522,3.98,1204180.0,0.000535,0.000496,
07:48:55,NEIRO,8.859e-05,1.14,2502559.0,9.111e-05,8.633e-05,
07:48:55,PENGU,0.010039,3.21,34231763.0,0.0102,0.00939,
07:49:55,DOGE,0.10655,2.37,155231365.0,0.10841,0.10395,Y
07:49:55,SHIB,6.23e-06,1.3,7938556.0,6.38e-06,6.14e-06,
07:49:55,PEPE,3.88e-06,0.52,36425045.0,3.95e-06,3.8e-06,
07:49:55,FLOKI,3.216e-05,-0.4,2741759.0,3.284e-05,3.169e-05,
07:49:55,BONK,6.16e-06,-0.32,3896260.0,6.3e-06,6.08e-06,
07:49:55,WIF,0.183,2.81,7279416.0,0.191,0.177,
07:49:55,BOME,0.000523,4.18,1204201.0,0.000535,0.000496,
07:49:55,NEIRO,8.883e-05,1.51,2503089.0,9.111e-05,8.633e-05,
07:49:55,PENGU,0.010019,2.97,34234256.0,0.0102,0.00939,
07:50:56,DOGE,0.10649,2.31,155200153.0,0.10841,0.10395,Y
07:50:56,SHIB,6.23e-06,1.14,7943452.0,6.38e-06,6.14e-06,
07:50:56,PEPE,3.87e-06,0.26,36493928.0,3.95e-06,3.8e-06,
07:50:56,FLOKI,3.213e-05,-0.56,2748626.0,3.284e-05,3.169e-05,
07:50:56,BONK,6.17e-06,-0.16,3896952.0,6.3e-06,6.08e-06,
07:50:56,WIF,0.183,2.81,7274079.0,0.191,0.177,
07:50:56,BOME,0.000522,3.98,1205109.0,0.000535,0.000496,
07:50:56,NEIRO,8.878e-05,1.44,2503220.0,9.111e-05,8.633e-05,
07:50:56,PENGU,0.010005,2.81,34274654.0,0.0102,0.00939,
07:51:55,DOGE,0.10653,2.37,155175681.0,0.10841,0.10395,Y
07:51:55,SHIB,6.22e-06,1.14,7943749.0,6.38e-06,6.14e-06,
07:51:55,PEPE,3.88e-06,0.78,36493933.0,3.95e-06,3.8e-06,
07:51:55,FLOKI,3.213e-05,-0.56,2746015.0,3.284e-05,3.169e-05,
07:51:55,BONK,6.17e-06,-0.16,3896942.0,6.3e-06,6.08e-06,
07:51:55,WIF,0.183,2.81,7274079.0,0.191,0.177,
07:51:55,BOME,0.000523,3.98,1205221.0,0.000535,0.000496,
07:51:55,NEIRO,8.875e-05,1.34,2502832.0,9.111e-05,8.633e-05,
07:51:55,PENGU,0.009983,2.71,34526622.0,0.0102,0.00939,
07:52:55,DOGE,0.10653,2.36,155147229.0,0.10841,0.10395,Y
07:52:55,SHIB,6.23e-06,1.14,7943933.0,6.38e-06,6.14e-06,
07:52:55,PEPE,3.87e-06,0.52,36493802.0,3.95e-06,3.8e-06,
07:52:55,FLOKI,3.212e-05,-0.68,2744466.0,3.284e-05,3.169e-05,
07:52:55,BONK,6.17e-06,-0.16,3896940.0,6.3e-06,6.08e-06,
07:52:55,WIF,0.183,2.23,7261570.0,0.191,0.178,
07:52:55,BOME,0.000523,3.98,1205429.0,0.000535,0.000496,
07:52:55,NEIRO,8.877e-05,1.21,2501867.0,9.111e-05,8.633e-05,
07:52:55,PENGU,0.009988,2.68,34533572.0,0.0102,0.00939,
07:53:55,DOGE,0.10662,2.37,155146698.0,0.10841,0.10395,Y
07:53:55,SHIB,6.23e-06,1.14,7920011.0,6.38e-06,6.14e-06,
07:53:55,PEPE,3.88e-06,0.52,36513755.0,3.95e-06,3.8e-06,
07:53:55,FLOKI,3.214e-05,-0.68,2739055.0,3.284e-05,3.169e-05,
07:53:55,BONK,6.17e-06,-0.16,3898880.0,6.3e-06,6.08e-06,
07:53:55,WIF,0.184,2.79,7283491.0,0.191,0.178,
07:53:55,BOME,0.000523,3.98,1206398.0,0.000535,0.000496,
07:53:55,NEIRO,8.886e-05,1.28,2501916.0,9.111e-05,8.633e-05,
07:53:55,PENGU,0.010001,2.81,34534890.0,0.0102,0.00939,
07:54:55,DOGE,0.10664,2.45,155106352.0,0.10841,0.10395,Y
07:54:55,SHIB,6.23e-06,1.14,7911617.0,6.38e-06,6.14e-06,
07:54:55,PEPE,3.88e-06,0.78,36500122.0,3.95e-06,3.8e-06,
07:54:55,FLOKI,3.214e-05,-0.53,2738476.0,3.284e-05,3.169e-05,
07:54:55,BONK,6.18e-06,0.16,3885800.0,6.3e-06,6.08e-06,
07:54:55,WIF,0.183,2.23,7283398.0,0.191,0.178,
07:54:55,BOME,0.000523,3.98,1206217.0,0.000535,0.000496,
07:54:55,NEIRO,8.878e-05,1.32,2501689.0,9.111e-05,8.633e-05,
07:54:55,PENGU,0.010013,3.04,34528031.0,0.0102,0.00939,
07:56:55,DOGE,0.10656,2.41,155046156.0,0.10841,0.10395,Y
07:56:55,SHIB,6.23e-06,1.3,7908850.0,6.38e-06,6.14e-06,
07:56:55,PEPE,3.88e-06,0.78,36551888.0,3.95e-06,3.8e-06,
07:56:55,FLOKI,3.211e-05,-0.68,2738981.0,3.284e-05,3.169e-05,
07:56:55,BONK,6.17e-06,0.0,3885989.0,6.3e-06,6.08e-06,
07:56:55,WIF,0.183,2.23,7276093.0,0.191,0.178,
07:56:55,BOME,0.000523,3.98,1206147.0,0.000535,0.000496,
07:56:55,NEIRO,8.865e-05,1.21,2500354.0,9.111e-05,8.633e-05,
07:56:55,PENGU,0.009981,2.7,34531606.0,0.0102,0.00939,
07:58:55,DOGE,0.1065,2.37,154839813.0,0.10841,0.10397,Y
07:58:55,SHIB,6.22e-06,0.97,7908589.0,6.38e-06,6.14e-06,
07:58:55,PEPE,3.87e-06,0.26,36550339.0,3.95e-06,3.8e-06,
07:58:55,FLOKI,3.208e-05,-0.71,2739907.0,3.284e-05,3.169e-05,
07:58:55,BONK,6.16e-06,-0.32,3886939.0,6.3e-06,6.08e-06,
07:58:55,WIF,0.183,2.23,7271345.0,0.191,0.178,
07:58:55,BOME,0.000522,3.78,1206699.0,0.000535,0.000496,
07:58:55,NEIRO,8.849e-05,1.06,2498497.0,9.111e-05,8.633e-05,
07:58:55,PENGU,0.009969,2.81,34525308.0,0.0102,0.00939,
07:59:55,DOGE,0.10652,2.39,154836319.0,0.10841,0.10397,Y
07:59:55,SHIB,6.22e-06,0.97,7908399.0,6.38e-06,6.14e-06,
07:59:55,PEPE,3.88e-06,0.52,36549996.0,3.95e-06,3.8e-06,
07:59:55,FLOKI,3.207e-05,-0.71,2740000.0,3.284e-05,3.169e-05,
07:59:55,BONK,6.17e-06,-0.16,3887096.0,6.3e-06,6.08e-06,
07:59:55,WIF,0.183,2.23,7271328.0,0.191,0.178,
07:59:55,BOME,0.000521,3.58,1207398.0,0.000535,0.000496,
07:59:55,NEIRO,8.844e-05,1.02,2498420.0,9.111e-05,8.633e-05,
07:59:55,PENGU,0.00997,2.81,34540914.0,0.0102,0.00939,
08:00:55,DOGE,0.1065,2.23,154739246.0,0.10841,0.10397,Y
08:00:55,SHIB,6.23e-06,0.97,7902389.0,6.38e-06,6.14e-06,
08:00:55,PEPE,3.88e-06,0.52,36492122.0,3.95e-06,3.8e-06,
08:00:55,FLOKI,3.209e-05,-0.83,2738635.0,3.284e-05,3.169e-05,
08:00:55,BONK,6.16e-06,-0.32,3901868.0,6.3e-06,6.08e-06,
08:00:55,WIF,0.183,2.23,7271314.0,0.191,0.178,
08:00:55,BOME,0.000521,3.58,1207807.0,0.000535,0.000496,
08:00:55,NEIRO,8.854e-05,0.96,2497956.0,9.111e-05,8.633e-05,
08:00:55,PENGU,0.009973,2.74,34561090.0,0.0102,0.00939,
08:01:55,DOGE,0.10649,2.33,154729570.0,0.10841,0.10397,Y
08:01:55,SHIB,6.22e-06,0.97,7892392.0,6.38e-06,6.14e-06,
08:01:55,PEPE,3.88e-06,0.78,36504422.0,3.95e-06,3.8e-06,
08:01:55,FLOKI,3.211e-05,-0.71,2738218.0,3.284e-05,3.169e-05,
08:01:55,BONK,6.15e-06,-0.32,3902063.0,6.3e-06,6.08e-06,
08:01:55,WIF,0.183,2.23,7271314.0,0.191,0.178,
08:01:55,BOME,0.000522,3.98,1207797.0,0.000535,0.000496,
08:01:55,NEIRO,8.86e-05,1.3,2498794.0,9.111e-05,8.633e-05,
08:01:55,PENGU,0.009989,2.98,34561875.0,0.0102,0.00939,
08:02:55,DOGE,0.10657,2.44,154681091.0,0.10841,0.10397,Y
08:02:55,SHIB,6.23e-06,1.3,7892519.0,6.38e-06,6.14e-06,
08:02:55,PEPE,3.88e-06,0.52,36504326.0,3.95e-06,3.8e-06,
08:02:55,FLOKI,3.213e-05,-0.68,2738197.0,3.284e-05,3.169e-05,
08:02:55,BONK,6.16e-06,-0.32,3895791.0,6.3e-06,6.08e-06,
08:02:55,WIF,0.183,2.81,7271302.0,0.191,0.178,
08:02:55,BOME,0.000521,3.79,1208400.0,0.000535,0.000496,
08:02:55,NEIRO,8.859e-05,1.29,2496442.0,9.111e-05,8.633e-05,
08:02:55,PENGU,0.010004,3.11,34576739.0,0.0102,0.00939,
08:03:55,DOGE,0.10669,2.61,154770930.0,0.10841,0.10397,Y
08:03:55,SHIB,6.23e-06,1.3,7907086.0,6.38e-06,6.14e-06,
08:03:55,PEPE,3.89e-06,1.04,36504300.0,3.95e-06,3.8e-06,
08:03:55,FLOKI,3.214e-05,-0.56,2736763.0,3.284e-05,3.169e-05,
08:03:55,BONK,6.16e-06,-0.32,3895416.0,6.3e-06,6.08e-06,
08:03:55,WIF,0.183,2.23,7271303.0,0.191,0.178,
08:03:55,BOME,0.000523,4.39,1207731.0,0.000535,0.000496,
08:03:55,NEIRO,8.867e-05,1.4,2497562.0,9.111e-05,8.633e-05,
08:03:55,PENGU,0.010006,3.26,34601227.0,0.0102,0.00939,
08:04:55,DOGE,0.10687,2.69,154914393.0,0.10841,0.10397,Y
08:04:55,SHIB,6.24e-06,1.46,7916154.0,6.38e-06,6.14e-06,
08:04:55,PEPE,3.89e-06,0.78,36463106.0,3.95e-06,3.8e-06,
08:04:55,FLOKI,3.221e-05,-0.34,2737340.0,3.284e-05,3.169e-05,
08:04:55,BONK,6.18e-06,0.0,3889220.0,6.3e-06,6.08e-06,
08:04:55,WIF,0.184,3.37,7285665.0,0.191,0.178,
08:04:55,BOME,0.000523,4.39,1207820.0,0.000535,0.000496,
08:04:55,NEIRO,8.87e-05,1.35,2500501.0,9.111e-05,8.633e-05,
08:04:55,PENGU,0.010011,3.24,34600301.0,0.0102,0.00939,
08:05:55,DOGE,0.10688,2.75,155114712.0,0.10841,0.10398,Y
08:05:55,SHIB,6.25e-06,1.46,7949058.0,6.38e-06,6.14e-06,
08:05:55,PEPE,3.9e-06,1.04,36481988.0,3.95e-06,3.8e-06,
08:05:55,FLOKI,3.219e-05,-0.31,2738497.0,3.284e-05,3.169e-05,
08:05:55,BONK,6.18e-06,0.0,3889311.0,6.3e-06,6.08e-06,
08:05:55,WIF,0.183,2.81,7296617.0,0.191,0.178,
08:05:55,BOME,0.000523,4.39,1208431.0,0.000535,0.000496,
08:05:55,NEIRO,8.843e-05,1.21,2500394.0,9.111e-05,8.633e-05,
08:05:55,PENGU,0.010007,3.45,34602936.0,0.0102,0.00939,
08:06:55,DOGE,0.10678,2.67,155210425.0,0.10841,0.10399,Y
08:06:55,SHIB,6.23e-06,0.97,7942391.0,6.38e-06,6.14e-06,
08:06:55,PEPE,3.9e-06,1.04,36614456.0,3.95e-06,3.8e-06,
08:06:55,FLOKI,3.219e-05,-0.34,2745982.0,3.284e-05,3.169e-05,
08:06:55,BONK,6.18e-06,0.0,3879180.0,6.3e-06,6.08e-06,
08:06:55,WIF,0.184,2.79,7296702.0,0.191,0.178,
08:06:55,BOME,0.000522,4.19,1208444.0,0.000535,0.000496,
08:06:55,NEIRO,8.839e-05,1.14,2500017.0,9.111e-05,8.633e-05,
08:06:55,PENGU,0.010031,3.71,34607515.0,0.0102,0.00939,
08:07:55,DOGE,0.10673,2.56,155226332.0,0.10841,0.10406,Y
08:07:55,SHIB,6.23e-06,0.97,7945545.0,6.38e-06,6.14e-06,
08:07:55,PEPE,3.89e-06,0.78,36632659.0,3.95e-06,3.8e-06,
08:07:55,FLOKI,3.218e-05,-0.4,2745292.0,3.284e-05,3.169e-05,
08:07:55,BONK,6.17e-06,-0.32,3884377.0,6.3e-06,6.08e-06,
08:07:55,WIF,0.184,2.79,7296588.0,0.191,0.178,
08:07:55,BOME,0.000521,3.58,1208365.0,0.000535,0.000496,
08:07:55,NEIRO,8.831e-05,0.94,2500123.0,9.111e-05,8.633e-05,
08:07:55,PENGU,0.010027,3.61,34621972.0,0.0102,0.00939,
08:08:55,DOGE,0.10675,2.35,155123347.0,0.10841,0.10411,Y
08:08:55,SHIB,6.24e-06,1.14,7941304.0,6.38e-06,6.14e-06,
08:08:55,PEPE,3.89e-06,0.52,36653553.0,3.95e-06,3.8e-06,
08:08:55,FLOKI,3.219e-05,-0.49,2741051.0,3.284e-05,3.169e-05,
08:08:55,BONK,6.17e-06,-0.32,3870930.0,6.3e-06,6.08e-06,
08:08:55,WIF,0.184,2.79,7296588.0,0.191,0.178,
08:08:55,BOME,0.000522,3.57,1208322.0,0.000535,0.000496,
08:08:55,NEIRO,8.849e-05,0.9,2500098.0,9.111e-05,8.633e-05,
08:08:55,PENGU,0.010034,3.48,34619140.0,0.0102,0.00939,
08:09:55,DOGE,0.10679,2.44,155057226.0,0.10841,0.10411,Y
08:09:55,SHIB,6.24e-06,1.14,7944451.0,6.38e-06,6.14e-06,
08:09:55,PEPE,3.89e-06,0.78,36655557.0,3.95e-06,3.8e-06,
08:09:55,FLOKI,3.22e-05,-0.37,2741116.0,3.284e-05,3.169e-05,
08:09:55,BONK,6.16e-06,-0.48,3866076.0,6.3e-06,6.08e-06,
08:09:55,WIF,0.184,2.79,7296588.0,0.191,0.178,
08:09:55,BOME,0.000522,3.78,1208002.0,0.000535,0.000496,
08:09:55,NEIRO,8.872e-05,1.13,2499690.0,9.111e-05,8.633e-05,
08:09:55,PENGU,0.010052,3.59,34624173.0,0.0102,0.00939,
08:10:55,DOGE,0.10688,2.6,155011802.0,0.10841,0.10411,Y
08:10:55,SHIB,6.23e-06,0.97,7945454.0,6.38e-06,6.14e-06,
08:10:55,PEPE,3.89e-06,0.52,36642041.0,3.95e-06,3.8e-06,
08:10:55,FLOKI,3.219e-05,-0.37,2741311.0,3.284e-05,3.169e-05,
08:10:55,BONK,6.17e-06,-0.32,3864659.0,6.3e-06,6.08e-06,
08:10:55,WIF,0.184,2.79,7296588.0,0.191,0.178,
08:10:55,BOME,0.000521,3.58,1208990.0,0.000535,0.000496,
08:10:55,NEIRO,8.861e-05,0.88,2498392.0,9.111e-05,8.633e-05,
08:10:55,PENGU,0.010044,3.69,34634611.0,0.0102,0.00939,
08:11:55,DOGE,0.10691,2.66,155076340.0,0.10841,0.10413,Y
08:11:55,SHIB,6.23e-06,0.97,7945841.0,6.38e-06,6.14e-06,
08:11:55,PEPE,3.88e-06,0.52,36540286.0,3.95e-06,3.8e-06,
08:11:55,FLOKI,3.218e-05,-0.31,2741508.0,3.284e-05,3.169e-05,
08:11:55,BONK,6.17e-06,-0.32,3864586.0,6.3e-06,6.08e-06,
08:11:55,WIF,0.184,2.79,7296589.0,0.191,0.178,
08:11:55,BOME,0.000521,3.58,1209019.0,0.000535,0.000496,
08:11:55,NEIRO,8.861e-05,0.89,2500602.0,9.111e-05,8.633e-05,
08:11:55,PENGU,0.010027,3.62,34652566.0,0.0102,0.00939,
08:12:55,DOGE,0.107,2.55,155053672.0,0.10841,0.10425,Y
08:12:55,SHIB,6.24e-06,1.14,7945603.0,6.38e-06,6.14e-06,
08:12:55,PEPE,3.89e-06,0.52,36545323.0,3.95e-06,3.8e-06,
08:12:55,FLOKI,3.22e-05,-0.28,2741173.0,3.284e-05,3.169e-05,
08:12:55,BONK,6.17e-06,-0.32,3866012.0,6.3e-06,6.08e-06,
08:12:55,WIF,0.184,2.79,7296589.0,0.191,0.178,
08:12:55,BOME,0.000522,3.78,1209031.0,0.000535,0.000496,
08:12:55,NEIRO,8.858e-05,0.75,2500264.0,9.111e-05,8.633e-05,
08:12:55,PENGU,0.010033,3.6,34654401.0,0.0102,0.00939,
08:13:55,DOGE,0.10698,2.55,154982630.0,0.10841,0.10425,Y
08:13:55,SHIB,6.24e-06,1.14,7950253.0,6.38e-06,6.14e-06,
08:13:55,PEPE,3.9e-06,0.78,36526483.0,3.95e-06,3.8e-06,
08:13:55,FLOKI,3.221e-05,-0.25,2737174.0,3.284e-05,3.169e-05,
08:13:55,BONK,6.17e-06,-0.32,3842505.0,6.3e-06,6.08e-06,
08:13:55,WIF,0.184,2.79,7296681.0,0.191,0.178,
08:13:55,BOME,0.000522,3.78,1209113.0,0.000535,0.000496,
08:13:55,NEIRO,8.859e-05,0.79,2498860.0,9.111e-05,8.633e-05,
08:13:55,PENGU,0.010034,3.81,34651594.0,0.0102,0.00939,
08:14:55,DOGE,0.10696,2.47,154922564.0,0.10841,0.10425,Y
08:14:55,SHIB,6.25e-06,1.3,7950260.0,6.38e-06,6.14e-06,
08:14:55,PEPE,3.89e-06,0.52,36503172.0,3.95e-06,3.8e-06,
08:14:55,FLOKI,3.223e-05,-0.15,2737704.0,3.284e-05,3.169e-05,
08:14:55,BONK,6.18e-06,0.0,3842953.0,6.3e-06,6.08e-06,
08:14:55,WIF,0.184,3.37,7296588.0,0.191,0.178,
08:14:55,BOME,0.000522,3.78,1209323.0,0.000535,0.000496,
08:14:55,NEIRO,8.869e-05,0.89,2503010.0,9.111e-05,8.633e-05,
08:14:55,PENGU,0.01003,3.97,34606844.0,0.0102,0.00939,
08:15:55,DOGE,0.10718,2.81,154865283.0,0.10841,0.10425,Y
08:15:55,SHIB,6.25e-06,1.3,7966442.0,6.38e-06,6.14e-06,
08:15:55,PEPE,3.89e-06,0.78,36500489.0,3.95e-06,3.8e-06,
08:15:55,FLOKI,3.226e-05,-0.06,2736441.0,3.284e-05,3.169e-05,
08:15:55,BONK,6.18e-06,0.0,3846085.0,6.3e-06,6.08e-06,
08:15:55,WIF,0.184,3.37,7301871.0,0.191,0.178,
08:15:55,BOME,0.000524,4.17,1209925.0,0.000535,0.000496,
08:15:55,NEIRO,8.9e-05,1.38,2499948.0,9.111e-05,8.633e-05,
08:15:55,PENGU,0.010072,4.58,34611144.0,0.0102,0.00939,
08:16:55,DOGE,0.10717,2.63,155151457.0,0.10841,0.10434,Y
08:16:55,SHIB,6.26e-06,1.46,7972855.0,6.38e-06,6.14e-06,
08:16:55,PEPE,3.89e-06,0.78,36419099.0,3.95e-06,3.8e-06,
08:16:55,FLOKI,3.232e-05,0.06,2736849.0,3.284e-05,3.169e-05,
08:16:55,BONK,6.19e-06,0.16,3838019.0,6.3e-06,6.08e-06,
08:16:55,WIF,0.184,3.37,7302074.0,0.191,0.178,
08:16:55,BOME,0.000525,4.17,1211571.0,0.000535,0.000496,
08:16:55,NEIRO,8.918e-05,1.45,2500824.0,9.111e-05,8.633e-05,
08:16:55,PENGU,0.010067,4.39,34631317.0,0.0102,0.00939,
08:17:55,DOGE,0.10728,2.79,155014606.0,0.10841,0.10434,Y
08:17:55,SHIB,6.25e-06,1.46,7974783.0,6.38e-06,6.14e-06,
08:17:55,PEPE,3.9e-06,1.04,36440779.0,3.95e-06,3.8e-06,
08:17:55,FLOKI,3.231e-05,0.12,2739305.0,3.284e-05,3.169e-05,
08:17:55,BONK,6.19e-06,0.32,3838662.0,6.3e-06,6.08e-06,
08:17:55,WIF,0.184,3.37,7302074.0,0.191,0.178,
08:17:55,BOME,0.000525,4.17,1206233.0,0.000535,0.000496,
08:17:55,NEIRO,8.922e-05,1.68,2501113.0,9.111e-05,8.633e-05,
08:17:55,PENGU,0.010067,4.45,34631955.0,0.0102,0.00939,
08:18:55,DOGE,0.10743,2.83,155040995.0,0.10841,0.10434,Y
08:18:55,SHIB,6.25e-06,1.46,7973968.0,6.38e-06,6.14e-06,
08:18:55,PEPE,3.91e-06,1.29,36429319.0,3.95e-06,3.8e-06,
08:18:55,FLOKI,3.231e-05,0.15,2737997.0,3.284e-05,3.169e-05,
08:18:55,BONK,6.2e-06,0.49,3817558.0,6.3e-06,6.08e-06,
08:18:55,WIF,0.184,3.37,7302166.0,0.191,0.178,
08:18:55,BOME,0.000526,4.37,1208235.0,0.000535,0.000496,
08:18:55,NEIRO,8.931e-05,1.89,2504665.0,9.111e-05,8.633e-05,
08:18:55,PENGU,0.010061,4.45,34642629.0,0.0102,0.00939,
08:19:55,DOGE,0.10718,2.47,154520301.0,0.10841,0.10434,Y
08:19:55,SHIB,6.26e-06,1.46,7973499.0,6.38e-06,6.14e-06,
08:19:55,PEPE,3.9e-06,1.04,36442704.0,3.95e-06,3.8e-06,
08:19:55,FLOKI,3.226e-05,0.03,2737646.0,3.284e-05,3.169e-05,
08:19:55,BONK,6.19e-06,0.16,3828303.0,6.3e-06,6.08e-06,
08:19:55,WIF,0.184,3.37,7302169.0,0.191,0.178,
08:19:55,BOME,0.000524,3.97,1210563.0,0.000535,0.000496,
08:19:55,NEIRO,8.932e-05,1.86,2505430.0,9.111e-05,8.633e-05,
08:19:55,PENGU,0.010026,3.95,34656311.0,0.0102,0.00939,
08:20:55,DOGE,0.10737,2.42,154292013.0,0.10841,0.10434,Y
08:20:55,SHIB,6.26e-06,1.46,7959489.0,6.38e-06,6.14e-06,
08:20:55,PEPE,3.89e-06,0.78,36400069.0,3.95e-06,3.8e-06,
08:20:55,FLOKI,3.225e-05,-0.06,2736652.0,3.284e-05,3.169e-05,
08:20:55,BONK,6.19e-06,0.16,3812636.0,6.3e-06,6.08e-06,
08:20:55,WIF,0.184,3.37,7302169.0,0.191,0.178,
08:20:55,BOME,0.000525,4.37,1210264.0,0.000535,0.000496,
08:20:55,NEIRO,8.925e-05,1.8,2506041.0,9.111e-05,8.633e-05,
08:20:55,PENGU,0.010019,3.83,34660183.0,0.0102,0.00939,
08:21:55,DOGE,0.10732,2.34,154236482.0,0.10841,0.10434,Y
08:21:55,SHIB,6.25e-06,1.13,7959311.0,6.38e-06,6.14e-06,
08:21:55,PEPE,3.9e-06,1.04,36395775.0,3.95e-06,3.8e-06,
08:21:55,FLOKI,3.226e-05,0.0,2737137.0,3.284e-05,3.169e-05,
08:21:55,BONK,6.18e-06,0.0,3812723.0,6.3e-06,6.08e-06,
08:21:55,WIF,0.185,3.35,7302134.0,0.191,0.178,
08:21:55,BOME,0.000525,4.37,1210885.0,0.000535,0.000496,
08:21:55,NEIRO,8.936e-05,1.97,2505209.0,9.111e-05,8.633e-05,
08:21:55,PENGU,0.01001,3.88,34688765.0,0.0102,0.00939,
08:22:55,DOGE,0.10725,2.22,154069534.0,0.10841,0.10434,Y
08:22:55,SHIB,6.24e-06,1.14,7978650.0,6.38e-06,6.14e-06,
08:22:55,PEPE,3.9e-06,1.04,36395246.0,3.95e-06,3.8e-06,
08:22:55,FLOKI,3.223e-05,-0.09,2736933.0,3.284e-05,3.169e-05,
08:22:55,BONK,6.18e-06,0.0,3812876.0,6.3e-06,6.08e-06,
08:22:55,WIF,0.185,3.35,7302127.0,0.191,0.178,
08:22:55,BOME,0.000524,4.17,1214815.0,0.000535,0.000496,
08:22:55,NEIRO,8.919e-05,1.96,2506084.0,9.111e-05,8.633e-05,
08:22:55,PENGU,0.010003,3.84,34818230.0,0.0102,0.00939,
08:23:55,DOGE,0.10729,2.15,153885191.0,0.10841,0.10434,Y
08:23:55,SHIB,6.25e-06,1.13,7977486.0,6.38e-06,6.14e-06,
08:23:55,PEPE,3.9e-06,1.04,36397085.0,3.95e-06,3.8e-06,
08:23:55,FLOKI,3.222e-05,-0.09,2736616.0,3.284e-05,3.169e-05,
08:23:55,BONK,6.17e-06,-0.16,3810031.0,6.3e-06,6.08e-06,
08:23:55,WIF,0.185,3.35,7302069.0,0.191,0.178,
08:23:55,BOME,0.000523,3.98,1214800.0,0.000535,0.000496,
08:23:55,NEIRO,8.9e-05,1.8,2505958.0,9.111e-05,8.633e-05,
08:23:55,PENGU,0.010003,3.79,34905716.0,0.0102,0.00939,
08:24:55,DOGE,0.10728,1.87,153485914.0,0.10841,0.10434,Y
08:24:55,SHIB,6.25e-06,1.3,7977475.0,6.38e-06,6.14e-06,
08:24:55,PEPE,3.9e-06,1.04,36415911.0,3.95e-06,3.8e-06,
08:24:55,FLOKI,3.221e-05,-0.19,2736601.0,3.284e-05,3.169e-05,
08:24:55,BONK,6.17e-06,-0.16,3808300.0,6.3e-06,6.08e-06,
08:24:55,WIF,0.185,3.35,7302069.0,0.191,0.178,
08:24:55,BOME,0.000523,3.98,1216086.0,0.000535,0.000496,
08:24:55,NEIRO,8.876e-05,1.34,2506706.0,9.111e-05,8.633e-05,
08:24:55,PENGU,0.010009,3.85,34897549.0,0.0102,0.00939,
08:25:55,DOGE,0.10724,1.9,153217131.0,0.10841,0.10434,Y
08:25:55,SHIB,6.25e-06,1.13,7977660.0,6.38e-06,6.14e-06,
08:25:55,PEPE,3.89e-06,0.52,36444547.0,3.95e-06,3.8e-06,
08:25:55,FLOKI,3.22e-05,-0.25,2736442.0,3.284e-05,3.169e-05,
08:25:55,BONK,6.18e-06,-0.16,3808269.0,6.3e-06,6.08e-06,
08:25:55,WIF,0.184,2.79,7320449.0,0.191,0.178,
08:25:55,BOME,0.000523,3.77,1215803.0,0.000535,0.000496,
08:25:55,NEIRO,8.877e-05,1.44,2506773.0,9.111e-05,8.633e-05,
08:25:55,PENGU,0.010017,3.9,34897913.0,0.0102,0.00939,
08:26:55,DOGE,0.10715,1.59,152985775.0,0.10841,0.10434,Y
08:26:55,SHIB,6.25e-06,1.3,7978829.0,6.38e-06,6.14e-06,
08:26:55,PEPE,3.89e-06,0.52,36385306.0,3.95e-06,3.8e-06,
08:26:55,FLOKI,3.22e-05,-0.37,2723007.0,3.284e-05,3.169e-05,
08:26:55,BONK,6.17e-06,-0.32,3807249.0,6.3e-06,6.08e-06,
08:26:55,WIF,0.183,2.23,7320541.0,0.191,0.178,
08:26:55,BOME,0.000523,3.77,1214173.0,0.000535,0.000496,
08:26:55,NEIRO,8.88e-05,0.83,2491461.0,9.111e-05,8.633e-05,
08:26:55,PENGU,0.010022,3.95,34918016.0,0.0102,0.00939,
08:27:55,DOGE,0.1071,1.3,152763796.0,0.10841,0.10434,Y
08:27:55,SHIB,6.25e-06,0.97,7967542.0,6.38e-06,6.14e-06,
08:27:55,PEPE,3.9e-06,0.78,36305624.0,3.95e-06,3.8e-06,
08:27:55,FLOKI,3.219e-05,-0.56,2702919.0,3.284e-05,3.169e-05,
08:27:55,BONK,6.18e-06,-0.16,3806719.0,6.3e-06,6.08e-06,
08:27:55,WIF,0.183,2.23,7311938.0,0.191,0.178,
08:27:55,BOME,0.000522,3.57,1213698.0,0.000535,0.000496,
08:27:55,NEIRO,8.885e-05,0.89,2490909.0,9.111e-05,8.633e-05,
08:27:55,PENGU,0.010025,3.89,34918005.0,0.0102,0.00939,
08:28:56,DOGE,0.10705,1.47,152506853.0,0.10841,0.10434,Y
08:28:56,SHIB,6.24e-06,0.81,7952334.0,6.38e-06,6.14e-06,
08:28:56,PEPE,3.89e-06,0.52,36197312.0,3.95e-06,3.8e-06,
08:28:56,FLOKI,3.219e-05,-0.4,2695366.0,3.284e-05,3.169e-05,
08:28:56,BONK,6.17e-06,-0.32,3804876.0,6.3e-06,6.08e-06,
08:28:56,WIF,0.184,2.79,7312036.0,0.191,0.178,
08:28:56,BOME,0.000523,3.77,1213690.0,0.000535,0.000496,
08:28:56,NEIRO,8.898e-05,1.19,2491622.0,9.111e-05,8.633e-05,
08:28:56,PENGU,0.010026,4.01,34909851.0,0.0102,0.00939,
08:29:55,DOGE,0.10701,1.33,152357357.0,0.10841,0.10434,Y
08:29:55,SHIB,6.24e-06,0.81,7950707.0,6.38e-06,6.14e-06,
08:29:55,PEPE,3.9e-06,1.04,36197061.0,3.95e-06,3.8e-06,
08:29:55,FLOKI,3.217e-05,-0.53,2695407.0,3.284e-05,3.169e-05,
08:29:55,BONK,6.17e-06,-0.32,3804940.0,6.3e-06,6.08e-06,
08:29:55,WIF,0.184,2.22,7295696.0,0.191,0.178,
08:29:55,BOME,0.000523,3.56,1213681.0,0.000535,0.000496,
08:29:55,NEIRO,8.89e-05,0.95,2491564.0,9.111e-05,8.633e-05,
08:29:55,PENGU,0.010001,3.76,34926616.0,0.0102,0.00939,
08:30:55,DOGE,0.10697,0.93,151936041.0,0.10841,0.10434,Y
08:30:55,SHIB,6.25e-06,0.81,7949559.0,6.38e-06,6.14e-06,
08:30:55,PEPE,3.9e-06,0.52,36179521.0,3.95e-06,3.8e-06,
08:30:55,FLOKI,3.22e-05,-0.59,2695065.0,3.284e-05,3.169e-05,
08:30:55,BONK,6.18e-06,-0.48,3804151.0,6.3e-06,6.08e-06,
08:30:55,WIF,0.183,2.23,7295591.0,0.191,0.178,
08:30:55,BOME,0.000524,3.76,1213812.0,0.000535,0.000496,
08:30:55,NEIRO,8.904e-05,0.87,2490994.0,9.111e-05,8.633e-05,
08:30:55,PENGU,0.010024,3.76,34921943.0,0.0102,0.00939,
08:31:55,DOGE,0.10686,0.61,150941176.0,0.10841,0.10434,Y
08:31:55,SHIB,6.24e-06,0.48,7921354.0,6.38e-06,6.14e-06,
08:31:55,PEPE,3.9e-06,0.78,36169562.0,3.95e-06,3.8e-06,
08:31:55,FLOKI,3.219e-05,-0.8,2689404.0,3.284e-05,3.169e-05,
08:31:55,BONK,6.18e-06,-0.64,3796021.0,6.3e-06,6.08e-06,
08:31:55,WIF,0.184,2.22,7294385.0,0.191,0.178,
08:31:55,BOME,0.000523,3.36,1213283.0,0.000535,0.000496,
08:31:55,NEIRO,8.879e-05,0.49,2491084.0,9.111e-05,8.633e-05,
08:31:55,PENGU,0.010018,3.5,34904194.0,0.0102,0.00939,
08:32:55,DOGE,0.10692,0.64,150534213.0,0.10841,0.10434,Y
08:32:55,SHIB,6.25e-06,0.48,7875213.0,6.38e-06,6.14e-06,
08:32:55,PEPE,3.9e-06,0.26,36140302.0,3.95e-06,3.8e-06,
08:32:55,FLOKI,3.219e-05,-0.95,2671735.0,3.284e-05,3.169e-05,
08:32:55,BONK,6.18e-06,-0.64,3781475.0,6.3e-06,6.08e-06,
08:32:55,WIF,0.183,1.67,7280422.0,0.191,0.178,
08:32:55,BOME,0.000523,3.16,1212408.0,0.000535,0.000496,
08:32:55,NEIRO,8.87e-05,0.04,2486570.0,9.111e-05,8.633e-05,
08:32:55,PENGU,0.010012,3.37,34884604.0,0.0102,0.00939,
08:33:55,DOGE,0.10685,0.62,150295825.0,0.10841,0.10434,Y
08:33:55,SHIB,6.25e-06,0.48,7832665.0,6.38e-06,6.14e-06,
08:33:55,PEPE,3.89e-06,0.26,36088907.0,3.95e-06,3.8e-06,
08:33:55,FLOKI,3.219e-05,-0.86,2669692.0,3.284e-05,3.169e-05,
08:33:55,BONK,6.17e-06,-0.8,3768583.0,6.3e-06,6.08e-06,
08:33:55,WIF,0.183,1.67,7254757.0,0.191,0.178,
08:33:55,BOME,0.000523,3.16,1212366.0,0.000535,0.000496,
08:33:55,NEIRO,8.887e-05,0.28,2486595.0,9.111e-05,8.633e-05,
08:33:55,PENGU,0.01002,3.6,34865034.0,0.0102,0.00939,
08:34:55,DOGE,0.10673,0.47,150190008.0,0.10841,0.10434,Y
08:34:55,SHIB,6.24e-06,0.48,7827285.0,6.38e-06,6.14e-06,
08:34:55,PEPE,3.88e-06,0.0,36066903.0,3.95e-06,3.8e-06,
08:34:55,FLOKI,3.214e-05,-1.08,2669932.0,3.284e-05,3.169e-05,
08:34:55,BONK,6.17e-06,-0.96,3771482.0,6.3e-06,6.08e-06,
08:34:55,WIF,0.183,1.67,7253302.0,0.191,0.178,
08:34:55,BOME,0.000521,2.76,1212260.0,0.000535,0.000496,
08:34:55,NEIRO,8.884e-05,0.35,2485801.0,9.111e-05,8.633e-05,
08:34:55,PENGU,0.01,3.42,34904971.0,0.0102,0.00939,
08:35:55,DOGE,0.10681,0.24,150110810.0,0.10841,0.10434,Y
08:35:55,SHIB,6.24e-06,0.16,7814497.0,6.38e-06,6.14e-06,
08:35:55,PEPE,3.89e-06,0.0,36094327.0,3.95e-06,3.8e-06,
08:35:55,FLOKI,3.217e-05,-1.17,2669504.0,3.284e-05,3.169e-05,
08:35:55,BONK,6.17e-06,-1.12,3771512.0,6.3e-06,6.08e-06,
08:35:55,WIF,0.183,1.67,7247325.0,0.191,0.178,
08:35:55,BOME,0.000522,2.76,1212192.0,0.000535,0.000496,
08:35:55,NEIRO,8.887e-05,0.21,2484758.0,9.111e-05,8.633e-05,
08:35:55,PENGU,0.009999,3.23,34874959.0,0.0102,0.00939,
08:36:55,DOGE,0.10666,0.36,149813330.0,0.10841,0.10434,Y
08:36:55,SHIB,6.23e-06,0.16,7809929.0,6.38e-06,6.14e-06,
08:36:55,PEPE,3.88e-06,-0.26,35912141.0,3.95e-06,3.8e-06,
08:36:55,FLOKI,3.216e-05,-1.11,2668213.0,3.284e-05,3.169e-05,
08:36:55,BONK,6.17e-06,-1.12,3765168.0,6.3e-06,6.08e-06,
08:36:55,WIF,0.183,1.67,7239739.0,0.191,0.178,
08:36:55,BOME,0.000522,2.96,1212021.0,0.000535,0.000496,
08:36:55,NEIRO,8.894e-05,0.28,2483363.0,9.111e-05,8.633e-05,
08:36:55,PENGU,0.010009,3.42,34871552.0,0.0102,0.00939,
08:37:55,DOGE,0.1067,0.02,149738040.0,0.10841,0.10434,Y
08:37:55,SHIB,6.23e-06,0.0,7804358.0,6.38e-06,6.14e-06,
08:37:55,PEPE,3.88e-06,-0.26,35864116.0,3.95e-06,3.8e-06,
08:37:55,FLOKI,3.215e-05,-1.29,2671306.0,3.284e-05,3.169e-05,
08:37:55,BONK,6.16e-06,-1.28,3761827.0,6.3e-06,6.08e-06,
08:37:55,WIF,0.183,1.67,7233866.0,0.191,0.178,
08:37:55,BOME,0.000522,2.76,1211838.0,0.000535,0.000496,
08:37:55,NEIRO,8.896e-05,0.12,2478894.0,9.111e-05,8.633e-05,
08:37:55,PENGU,0.010002,3.16,34873807.0,0.0102,0.00939,
08:38:55,DOGE,0.10678,-0.04,149249001.0,0.10841,0.10434,Y
08:38:55,SHIB,6.24e-06,0.0,7766281.0,6.38e-06,6.14e-06,
08:38:55,PEPE,3.88e-06,-0.26,35800881.0,3.95e-06,3.8e-06,
08:38:55,FLOKI,3.215e-05,-1.29,2668526.0,3.284e-05,3.169e-05,
08:38:55,BONK,6.16e-06,-1.28,3758801.0,6.3e-06,6.08e-06,
08:38:55,WIF,0.183,1.67,7233866.0,0.191,0.178,
08:38:55,BOME,0.000523,2.95,1212111.0,0.000535,0.000496,
08:38:55,NEIRO,8.891e-05,0.07,2470166.0,9.111e-05,8.633e-05,
08:38:55,PENGU,0.010007,3.18,34863850.0,0.0102,0.00939,
08:39:55,DOGE,0.10716,0.42,149407710.0,0.10841,0.10434,Y
08:39:55,SHIB,6.23e-06,0.0,7760602.0,6.38e-06,6.14e-06,
08:39:55,PEPE,3.88e-06,-0.51,35824116.0,3.95e-06,3.8e-06,
08:39:55,FLOKI,3.216e-05,-1.29,2669936.0,3.284e-05,3.169e-05,
08:39:55,BONK,6.17e-06,-1.12,3761367.0,6.3e-06,6.08e-06,
08:39:55,WIF,0.184,2.22,7234796.0,0.191,0.178,
08:39:55,BOME,0.000522,2.76,1212462.0,0.000535,0.000496,
08:39:55,NEIRO,8.901e-05,0.1,2471355.0,9.111e-05,8.633e-05,
08:39:55,PENGU,0.010036,3.29,34872505.0,0.0102,0.00939,
08:40:55,DOGE,0.10723,0.37,149363066.0,0.10841,0.10434,Y
08:40:55,SHIB,6.24e-06,0.0,7756572.0,6.38e-06,6.14e-06,
08:40:55,PEPE,3.89e-06,0.0,35796215.0,3.95e-06,3.8e-06,
08:40:55,FLOKI,3.217e-05,-1.32,2668444.0,3.284e-05,3.169e-05,
08:40:55,BONK,6.17e-06,-1.12,3757876.0,6.3e-06,6.08e-06,
08:40:55,WIF,0.184,2.22,7234796.0,0.191,0.178,
08:40:55,BOME,0.000523,2.75,1212397.0,0.000535,0.000496,
08:40:55,NEIRO,8.879e-05,-0.18,2471273.0,9.111e-05,8.633e-05,
08:40:55,PENGU,0.010019,3.09,34871475.0,0.0102,0.00939,
08:42:55,DOGE,0.10721,0.23,148783535.0,0.10841,0.10434,Y
08:42:55,SHIB,6.25e-06,0.16,7736837.0,6.38e-06,6.14e-06,
08:42:55,PEPE,3.89e-06,0.0,35777549.0,3.95e-06,3.8e-06,
08:42:55,FLOKI,3.219e-05,-1.08,2652568.0,3.284e-05,3.169e-05,
08:42:55,BONK,6.18e-06,-0.8,3745717.0,6.3e-06,6.08e-06,
08:42:55,WIF,0.185,2.78,7237933.0,0.191,0.178,
08:42:55,BOME,0.000523,3.16,1211014.0,0.000535,0.000496,
08:42:55,NEIRO,8.891e-05,0.19,2465478.0,9.111e-05,8.633e-05,
08:42:55,PENGU,0.010036,3.51,34854956.0,0.0102,0.00939,
08:43:55,DOGE,0.10726,0.46,147379649.0,0.10841,0.10434,Y
08:43:55,SHIB,6.24e-06,0.16,7749857.0,6.38e-06,6.14e-06,
08:43:55,PEPE,3.89e-06,0.0,35701510.0,3.95e-06,3.8e-06,
08:43:55,FLOKI,3.22e-05,-0.95,2650988.0,3.284e-05,3.169e-05,
08:43:55,BONK,6.17e-06,-1.12,3741538.0,6.3e-06,6.08e-06,
08:43:55,WIF,0.185,2.21,7231331.0,0.191,0.178,
08:43:55,BOME,0.000523,3.16,1210315.0,0.000535,0.000496,
08:43:55,NEIRO,8.884e-05,0.24,2459697.0,9.111e-05,8.633e-05,
08:43:55,PENGU,0.010019,3.27,34833767.0,0.0102,0.00939,
08:44:55,DOGE,0.10732,0.63,147193879.0,0.10841,0.10434,Y
08:44:55,SHIB,6.24e-06,0.0,7740226.0,6.38e-06,6.14e-06,
08:44:55,PEPE,3.88e-06,0.0,35729996.0,3.95e-06,3.8e-06,
08:44:55,FLOKI,3.222e-05,-0.92,2649857.0,3.284e-05,3.169e-05,
08:44:55,BONK,6.17e-06,-1.12,3741538.0,6.3e-06,6.08e-06,
08:44:55,WIF,0.185,2.21,7231331.0,0.191,0.178,
08:44:55,BOME,0.000523,2.95,1210783.0,0.000535,0.000496,
08:44:55,NEIRO,8.897e-05,0.09,2455166.0,9.111e-05,8.633e-05,
08:44:55,PENGU,0.010032,3.42,34836190.0,0.0102,0.00939,
08:46:55,DOGE,0.1076,0.51,147767523.0,0.10841,0.10434,Y
08:46:55,SHIB,6.26e-06,0.32,7776318.0,6.38e-06,6.14e-06,
08:46:55,PEPE,3.89e-06,-0.26,35471019.0,3.95e-06,3.8e-06,
08:46:55,FLOKI,3.229e-05,-0.95,2647501.0,3.284e-05,3.169e-05,
08:46:55,BONK,6.18e-06,-1.12,3742735.0,6.3e-06,6.08e-06,
08:46:55,WIF,0.185,2.21,7248086.0,0.191,0.178,
08:46:55,BOME,0.000523,2.75,1201324.0,0.000535,0.000496,
08:46:55,NEIRO,8.928e-05,0.17,2449053.0,9.111e-05,8.633e-05,
08:46:55,PENGU,0.010036,3.23,34864940.0,0.0102,0.00939,
08:47:55,DOGE,0.10758,0.18,147258443.0,0.10841,0.10434,Y
08:47:55,SHIB,6.25e-06,0.0,7777871.0,6.38e-06,6.14e-06,
08:47:55,PEPE,3.89e-06,-0.26,35444253.0,3.95e-06,3.8e-06,
08:47:55,FLOKI,3.225e-05,-1.17,2644609.0,3.284e-05,3.169e-05,
08:47:55,BONK,6.18e-06,-1.28,3738306.0,6.3e-06,6.08e-06,
08:47:55,WIF,0.184,2.22,7245510.0,0.191,0.178,
08:47:55,BOME,0.000523,2.55,1201321.0,0.000535,0.000496,
08:47:55,NEIRO,8.918e-05,0.02,2449985.0,9.111e-05,8.633e-05,
08:47:55,PENGU,0.010032,3.12,34863418.0,0.0102,0.00939,
08:48:55,DOGE,0.10755,0.42,145990422.0,0.10841,0.10434,Y
08:48:55,SHIB,6.26e-06,0.16,7733991.0,6.38e-06,6.14e-06,
08:48:55,PEPE,3.89e-06,-0.26,35440281.0,3.95e-06,3.8e-06,
08:48:55,FLOKI,3.225e-05,-1.13,2638875.0,3.284e-05,3.169e-05,
08:48:55,BONK,6.18e-06,-1.28,3721886.0,6.3e-06,6.08e-06,
08:48:55,WIF,0.185,2.21,7221746.0,0.191,0.178,
08:48:55,BOME,0.000524,2.75,1200428.0,0.000535,0.000496,
08:48:55,NEIRO,8.922e-05,-0.18,2450152.0,9.111e-05,8.633e-05,
08:48:55,PENGU,0.01002,3.17,34837014.0,0.0102,0.00939,
08:49:55,DOGE,0.10754,0.44,145634988.0,0.10841,0.10434,Y
08:49:55,SHIB,6.26e-06,0.16,7732225.0,6.38e-06,6.14e-06,
08:49:55,PEPE,3.9e-06,-0.26,35373991.0,3.95e-06,3.8e-06,
08:49:55,FLOKI,3.226e-05,-1.1,2637107.0,3.284e-05,3.169e-05,
08:49:55,BONK,6.19e-06,-0.96,3719932.0,6.3e-06,6.08e-06,
08:49:55,WIF,0.185,2.21,7195315.0,0.191,0.178,
08:49:55,BOME,0.000524,2.54,1200339.0,0.000535,0.000496,
08:49:55,NEIRO,8.92e-05,-0.07,2449636.0,9.111e-05,8.633e-05,
08:49:55,PENGU,0.010022,3.2,34820316.0,0.0102,0.00939,
08:50:55,DOGE,0.10733,-0.04,145404835.0,0.10841,0.10434,Y
08:50:55,SHIB,6.25e-06,0.0,7732776.0,6.38e-06,6.14e-06,
08:50:55,PEPE,3.88e-06,-0.77,35374602.0,3.95e-06,3.8e-06,
08:50:55,FLOKI,3.221e-05,-1.26,2636454.0,3.284e-05,3.169e-05,
08:50:55,BONK,6.18e-06,-1.28,3712059.0,6.3e-06,6.08e-06,
08:50:55,WIF,0.185,2.21,7195133.0,0.191,0.178,
08:50:55,BOME,0.000523,2.35,1200526.0,0.000535,0.000496,
08:50:55,NEIRO,8.903e-05,-0.2,2449408.0,9.111e-05,8.633e-05,
08:50:55,PENGU,0.010008,3.04,34818620.0,0.0102,0.00939,
08:51:55,DOGE,0.10735,-0.14,145199890.0,0.10841,0.10434,Y
08:51:55,SHIB,6.25e-06,0.0,7725786.0,6.38e-06,6.14e-06,
08:51:55,PEPE,3.88e-06,-0.77,35299897.0,3.95e-06,3.8e-06,
08:51:55,FLOKI,3.219e-05,-1.41,2635165.0,3.284e-05,3.169e-05,
08:51:55,BONK,6.17e-06,-1.44,3712025.0,6.3e-06,6.08e-06,
08:51:55,WIF,0.185,2.21,7195173.0,0.191,0.178,
08:51:55,BOME,0.000523,2.35,1200724.0,0.000535,0.000496,
08:51:55,NEIRO,8.881e-05,-0.61,2449280.0,9.111e-05,8.633e-05,
08:51:55,PENGU,0.010017,3.08,34814599.0,0.0102,0.00939,
08:52:55,DOGE,0.1074,-0.39,144924840.0,0.10841,0.10434,Y
08:52:55,SHIB,6.25e-06,0.0,7716639.0,6.38e-06,6.14e-06,
08:52:55,PEPE,3.88e-06,-0.77,35153226.0,3.95e-06,3.8e-06,
08:52:55,FLOKI,3.217e-05,-1.47,2633517.0,3.284e-05,3.169e-05,
08:52:55,BONK,6.16e-06,-1.6,3712066.0,6.3e-06,6.08e-06,
08:52:55,WIF,0.185,2.21,7164076.0,0.191,0.178,
08:52:55,BOME,0.000521,1.96,1199783.0,0.000535,0.000496,
08:52:55,NEIRO,8.875e-05,-0.79,2444461.0,9.111e-05,8.633e-05,
08:52:55,PENGU,0.009993,2.78,34819864.0,0.0102,0.00939,
08:53:55,DOGE,0.10754,-0.49,144728162.0,0.10841,0.10434,Y
08:53:55,SHIB,6.24e-06,-0.32,7712986.0,6.38e-06,6.14e-06,
08:53:55,PEPE,3.89e-06,-0.77,35093571.0,3.95e-06,3.8e-06,
08:53:55,FLOKI,3.218e-05,-1.56,2632843.0,3.284e-05,3.169e-05,
08:53:55,BONK,6.17e-06,-1.59,3711660.0,6.3e-06,6.08e-06,
08:53:55,WIF,0.184,1.66,7164090.0,0.191,0.178,
08:53:55,BOME,0.000521,1.76,1199120.0,0.000535,0.000496,
08:53:55,NEIRO,8.878e-05,-0.82,2443789.0,9.111e-05,8.633e-05,
08:53:55,PENGU,0.009999,2.7,34825712.0,0.0102,0.00939,
08:54:55,DOGE,0.10745,-0.53,144612528.0,0.10841,0.10434,Y
08:54:55,SHIB,6.24e-06,-0.32,7712897.0,6.38e-06,6.14e-06,
08:54:55,PEPE,3.89e-06,-0.77,35007267.0,3.95e-06,3.8e-06,
08:54:55,FLOKI,3.218e-05,-1.53,2629497.0,3.284e-05,3.169e-05,
08:54:55,BONK,6.17e-06,-1.59,3711132.0,6.3e-06,6.08e-06,
08:54:55,WIF,0.185,2.21,7164106.0,0.191,0.178,
08:54:55,BOME,0.000521,1.96,1199096.0,0.000535,0.000496,
08:54:55,NEIRO,8.87e-05,-0.73,2442787.0,9.111e-05,8.633e-05,
08:54:55,PENGU,0.009985,2.5,34812967.0,0.0102,0.00939,
08:57:55,DOGE,0.10747,-0.49,142301295.0,0.10841,0.10434,Y
08:57:55,SHIB,6.25e-06,-0.16,7674771.0,6.38e-06,6.14e-06,
08:57:55,PEPE,3.89e-06,-1.02,34701564.0,3.95e-06,3.8e-06,
08:57:55,FLOKI,3.218e-05,-1.53,2626592.0,3.284e-05,3.169e-05,
08:57:55,BONK,6.17e-06,-1.59,3699168.0,6.3e-06,6.08e-06,
08:57:55,WIF,0.185,2.21,7164106.0,0.191,0.178,
08:57:55,BOME,0.000521,1.96,1197805.0,0.000535,0.000496,
08:57:55,NEIRO,8.862e-05,-0.9,2442725.0,9.111e-05,8.633e-05,
08:57:55,PENGU,0.009983,1.98,34769538.0,0.0102,0.00939,
08:58:55,DOGE,0.10745,-0.56,142192222.0,0.10841,0.10434,Y
08:58:55,SHIB,6.25e-06,-0.16,7674651.0,6.38e-06,6.14e-06,
08:58:55,PEPE,3.88e-06,-1.27,34690922.0,3.95e-06,3.8e-06,
08:58:55,FLOKI,3.217e-05,-1.65,2621514.0,3.284e-05,3.169e-05,
08:58:55,BONK,6.16e-06,-1.91,3699197.0,6.3e-06,6.08e-06,
08:58:55,WIF,0.185,2.21,7161548.0,0.191,0.178,
08:58:55,BOME,0.000521,1.96,1197798.0,0.000535,0.000496,
08:58:55,NEIRO,8.865e-05,-0.94,2441014.0,9.111e-05,8.633e-05,
08:58:55,PENGU,0.009976,1.91,34765014.0,0.0102,0.00939,
08:59:55,DOGE,0.10748,-0.54,142443445.0,0.10841,0.10434,Y
08:59:55,SHIB,6.24e-06,-0.32,7668657.0,6.38e-06,6.14e-06,
08:59:55,PEPE,3.88e-06,-1.27,34777968.0,3.95e-06,3.8e-06,
08:59:55,FLOKI,3.215e-05,-1.62,2620773.0,3.284e-05,3.169e-05,
08:59:55,BONK,6.16e-06,-1.75,3699377.0,6.3e-06,6.08e-06,
08:59:55,WIF,0.185,2.21,7161548.0,0.191,0.178,
08:59:55,BOME,0.000521,2.16,1197687.0,0.000535,0.000496,
08:59:55,NEIRO,8.844e-05,-1.31,2442106.0,9.111e-05,8.633e-05,
08:59:55,PENGU,0.009952,1.8,34751780.0,0.0102,0.00939,
09:00:55,DOGE,0.10763,-0.59,142434893.0,0.10841,0.10434,Y
09:00:55,SHIB,6.24e-06,-0.32,7642552.0,6.38e-06,6.14e-06,
09:00:55,PEPE,3.88e-06,-1.27,34753036.0,3.95e-06,3.8e-06,
09:00:55,FLOKI,3.221e-05,-1.62,2615937.0,3.284e-05,3.169e-05,
09:00:55,BONK,6.18e-06,-1.59,3700353.0,6.3e-06,6.08e-06,
09:00:55,WIF,0.185,2.21,7161491.0,0.191,0.178,
09:00:55,BOME,0.000522,2.35,1197869.0,0.000535,0.000496,
09:00:55,NEIRO,8.867e-05,-1.3,2437013.0,9.111e-05,8.633e-05,
09:00:55,PENGU,0.009962,1.89,34728703.0,0.0102,0.00939,
09:01:55,DOGE,0.10775,-0.38,142236255.0,0.10837,0.10434,Y
09:01:55,SHIB,6.25e-06,-0.32,7623473.0,6.38e-06,6.14e-06,
09:01:55,PEPE,3.88e-06,-1.52,34463943.0,3.95e-06,3.8e-06,
09:01:55,FLOKI,3.222e-05,-1.59,2614507.0,3.284e-05,3.169e-05,
09:01:55,BONK,6.17e-06,-1.75,3693166.0,6.3e-06,6.08e-06,
09:01:55,WIF,0.185,1.65,7161257.0,0.191,0.178,
09:01:55,BOME,0.000522,2.15,1196873.0,0.000535,0.000496,
09:01:55,NEIRO,8.873e-05,-1.29,2436388.0,9.111e-05,8.633e-05,
09:01:55,PENGU,0.009968,1.69,34712154.0,0.0102,0.00939,
09:02:55,DOGE,0.1078,-0.27,142178846.0,0.10837,0.10434,Y
09:02:55,SHIB,6.26e-06,-0.32,7615143.0,6.38e-06,6.14e-06,
09:02:55,PEPE,3.89e-06,-1.02,34361896.0,3.95e-06,3.8e-06,
09:02:55,FLOKI,3.222e-05,-1.56,2610036.0,3.284e-05,3.169e-05,
09:02:55,BONK,6.18e-06,-1.59,3673547.0,6.3e-06,6.08e-06,
09:02:55,WIF,0.185,1.65,7161257.0,0.191,0.178,
09:02:55,BOME,0.000523,2.35,1197172.0,0.000535,0.000496,
09:02:55,NEIRO,8.884e-05,-1.25,2437303.0,9.111e-05,8.633e-05,
09:02:55,PENGU,0.009957,1.62,34670944.0,0.0102,0.00939,
09:04:55,DOGE,0.10798,-0.27,141961064.0,0.1083,0.10434,Y
09:04:55,SHIB,6.26e-06,-0.32,7592026.0,6.38e-06,6.14e-06,
09:04:55,PEPE,3.9e-06,-0.76,34135161.0,3.95e-06,3.8e-06,
09:04:55,FLOKI,3.225e-05,-1.5,2606576.0,3.284e-05,3.169e-05,
09:04:55,BONK,6.18e-06,-1.59,3641577.0,6.3e-06,6.08e-06,
09:04:55,WIF,0.185,2.21,7162277.0,0.191,0.178,
09:04:55,BOME,0.000523,2.35,1197630.0,0.000535,0.000496,
09:04:55,NEIRO,8.892e-05,-1.17,2436718.0,9.111e-05,8.633e-05,
09:04:55,PENGU,0.009965,2.07,34625721.0,0.0102,0.00939,
09:05:55,DOGE,0.10823,0.46,142089813.0,0.10824,0.10434,Y
09:05:55,SHIB,6.27e-06,0.16,7570068.0,6.38e-06,6.14e-06,
09:05:55,PEPE,3.9e-06,-0.51,34187996.0,3.95e-06,3.8e-06,
09:05:55,FLOKI,3.228e-05,-1.19,2606033.0,3.284e-05,3.169e-05,
09:05:55,BONK,6.18e-06,-1.44,3643245.0,6.3e-06,6.08e-06,
09:05:55,WIF,0.185,2.21,7148230.0,0.191,0.178,
09:05:55,BOME,0.000524,2.75,1197697.0,0.000535,0.000496,
09:05:55,NEIRO,8.912e-05,-0.79,2432049.0,9.111e-05,8.633e-05,
09:05:55,PENGU,0.009992,2.71,34614978.0,0.0102,0.00939,
09:06:55,DOGE,0.10851,1.21,140596904.0,0.10854,0.10434,Y
09:06:55,SHIB,6.28e-06,0.32,7591694.0,6.38e-06,6.14e-06,
09:06:55,PEPE,3.9e-06,-0.51,34172348.0,3.95e-06,3.8e-06,
09:06:55,FLOKI,3.234e-05,-0.86,2600454.0,3.284e-05,3.169e-05,
09:06:55,BONK,6.2e-06,-1.12,3633957.0,6.3e-06,6.08e-06,
09:06:55,WIF,0.186,3.33,7152005.0,0.191,0.178,
09:06:55,BOME,0.000526,3.14,1197843.0,0.000535,0.000496,
09:06:55,NEIRO,8.937e-05,-0.38,2432642.0,9.111e-05,8.633e-05,
09:06:55,PENGU,0.010006,2.94,34620896.0,0.0102,0.00939,
09:07:55,DOGE,0.10883,1.84,141318112.0,0.10888,0.10434,Y
09:07:55,SHIB,6.29e-06,0.48,7570699.0,6.38e-06,6.14e-06,
09:07:55,PEPE,3.91e-06,0.0,34084210.0,3.95e-06,3.8e-06,
09:07:55,FLOKI,3.238e-05,-0.74,2601408.0,3.284e-05,3.169e-05,
09:07:55,BONK,6.2e-06,-0.96,3645574.0,6.3e-06,6.08e-06,
09:07:55,WIF,0.186,3.33,7152432.0,0.191,0.178,
09:07:55,BOME,0.000527,3.33,1198364.0,0.000535,0.000496,
09:07:55,NEIRO,8.95e-05,0.06,2436315.0,9.111e-05,8.633e-05,
09:07:55,PENGU,0.010026,2.84,34632589.0,0.0102,0.00939,
09:08:55,DOGE,0.1085,1.49,141551883.0,0.10888,0.10434,Y
09:08:55,SHIB,6.28e-06,0.64,7544737.0,6.38e-06,6.14e-06,
09:08:55,PEPE,3.91e-06,-0.26,34073286.0,3.95e-06,3.8e-06,
09:08:55,FLOKI,3.239e-05,-0.64,2603474.0,3.284e-05,3.169e-05,
09:08:55,BONK,6.21e-06,-0.64,3654765.0,6.3e-06,6.08e-06,
09:08:55,WIF,0.186,3.33,7152752.0,0.191,0.178,
09:08:55,BOME,0.000527,3.54,1198956.0,0.000535,0.000496,
09:08:55,NEIRO,8.951e-05,0.17,2436665.0,9.111e-05,8.633e-05,
09:08:55,PENGU,0.010022,2.87,34633301.0,0.0102,0.00939,
09:09:55,DOGE,0.10863,1.91,142233203.0,0.10888,0.10434,Y
09:09:55,SHIB,6.28e-06,0.48,7543275.0,6.38e-06,6.14e-06,
09:09:55,PEPE,3.91e-06,-0.26,34103866.0,3.95e-06,3.8e-06,
09:09:55,FLOKI,3.239e-05,-0.61,2605604.0,3.284e-05,3.169e-05,
09:09:55,BONK,6.2e-06,-0.96,3655878.0,6.3e-06,6.08e-06,
09:09:55,WIF,0.186,3.33,7155479.0,0.191,0.178,
09:09:55,BOME,0.000527,3.33,1199483.0,0.000535,0.000496,
09:09:55,NEIRO,8.963e-05,0.52,2429358.0,9.111e-05,8.633e-05,
09:09:55,PENGU,0.010006,2.63,34641105.0,0.0102,0.00939,
09:10:55,DOGE,0.10799,1.09,143423212.0,0.10888,0.10434,Y
09:10:55,SHIB,6.27e-06,0.48,7542875.0,6.38e-06,6.14e-06,
09:10:55,PEPE,3.9e-06,-0.26,34138997.0,3.95e-06,3.8e-06,
09:10:55,FLOKI,3.238e-05,-0.7,2611084.0,3.284e-05,3.169e-05,
09:10:55,BONK,6.2e-06,-0.96,3659918.0,6.3e-06,6.08e-06,
09:10:55,WIF,0.185,2.21,7158728.0,0.191,0.178,
09:10:55,BOME,0.000526,3.34,1201426.0,0.000535,0.000496,
09:10:55,NEIRO,8.975e-05,0.62,2443308.0,9.111e-05,8.633e-05,
09:10:55,PENGU,0.01,2.56,34637288.0,0.0102,0.00939,
09:11:55,DOGE,0.10807,1.5,143430959.0,0.10888,0.10434,Y
09:11:55,SHIB,6.27e-06,0.32,7536006.0,6.38e-06,6.14e-06,
09:11:55,PEPE,3.9e-06,0.0,34088060.0,3.95e-06,3.8e-06,
09:11:55,FLOKI,3.24e-05,-0.61,2612415.0,3.284e-05,3.169e-05,
09:11:55,BONK,6.2e-06,-0.8,3659747.0,6.3e-06,6.08e-06,
09:11:55,WIF,0.185,2.78,7158738.0,0.191,0.178,
09:11:55,BOME,0.000527,3.54,1201605.0,0.000535,0.000496,
09:11:55,NEIRO,8.969e-05,0.69,2443267.0,9.111e-05,8.633e-05,
09:11:55,PENGU,0.01,2.63,34688912.0,0.0102,0.00939,
09:12:55,DOGE,0.10827,1.4,143494391.0,0.10888,0.10434,Y
09:12:55,SHIB,6.27e-06,0.16,7546902.0,6.38e-06,6.14e-06,
09:12:55,PEPE,3.9e-06,-0.26,34023515.0,3.95e-06,3.8e-06,
09:12:55,FLOKI,3.239e-05,-0.74,2611629.0,3.284e-05,3.169e-05,
09:12:55,BONK,6.2e-06,-0.8,3656853.0,6.3e-06,6.08e-06,
09:12:55,WIF,0.185,2.21,7159251.0,0.191,0.178,
09:12:55,BOME,0.000527,3.54,1194598.0,0.000535,0.000496,
09:12:55,NEIRO,8.96e-05,0.53,2439677.0,9.111e-05,8.633e-05,
09:12:55,PENGU,0.010007,2.52,34697893.0,0.0102,0.00939,
09:13:55,DOGE,0.10837,1.58,143398519.0,0.10888,0.10434,Y
09:13:55,SHIB,6.27e-06,0.16,7547053.0,6.38e-06,6.14e-06,
09:13:55,PEPE,3.9e-06,-0.51,34020696.0,3.95e-06,3.8e-06,
09:13:55,FLOKI,3.238e-05,-0.8,2611586.0,3.284e-05,3.169e-05,
09:13:55,BONK,6.2e-06,-0.96,3655368.0,6.3e-06,6.08e-06,
09:13:55,WIF,0.186,3.33,7159252.0,0.191,0.178,
09:13:55,BOME,0.000527,3.74,1194692.0,0.000535,0.000496,
09:13:55,NEIRO,8.961e-05,0.54,2439377.0,9.111e-05,8.633e-05,
09:13:55,PENGU,0.009999,2.55,34695699.0,0.0102,0.00939,
09:14:55,DOGE,0.10838,1.38,143326355.0,0.10888,0.10434,Y
09:14:55,SHIB,6.28e-06,0.32,7537288.0,6.38e-06,6.14e-06,
09:14:55,PEPE,3.91e-06,0.0,33979017.0,3.95e-06,3.8e-06,
09:14:55,FLOKI,3.241e-05,-0.7,2612371.0,3.284e-05,3.169e-05,
09:14:55,BONK,6.2e-06,-0.96,3648764.0,6.3e-06,6.08e-06,
09:14:55,WIF,0.186,3.33,7159252.0,0.191,0.178,
09:14:55,BOME,0.000527,3.74,1195144.0,0.000535,0.000496,
09:14:55,NEIRO,8.99e-05,0.86,2444129.0,9.111e-05,8.633e-05,
09:14:55,PENGU,0.010004,2.57,34691960.0,0.0102,0.00939,
09:15:55,DOGE,0.10848,1.58,143424104.0,0.10888,0.10434,Y
09:15:55,SHIB,6.29e-06,0.64,7550847.0,6.38e-06,6.14e-06,
09:15:55,PEPE,3.91e-06,-0.26,33957918.0,3.95e-06,3.8e-06,
09:15:55,FLOKI,3.24e-05,-0.7,2612871.0,3.284e-05,3.169e-05,
09:15:55,BONK,6.2e-06,-0.96,3651388.0,6.3e-06,6.08e-06,
09:15:55,WIF,0.186,2.76,7159246.0,0.191,0.178,
09:15:55,BOME,0.000527,3.74,1195503.0,0.000535,0.000496,
09:15:55,NEIRO,9e-05,0.98,2449321.0,9.111e-05,8.633e-05,
09:15:55,PENGU,0.010003,2.62,34703750.0,0.0102,0.00939,
09:16:55,DOGE,0.10844,1.5,143389892.0,0.10888,0.10434,Y
09:16:55,SHIB,6.28e-06,0.32,7549441.0,6.38e-06,6.14e-06,
09:16:55,PEPE,3.91e-06,-0.26,33965668.0,3.95e-06,3.8e-06,
09:16:55,FLOKI,3.24e-05,-0.61,2611355.0,3.284e-05,3.169e-05,
09:16:55,BONK,6.2e-06,-0.96,3651133.0,6.3e-06,6.08e-06,
09:16:55,WIF,0.186,3.33,7159172.0,0.191,0.178,
09:16:55,BOME,0.000527,3.54,1195525.0,0.000535,0.000496,
09:16:55,NEIRO,8.985e-05,0.83,2455200.0,9.111e-05,8.633e-05,
09:16:55,PENGU,0.010009,2.76,34703020.0,0.0102,0.00939,
09:17:55,DOGE,0.10821,1.35,143414360.0,0.10888,0.10434,Y
09:17:55,SHIB,6.29e-06,0.48,7558323.0,6.38e-06,6.14e-06,
09:17:55,PEPE,3.92e-06,0.26,33922788.0,3.95e-06,3.8e-06,
09:17:55,FLOKI,3.239e-05,-0.49,2610361.0,3.284e-05,3.169e-05,
09:17:55,BONK,6.2e-06,-0.96,3638440.0,6.3e-06,6.08e-06,
09:17:55,WIF,0.186,3.33,7159211.0,0.191,0.178,
09:17:55,BOME,0.000527,3.54,1196792.0,0.000535,0.000496,
09:17:55,NEIRO,8.982e-05,0.88,2455363.0,9.111e-05,8.633e-05,
09:17:55,PENGU,0.01003,3.02,34726258.0,0.0102,0.00939,
09:18:55,DOGE,0.10817,1.43,143400425.0,0.10888,0.10434,Y
09:18:55,SHIB,6.29e-06,0.48,7558045.0,6.38e-06,6.14e-06,
09:18:55,PEPE,3.91e-06,0.0,33924882.0,3.95e-06,3.8e-06,
09:18:55,FLOKI,3.24e-05,-0.46,2610555.0,3.284e-05,3.169e-05,
09:18:55,BONK,6.2e-06,-0.96,3632097.0,6.3e-06,6.08e-06,
09:18:55,WIF,0.186,3.33,7159211.0,0.191,0.178,
09:18:55,BOME,0.000527,3.54,1196365.0,0.000535,0.000496,
09:18:55,NEIRO,8.994e-05,0.96,2455298.0,9.111e-05,8.633e-05,
09:18:55,PENGU,0.010017,2.93,34733680.0,0.0102,0.00939,
09:19:55,DOGE,0.10809,1.21,143421105.0,0.10888,0.10434,Y
09:19:55,SHIB,6.28e-06,0.32,7565788.0,6.38e-06,6.14e-06,
09:19:55,PEPE,3.9e-06,0.0,33926129.0,3.95e-06,3.8e-06,
09:19:55,FLOKI,3.237e-05,-0.58,2611498.0,3.284e-05,3.169e-05,
09:19:55,BONK,6.2e-06,-0.96,3623806.0,6.3e-06,6.08e-06,
09:19:55,WIF,0.186,3.33,7159211.0,0.191,0.178,
09:19:55,BOME,0.000527,3.54,1196355.0,0.000535,0.000496,
09:19:55,NEIRO,8.983e-05,0.74,2454737.0,9.111e-05,8.633e-05,
09:19:55,PENGU,0.009991,2.84,34736356.0,0.0102,0.00939,
09:20:55,DOGE,0.1081,0.96,143275332.0,0.10888,0.10434,Y
09:20:55,SHIB,6.28e-06,0.32,7554731.0,6.38e-06,6.14e-06,
09:20:55,PEPE,3.91e-06,0.0,33919350.0,3.95e-06,3.8e-06,
09:20:55,FLOKI,3.239e-05,-0.7,2609706.0,3.284e-05,3.169e-05,
09:20:55,BONK,6.2e-06,-0.96,3625320.0,6.3e-06,6.08e-06,
09:20:55,WIF,0.186,2.76,7161166.0,0.191,0.178,
09:20:55,BOME,0.000527,3.54,1196010.0,0.000535,0.000496,
09:20:55,NEIRO,8.993e-05,0.8,2451454.0,9.111e-05,8.633e-05,
09:20:55,PENGU,0.010005,2.98,34736489.0,0.0102,0.00939,
09:21:55,DOGE,0.10812,1.15,143259937.0,0.10888,0.10434,Y
09:21:55,SHIB,6.28e-06,0.32,7551710.0,6.38e-06,6.14e-06,
09:21:55,PEPE,3.91e-06,0.26,33889858.0,3.95e-06,3.8e-06,
09:21:55,FLOKI,3.24e-05,-0.64,2609042.0,3.284e-05,3.169e-05,
09:21:55,BONK,6.21e-06,-0.8,3625167.0,6.3e-06,6.08e-06,
09:21:55,WIF,0.186,2.76,7161166.0,0.191,0.178,
09:21:55,BOME,0.000527,3.33,1196785.0,0.000535,0.000496,
09:21:55,NEIRO,8.997e-05,0.82,2448481.0,9.111e-05,8.633e-05,
09:21:55,PENGU,0.010004,3.02,34738000.0,0.0102,0.00939,
09:22:55,DOGE,0.10808,1.09,143261129.0,0.10888,0.10434,Y
09:22:55,SHIB,6.27e-06,0.48,7547305.0,6.38e-06,6.14e-06,
09:22:55,PEPE,3.91e-06,0.0,33894300.0,3.95e-06,3.8e-06,
09:22:55,FLOKI,3.242e-05,-0.46,2624912.0,3.284e-05,3.169e-05,
09:22:55,BONK,6.21e-06,-0.64,3624368.0,6.3e-06,6.08e-06,
09:22:55,WIF,0.185,2.21,7170251.0,0.191,0.178,
09:22:55,BOME,0.000528,3.73,1197619.0,0.000535,0.000496,
09:22:55,NEIRO,9e-05,0.94,2448201.0,9.111e-05,8.633e-05,
09:22:55,PENGU,0.010012,3.24,34710245.0,0.0102,0.00939,
09:23:55,DOGE,0.10813,1.23,143330239.0,0.10888,0.10434,Y
09:23:55,SHIB,6.28e-06,0.48,7561358.0,6.38e-06,6.14e-06,
09:23:55,PEPE,3.91e-06,0.0,33939985.0,3.95e-06,3.8e-06,
09:23:55,FLOKI,3.24e-05,-0.43,2628133.0,3.284e-05,3.169e-05,
09:23:55,BONK,6.21e-06,-0.48,3623624.0,6.3e-06,6.08e-06,
09:23:55,WIF,0.185,2.21,7169631.0,0.191,0.178,
09:23:55,BOME,0.000527,3.54,1197745.0,0.000535,0.000496,
09:23:55,NEIRO,8.991e-05,1.08,2446239.0,9.111e-05,8.633e-05,
09:23:55,PENGU,0.010004,3.22,34711699.0,0.0102,0.00939,
09:24:55,DOGE,0.10805,1.2,143291139.0,0.10888,0.10434,Y
09:24:55,SHIB,6.28e-06,0.64,7560136.0,6.38e-06,6.14e-06,
09:24:55,PEPE,3.92e-06,0.51,33958164.0,3.95e-06,3.8e-06,
09:24:55,FLOKI,3.24e-05,-0.4,2628093.0,3.284e-05,3.169e-05,
09:24:55,BONK,6.2e-06,-0.64,3621881.0,6.3e-06,6.08e-06,
09:24:55,WIF,0.185,2.21,7169624.0,0.191,0.178,
09:24:55,BOME,0.000529,3.93,1198046.0,0.000535,0.000496,
09:24:55,NEIRO,8.997e-05,1.11,2442073.0,9.111e-05,8.633e-05,
09:24:55,PENGU,0.010012,3.24,34704058.0,0.0102,0.00939,
09:25:55,DOGE,0.10782,0.78,143462377.0,0.10888,0.10434,Y
09:25:55,SHIB,6.28e-06,0.32,7556913.0,6.38e-06,6.14e-06,
09:25:55,PEPE,3.91e-06,0.26,33898392.0,3.95e-06,3.8e-06,
09:25:55,FLOKI,3.237e-05,-0.55,2626533.0,3.284e-05,3.169e-05,
09:25:55,BONK,6.19e-06,-0.96,3620548.0,6.3e-06,6.08e-06,
09:25:55,WIF,0.185,2.78,7169622.0,0.191,0.178,
09:25:55,BOME,0.000528,3.73,1198048.0,0.000535,0.000496,
09:25:55,NEIRO,8.999e-05,1.04,2441405.0,9.111e-05,8.633e-05,
09:25:55,PENGU,0.010017,3.15,34701704.0,0.0102,0.00939,
09:26:55,DOGE,0.10814,0.91,143503628.0,0.10888,0.10434,Y
09:26:55,SHIB,6.28e-06,0.32,7545363.0,6.38e-06,6.14e-06,
09:26:55,PEPE,3.91e-06,0.26,33897263.0,3.95e-06,3.8e-06,
09:26:55,FLOKI,3.238e-05,-0.55,2627196.0,3.284e-05,3.169e-05,
09:26:55,BONK,6.21e-06,-0.64,3615671.0,6.3e-06,6.08e-06,
09:26:55,WIF,0.186,2.76,7182117.0,0.191,0.178,
09:26:55,BOME,0.000528,3.53,1198930.0,0.000535,0.000496,
09:26:55,NEIRO,9.006e-05,1.12,2443993.0,9.111e-05,8.633e-05,
09:26:55,PENGU,0.010034,3.31,34705809.0,0.0102,0.00939,
09:27:55,DOGE,0.10801,0.7,143480842.0,0.10888,0.10434,Y
09:27:55,SHIB,6.28e-06,0.16,7541081.0,6.38e-06,6.14e-06,
09:27:55,PEPE,3.91e-06,0.26,33889639.0,3.95e-06,3.8e-06,
09:27:55,FLOKI,3.237e-05,-0.55,2629359.0,3.284e-05,3.169e-05,
09:27:55,BONK,6.21e-06,-0.8,3615579.0,6.3e-06,6.08e-06,
09:27:55,WIF,0.186,2.76,7182111.0,0.191,0.178,
09:27:55,BOME,0.000527,3.33,1199419.0,0.000535,0.000496,
09:27:55,NEIRO,9e-05,1.09,2449622.0,9.111e-05,8.633e-05,
09:27:55,PENGU,0.010048,3.47,34719264.0,0.0102,0.00939,
09:28:55,DOGE,0.10804,0.65,143132937.0,0.10888,0.10434,Y
09:28:55,SHIB,6.27e-06,0.0,7523869.0,6.38e-06,6.14e-06,
09:28:55,PEPE,3.91e-06,0.0,33801234.0,3.95e-06,3.8e-06,
09:28:55,FLOKI,3.238e-05,-0.7,2624239.0,3.284e-05,3.169e-05,
09:28:55,BONK,6.2e-06,-0.96,3614625.0,6.3e-06,6.08e-06,
09:28:55,WIF,0.186,3.33,7182104.0,0.191,0.178,
09:28:55,BOME,0.000527,3.33,1199407.0,0.000535,0.000496,
09:28:55,NEIRO,9.021e-05,0.97,2449504.0,9.111e-05,8.633e-05,
09:28:55,PENGU,0.010037,3.04,34716594.0,0.0102,0.00939,
09:29:55,DOGE,0.10807,0.87,143035790.0,0.10888,0.10434,Y
09:29:55,SHIB,6.28e-06,0.32,7513357.0,6.38e-06,6.14e-06,
09:29:55,PEPE,3.91e-06,0.26,33782170.0,3.95e-06,3.8e-06,
09:29:55,FLOKI,3.241e-05,-0.61,2624125.0,3.284e-05,3.169e-05,
09:29:55,BONK,6.21e-06,-0.64,3613977.0,6.3e-06,6.08e-06,
09:29:55,WIF,0.186,3.33,7182876.0,0.191,0.178,
09:29:55,BOME,0.000527,3.33,1199219.0,0.000535,0.000496,
09:29:55,NEIRO,9.023e-05,0.98,2448075.0,9.111e-05,8.633e-05,
09:29:55,PENGU,0.010069,3.39,34747971.0,0.0102,0.00939,
09:30:55,DOGE,0.10803,0.54,143017351.0,0.10888,0.10434,Y
09:30:55,SHIB,6.29e-06,0.32,7511429.0,6.38e-06,6.14e-06,
09:30:55,PEPE,3.91e-06,0.0,33764744.0,3.95e-06,3.8e-06,
09:30:55,FLOKI,3.241e-05,-0.67,2626048.0,3.284e-05,3.169e-05,
09:30:55,BONK,6.2e-06,-0.96,3613729.0,6.3e-06,6.08e-06,
09:30:55,WIF,0.185,2.21,7194826.0,0.191,0.178,
09:30:55,BOME,0.00053,3.92,1213483.0,0.000535,0.000496,
09:30:55,NEIRO,9.03e-05,1.1,2446451.0,9.111e-05,8.633e-05,
09:30:55,PENGU,0.010069,3.25,34741595.0,0.0102,0.00939,
09:31:55,DOGE,0.10793,0.51,142898544.0,0.10888,0.10434,Y
09:31:55,SHIB,6.27e-06,-0.16,7512537.0,6.38e-06,6.14e-06,
09:31:55,PEPE,3.91e-06,0.0,33752650.0,3.95e-06,3.8e-06,
09:31:55,FLOKI,3.237e-05,-0.89,2626776.0,3.284e-05,3.169e-05,
09:31:55,BONK,6.19e-06,-1.28,3614429.0,6.3e-06,6.08e-06,
09:31:55,WIF,0.185,2.21,7194826.0,0.191,0.178,
09:31:55,BOME,0.000528,3.33,1213821.0,0.000535,0.000496,
09:31:55,NEIRO,9.004e-05,0.59,2445968.0,9.111e-05,8.633e-05,
09:31:55,PENGU,0.010054,2.69,34728042.0,0.0102,0.00939,
09:32:55,DOGE,0.10789,0.34,142930026.0,0.10888,0.10434,Y
09:32:55,SHIB,6.26e-06,-0.48,7510657.0,6.38e-06,6.14e-06,
09:32:55,PEPE,3.9e-06,-0.51,33712819.0,3.95e-06,3.8e-06,
09:32:55,FLOKI,3.237e-05,-1.01,2625343.0,3.284e-05,3.169e-05,
09:32:55,BONK,6.19e-06,-1.43,3607224.0,6.3e-06,6.08e-06,
09:32:55,WIF,0.185,2.21,7187597.0,0.191,0.178,
09:32:55,BOME,0.000528,3.53,1213939.0,0.000535,0.000496,
09:32:55,NEIRO,8.986e-05,0.2,2456841.0,9.111e-05,8.633e-05,
09:32:55,PENGU,0.010048,2.4,34664267.0,0.0102,0.00939,
09:33:55,DOGE,0.10781,0.22,142849554.0,0.10888,0.10434,Y
09:33:55,SHIB,6.26e-06,-0.32,7499616.0,6.38e-06,6.14e-06,
09:33:55,PEPE,3.91e-06,-0.26,33673028.0,3.95e-06,3.8e-06,
09:33:55,FLOKI,3.236e-05,-1.04,2625240.0,3.284e-05,3.169e-05,
09:33:55,BONK,6.19e-06,-1.43,3607189.0,6.3e-06,6.08e-06,
09:33:55,WIF,0.185,2.21,7187649.0,0.191,0.178,
09:33:55,BOME,0.000528,3.12,1213636.0,0.000535,0.000496,
09:33:55,NEIRO,8.991e-05,0.06,2456175.0,9.111e-05,8.633e-05,
09:33:55,PENGU,0.01004,2.22,34646470.0,0.0102,0.00939,
09:34:55,DOGE,0.10787,0.41,142931972.0,0.10888,0.10434,Y
09:34:55,SHIB,6.27e-06,-0.32,7509970.0,6.38e-06,6.14e-06,
09:34:55,PEPE,3.9e-06,-0.51,33621686.0,3.95e-06,3.8e-06,
09:34:55,FLOKI,3.238e-05,-1.01,2625223.0,3.284e-05,3.169e-05,
09:34:55,BONK,6.2e-06,-1.27,3607280.0,6.3e-06,6.08e-06,
09:34:55,WIF,0.185,2.21,7187649.0,0.191,0.178,
09:34:55,BOME,0.000527,2.93,1213778.0,0.000535,0.000496,
09:34:55,NEIRO,8.986e-05,-0.13,2449895.0,9.111e-05,8.633e-05,
09:34:55,PENGU,0.010036,2.05,34631530.0,0.0102,0.00939,
09:35:55,DOGE,0.10803,0.66,142854722.0,0.10888,0.10434,Y
09:35:55,SHIB,6.28e-06,0.16,7488506.0,6.38e-06,6.14e-06,
09:35:55,PEPE,3.91e-06,-0.26,33644065.0,3.95e-06,3.8e-06,
09:35:55,FLOKI,3.24e-05,-0.77,2624425.0,3.284e-05,3.169e-05,
09:35:55,BONK,6.2e-06,-1.12,3617284.0,6.3e-06,6.08e-06,
09:35:55,WIF,0.186,2.76,7174025.0,0.191,0.178,
09:35:55,BOME,0.000527,2.93,1213848.0,0.000535,0.000496,
09:35:55,NEIRO,9e-05,0.14,2451148.0,9.111e-05,8.633e-05,
09:35:55,PENGU,0.010052,2.47,34632048.0,0.0102,0.00939,
09:36:55,DOGE,0.10797,0.61,142730952.0,0.10888,0.10434,Y
09:36:55,SHIB,6.28e-06,0.0,7488562.0,6.38e-06,6.14e-06,
09:36:55,PEPE,3.91e-06,-0.26,33649023.0,3.95e-06,3.8e-06,
09:36:55,FLOKI,3.24e-05,-0.77,2624874.0,3.284e-05,3.169e-05,
09:36:55,BONK,6.2e-06,-1.12,3617924.0,6.3e-06,6.08e-06,
09:36:55,WIF,0.186,2.76,7174025.0,0.191,0.178,
09:36:55,BOME,0.000527,2.93,1213848.0,0.000535,0.000496,
09:36:55,NEIRO,9.006e-05,0.39,2452150.0,9.111e-05,8.633e-05,
09:36:55,PENGU,0.010036,2.46,34607387.0,0.0102,0.00939,
09:37:55,DOGE,0.10827,0.95,142746330.0,0.10888,0.10434,Y
09:37:55,SHIB,6.28e-06,0.16,7484542.0,6.38e-06,6.14e-06,
09:37:55,PEPE,3.91e-06,-0.26,33651758.0,3.95e-06,3.8e-06,
09:37:55,FLOKI,3.241e-05,-0.8,2625476.0,3.284e-05,3.169e-05,
09:37:55,BONK,6.2e-06,-1.12,3617135.0,6.3e-06,6.08e-06,
09:37:55,WIF,0.185,2.21,7174097.0,0.191,0.178,
09:37:55,BOME,0.000528,3.12,1214726.0,0.000535,0.000496,
09:37:55,NEIRO,9.001e-05,0.35,2452483.0,9.111e-05,8.633e-05,
09:37:55,PENGU,0.010029,2.06,34600472.0,0.0102,0.00939,
09:38:55,DOGE,0.10811,0.56,142823903.0,0.10888,0.10434,Y
09:38:55,SHIB,6.27e-06,-0.32,7486411.0,6.38e-06,6.14e-06,
09:38:55,PEPE,3.92e-06,0.0,33548512.0,3.95e-06,3.8e-06,
09:38:55,FLOKI,3.242e-05,-0.98,2623348.0,3.284e-05,3.169e-05,
09:38:55,BONK,6.19e-06,-1.43,3614011.0,6.3e-06,6.08e-06,
09:38:55,WIF,0.186,2.2,7162769.0,0.191,0.178,
09:38:55,BOME,0.000527,3.13,1214349.0,0.000535,0.000496,
09:38:55,NEIRO,9.007e-05,0.38,2452856.0,9.111e-05,8.633e-05,
09:38:55,PENGU,0.010017,1.78,34591664.0,0.0102,0.00939,
09:39:55,DOGE,0.10818,0.65,142821492.0,0.10888,0.10434,Y
09:39:55,SHIB,6.27e-06,-0.32,7485237.0,6.38e-06,6.14e-06,
09:39:55,PEPE,3.91e-06,-0.26,33538830.0,3.95e-06,3.8e-06,
09:39:55,FLOKI,3.244e-05,-0.89,2623768.0,3.284e-05,3.169e-05,
09:39:55,BONK,6.2e-06,-1.27,3604509.0,6.3e-06,6.08e-06,
09:39:55,WIF,0.186,2.76,7150852.0,0.191,0.178,
09:39:55,BOME,0.000527,3.13,1214350.0,0.000535,0.000496,
09:39:55,NEIRO,9.025e-05,0.77,2456769.0,9.111e-05,8.633e-05,
09:39:55,PENGU,0.010016,1.94,34612761.0,0.0102,0.00939,
09:40:55,DOGE,0.10818,0.68,142777494.0,0.10888,0.10434,Y
09:40:55,SHIB,6.28e-06,0.0,7484359.0,6.38e-06,6.14e-06,
09:40:55,PEPE,3.91e-06,0.0,33527508.0,3.95e-06,3.8e-06,
09:40:55,FLOKI,3.244e-05,-0.86,2623661.0,3.284e-05,3.169e-05,
09:40:55,BONK,6.2e-06,-1.12,3604719.0,6.3e-06,6.08e-06,
09:40:55,WIF,0.186,2.76,7151467.0,0.191,0.178,
09:40:55,BOME,0.000528,3.33,1214456.0,0.000535,0.000496,
09:40:55,NEIRO,9.055e-05,1.22,2463781.0,9.111e-05,8.633e-05,
09:40:55,PENGU,0.01002,1.94,34615261.0,0.0102,0.00939,
09:41:55,DOGE,0.10837,0.95,142556437.0,0.10888,0.10434,Y
09:41:55,SHIB,6.28e-06,0.0,7481170.0,6.38e-06,6.14e-06,
09:41:55,PEPE,3.92e-06,0.0,33528655.0,3.95e-06,3.8e-06,
09:41:55,FLOKI,3.247e-05,-0.73,2626143.0,3.284e-05,3.169e-05,
09:41:55,BONK,6.21e-06,-0.96,3604538.0,6.3e-06,6.08e-06,
09:41:55,WIF,0.186,3.33,7151460.0,0.191,0.178,
09:41:55,BOME,0.000528,3.12,1215508.0,0.000535,0.000496,
09:41:55,NEIRO,9.054e-05,1.14,2464883.0,9.111e-05,8.633e-05,
09:41:55,PENGU,0.010026,1.99,34614339.0,0.0102,0.00939,
09:42:55,DOGE,0.10851,0.89,142599924.0,0.10888,0.10434,Y
09:42:55,SHIB,6.29e-06,0.0,7482067.0,6.38e-06,6.14e-06,
09:42:55,PEPE,3.92e-06,-0.25,33514035.0,3.95e-06,3.8e-06,
09:42:55,FLOKI,3.247e-05,-0.7,2626765.0,3.284e-05,3.169e-05,
09:42:55,BONK,6.2e-06,-1.27,3604322.0,6.3e-06,6.08e-06,
09:42:55,WIF,0.186,2.76,7151447.0,0.191,0.178,
09:42:55,BOME,0.000528,3.12,1216638.0,0.000535,0.000496,
09:42:55,NEIRO,9.057e-05,1.13,2465389.0,9.111e-05,8.633e-05,
09:42:55,PENGU,0.010035,1.93,34635018.0,0.0102,0.00939,
09:43:55,DOGE,0.10846,0.78,142462951.0,0.10888,0.10434,Y
09:43:55,SHIB,6.29e-06,0.0,7484856.0,6.38e-06,6.14e-06,
09:43:55,PEPE,3.92e-06,0.0,33506854.0,3.95e-06,3.8e-06,
09:43:55,FLOKI,3.247e-05,-0.67,2630270.0,3.284e-05,3.169e-05,
09:43:55,BONK,6.21e-06,-1.11,3605761.0,6.3e-06,6.08e-06,
09:43:55,WIF,0.185,2.78,7130603.0,0.191,0.178,
09:43:55,BOME,0.000529,3.32,1217521.0,0.000535,0.000496,
09:43:55,NEIRO,9.057e-05,0.76,2461300.0,9.111e-05,8.633e-05,
09:43:55,PENGU,0.010027,1.64,34661053.0,0.0102,0.00939,
09:44:55,DOGE,0.10837,0.88,142538097.0,0.10888,0.10434,Y
09:44:55,SHIB,6.28e-06,0.0,7479046.0,6.38e-06,6.14e-06,
09:44:55,PEPE,3.91e-06,-0.51,33499312.0,3.95e-06,3.8e-06,
09:44:55,FLOKI,3.246e-05,-0.64,2626319.0,3.284e-05,3.169e-05,
09:44:55,BONK,6.21e-06,-1.11,3605761.0,6.3e-06,6.08e-06,
09:44:55,WIF,0.186,3.33,7130874.0,0.191,0.178,
09:44:55,BOME,0.000529,3.32,1217538.0,0.000535,0.000496,
09:44:55,NEIRO,9.054e-05,0.79,2464394.0,9.111e-05,8.633e-05,
09:44:55,PENGU,0.010024,1.05,34592946.0,0.0102,0.00939,
09:45:55,DOGE,0.10833,0.68,142447354.0,0.10888,0.10434,Y
09:45:55,SHIB,6.28e-06,-0.16,7476149.0,6.38e-06,6.14e-06,
09:45:55,PEPE,3.91e-06,-0.51,33518159.0,3.95e-06,3.8e-06,
09:45:55,FLOKI,3.244e-05,-0.82,2626128.0,3.284e-05,3.169e-05,
09:45:55,BONK,6.21e-06,-1.11,3603864.0,6.3e-06,6.08e-06,
09:45:55,WIF,0.186,2.76,7130867.0,0.191,0.178,
09:45:55,BOME,0.000529,3.32,1217522.0,0.000535,0.000496,
09:45:55,NEIRO,9.05e-05,0.56,2463679.0,9.111e-05,8.633e-05,
09:45:55,PENGU,0.010026,0.9,34590741.0,0.0102,0.00939,
09:46:55,DOGE,0.10848,0.84,142463756.0,0.10888,0.10434,Y
09:46:55,SHIB,6.28e-06,0.0,7475102.0,6.38e-06,6.14e-06,
09:46:55,PEPE,3.92e-06,0.0,33521861.0,3.95e-06,3.8e-06,
09:46:55,FLOKI,3.246e-05,-0.82,2626010.0,3.284e-05,3.169e-05,
09:46:55,BONK,6.21e-06,-1.27,3603565.0,6.3e-06,6.08e-06,
09:46:55,WIF,0.186,2.76,7130860.0,0.191,0.178,
09:46:55,BOME,0.000529,3.12,1217469.0,0.000535,0.000496,
09:46:55,NEIRO,9.054e-05,0.34,2460142.0,9.111e-05,8.633e-05,
09:46:55,PENGU,0.010031,1.2,34574642.0,0.0102,0.00939,
09:47:55,DOGE,0.10856,0.93,142444164.0,0.10888,0.10434,Y
09:47:55,SHIB,6.28e-06,-0.16,7474021.0,6.38e-06,6.14e-06,
09:47:55,PEPE,3.92e-06,-0.25,33522572.0,3.95e-06,3.8e-06,
09:47:55,FLOKI,3.248e-05,-0.82,2622278.0,3.284e-05,3.169e-05,
09:47:55,BONK,6.21e-06,-1.27,3602482.0,6.3e-06,6.08e-06,
09:47:55,WIF,0.186,2.76,7128328.0,0.191,0.178,
09:47:55,BOME,0.00053,3.52,1205329.0,0.000535,0.000496,
09:47:55,NEIRO,9.069e-05,0.6,2440162.0,9.111e-05,8.633e-05,
09:47:55,PENGU,0.010037,1.09,34542784.0,0.0102,0.00939,
09:48:55,DOGE,0.10876,1.24,142495065.0,0.10888,0.10434,Y
09:48:55,SHIB,6.29e-06,0.0,7472006.0,6.38e-06,6.14e-06,
09:48:55,PEPE,3.91e-06,-0.51,33743475.0,3.95e-06,3.8e-06,
09:48:55,FLOKI,3.255e-05,-0.64,2633144.0,3.284e-05,3.169e-05,
09:48:55,BONK,6.22e-06,-1.11,3618361.0,6.3e-06,6.08e-06,
09:48:55,WIF,0.186,2.2,7128274.0,0.191,0.178,
09:48:55,BOME,0.000531,3.31,1206750.0,0.000535,0.000496,
09:48:55,NEIRO,9.095e-05,0.82,2437471.0,9.111e-05,8.633e-05,
09:48:55,PENGU,0.010064,1.4,34577323.0,0.0102,0.00939,
09:49:55,DOGE,0.1087,1.16,142504292.0,0.10888,0.10434,Y
09:49:55,SHIB,6.29e-06,0.0,7467446.0,6.38e-06,6.14e-06,
09:49:55,PEPE,3.92e-06,-0.25,33655635.0,3.95e-06,3.8e-06,
09:49:55,FLOKI,3.255e-05,-0.73,2634730.0,3.284e-05,3.169e-05,
09:49:55,BONK,6.22e-06,-1.11,3620871.0,6.3e-06,6.08e-06,
09:49:55,WIF,0.186,2.2,7128255.0,0.191,0.178,
09:49:55,BOME,0.000531,3.31,1206925.0,0.000535,0.000496,
09:49:55,NEIRO,9.091e-05,0.55,2434827.0,9.111e-05,8.633e-05,
09:49:55,PENGU,0.010066,1.29,34595742.0,0.0102,0.00939,
09:50:55,DOGE,0.10875,1.05,142482158.0,0.10888,0.10434,Y
09:50:55,SHIB,6.31e-06,0.32,7477653.0,6.38e-06,6.14e-06,
09:50:55,PEPE,3.92e-06,-0.51,33649965.0,3.95e-06,3.8e-06,
09:50:55,FLOKI,3.255e-05,-0.73,2632673.0,3.284e-05,3.169e-05,
09:50:55,BONK,6.22e-06,-1.11,3621094.0,6.3e-06,6.08e-06,
09:50:55,WIF,0.187,2.75,7136126.0,0.191,0.178,
09:50:55,BOME,0.000533,3.7,1219691.0,0.000535,0.000496,
09:50:55,NEIRO,9.098e-05,0.61,2433517.0,9.111e-05,8.633e-05,
09:50:55,PENGU,0.010054,1.2,34585941.0,0.0102,0.00939,
09:51:55,DOGE,0.10873,1.07,142418228.0,0.10888,0.10434,Y
09:51:55,SHIB,6.3e-06,0.0,7477658.0,6.38e-06,6.14e-06,
09:51:55,PEPE,3.92e-06,-0.51,33636620.0,3.95e-06,3.8e-06,
09:51:55,FLOKI,3.255e-05,-0.7,2642614.0,3.284e-05,3.169e-05,
09:51:55,BONK,6.22e-06,-1.11,3621276.0,6.3e-06,6.08e-06,
09:51:55,WIF,0.186,2.2,7136677.0,0.191,0.178,
09:51:55,BOME,0.000532,3.7,1217780.0,0.000535,0.000496,
09:51:55,NEIRO,9.119e-05,0.86,2442894.0,9.122e-05,8.633e-05,
09:51:55,PENGU,0.01009,1.51,34629732.0,0.0102,0.00939,
09:52:55,DOGE,0.10877,1.07,142387426.0,0.10888,0.10434,Y
09:52:55,SHIB,6.31e-06,0.16,7476859.0,6.38e-06,6.14e-06,
09:52:55,PEPE,3.91e-06,-0.76,33563732.0,3.95e-06,3.8e-06,
09:52:55,FLOKI,3.253e-05,-0.76,2644366.0,3.284e-05,3.169e-05,
09:52:55,BONK,6.22e-06,-1.11,3612976.0,6.3e-06,6.08e-06,
09:52:55,WIF,0.186,2.76,7136658.0,0.191,0.178,
09:52:55,BOME,0.000533,3.7,1217954.0,0.000535,0.000496,
09:52:55,NEIRO,9.105e-05,0.82,2437422.0,9.123e-05,8.633e-05,
09:52:55,PENGU,0.010063,1.29,34623375.0,0.0102,0.00939,
09:53:55,DOGE,0.1088,0.99,142492808.0,0.10888,0.10434,Y
09:53:55,SHIB,6.31e-06,0.16,7471210.0,6.38e-06,6.14e-06,
09:53:55,PEPE,3.91e-06,-0.76,33560571.0,3.95e-06,3.8e-06,
09:53:55,FLOKI,3.253e-05,-0.85,2647650.0,3.284e-05,3.169e-05,
09:53:55,BONK,6.23e-06,-1.11,3614853.0,6.3e-06,6.08e-06,
09:53:55,WIF,0.187,2.75,7136776.0,0.191,0.178,
09:53:55,BOME,0.000532,3.7,1232458.0,0.000535,0.000496,
09:53:55,NEIRO,9.114e-05,0.95,2438572.0,9.123e-05,8.633e-05,
09:53:55,PENGU,0.010094,1.45,34646896.0,0.0102,0.00939,
09:54:55,DOGE,0.10898,1.39,143009688.0,0.10918,0.10434,Y
09:54:55,SHIB,6.32e-06,0.32,7424169.0,6.38e-06,6.14e-06,
09:54:55,PEPE,3.92e-06,-0.51,33315892.0,3.95e-06,3.8e-06,
09:54:55,FLOKI,3.261e-05,-0.52,2657503.0,3.28e-05,3.169e-05,
09:54:55,BONK,6.23e-06,-0.95,3607078.0,6.3e-06,6.08e-06,
09:54:55,WIF,0.187,3.31,7158280.0,0.191,0.178,
09:54:55,BOME,0.000533,3.7,1232185.0,0.000535,0.000496,
09:54:55,NEIRO,9.117e-05,0.77,2440779.0,9.128e-05,8.633e-05,
09:54:55,PENGU,0.010118,1.68,34566168.0,0.0102,0.00939,
09:56:55,DOGE,0.10907,1.62,143265580.0,0.10927,0.10434,Y
09:56:55,SHIB,6.31e-06,0.32,7427198.0,6.38e-06,6.14e-06,
09:56:55,PEPE,3.92e-06,0.0,33174470.0,3.95e-06,3.8e-06,
09:56:55,FLOKI,3.263e-05,-0.09,2647787.0,3.273e-05,3.169e-05,
09:56:55,BONK,6.24e-06,-0.8,3463883.0,6.3e-06,6.08e-06,
09:56:55,WIF,0.187,2.75,7158292.0,0.191,0.178,
09:56:55,BOME,0.000532,3.91,1238540.0,0.000535,0.000496,
09:56:55,NEIRO,9.106e-05,1.02,2438561.0,9.132e-05,8.633e-05,
09:56:55,PENGU,0.010121,1.9,34542777.0,0.0102,0.00939,
09:57:55,DOGE,0.10907,1.6,143222395.0,0.10927,0.10434,Y
09:57:55,SHIB,6.31e-06,0.64,7422969.0,6.38e-06,6.14e-06,
09:57:55,PEPE,3.93e-06,0.26,33182415.0,3.95e-06,3.8e-06,
09:57:55,FLOKI,3.266e-05,-0.03,2650953.0,3.273e-05,3.169e-05,
09:57:55,BONK,6.24e-06,-0.8,3441038.0,6.3e-06,6.08e-06,
09:57:55,WIF,0.188,3.3,7165106.0,0.191,0.178,
09:57:55,BOME,0.000532,3.7,1238392.0,0.000535,0.000496,
09:57:55,NEIRO,9.087e-05,0.74,2439129.0,9.132e-05,8.633e-05,
09:57:55,PENGU,0.010117,1.69,34527800.0,0.0102,0.00939,
09:59:55,DOGE,0.10901,2.03,143034523.0,0.10927,0.10434,Y
09:59:55,SHIB,6.31e-06,0.96,7409318.0,6.38e-06,6.14e-06,
09:59:55,PEPE,3.92e-06,0.0,33137945.0,3.95e-06,3.8e-06,
09:59:55,FLOKI,3.264e-05,0.12,2658964.0,3.273e-05,3.169e-05,
09:59:55,BONK,6.24e-06,-0.8,3424910.0,6.3e-06,6.08e-06,
09:59:55,WIF,0.188,3.3,7146219.0,0.191,0.178,
09:59:55,BOME,0.000532,3.91,1238471.0,0.000535,0.000496,
09:59:55,NEIRO,9.082e-05,0.97,2433200.0,9.132e-05,8.633e-05,
09:59:55,PENGU,0.010105,1.92,34541767.0,0.0102,0.00939,
10:00:55,DOGE,0.10906,2.05,142986329.0,0.10927,0.10434,Y
10:00:55,SHIB,6.31e-06,0.8,7425405.0,6.38e-06,6.14e-06,
10:00:55,PEPE,3.93e-06,0.26,33136048.0,3.95e-06,3.8e-06,
10:00:55,FLOKI,3.264e-05,0.09,2659818.0,3.273e-05,3.169e-05,
10:00:55,BONK,6.22e-06,-0.95,3425745.0,6.3e-06,6.08e-06,
10:00:55,WIF,0.187,3.31,7146371.0,0.191,0.178,
10:00:55,BOME,0.000533,4.1,1239075.0,0.000535,0.000496,
10:00:55,NEIRO,9.143e-05,1.54,2441162.0,9.143e-05,8.633e-05,
10:00:55,PENGU,0.010106,1.89,34533208.0,0.0102,0.00939,
10:01:55,DOGE,0.10897,1.81,143140818.0,0.10927,0.10434,Y
10:01:55,SHIB,6.3e-06,0.48,7407622.0,6.38e-06,6.14e-06,
10:01:55,PEPE,3.92e-06,0.0,33134435.0,3.95e-06,3.8e-06,
10:01:55,FLOKI,3.258e-05,-0.15,2662026.0,3.273e-05,3.169e-05,
10:01:55,BONK,6.22e-06,-1.11,3427680.0,6.3e-06,6.08e-06,
10:01:55,WIF,0.187,3.31,7170346.0,0.191,0.178,
10:01:55,BOME,0.000532,3.91,1245420.0,0.000535,0.000496,
10:01:55,NEIRO,9.099e-05,0.85,2444055.0,9.146e-05,8.633e-05,
10:01:55,PENGU,0.010082,1.6,34537472.0,0.0102,0.00939,
10:02:55,DOGE,0.10883,1.64,143258687.0,0.10927,0.10434,Y
10:02:55,SHIB,6.31e-06,0.64,7406834.0,6.38e-06,6.14e-06,
10:02:55,PEPE,3.92e-06,0.0,33153913.0,3.95e-06,3.8e-06,
10:02:55,FLOKI,3.258e-05,-0.15,2661657.0,3.273e-05,3.169e-05,
10:02:55,BONK,6.22e-06,-1.11,3420739.0,6.3e-06,6.08e-06,
10:02:55,WIF,0.187,2.75,7170817.0,0.191,0.178,
10:02:55,BOME,0.000532,3.91,1244722.0,0.000535,0.000496,
10:02:55,NEIRO,9.122e-05,1.07,2448093.0,9.146e-05,8.633e-05,
10:02:55,PENGU,0.010098,1.49,34527278.0,0.0102,0.00939,
10:03:55,DOGE,0.10891,1.62,143534482.0,0.10927,0.10434,Y
10:03:55,SHIB,6.29e-06,0.16,7418513.0,6.38e-06,6.14e-06,
10:03:55,PEPE,3.92e-06,0.0,33118665.0,3.95e-06,3.8e-06,
10:03:55,FLOKI,3.257e-05,-0.21,2662486.0,3.273e-05,3.169e-05,
10:03:55,BONK,6.22e-06,-1.11,3419918.0,6.3e-06,6.08e-06,
10:03:55,WIF,0.187,2.75,7170810.0,0.191,0.178,
10:03:55,BOME,0.000531,3.71,1244793.0,0.000535,0.000496,
10:03:55,NEIRO,9.102e-05,0.57,2452829.0,9.146e-05,8.633e-05,
10:03:55,PENGU,0.010087,1.02,34380519.0,0.0102,0.00939,
10:04:55,DOGE,0.10898,1.69,143506146.0,0.10927,0.10434,Y
10:04:55,SHIB,6.3e-06,0.48,7398016.0,6.38e-06,6.14e-06,
10:04:55,PEPE,3.91e-06,0.0,33088120.0,3.95e-06,3.8e-06,
10:04:55,FLOKI,3.258e-05,-0.12,2662360.0,3.273e-05,3.169e-05,
10:04:55,BONK,6.23e-06,-0.8,3419447.0,6.3e-06,6.08e-06,
10:04:55,WIF,0.187,3.31,7170786.0,0.191,0.178,
10:04:55,BOME,0.000531,3.51,1244749.0,0.000535,0.000496,
10:04:55,NEIRO,9.106e-05,0.69,2452873.0,9.146e-05,8.633e-05,
10:04:55,PENGU,0.010089,1.2,34375510.0,0.0102,0.00939,
10:05:55,DOGE,0.10889,1.73,143504834.0,0.10927,0.10434,Y
10:05:55,SHIB,6.29e-06,0.32,7397323.0,6.38e-06,6.14e-06,
10:05:55,PEPE,3.92e-06,0.26,33085457.0,3.95e-06,3.8e-06,
10:05:55,FLOKI,3.255e-05,-0.18,2664290.0,3.273e-05,3.169e-05,
10:05:55,BONK,6.23e-06,-0.95,3417093.0,6.3e-06,6.08e-06,
10:05:55,WIF,0.187,2.75,7170779.0,0.191,0.178,
10:05:55,BOME,0.00053,3.52,1242496.0,0.000535,0.000496,
10:05:55,NEIRO,9.111e-05,0.81,2453555.0,9.146e-05,8.633e-05,
10:05:55,PENGU,0.010089,1.21,34369514.0,0.0102,0.00939,
10:06:55,DOGE,0.10903,1.89,143351296.0,0.10927,0.10434,Y
10:06:55,SHIB,6.3e-06,0.32,7410141.0,6.38e-06,6.14e-06,
10:06:55,PEPE,3.92e-06,0.26,33085524.0,3.95e-06,3.8e-06,
10:06:55,FLOKI,3.258e-05,-0.15,2664545.0,3.273e-05,3.169e-05,
10:06:55,BONK,6.23e-06,-0.8,3415106.0,6.3e-06,6.08e-06,
10:06:55,WIF,0.187,3.31,7170772.0,0.191,0.178,
10:06:55,BOME,0.000531,3.51,1243522.0,0.000535,0.000496,
10:06:55,NEIRO,9.139e-05,1.54,2454779.0,9.146e-05,8.633e-05,
10:06:55,PENGU,0.010098,1.24,34352618.0,0.0102,0.00939,
10:07:55,DOGE,0.10919,2.11,143402171.0,0.10927,0.10434,Y
10:07:55,SHIB,6.31e-06,0.64,7406714.0,6.38e-06,6.14e-06,
10:07:55,PEPE,3.92e-06,0.26,33038837.0,3.95e-06,3.8e-06,
10:07:55,FLOKI,3.258e-05,-0.12,2664048.0,3.273e-05,3.169e-05,
10:07:55,BONK,6.23e-06,-0.95,3411667.0,6.3e-06,6.08e-06,
10:07:55,WIF,0.187,3.31,7170582.0,0.191,0.178,
10:07:55,BOME,0.000531,3.51,1243524.0,0.000535,0.000496,
10:07:55,NEIRO,9.131e-05,1.58,2451156.0,9.146e-05,8.633e-05,
10:07:55,PENGU,0.010102,1.31,34348927.0,0.0102,0.00939,
10:08:55,DOGE,0.10907,2.04,143462360.0,0.10927,0.10434,Y
10:08:55,SHIB,6.3e-06,0.48,7409852.0,6.38e-06,6.14e-06,
10:08:55,PEPE,3.91e-06,-0.26,33043522.0,3.95e-06,3.8e-06,
10:08:55,FLOKI,3.259e-05,-0.21,2659555.0,3.273e-05,3.169e-05,
10:08:55,BONK,6.23e-06,-0.8,3411886.0,6.3e-06,6.08e-06,
10:08:55,WIF,0.186,2.76,7164829.0,0.191,0.178,
10:08:55,BOME,0.000532,3.7,1243868.0,0.000535,0.000496,
10:08:55,NEIRO,9.108e-05,1.36,2452227.0,9.146e-05,8.633e-05,
10:08:55,PENGU,0.010102,1.63,34332353.0,0.0102,0.00939,
10:09:55,DOGE,0.1091,1.93,143609561.0,0.10927,0.10434,Y
10:09:55,SHIB,6.3e-06,0.48,7408903.0,6.38e-06,6.14e-06,
10:09:55,PEPE,3.92e-06,0.26,33056049.0,3.95e-06,3.8e-06,
10:09:55,FLOKI,3.261e-05,-0.18,2659635.0,3.273e-05,3.169e-05,
10:09:55,BONK,6.24e-06,-0.64,3411424.0,6.3e-06,6.08e-06,
10:09:55,WIF,0.187,3.31,7164775.0,0.191,0.178,
10:09:55,BOME,0.000533,3.9,1244270.0,0.000535,0.000496,
10:09:55,NEIRO,9.125e-05,1.59,2453122.0,9.146e-05,8.633e-05,
10:09:55,PENGU,0.01011,1.74,34306256.0,0.0102,0.00939,
10:10:55,DOGE,0.10896,1.78,143675539.0,0.10927,0.10434,Y
10:10:55,SHIB,6.31e-06,0.64,7408468.0,6.38e-06,6.14e-06,
10:10:55,PEPE,3.92e-06,0.0,33075092.0,3.95e-06,3.8e-06,
10:10:55,FLOKI,3.257e-05,-0.46,2659139.0,3.272e-05,3.169e-05,
10:10:55,BONK,6.23e-06,-0.8,3411447.0,6.3e-06,6.08e-06,
10:10:55,WIF,0.187,3.89,7143665.0,0.191,0.178,
10:10:55,BOME,0.000532,3.7,1244781.0,0.000535,0.000496,
10:10:55,NEIRO,9.087e-05,1.09,2455689.0,9.146e-05,8.633e-05,
10:10:55,PENGU,0.010101,1.39,34296230.0,0.0102,0.00939,
10:11:55,DOGE,0.10898,1.75,143678395.0,0.10927,0.10434,Y
10:11:55,SHIB,6.3e-06,0.32,7408687.0,6.38e-06,6.14e-06,
10:11:55,PEPE,3.91e-06,0.0,33075585.0,3.95e-06,3.8e-06,
10:11:55,FLOKI,3.257e-05,-0.46,2658038.0,3.272e-05,3.169e-05,
10:11:55,BONK,6.24e-06,-0.8,3411397.0,6.3e-06,6.08e-06,
10:11:55,WIF,0.186,2.76,7134036.0,0.191,0.178,
10:11:55,BOME,0.000532,3.7,1244751.0,0.000535,0.000496,
10:11:55,NEIRO,9.097e-05,1.29,2453785.0,9.146e-05,8.633e-05,
10:11:55,PENGU,0.010104,1.34,34274851.0,0.0102,0.00939,
10:12:55,DOGE,0.1091,1.87,143671102.0,0.10927,0.10434,Y
10:12:55,SHIB,6.31e-06,0.64,7400339.0,6.38e-06,6.14e-06,
10:12:55,PEPE,3.91e-06,0.0,33113559.0,3.95e-06,3.8e-06,
10:12:55,FLOKI,3.257e-05,-0.34,2650668.0,3.269e-05,3.169e-05,
10:12:55,BONK,6.23e-06,-0.95,3410339.0,6.3e-06,6.08e-06,
10:12:55,WIF,0.186,2.2,7134012.0,0.191,0.178,
10:12:55,BOME,0.000532,3.7,1244817.0,0.000535,0.000496,
10:12:55,NEIRO,9.087e-05,1.3,2454275.0,9.146e-05,8.633e-05,
10:12:55,PENGU,0.010112,1.65,34264083.0,0.0102,0.00939,
10:13:55,DOGE,0.10925,2.08,143835171.0,0.10937,0.10434,Y
10:13:55,SHIB,6.32e-06,0.8,7418994.0,6.38e-06,6.14e-06,
10:13:55,PEPE,3.92e-06,0.26,33115720.0,3.95e-06,3.8e-06,
10:13:55,FLOKI,3.258e-05,-0.28,2650355.0,3.269e-05,3.169e-05,
10:13:55,BONK,6.24e-06,-0.8,3410389.0,6.3e-06,6.08e-06,
10:13:55,WIF,0.186,3.33,7125060.0,0.191,0.178,
10:13:55,BOME,0.000532,3.7,1244617.0,0.000535,0.000496,
10:13:55,NEIRO,9.07e-05,1.08,2452890.0,9.146e-05,8.633e-05,
10:13:55,PENGU,0.010115,1.91,34267512.0,0.0102,0.00939,
10:14:55,DOGE,0.10906,1.99,144280846.0,0.10937,0.10434,Y
10:14:55,SHIB,6.31e-06,0.48,7436407.0,6.38e-06,6.14e-06,
10:14:55,PEPE,3.91e-06,-0.26,33310271.0,3.95e-06,3.8e-06,
10:14:55,FLOKI,3.256e-05,-0.34,2650904.0,3.269e-05,3.169e-05,
10:14:55,BONK,6.23e-06,-0.8,3410353.0,6.3e-06,6.08e-06,
10:14:55,WIF,0.186,2.76,7125037.0,0.191,0.178,
10:14:55,BOME,0.000531,3.51,1244627.0,0.000535,0.000496,
10:14:55,NEIRO,9.075e-05,1.02,2457881.0,9.146e-05,8.633e-05,
10:14:55,PENGU,0.010112,2.09,34200664.0,0.0102,0.00939,
10:15:55,DOGE,0.10914,2.12,144302165.0,0.10937,0.10434,Y
10:15:55,SHIB,6.31e-06,0.64,7418190.0,6.38e-06,6.14e-06,
10:15:55,PEPE,3.91e-06,0.0,33304053.0,3.95e-06,3.8e-06,
10:15:55,FLOKI,3.256e-05,-0.18,2647359.0,3.269e-05,3.169e-05,
10:15:55,BONK,6.24e-06,-0.64,3405104.0,6.3e-06,6.08e-06,
10:15:55,WIF,0.186,2.76,7125420.0,0.191,0.178,
10:15:55,BOME,0.000532,3.91,1244547.0,0.000535,0.000496,
10:15:55,NEIRO,9.07e-05,0.91,2456276.0,9.146e-05,8.633e-05,
10:15:55,PENGU,0.010112,2.15,34195173.0,0.0102,0.00939,
10:16:55,DOGE,0.10928,2.1,144344178.0,0.10938,0.10434,Y
10:16:55,SHIB,6.31e-06,0.64,7426179.0,6.38e-06,6.14e-06,
10:16:55,PEPE,3.92e-06,0.26,33292395.0,3.95e-06,3.8e-06,
10:16:55,FLOKI,3.258e-05,-0.21,2647184.0,3.269e-05,3.169e-05,
10:16:55,BONK,6.24e-06,-0.8,3403795.0,6.3e-06,6.08e-06,
10:16:55,WIF,0.186,3.33,7125414.0,0.191,0.178,
10:16:55,BOME,0.000534,4.3,1244677.0,0.000535,0.000496,
10:16:55,NEIRO,9.085e-05,1.0,2452113.0,9.146e-05,8.633e-05,
10:16:55,PENGU,0.010111,2.34,34170647.0,0.0102,0.00939,
10:17:55,DOGE,0.10911,1.88,144400460.0,0.10938,0.10434,Y
10:17:55,SHIB,6.31e-06,0.64,7414193.0,6.38e-06,6.14e-06,
10:17:55,PEPE,3.91e-06,0.0,33325249.0,3.95e-06,3.8e-06,
10:17:55,FLOKI,3.266e-05,0.15,2658230.0,3.272e-05,3.169e-05,
10:17:55,BONK,6.24e-06,-0.48,3398770.0,6.3e-06,6.08e-06,
10:17:55,WIF,0.186,2.76,7125407.0,0.191,0.178,
10:17:55,BOME,0.000533,4.1,1245345.0,0.000535,0.000496,
10:17:55,NEIRO,9.082e-05,1.12,2456192.0,9.146e-05,8.633e-05,
10:17:55,PENGU,0.010109,2.55,34159708.0,0.0102,0.00939,
10:18:55,DOGE,0.10904,1.83,144412292.0,0.10938,0.10434,Y
10:18:55,SHIB,6.31e-06,0.64,7413739.0,6.38e-06,6.14e-06,
10:18:55,PEPE,3.92e-06,0.51,33316626.0,3.95e-06,3.8e-06,
10:18:55,FLOKI,3.264e-05,0.28,2657352.0,3.272e-05,3.169e-05,
10:18:55,BONK,6.24e-06,-0.64,3398412.0,6.3e-06,6.08e-06,
10:18:55,WIF,0.187,3.89,7125411.0,0.191,0.178,
10:18:55,BOME,0.000533,4.3,1245349.0,0.000535,0.000496,
10:18:55,NEIRO,9.065e-05,1.33,2455608.0,9.146e-05,8.633e-05,
10:18:55,PENGU,0.010104,2.57,34141122.0,0.0102,0.00939,
10:20:55,DOGE,0.10867,1.6,144518596.0,0.10938,0.10434,Y
10:20:55,SHIB,6.31e-06,0.8,7428286.0,6.38e-06,6.14e-06,
10:20:55,PEPE,3.91e-06,0.26,33343362.0,3.95e-06,3.8e-06,
10:20:55,FLOKI,3.256e-05,0.12,2649887.0,3.272e-05,3.169e-05,
10:20:55,BONK,6.23e-06,-0.48,3399275.0,6.3e-06,6.08e-06,
10:20:55,WIF,0.187,3.31,7126234.0,0.191,0.178,
10:20:55,BOME,0.000531,4.12,1246846.0,0.000535,0.000496,
10:20:55,NEIRO,9.018e-05,1.0,2461702.0,9.146e-05,8.633e-05,
10:20:55,PENGU,0.010074,2.47,34137495.0,0.0102,0.00939,
10:21:55,DOGE,0.10877,1.82,144586117.0,0.10938,0.10434,Y
10:21:55,SHIB,6.31e-06,0.96,7418727.0,6.38e-06,6.14e-06,
10:21:55,PEPE,3.91e-06,0.26,33357921.0,3.95e-06,3.8e-06,
10:21:55,FLOKI,3.257e-05,0.15,2648742.0,3.272e-05,3.169e-05,
10:21:55,BONK,6.23e-06,-0.48,3396855.0,6.3e-06,6.08e-06,
10:21:55,WIF,0.187,3.31,7126091.0,0.191,0.178,
10:21:55,BOME,0.000531,4.12,1247603.0,0.000535,0.000496,
10:21:55,NEIRO,9.019e-05,1.19,2458283.0,9.146e-05,8.633e-05,
10:21:55,PENGU,0.010087,2.4,34132486.0,0.0102,0.00939,
10:22:55,DOGE,0.10883,1.94,144504585.0,0.10938,0.10434,Y
10:22:55,SHIB,6.31e-06,1.12,7412608.0,6.38e-06,6.14e-06,
10:22:55,PEPE,3.91e-06,0.26,33359990.0,3.95e-06,3.8e-06,
10:22:55,FLOKI,3.258e-05,0.21,2648344.0,3.272e-05,3.169e-05,
10:22:55,BONK,6.22e-06,-0.64,3395758.0,6.3e-06,6.08e-06,
10:22:55,WIF,0.187,3.31,7126091.0,0.191,0.178,
10:22:55,BOME,0.000531,4.32,1248500.0,0.000535,0.000496,
10:22:55,NEIRO,9.033e-05,1.31,2458049.0,9.146e-05,8.633e-05,
10:22:55,PENGU,0.010066,2.42,34131623.0,0.0102,0.00939,
10:23:55,DOGE,0.10877,1.65,144353451.0,0.10938,0.10434,Y
10:23:55,SHIB,6.3e-06,0.8,7404152.0,6.38e-06,6.14e-06,
10:23:55,PEPE,3.91e-06,0.51,33339150.0,3.95e-06,3.8e-06,
10:23:55,FLOKI,3.258e-05,0.15,2648066.0,3.272e-05,3.169e-05,
10:23:55,BONK,6.22e-06,-0.64,3394808.0,6.3e-06,6.08e-06,
10:23:55,WIF,0.187,3.31,7126091.0,0.191,0.178,
10:23:55,BOME,0.000531,4.12,1248613.0,0.000535,0.000496,
10:23:55,NEIRO,9.054e-05,1.31,2480069.0,9.146e-05,8.633e-05,
10:23:55,PENGU,0.010077,2.39,34124603.0,0.0102,0.00939,
10:24:55,DOGE,0.10861,1.54,144396299.0,0.10938,0.10434,Y
10:24:55,SHIB,6.31e-06,0.8,7403515.0,6.38e-06,6.14e-06,
10:24:55,PEPE,3.91e-06,0.51,33346329.0,3.95e-06,3.8e-06,
10:24:55,FLOKI,3.258e-05,0.15,2648019.0,3.272e-05,3.169e-05,
10:24:55,BONK,6.22e-06,-0.8,3395070.0,6.3e-06,6.08e-06,
10:24:55,WIF,0.187,3.31,7126139.0,0.191,0.178,
10:24:55,BOME,0.000531,4.12,1248607.0,0.000535,0.000496,
10:24:55,NEIRO,9.054e-05,1.34,2481073.0,9.146e-05,8.633e-05,
10:24:55,PENGU,0.010075,2.62,34110558.0,0.0102,0.00939,
10:25:55,DOGE,0.10863,1.55,144572711.0,0.10938,0.10434,Y
10:25:55,SHIB,6.31e-06,0.96,7418803.0,6.38e-06,6.14e-06,
10:25:55,PEPE,3.92e-06,0.51,33341841.0,3.95e-06,3.8e-06,
10:25:55,FLOKI,3.26e-05,0.15,2648332.0,3.272e-05,3.169e-05,
10:25:55,BONK,6.23e-06,-0.64,3394850.0,6.3e-06,6.08e-06,
10:25:55,WIF,0.187,3.31,7126139.0,0.191,0.178,
10:25:55,BOME,0.000531,4.12,1248664.0,0.000535,0.000496,
10:25:55,NEIRO,9.063e-05,1.34,2480194.0,9.146e-05,8.633e-05,
10:25:55,PENGU,0.010085,2.68,34106489.0,0.0102,0.00939,
10:26:55,DOGE,0.10866,1.58,144619719.0,0.10938,0.10434,Y
10:26:55,SHIB,6.31e-06,0.8,7423837.0,6.38e-06,6.14e-06,
10:26:55,PEPE,3.92e-06,0.51,33358644.0,3.95e-06,3.8e-06,
10:26:55,FLOKI,3.258e-05,0.12,2648292.0,3.272e-05,3.169e-05,
10:26:55,BONK,6.23e-06,-0.48,3389642.0,6.3e-06,6.08e-06,
10:26:55,WIF,0.186,2.76,7126144.0,0.191,0.178,
10:26:55,BOME,0.000531,3.91,1247792.0,0.000535,0.000496,
10:26:55,NEIRO,9.056e-05,1.39,2481214.0,9.146e-05,8.633e-05,
10:26:55,PENGU,0.010069,2.46,34103413.0,0.0102,0.00939,
10:27:55,DOGE,0.10859,1.61,144634006.0,0.10938,0.10434,Y
10:27:55,SHIB,6.31e-06,0.8,7406271.0,6.38e-06,6.14e-06,
10:27:55,PEPE,3.91e-06,0.51,33281077.0,3.95e-06,3.8e-06,
10:27:55,FLOKI,3.259e-05,0.21,2647710.0,3.272e-05,3.169e-05,
10:27:55,BONK,6.23e-06,-0.64,3385315.0,6.3e-06,6.08e-06,
10:27:55,WIF,0.186,2.76,7126149.0,0.191,0.178,
10:27:55,BOME,0.000531,3.91,1249367.0,0.000535,0.000496,
10:27:55,NEIRO,9.049e-05,1.46,2482363.0,9.146e-05,8.633e-05,
10:27:55,PENGU,0.010061,2.35,34100673.0,0.0102,0.00939,
10:28:55,DOGE,0.10859,1.43,144674127.0,0.10938,0.10434,Y
10:28:55,SHIB,6.31e-06,0.96,7403158.0,6.38e-06,6.14e-06,
10:28:55,PEPE,3.91e-06,0.51,33282530.0,3.95e-06,3.8e-06,
10:28:55,FLOKI,3.26e-05,0.18,2647557.0,3.272e-05,3.169e-05,
10:28:55,BONK,6.23e-06,-0.64,3385223.0,6.3e-06,6.08e-06,
10:28:55,WIF,0.186,2.76,7126152.0,0.191,0.178,
10:28:55,BOME,0.000531,3.91,1249367.0,0.000535,0.000496,
10:28:55,NEIRO,9.067e-05,1.46,2482784.0,9.146e-05,8.633e-05,
10:28:55,PENGU,0.010067,2.44,34098120.0,0.0102,0.00939,
10:29:55,DOGE,0.10865,1.49,144790391.0,0.10938,0.10434,Y
10:29:55,SHIB,6.31e-06,0.64,7395494.0,6.38e-06,6.14e-06,
10:29:55,PEPE,3.91e-06,0.26,33184763.0,3.95e-06,3.8e-06,
10:29:55,FLOKI,3.258e-05,0.03,2646526.0,3.272e-05,3.169e-05,
10:29:55,BONK,6.22e-06,-0.8,3381911.0,6.3e-06,6.08e-06,
10:29:55,WIF,0.186,2.76,7126139.0,0.191,0.178,
10:29:55,BOME,0.00053,3.72,1249172.0,0.000535,0.000496,
10:29:55,NEIRO,9.049e-05,1.2,2482917.0,9.146e-05,8.633e-05,
10:29:55,PENGU,0.010032,2.11,34149271.0,0.0102,0.00939,
10:30:55,DOGE,0.10864,2.2,144041039.0,0.10938,0.10434,Y
10:30:55,SHIB,6.31e-06,1.28,7380887.0,6.38e-06,6.14e-06,
10:30:55,PEPE,3.92e-06,1.29,33118264.0,3.95e-06,3.8e-06,
10:30:55,FLOKI,3.259e-05,0.68,2633316.0,3.272e-05,3.169e-05,
10:30:55,BONK,6.23e-06,0.0,3356107.0,6.3e-06,6.08e-06,
10:30:55,WIF,0.186,3.91,7100260.0,0.191,0.178,
10:30:55,BOME,0.000531,4.53,1249680.0,0.000535,0.000496,
10:30:55,NEIRO,9.054e-05,1.96,2477092.0,9.146e-05,8.633e-05,
10:30:55,PENGU,0.010027,2.98,34026214.0,0.0102,0.00939,
10:31:55,DOGE,0.10854,2.56,142897964.0,0.10938,0.10434,Y
10:31:55,SHIB,6.32e-06,1.77,7317375.0,6.38e-06,6.14e-06,
10:31:55,PEPE,3.91e-06,1.29,32978457.0,3.95e-06,3.8e-06,
10:31:55,FLOKI,3.252e-05,0.74,2619575.0,3.272e-05,3.169e-05,
10:31:55,BONK,6.22e-06,0.0,3342360.0,6.3e-06,6.08e-06,
10:31:55,WIF,0.186,3.91,7057181.0,0.191,0.178,
10:31:55,BOME,0.000531,4.73,1249686.0,0.000535,0.000496,
10:31:55,NEIRO,9.037e-05,2.41,2467195.0,9.146e-05,8.633e-05,
10:31:55,PENGU,0.009981,2.97,33946528.0,0.0102,0.00939,
10:32:55,DOGE,0.10843,2.27,142611083.0,0.10938,0.10434,Y
10:32:55,SHIB,6.31e-06,1.45,7319472.0,6.38e-06,6.14e-06,
10:32:55,PEPE,3.92e-06,1.03,32889773.0,3.95e-06,3.8e-06,
10:32:55,FLOKI,3.251e-05,0.46,2617047.0,3.272e-05,3.169e-05,
10:32:55,BONK,6.22e-06,-0.16,3338873.0,6.3e-06,6.08e-06,
10:32:55,WIF,0.186,3.91,7027651.0,0.191,0.178,
10:32:55,BOME,0.000531,4.53,1253755.0,0.000535,0.000496,
10:32:55,NEIRO,9.017e-05,1.83,2465943.0,9.146e-05,8.633e-05,
10:32:55,PENGU,0.009956,2.38,34058951.0,0.0102,0.00939,
10:33:55,DOGE,0.10841,2.56,142474970.0,0.10938,0.10434,Y
10:33:55,SHIB,6.31e-06,1.61,7301254.0,6.38e-06,6.14e-06,
10:33:55,PEPE,3.91e-06,1.29,32867176.0,3.95e-06,3.8e-06,
10:33:55,FLOKI,3.252e-05,0.65,2614894.0,3.272e-05,3.169e-05,
10:33:55,BONK,6.22e-06,0.0,3335257.0,6.3e-06,6.08e-06,
10:33:55,WIF,0.186,3.91,7027651.0,0.191,0.178,
10:33:55,BOME,0.000531,4.73,1253642.0,0.000535,0.000496,
10:33:55,NEIRO,9.024e-05,2.22,2458502.0,9.146e-05,8.633e-05,
10:33:55,PENGU,0.009969,2.64,34063764.0,0.0102,0.00939,
10:34:55,DOGE,0.10842,2.8,142088771.0,0.10938,0.10434,Y
10:34:55,SHIB,6.31e-06,1.61,7316477.0,6.38e-06,6.14e-06,
10:34:55,PEPE,3.91e-06,1.82,32478184.0,3.95e-06,3.8e-06,
10:34:55,FLOKI,3.251e-05,0.84,2607625.0,3.272e-05,3.169e-05,
10:34:55,BONK,6.22e-06,0.32,3287467.0,6.3e-06,6.08e-06,
10:34:55,WIF,0.187,4.47,7023505.0,0.191,0.178,
10:34:55,BOME,0.000531,4.94,1253791.0,0.000535,0.000496,
10:34:55,NEIRO,9.024e-05,2.64,2453198.0,9.146e-05,8.633e-05,
10:34:55,PENGU,0.00999,3.17,34022030.0,0.0102,0.00939,
10:35:55,DOGE,0.10846,2.58,141948656.0,0.10938,0.10434,Y
10:35:55,SHIB,6.32e-06,1.77,7304397.0,6.38e-06,6.14e-06,
10:35:55,PEPE,3.91e-06,1.56,32443403.0,3.95e-06,3.8e-06,
10:35:55,FLOKI,3.252e-05,0.74,2605550.0,3.272e-05,3.169e-05,
10:35:55,BONK,6.22e-06,0.32,3282263.0,6.3e-06,6.08e-06,
10:35:55,WIF,0.187,4.47,7020109.0,0.191,0.178,
10:35:55,BOME,0.000531,4.94,1253940.0,0.000535,0.000496,
10:35:55,NEIRO,9.016e-05,2.18,2453957.0,9.146e-05,8.633e-05,
10:35:55,PENGU,0.009988,3.03,34021017.0,0.0102,0.00939,
10:36:55,DOGE,0.10847,2.64,141834082.0,0.10938,0.10434,Y
10:36:55,SHIB,6.32e-06,1.94,7293161.0,6.38e-06,6.14e-06,
10:36:55,PEPE,3.92e-06,1.55,32437844.0,3.95e-06,3.8e-06,
10:36:55,FLOKI,3.252e-05,0.87,2604670.0,3.272e-05,3.169e-05,
10:36:55,BONK,6.22e-06,0.48,3281592.0,6.3e-06,6.08e-06,
10:36:55,WIF,0.186,4.49,7017922.0,0.191,0.178,
10:36:55,BOME,0.000531,4.94,1252759.0,0.000535,0.000496,
10:36:55,NEIRO,9.011e-05,2.43,2452845.0,9.146e-05,8.633e-05,
10:36:55,PENGU,0.009979,2.89,34004533.0,0.0102,0.00939,
10:37:55,DOGE,0.10848,2.64,141819001.0,0.10938,0.10434,Y
10:37:55,SHIB,6.32e-06,1.94,7283397.0,6.38e-06,6.14e-06,
10:37:55,PEPE,3.92e-06,1.82,32464789.0,3.95e-06,3.8e-06,
10:37:55,FLOKI,3.254e-05,1.06,2598248.0,3.272e-05,3.169e-05,
10:37:55,BONK,6.22e-06,0.48,3286197.0,6.3e-06,6.08e-06,
10:37:55,WIF,0.187,5.06,7018015.0,0.191,0.178,
10:37:55,BOME,0.000531,5.15,1253024.0,0.000535,0.000496,
10:37:55,NEIRO,9.032e-05,2.88,2455593.0,9.146e-05,8.633e-05,
10:37:55,PENGU,0.009983,3.08,33991205.0,0.0102,0.00939,
10:38:55,DOGE,0.1085,3.25,141539066.0,0.10938,0.10434,Y
10:38:55,SHIB,6.32e-06,2.27,7262419.0,6.38e-06,6.14e-06,
10:38:55,PEPE,3.93e-06,2.61,32267910.0,3.95e-06,3.8e-06,
10:38:55,FLOKI,3.256e-05,1.43,2591282.0,3.272e-05,3.169e-05,
10:38:55,BONK,6.22e-06,0.81,3260567.0,6.3e-06,6.08e-06,
10:38:55,WIF,0.187,5.06,7002038.0,0.191,0.178,
10:38:55,BOME,0.000532,5.35,1253077.0,0.000535,0.000496,
10:38:55,NEIRO,9.035e-05,3.35,2450330.0,9.146e-05,8.633e-05,
10:38:55,PENGU,0.010003,3.93,33936902.0,0.0102,0.00939,
10:39:55,DOGE,0.10854,3.07,141404177.0,0.10938,0.10434,Y
10:39:55,SHIB,6.32e-06,2.27,7263783.0,6.38e-06,6.14e-06,
10:39:55,PEPE,3.93e-06,2.34,32167081.0,3.95e-06,3.8e-06,
10:39:55,FLOKI,3.257e-05,1.4,2583521.0,3.272e-05,3.169e-05,
10:39:55,BONK,6.22e-06,0.81,3258359.0,6.3e-06,6.08e-06,
10:39:55,WIF,0.187,5.06,6991991.0,0.191,0.178,
10:39:55,BOME,0.000533,5.75,1257248.0,0.000535,0.000496,
10:39:55,NEIRO,9.034e-05,3.06,2446761.0,9.146e-05,8.633e-05,
10:39:55,PENGU,0.009999,3.68,33886387.0,0.0102,0.00939,
10:40:55,DOGE,0.10843,2.91,141345738.0,0.10938,0.10434,Y
10:40:55,SHIB,6.31e-06,2.1,7273884.0,6.38e-06,6.14e-06,
10:40:55,PEPE,3.93e-06,2.34,32161506.0,3.95e-06,3.8e-06,
10:40:55,FLOKI,3.256e-05,1.4,2579300.0,3.272e-05,3.169e-05,
10:40:55,BONK,6.23e-06,0.97,3252672.0,6.3e-06,6.08e-06,
10:40:55,WIF,0.187,5.06,6973863.0,0.191,0.178,
10:40:55,BOME,0.000531,5.36,1258330.0,0.000535,0.000496,
10:40:55,NEIRO,9.031e-05,3.02,2444780.0,9.146e-05,8.633e-05,
10:40:55,PENGU,0.009983,3.53,33873890.0,0.0102,0.00939,
10:41:55,DOGE,0.10841,3.0,141365301.0,0.10938,0.10434,Y
10:41:55,SHIB,6.33e-06,2.43,7268530.0,6.38e-06,6.14e-06,
10:41:55,PEPE,3.93e-06,2.61,32276439.0,3.95e-06,3.8e-06,
10:41:55,FLOKI,3.257e-05,1.43,2576796.0,3.272e-05,3.169e-05,
10:41:55,BONK,6.23e-06,0.97,3252029.0,6.3e-06,6.08e-06,
10:41:55,WIF,0.187,4.47,6969622.0,0.191,0.178,
10:41:55,BOME,0.000532,5.56,1258372.0,0.000535,0.000496,
10:41:55,NEIRO,9.044e-05,3.12,2445204.0,9.146e-05,8.633e-05,
10:41:55,PENGU,0.009982,3.4,33863364.0,0.0102,0.00939,
10:42:55,DOGE,0.10835,2.87,139852752.0,0.10938,0.10434,Y
10:42:55,SHIB,6.32e-06,2.27,7255282.0,6.38e-06,6.14e-06,
10:42:55,PEPE,3.93e-06,2.61,32249697.0,3.95e-06,3.8e-06,
10:42:55,FLOKI,3.256e-05,1.34,2575999.0,3.272e-05,3.169e-05,
10:42:55,BONK,6.23e-06,0.97,3250351.0,6.3e-06,6.08e-06,
10:42:55,WIF,0.187,5.06,6969531.0,0.191,0.178,
10:42:55,BOME,0.000532,5.56,1254330.0,0.000535,0.000496,
10:42:55,NEIRO,9.041e-05,3.15,2445207.0,9.146e-05,8.633e-05,
10:42:55,PENGU,0.009971,3.18,33860580.0,0.0102,0.00939,
10:43:55,DOGE,0.10841,2.84,139777191.0,0.10938,0.10434,Y
10:43:55,SHIB,6.32e-06,2.27,7246901.0,6.38e-06,6.14e-06,
10:43:55,PEPE,3.92e-06,2.08,32198342.0,3.95e-06,3.8e-06,
10:43:55,FLOKI,3.255e-05,1.37,2574303.0,3.272e-05,3.169e-05,
10:43:55,BONK,6.23e-06,0.97,3250262.0,6.3e-06,6.08e-06,
10:43:55,WIF,0.187,5.06,6969531.0,0.191,0.178,
10:43:55,BOME,0.000531,5.36,1254260.0,0.000535,0.000496,
10:43:55,NEIRO,9.03e-05,2.84,2443825.0,9.146e-05,8.633e-05,
10:43:55,PENGU,0.009967,3.12,33862696.0,0.0102,0.00939,
10:45:55,DOGE,0.10845,3.14,139556667.0,0.10938,0.10434,Y
10:45:55,SHIB,6.32e-06,2.27,7261726.0,6.38e-06,6.14e-06,
10:45:55,PEPE,3.92e-06,2.35,31936791.0,3.95e-06,3.8e-06,
10:45:55,FLOKI,3.255e-05,1.69,2555926.0,3.272e-05,3.169e-05,
10:45:55,BONK,6.22e-06,1.14,3240217.0,6.3e-06,6.08e-06,
10:45:55,WIF,0.187,5.06,6959339.0,0.191,0.178,
10:45:55,BOME,0.000532,5.76,1254033.0,0.000535,0.000496,
10:45:55,NEIRO,9.078e-05,3.75,2444318.0,9.146e-05,8.633e-05,
10:45:55,PENGU,0.009969,3.44,33848518.0,0.0102,0.00939,
10:46:55,DOGE,0.10859,3.51,138704020.0,0.10938,0.10434,Y
10:46:55,SHIB,6.31e-06,2.44,7254096.0,6.38e-06,6.14e-06,
10:46:55,PEPE,3.92e-06,2.62,31890152.0,3.95e-06,3.8e-06,
10:46:55,FLOKI,3.255e-05,1.75,2553447.0,3.272e-05,3.169e-05,
10:46:55,BONK,6.22e-06,0.97,3238818.0,6.3e-06,6.08e-06,
10:46:55,WIF,0.187,5.06,6952456.0,0.191,0.178,
10:46:55,BOME,0.000532,6.19,1249301.0,0.000535,0.000496,
10:46:55,NEIRO,9.073e-05,3.86,2439860.0,9.146e-05,8.633e-05,
10:46:55,PENGU,0.009975,3.71,33836155.0,0.0102,0.00939,
10:47:55,DOGE,0.10861,3.31,138614993.0,0.10938,0.10434,Y
10:47:55,SHIB,6.32e-06,2.27,7249272.0,6.38e-06,6.14e-06,
10:47:55,PEPE,3.93e-06,2.88,31874434.0,3.95e-06,3.8e-06,
10:47:55,FLOKI,3.254e-05,1.66,2550293.0,3.272e-05,3.169e-05,
10:47:55,BONK,6.22e-06,0.97,3238199.0,6.3e-06,6.08e-06,
10:47:55,WIF,0.187,5.06,6951670.0,0.191,0.178,
10:47:55,BOME,0.000532,5.98,1248670.0,0.000535,0.000496,
10:47:55,NEIRO,9.077e-05,3.48,2440974.0,9.146e-05,8.633e-05,
10:47:55,PENGU,0.00996,3.51,33828704.0,0.0102,0.00939,
10:48:55,DOGE,0.10857,3.27,138532877.0,0.10938,0.10434,Y
10:48:55,SHIB,6.32e-06,2.43,7262593.0,6.38e-06,6.14e-06,
10:48:55,PEPE,3.93e-06,2.61,31834291.0,3.95e-06,3.8e-06,
10:48:55,FLOKI,3.255e-05,1.69,2542461.0,3.272e-05,3.169e-05,
10:48:55,BONK,6.22e-06,1.14,3237368.0,6.3e-06,6.08e-06,
10:48:55,WIF,0.187,5.06,6951670.0,0.191,0.178,
10:48:55,BOME,0.000532,5.98,1248090.0,0.000535,0.000496,
10:48:55,NEIRO,9.064e-05,3.36,2444391.0,9.146e-05,8.633e-05,
10:48:55,PENGU,0.009949,3.47,33946987.0,0.0102,0.00939,
10:49:55,DOGE,0.10857,3.53,138236856.0,0.10938,0.10434,Y
10:49:55,SHIB,6.32e-06,2.6,7274736.0,6.38e-06,6.14e-06,
10:49:55,PEPE,3.93e-06,3.15,31801500.0,3.95e-06,3.8e-06,
10:49:55,FLOKI,3.255e-05,1.75,2542464.0,3.272e-05,3.169e-05,
10:49:55,BONK,6.22e-06,0.97,3235885.0,6.3e-06,6.08e-06,
10:49:55,WIF,0.186,4.49,6951772.0,0.191,0.178,
10:49:55,BOME,0.000533,6.39,1246892.0,0.000535,0.000496,
10:49:55,NEIRO,9.078e-05,3.58,2444518.0,9.146e-05,8.633e-05,
10:49:55,PENGU,0.009949,3.62,33942071.0,0.0102,0.00939,
10:50:55,DOGE,0.1086,3.47,134182735.0,0.10938,0.10434,Y
10:50:55,SHIB,6.33e-06,2.59,7270854.0,6.38e-06,6.14e-06,
10:50:55,PEPE,3.93e-06,2.61,31861502.0,3.95e-06,3.8e-06,
10:50:55,FLOKI,3.26e-05,1.81,2538231.0,3.272e-05,3.169e-05,
10:50:55,BONK,6.23e-06,1.14,3235758.0,6.3e-06,6.08e-06,
10:50:55,WIF,0.186,4.49,6951764.0,0.191,0.178,
10:50:55,BOME,0.000534,6.16,1247966.0,0.000535,0.000496,
10:50:55,NEIRO,9.097e-05,3.48,2445209.0,9.146e-05,8.633e-05,
10:50:55,PENGU,0.009968,3.75,33945714.0,0.0102,0.00939,
10:51:55,DOGE,0.10866,3.65,133874185.0,0.10938,0.10434,Y
10:51:55,SHIB,6.33e-06,2.59,7264022.0,6.38e-06,6.14e-06,
10:51:55,PEPE,3.93e-06,2.61,31938668.0,3.95e-06,3.8e-06,
10:51:55,FLOKI,3.262e-05,1.81,2542547.0,3.272e-05,3.169e-05,
10:51:55,BONK,6.23e-06,0.97,3235038.0,6.3e-06,6.08e-06,
10:51:55,WIF,0.187,5.06,6935720.0,0.191,0.178,
10:51:55,BOME,0.000536,6.56,1249096.0,0.000536,0.000496,
10:51:55,NEIRO,9.117e-05,3.51,2446515.0,9.146e-05,8.633e-05,
10:51:55,PENGU,0.009974,3.79,33938753.0,0.0102,0.00939,
10:52:55,DOGE,0.1086,3.46,133611868.0,0.10938,0.10434,Y
10:52:55,SHIB,6.32e-06,2.43,7261806.0,6.38e-06,6.14e-06,
10:52:55,PEPE,3.94e-06,2.87,31904411.0,3.95e-06,3.8e-06,
10:52:55,FLOKI,3.261e-05,1.68,2541761.0,3.272e-05,3.169e-05,
10:52:55,BONK,6.23e-06,0.97,3234968.0,6.3e-06,6.08e-06,
10:52:55,WIF,0.187,5.06,6929346.0,0.191,0.178,
10:52:55,BOME,0.000535,6.36,1250110.0,0.000536,0.000496,
10:52:55,NEIRO,9.11e-05,3.4,2450078.0,9.146e-05,8.633e-05,
10:52:55,PENGU,0.009972,3.64,33934127.0,0.0102,0.00939,
10:53:55,DOGE,0.10857,3.31,133463579.0,0.10938,0.10434,Y
10:53:55,SHIB,6.32e-06,2.1,7260269.0,6.38e-06,6.14e-06,
10:53:55,PEPE,3.93e-06,2.61,31904655.0,3.95e-06,3.8e-06,
10:53:55,FLOKI,3.26e-05,1.56,2541768.0,3.272e-05,3.169e-05,
10:53:55,BONK,6.23e-06,0.81,3234643.0,6.3e-06,6.08e-06,
10:53:55,WIF,0.187,4.47,6923908.0,0.191,0.178,
10:53:55,BOME,0.000535,6.15,1249770.0,0.000536,0.000496,
10:53:55,NEIRO,9.113e-05,3.65,2440482.0,9.146e-05,8.633e-05,
10:53:55,PENGU,0.009964,3.47,33933942.0,0.0102,0.00939,
10:55:55,DOGE,0.10864,3.27,133193809.0,0.10938,0.10434,Y
10:55:55,SHIB,6.33e-06,2.26,7273721.0,6.38e-06,6.14e-06,
10:55:55,PEPE,3.93e-06,2.61,31921359.0,3.95e-06,3.8e-06,
10:55:55,FLOKI,3.262e-05,1.52,2542196.0,3.272e-05,3.169e-05,
10:55:55,BONK,6.23e-06,0.81,3225501.0,6.3e-06,6.08e-06,
10:55:55,WIF,0.188,5.03,6925273.0,0.191,0.178,
10:55:55,BOME,0.000534,5.95,1262567.0,0.000536,0.000496,
10:55:55,NEIRO,9.117e-05,3.46,2438544.0,9.146e-05,8.633e-05,
10:55:55,PENGU,0.009984,3.73,33931771.0,0.0102,0.00939,
10:56:55,DOGE,0.10859,3.33,133124799.0,0.10938,0.10434,Y
10:56:55,SHIB,6.33e-06,2.26,7269792.0,6.38e-06,6.14e-06,
10:56:55,PEPE,3.94e-06,2.6,31988622.0,3.95e-06,3.8e-06,
10:56:55,FLOKI,3.259e-05,1.46,2543460.0,3.272e-05,3.169e-05,
10:56:55,BONK,6.23e-06,0.81,3225442.0,6.3e-06,6.08e-06,
10:56:55,WIF,0.187,4.47,6938340.0,0.191,0.178,
10:56:55,BOME,0.000533,5.75,1262240.0,0.000536,0.000496,
10:56:55,NEIRO,9.11e-05,3.39,2439460.0,9.146e-05,8.633e-05,
10:56:55,PENGU,0.009977,3.67,33935088.0,0.0102,0.00939,
10:57:55,DOGE,0.10853,3.13,132865072.0,0.10938,0.10434,Y
10:57:55,SHIB,6.33e-06,2.26,7272644.0,6.38e-06,6.14e-06,
10:57:55,PEPE,3.94e-06,2.87,31988971.0,3.95e-06,3.8e-06,
10:57:55,FLOKI,3.259e-05,1.46,2542963.0,3.272e-05,3.169e-05,
10:57:55,BONK,6.23e-06,0.81,3223937.0,6.3e-06,6.08e-06,
10:57:55,WIF,0.188,5.03,6939033.0,0.191,0.178,
10:57:55,BOME,0.000533,5.75,1263418.0,0.000536,0.000496,
10:57:55,NEIRO,9.103e-05,3.23,2439181.0,9.146e-05,8.633e-05,
10:57:55,PENGU,0.009985,3.74,33927513.0,0.0102,0.00939,
10:58:55,DOGE,0.10853,2.94,132808856.0,0.10938,0.10434,Y
10:58:55,SHIB,6.32e-06,1.94,7272046.0,6.38e-06,6.14e-06,
10:58:55,PEPE,3.93e-06,2.34,31933926.0,3.95e-06,3.8e-06,
10:58:55,FLOKI,3.258e-05,1.4,2541840.0,3.272e-05,3.169e-05,
10:58:55,BONK,6.23e-06,0.81,3223922.0,6.3e-06,6.08e-06,
10:58:55,WIF,0.188,5.03,6938996.0,0.191,0.178,
10:58:55,BOME,0.000533,5.75,1264408.0,0.000536,0.000496,
10:58:55,NEIRO,9.097e-05,3.18,2438897.0,9.146e-05,8.633e-05,
10:58:55,PENGU,0.009989,3.72,33924626.0,0.0102,0.00939,
10:59:55,DOGE,0.10847,2.81,132773676.0,0.10938,0.10434,Y
10:59:55,SHIB,6.32e-06,2.1,7272567.0,6.38e-06,6.14e-06,
10:59:55,PEPE,3.93e-06,2.08,31938497.0,3.95e-06,3.8e-06,
10:59:55,FLOKI,3.262e-05,1.49,2542368.0,3.272e-05,3.169e-05,
10:59:55,BONK,6.23e-06,0.81,3223677.0,6.3e-06,6.08e-06,
10:59:55,WIF,0.188,5.03,6941391.0,0.191,0.178,
10:59:55,BOME,0.000533,5.75,1265700.0,0.000536,0.000496,
10:59:55,NEIRO,9.093e-05,3.15,2439866.0,9.146e-05,8.633e-05,
10:59:55,PENGU,0.010003,3.91,33926012.0,0.0102,0.00939,
11:00:55,DOGE,0.10826,2.84,132760282.0,0.10938,0.10434,Y
11:00:55,SHIB,6.31e-06,1.94,7263318.0,6.38e-06,6.14e-06,
11:00:55,PEPE,3.92e-06,2.08,31890984.0,3.95e-06,3.8e-06,
11:00:55,FLOKI,3.257e-05,1.4,2538961.0,3.272e-05,3.169e-05,
11:00:55,BONK,6.23e-06,0.81,3222832.0,6.3e-06,6.08e-06,
11:00:55,WIF,0.188,5.03,6943519.0,0.191,0.178,
11:00:55,BOME,0.000533,5.75,1266328.0,0.000536,0.000496,
11:00:55,NEIRO,9.073e-05,3.3,2436982.0,9.146e-05,8.633e-05,
11:00:55,PENGU,0.009984,3.81,33886392.0,0.0102,0.00939,
11:01:55,DOGE,0.10819,2.8,132713688.0,0.10938,0.10434,Y
11:01:55,SHIB,6.3e-06,1.78,7260447.0,6.38e-06,6.14e-06,
11:01:55,PEPE,3.93e-06,2.34,31888836.0,3.95e-06,3.8e-06,
11:01:55,FLOKI,3.251e-05,1.21,2539167.0,3.272e-05,3.169e-05,
11:01:55,BONK,6.21e-06,0.32,3221847.0,6.3e-06,6.08e-06,
11:01:55,WIF,0.187,4.47,6955135.0,0.191,0.178,
11:01:55,BOME,0.00053,5.16,1266386.0,0.000536,0.000496,
11:01:55,NEIRO,9.049e-05,3.05,2439191.0,9.146e-05,8.633e-05,
11:01:55,PENGU,0.009963,3.43,33882875.0,0.0102,0.00939,
11:02:55,DOGE,0.10832,2.87,132681547.0,0.10938,0.10434,Y
11:02:55,SHIB,6.3e-06,1.78,7260411.0,6.38e-06,6.14e-06,
11:02:55,PEPE,3.92e-06,2.35,31860934.0,3.95e-06,3.8e-06,
11:02:55,FLOKI,3.254e-05,1.37,2540778.0,3.272e-05,3.169e-05,
11:02:55,BONK,6.21e-06,0.48,3221474.0,6.3e-06,6.08e-06,
11:02:55,WIF,0.187,4.47,6955401.0,0.191,0.178,
11:02:55,BOME,0.000531,5.57,1266261.0,0.000536,0.000496,
11:02:55,NEIRO,9.058e-05,3.23,2440102.0,9.146e-05,8.633e-05,
11:02:55,PENGU,0.00997,3.6,33883634.0,0.0102,0.00939,
11:03:55,DOGE,0.10825,2.51,132586588.0,0.10938,0.10434,Y
11:03:55,SHIB,6.31e-06,1.94,7264922.0,6.38e-06,6.14e-06,
11:03:55,PEPE,3.92e-06,2.08,31814301.0,3.95e-06,3.8e-06,
11:03:55,FLOKI,3.251e-05,1.25,2539721.0,3.272e-05,3.169e-05,
11:03:55,BONK,6.21e-06,0.48,3218172.0,6.3e-06,6.08e-06,
11:03:55,WIF,0.187,4.47,6955409.0,0.191,0.178,
11:03:55,BOME,0.000531,5.57,1266217.0,0.000536,0.000496,
11:03:55,NEIRO,9.041e-05,3.03,2440141.0,9.146e-05,8.633e-05,
11:03:55,PENGU,0.009954,3.35,33878909.0,0.0102,0.00939,
11:04:56,DOGE,0.1082,2.46,132558188.0,0.10938,0.10434,Y
11:04:56,SHIB,6.3e-06,1.78,7265268.0,6.38e-06,6.14e-06,
11:04:56,PEPE,3.93e-06,2.08,31722692.0,3.95e-06,3.8e-06,
11:04:56,FLOKI,3.251e-05,1.25,2539205.0,3.272e-05,3.169e-05,
11:04:56,BONK,6.22e-06,0.65,3217695.0,6.3e-06,6.08e-06,
11:04:56,WIF,0.187,4.47,6955711.0,0.191,0.178,
11:04:56,BOME,0.000531,5.36,1266056.0,0.000536,0.000496,
11:04:56,NEIRO,9.038e-05,3.01,2441778.0,9.146e-05,8.633e-05,
11:04:56,PENGU,0.009957,3.41,33878136.0,0.0102,0.00939,
11:05:55,DOGE,0.10809,2.31,132503146.0,0.10938,0.10434,Y
11:05:55,SHIB,6.31e-06,1.94,7265217.0,6.38e-06,6.14e-06,
11:05:55,PEPE,3.92e-06,2.08,31697278.0,3.95e-06,3.8e-06,
11:05:55,FLOKI,3.251e-05,1.28,2539341.0,3.272e-05,3.169e-05,
11:05:55,BONK,6.21e-06,0.48,3214779.0,6.3e-06,6.08e-06,
11:05:55,WIF,0.187,5.06,6955953.0,0.191,0.178,
11:05:55,BOME,0.00053,5.37,1266773.0,0.000536,0.000496,
11:05:55,NEIRO,9.036e-05,3.09,2442322.0,9.146e-05,8.633e-05,
11:05:55,PENGU,0.009969,3.55,33882969.0,0.0102,0.00939,
11:06:55,DOGE,0.10815,2.21,132553213.0,0.10938,0.10434,Y
11:06:55,SHIB,6.31e-06,1.77,7264916.0,6.38e-06,6.14e-06,
11:06:55,PEPE,3.93e-06,2.08,31696933.0,3.95e-06,3.8e-06,
11:06:55,FLOKI,3.254e-05,1.34,2544018.0,3.272e-05,3.169e-05,
11:06:55,BONK,6.21e-06,0.48,3214193.0,6.3e-06,6.08e-06,
11:06:55,WIF,0.187,4.47,6956187.0,0.191,0.178,
11:06:55,BOME,0.00053,5.37,1269864.0,0.000536,0.000496,
11:06:55,NEIRO,9.045e-05,3.14,2445305.0,9.146e-05,8.633e-05,
11:06:55,PENGU,0.009981,3.75,33871403.0,0.0102,0.00939,
11:07:55,DOGE,0.10816,2.24,132314540.0,0.10938,0.10434,Y
11:07:55,SHIB,6.3e-06,1.78,7264785.0,6.38e-06,6.14e-06,
11:07:55,PEPE,3.92e-06,2.08,31647059.0,3.95e-06,3.8e-06,
11:07:55,FLOKI,3.254e-05,1.43,2545748.0,3.272e-05,3.169e-05,
11:07:55,BONK,6.21e-06,0.65,3214050.0,6.3e-06,6.08e-06,
11:07:55,WIF,0.187,4.47,6956438.0,0.191,0.178,
11:07:55,BOME,0.00053,5.58,1269068.0,0.000536,0.000496,
11:07:55,NEIRO,9.036e-05,3.25,2454847.0,9.146e-05,8.633e-05,
11:07:55,PENGU,0.009977,3.71,33869665.0,0.0102,0.00939,
11:08:55,DOGE,0.10827,2.5,132178740.0,0.10938,0.10434,Y
11:08:55,SHIB,6.3e-06,1.78,7266778.0,6.38e-06,6.14e-06,
11:08:55,PEPE,3.93e-06,2.34,31636777.0,3.95e-06,3.8e-06,
11:08:55,FLOKI,3.258e-05,1.56,2545891.0,3.272e-05,3.169e-05,
11:08:55,BONK,6.23e-06,0.81,3214120.0,6.3e-06,6.08e-06,
11:08:55,WIF,0.187,4.47,6956599.0,0.191,0.178,
11:08:55,BOME,0.000531,5.99,1269341.0,0.000536,0.000496,
11:08:55,NEIRO,9.055e-05,3.43,2449279.0,9.146e-05,8.633e-05,
11:08:55,PENGU,0.009995,4.15,33852718.0,0.0102,0.00939,
11:09:55,DOGE,0.10837,2.64,132171955.0,0.10938,0.10434,Y
11:09:55,SHIB,6.31e-06,1.77,7288573.0,6.38e-06,6.14e-06,
11:09:55,PEPE,3.92e-06,2.35,31637798.0,3.95e-06,3.8e-06,
11:09:55,FLOKI,3.26e-05,1.62,2546424.0,3.272e-05,3.169e-05,
11:09:55,BONK,6.23e-06,0.81,3222192.0,6.3e-06,6.08e-06,
11:09:55,WIF,0.188,5.03,6968278.0,0.191,0.178,
11:09:55,BOME,0.000532,5.76,1275251.0,0.000536,0.000496,
11:09:55,NEIRO,9.078e-05,3.52,2450230.0,9.146e-05,8.633e-05,
11:09:55,PENGU,0.010009,4.39,33845736.0,0.0102,0.00939,
11:10:55,DOGE,0.10852,2.63,132171161.0,0.10938,0.10434,Y
11:10:55,SHIB,6.31e-06,1.77,7294478.0,6.38e-06,6.14e-06,
11:10:55,PEPE,3.94e-06,2.34,31658333.0,3.95e-06,3.8e-06,
11:10:55,FLOKI,3.264e-05,1.78,2549747.0,3.272e-05,3.169e-05,
11:10:55,BONK,6.23e-06,0.81,3224671.0,6.3e-06,6.08e-06,
11:10:55,WIF,0.188,5.03,6968458.0,0.191,0.178,
11:10:55,BOME,0.000534,6.16,1279755.0,0.000536,0.000496,
11:10:55,NEIRO,9.11e-05,3.73,2452253.0,9.146e-05,8.633e-05,
11:10:55,PENGU,0.010011,4.27,33837106.0,0.0102,0.00939,
11:11:55,DOGE,0.10846,2.6,132077020.0,0.10938,0.10434,Y
11:11:55,SHIB,6.31e-06,1.77,7294212.0,6.38e-06,6.14e-06,
11:11:55,PEPE,3.93e-06,2.34,31659942.0,3.95e-06,3.8e-06,
11:11:55,FLOKI,3.263e-05,1.75,2550992.0,3.272e-05,3.169e-05,
11:11:55,BONK,6.23e-06,0.81,3224682.0,6.3e-06,6.08e-06,
11:11:55,WIF,0.188,5.03,6968460.0,0.191,0.178,
11:11:55,BOME,0.000534,6.16,1282465.0,0.000536,0.000496,
11:11:55,NEIRO,9.129e-05,3.95,2454857.0,9.146e-05,8.633e-05,
11:11:55,PENGU,0.009985,3.96,33832559.0,0.0102,0.00939,
11:12:56,DOGE,0.10856,2.75,132071997.0,0.10938,0.10434,Y
11:12:56,SHIB,6.32e-06,2.1,7309755.0,6.38e-06,6.14e-06,
11:12:56,PEPE,3.93e-06,2.08,31659325.0,3.95e-06,3.8e-06,
11:12:56,FLOKI,3.266e-05,1.84,2552414.0,3.272e-05,3.169e-05,
11:12:56,BONK,6.23e-06,0.97,3224202.0,6.3e-06,6.08e-06,
11:12:56,WIF,0.188,5.03,6968453.0,0.191,0.178,
11:12:56,BOME,0.000535,6.57,1283710.0,0.000536,0.000496,
11:12:56,NEIRO,9.133e-05,4.04,2459455.0,9.146e-05,8.633e-05,
11:12:56,PENGU,0.009987,3.88,33827810.0,0.0102,0.00939,
11:13:55,DOGE,0.10849,2.67,132102214.0,0.10938,0.10434,Y
11:13:55,SHIB,6.32e-06,2.27,7301977.0,6.38e-06,6.14e-06,
11:13:55,PEPE,3.94e-06,2.6,31653003.0,3.95e-06,3.8e-06,
11:13:55,FLOKI,3.265e-05,1.87,2552130.0,3.272e-05,3.169e-05,
11:13:55,BONK,6.24e-06,1.14,3224198.0,6.3e-06,6.08e-06,
11:13:55,WIF,0.189,6.18,6968560.0,0.191,0.178,
11:13:55,BOME,0.000535,6.79,1283090.0,0.000536,0.000496,
11:13:55,NEIRO,9.135e-05,4.21,2463709.0,9.146e-05,8.633e-05,
11:13:55,PENGU,0.009992,3.94,33824152.0,0.0102,0.00939,
11:14:55,DOGE,0.10848,2.61,132098458.0,0.10938,0.10434,Y
11:14:55,SHIB,6.32e-06,2.27,7313890.0,6.38e-06,6.14e-06,
11:14:55,PEPE,3.93e-06,2.34,31597639.0,3.95e-06,3.8e-06,
11:14:55,FLOKI,3.263e-05,1.78,2551978.0,3.272e-05,3.169e-05,
11:14:55,BONK,6.23e-06,0.81,3225396.0,6.3e-06,6.08e-06,
11:14:55,WIF,0.189,5.59,6942402.0,0.191,0.179,
11:14:55,BOME,0.000534,6.59,1283239.0,0.000536,0.000496,
11:14:55,NEIRO,9.122e-05,4.08,2465994.0,9.146e-05,8.633e-05,
11:14:55,PENGU,0.009993,3.91,33821543.0,0.0102,0.00939,
11:15:55,DOGE,0.10862,2.75,132517303.0,0.10938,0.10434,Y
11:15:55,SHIB,6.33e-06,2.26,7337727.0,6.38e-06,6.14e-06,
11:15:55,PEPE,3.93e-06,2.34,31585895.0,3.95e-06,3.8e-06,
11:15:55,FLOKI,3.266e-05,1.87,2551686.0,3.272e-05,3.169e-05,
11:15:55,BONK,6.23e-06,0.81,3222217.0,6.3e-06,6.08e-06,
11:15:55,WIF,0.189,5.0,6910620.0,0.191,0.179,
11:15:55,BOME,0.000534,6.38,1283558.0,0.000536,0.000496,
11:15:55,NEIRO,9.135e-05,4.32,2466178.0,9.146e-05,8.633e-05,
11:15:55,PENGU,0.009999,4.24,33801681.0,0.0102,0.00939,
11:16:55,DOGE,0.10857,2.58,132131226.0,0.10938,0.10434,Y
11:16:55,SHIB,6.32e-06,2.1,7344417.0,6.38e-06,6.14e-06,
11:16:55,PEPE,3.93e-06,2.34,31725949.0,3.95e-06,3.8e-06,
11:16:55,FLOKI,3.266e-05,1.78,2545593.0,3.272e-05,3.169e-05,
11:16:55,BONK,6.24e-06,0.81,3221567.0,6.3e-06,6.08e-06,
11:16:55,WIF,0.189,4.42,6830926.0,0.191,0.179,
11:16:55,BOME,0.000534,6.38,1282332.0,0.000536,0.000496,
11:16:55,NEIRO,9.133e-05,4.19,2466995.0,9.154e-05,8.633e-05,
11:16:55,PENGU,0.009995,4.02,33799034.0,0.0102,0.00939,
11:17:55,DOGE,0.10892,2.9,132266925.0,0.10938,0.10434,Y
11:17:55,SHIB,6.34e-06,2.26,7376166.0,6.38e-06,6.14e-06,
11:17:55,PEPE,3.94e-06,2.34,32081576.0,3.95e-06,3.8e-06,
11:17:55,FLOKI,3.277e-05,2.06,2551578.0,3.279e-05,3.169e-05,
11:17:55,BONK,6.25e-06,0.81,3217122.0,6.3e-06,6.08e-06,
11:17:55,WIF,0.189,3.28,6802739.0,0.191,0.179,
11:17:55,BOME,0.000536,6.56,1284596.0,0.000537,0.000496,
11:17:55,NEIRO,9.156e-05,4.33,2480541.0,9.156e-05,8.633e-05,
11:17:55,PENGU,0.010045,4.31,33820717.0,0.0102,0.00939,
11:18:55,DOGE,0.1088,2.25,131889520.0,0.10938,0.10434,Y
11:18:55,SHIB,6.33e-06,1.93,7385512.0,6.38e-06,6.14e-06,
11:18:55,PEPE,3.93e-06,2.08,32136765.0,3.95e-06,3.8e-06,
11:18:55,FLOKI,3.271e-05,1.43,2550507.0,3.279e-05,3.169e-05,
11:18:55,BONK,6.23e-06,0.32,3209237.0,6.3e-06,6.08e-06,
11:18:55,WIF,0.189,3.28,6671299.0,0.191,0.179,
11:18:55,BOME,0.000534,5.74,1278775.0,0.000537,0.000496,
11:18:55,NEIRO,9.123e-05,3.42,2481651.0,9.16e-05,8.633e-05,
11:18:55,PENGU,0.01002,3.43,33802650.0,0.0102,0.00939,
11:19:55,DOGE,0.10907,2.72,131828616.0,0.10938,0.10434,Y
11:19:55,SHIB,6.34e-06,2.09,7379529.0,6.38e-06,6.14e-06,
11:19:55,PEPE,3.94e-06,2.34,32156848.0,3.95e-06,3.8e-06,
11:19:55,FLOKI,3.275e-05,1.58,2551588.0,3.279e-05,3.169e-05,
11:19:55,BONK,6.24e-06,0.48,3216221.0,6.3e-06,6.08e-06,
11:19:55,WIF,0.189,3.28,6633107.0,0.191,0.179,
11:19:55,BOME,0.000535,6.15,1278823.0,0.000537,0.000496,
11:19:55,NEIRO,9.12e-05,3.26,2484056.0,9.16e-05,8.633e-05,
11:19:55,PENGU,0.010045,3.7,33793295.0,0.0102,0.00939,
11:20:55,DOGE,0.10938,3.14,132879695.0,0.10985,0.10434,Y
11:20:55,SHIB,6.34e-06,2.26,7398785.0,6.38e-06,6.14e-06,
11:20:55,PEPE,3.95e-06,2.87,32646251.0,3.98e-06,3.8e-06,
11:20:55,FLOKI,3.281e-05,1.96,2587560.0,3.296e-05,3.169e-05,
11:20:55,BONK,6.25e-06,0.81,3280339.0,6.3e-06,6.08e-06,
11:20:55,WIF,0.189,3.28,6668325.0,0.191,0.179,
11:20:55,BOME,0.000536,6.56,1281248.0,0.000538,0.000496,
11:20:55,NEIRO,9.142e-05,3.76,2504704.0,9.204e-05,8.633e-05,
11:20:55,PENGU,0.010101,4.42,33908519.0,0.0102,0.00939,
11:21:55,DOGE,0.10943,3.04,133088784.0,0.10985,0.10434,Y
11:21:55,SHIB,6.36e-06,2.42,7413370.0,6.38e-06,6.14e-06,
11:21:55,PEPE,3.97e-06,3.12,32695544.0,3.98e-06,3.8e-06,
11:21:55,FLOKI,3.289e-05,2.21,2591704.0,3.296e-05,3.169e-05,
11:21:55,BONK,6.26e-06,0.97,3299068.0,6.3e-06,6.08e-06,
11:21:55,WIF,0.19,3.26,6654132.0,0.191,0.179,
11:21:55,BOME,0.000538,6.96,1281432.0,0.000538,0.000496,
11:21:55,NEIRO,9.18e-05,4.29,2511801.0,9.204e-05,8.633e-05,
11:21:55,PENGU,0.010158,5.06,34037537.0,0.0102,0.00939,
11:22:55,DOGE,0.10974,3.53,133303308.0,0.10985,0.10434,Y
11:22:55,SHIB,6.38e-06,2.74,7448611.0,6.38e-06,6.14e-06,
11:22:55,PEPE,3.98e-06,3.65,32835397.0,3.98e-06,3.8e-06,
11:22:55,FLOKI,3.297e-05,2.52,2599392.0,3.3e-05,3.169e-05,
11:22:55,BONK,6.27e-06,0.97,3299807.0,6.3e-06,6.08e-06,
11:22:55,WIF,0.19,3.83,6658966.0,0.191,0.179,
11:22:55,BOME,0.00054,7.36,1289389.0,0.00054,0.000496,
11:22:55,NEIRO,9.261e-05,5.2,2520182.0,9.262e-05,8.633e-05,
11:22:55,PENGU,0.010196,5.5,34390255.0,0.0102,0.00939,
11:23:55,DOGE,0.10957,3.47,134075834.0,0.10985,0.10434,Y
11:23:55,SHIB,6.36e-06,2.42,7458573.0,6.38e-06,6.14e-06,
11:23:55,PEPE,3.98e-06,3.38,33008068.0,3.99e-06,3.8e-06,
11:23:55,FLOKI,3.291e-05,2.3,2604601.0,3.301e-05,3.169e-05,
11:23:55,BONK,6.27e-06,1.13,3312636.0,6.3e-06,6.08e-06,
11:23:55,WIF,0.19,3.83,6598371.0,0.191,0.179,
11:23:55,BOME,0.000538,6.75,1286720.0,0.00054,0.000496,
11:23:55,NEIRO,9.215e-05,4.58,2525809.0,9.266e-05,8.633e-05,
11:23:55,PENGU,0.010147,4.9,34767161.0,0.010218,0.00939,
11:24:55,DOGE,0.10947,3.21,134132391.0,0.10985,0.10434,Y
11:24:55,SHIB,6.36e-06,2.42,7460490.0,6.38e-06,6.14e-06,
11:24:55,PEPE,3.97e-06,3.12,33081064.0,3.99e-06,3.8e-06,
11:24:55,FLOKI,3.293e-05,2.3,2606069.0,3.301e-05,3.169e-05,
11:24:55,BONK,6.27e-06,0.97,3318313.0,6.3e-06,6.08e-06,
11:24:55,WIF,0.19,3.26,6591010.0,0.191,0.179,
11:24:55,BOME,0.000539,6.94,1293451.0,0.00054,0.000496,
11:24:55,NEIRO,9.223e-05,4.58,2526741.0,9.266e-05,8.633e-05,
11:24:55,PENGU,0.010148,4.76,34778132.0,0.010218,0.00939,
11:26:55,DOGE,0.10939,3.08,133802574.0,0.10985,0.10434,Y
11:26:55,SHIB,6.35e-06,2.25,7460485.0,6.38e-06,6.14e-06,
11:26:55,PEPE,3.96e-06,3.12,33109150.0,3.99e-06,3.8e-06,
11:26:55,FLOKI,3.293e-05,2.33,2608104.0,3.301e-05,3.169e-05,
11:26:55,BONK,6.26e-06,0.97,3299195.0,6.3e-06,6.08e-06,
11:26:55,WIF,0.19,3.26,6576891.0,0.191,0.179,
11:26:55,BOME,0.000539,7.16,1292861.0,0.00054,0.000496,
11:26:55,NEIRO,9.3e-05,5.54,2555886.0,9.3e-05,8.633e-05,
11:26:55,PENGU,0.010184,5.14,34788469.0,0.010218,0.00939,
11:27:55,DOGE,0.10961,3.3,133708176.0,0.10985,0.10434,Y
11:27:55,SHIB,6.35e-06,2.42,7460857.0,6.38e-06,6.14e-06,
11:27:55,PEPE,3.97e-06,3.12,33210453.0,3.99e-06,3.8e-06,
11:27:55,FLOKI,3.294e-05,2.42,2615636.0,3.301e-05,3.169e-05,
11:27:55,BONK,6.26e-06,0.97,3296894.0,6.3e-06,6.08e-06,
11:27:55,WIF,0.189,3.28,6559631.0,0.191,0.179,
11:27:55,BOME,0.000539,6.94,1293806.0,0.00054,0.000496,
11:27:55,NEIRO,9.306e-05,5.67,2574743.0,9.349e-05,8.633e-05,
11:27:55,PENGU,0.010179,5.36,34838644.0,0.010218,0.00939,
11:28:55,DOGE,0.10965,3.31,133960496.0,0.10985,0.10434,Y
11:28:55,SHIB,6.35e-06,2.25,7464559.0,6.38e-06,6.14e-06,
11:28:55,PEPE,3.97e-06,3.12,33306532.0,3.99e-06,3.8e-06,
11:28:55,FLOKI,3.296e-05,2.46,2618050.0,3.301e-05,3.169e-05,
11:28:55,BONK,6.27e-06,1.13,3155559.0,6.3e-06,6.08e-06,
11:28:55,WIF,0.189,2.72,6534549.0,0.191,0.179,
11:28:55,BOME,0.000539,6.94,1293910.0,0.00054,0.000496,
11:28:55,NEIRO,9.314e-05,5.57,2587499.0,9.349e-05,8.633e-05,
11:28:55,PENGU,0.010179,5.46,34840236.0,0.010218,0.00939,
11:29:55,DOGE,0.10947,3.15,134629450.0,0.10985,0.10434,Y
11:29:55,SHIB,6.35e-06,2.09,7466203.0,6.38e-06,6.14e-06,
11:29:55,PEPE,3.96e-06,2.86,33316886.0,3.99e-06,3.8e-06,
11:29:55,FLOKI,3.291e-05,2.08,2619202.0,3.301e-05,3.169e-05,
11:29:55,BONK,6.26e-06,0.97,3155942.0,6.3e-06,6.08e-06,
11:29:55,WIF,0.189,2.16,6506855.0,0.191,0.179,
11:29:55,BOME,0.000539,6.73,1311393.0,0.000542,0.000496,
11:29:55,NEIRO,9.342e-05,5.44,2617822.0,9.35e-05,8.633e-05,
11:29:55,PENGU,0.010174,5.47,34810980.0,0.010218,0.00939,
11:30:55,DOGE,0.10969,3.23,135032057.0,0.10985,0.10434,Y
11:30:55,SHIB,6.35e-06,2.25,7464125.0,6.38e-06,6.14e-06,
11:30:55,PEPE,3.96e-06,2.59,33316724.0,3.99e-06,3.8e-06,
11:30:55,FLOKI,3.291e-05,2.05,2623376.0,3.301e-05,3.169e-05,
11:30:55,BONK,6.26e-06,1.13,3156354.0,6.3e-06,6.08e-06,
11:30:55,WIF,0.189,2.16,6506854.0,0.191,0.179,
11:30:55,BOME,0.000539,6.73,1311470.0,0.000542,0.000496,
11:30:55,NEIRO,9.346e-05,5.52,2645395.0,9.362e-05,8.633e-05,
11:30:55,PENGU,0.010153,5.4,34819549.0,0.010218,0.00939,
11:31:55,DOGE,0.10963,3.33,135203471.0,0.10985,0.10434,Y
11:31:55,SHIB,6.35e-06,2.25,7464142.0,6.38e-06,6.14e-06,
11:31:55,PEPE,3.97e-06,3.12,33399348.0,3.99e-06,3.8e-06,
11:31:55,FLOKI,3.293e-05,2.17,2623887.0,3.301e-05,3.169e-05,
11:31:55,BONK,6.27e-06,1.29,3155442.0,6.3e-06,6.08e-06,
11:31:55,WIF,0.19,3.26,6354222.0,0.191,0.179,
11:31:55,BOME,0.000539,6.94,1311562.0,0.000542,0.000496,
11:31:55,NEIRO,9.335e-05,5.6,2646019.0,9.362e-05,8.633e-05,
11:31:55,PENGU,0.010152,5.34,34829965.0,0.010218,0.00939,
11:32:55,DOGE,0.10959,3.26,135260952.0,0.10985,0.10434,Y
11:32:55,SHIB,6.36e-06,2.25,7479857.0,6.38e-06,6.14e-06,
11:32:55,PEPE,3.97e-06,2.85,33381180.0,3.99e-06,3.8e-06,
11:32:55,FLOKI,3.295e-05,2.2,2622756.0,3.301e-05,3.169e-05,
11:32:55,BONK,6.27e-06,1.13,3152936.0,6.3e-06,6.08e-06,
11:32:55,WIF,0.189,2.72,6354225.0,0.191,0.179,
11:32:55,BOME,0.00054,6.93,1310657.0,0.000542,0.000496,
11:32:55,NEIRO,9.329e-05,5.33,2652759.0,9.362e-05,8.633e-05,
11:32:55,PENGU,0.010159,5.3,34832865.0,0.010218,0.00939,
11:33:55,DOGE,0.10938,3.07,135423968.0,0.10985,0.10434,Y
11:33:55,SHIB,6.36e-06,2.25,7479668.0,6.38e-06,6.14e-06,
11:33:55,PEPE,3.97e-06,2.85,33401096.0,3.99e-06,3.8e-06,
11:33:55,FLOKI,3.292e-05,2.08,2625266.0,3.301e-05,3.169e-05,
11:33:55,BONK,6.26e-06,1.13,3155324.0,6.3e-06,6.08e-06,
11:33:55,WIF,0.189,2.72,6354217.0,0.191,0.179,
11:33:55,BOME,0.000539,6.73,1312372.0,0.000542,0.000496,
11:33:55,NEIRO,9.321e-05,5.08,2653139.0,9.362e-05,8.633e-05,
11:33:55,PENGU,0.010132,5.06,34854212.0,0.010218,0.00939,
11:34:55,DOGE,0.10942,3.12,135442588.0,0.10985,0.10434,Y
11:34:55,SHIB,6.36e-06,2.42,7500919.0,6.38e-06,6.14e-06,
11:34:55,PEPE,3.97e-06,2.85,33504571.0,3.99e-06,3.8e-06,
11:34:55,FLOKI,3.292e-05,2.14,2622940.0,3.301e-05,3.169e-05,
11:34:55,BONK,6.27e-06,1.29,3158393.0,6.3e-06,6.08e-06,
11:34:55,WIF,0.19,3.26,6367921.0,0.191,0.179,
11:34:55,BOME,0.000539,6.94,1312862.0,0.000542,0.000496,
11:34:55,NEIRO,9.366e-05,5.81,2690956.0,9.378e-05,8.633e-05,
11:34:55,PENGU,0.010109,5.19,34868804.0,0.010218,0.00939,
11:35:55,DOGE,0.10942,2.96,135390491.0,0.10985,0.10434,Y
11:35:55,SHIB,6.37e-06,2.58,7501198.0,6.38e-06,6.14e-06,
11:35:55,PEPE,3.98e-06,3.11,33611363.0,3.99e-06,3.8e-06,
11:35:55,FLOKI,3.295e-05,2.14,2624296.0,3.301e-05,3.169e-05,
11:35:55,BONK,6.27e-06,1.13,3158940.0,6.3e-06,6.08e-06,
11:35:55,WIF,0.19,3.26,6367964.0,0.191,0.179,
11:35:55,BOME,0.00054,7.14,1312953.0,0.000542,0.000496,
11:35:55,NEIRO,9.385e-05,5.94,2704290.0,9.422e-05,8.633e-05,
11:35:55,PENGU,0.01012,5.18,34886222.0,0.010218,0.00939,
11:36:55,DOGE,0.10957,3.08,135418958.0,0.10985,0.10434,Y
11:36:55,SHIB,6.37e-06,2.41,7500155.0,6.38e-06,6.14e-06,
11:36:55,PEPE,3.98e-06,3.11,33620287.0,3.99e-06,3.8e-06,
11:36:55,FLOKI,3.298e-05,2.2,2626652.0,3.301e-05,3.169e-05,
11:36:55,BONK,6.27e-06,0.97,3158644.0,6.3e-06,6.08e-06,
11:36:55,WIF,0.191,3.8,6370215.0,0.191,0.179,
11:36:55,BOME,0.000539,6.73,1311994.0,0.000542,0.000496,
11:36:55,NEIRO,9.407e-05,6.4,2716485.0,9.422e-05,8.633e-05,
11:36:55,PENGU,0.01011,4.95,34893970.0,0.010218,0.00939,
11:37:55,DOGE,0.10959,2.97,135425507.0,0.10985,0.10434,Y
11:37:55,SHIB,6.37e-06,2.41,7499620.0,6.38e-06,6.14e-06,
11:37:55,PEPE,3.98e-06,3.11,33601425.0,3.99e-06,3.8e-06,
11:37:55,FLOKI,3.299e-05,2.2,2627591.0,3.302e-05,3.169e-05,
11:37:55,BONK,6.28e-06,1.29,3162616.0,6.3e-06,6.08e-06,
11:37:55,WIF,0.19,3.83,6355018.0,0.191,0.179,
11:37:55,BOME,0.00054,6.93,1312228.0,0.000542,0.000496,
11:37:55,NEIRO,9.409e-05,6.47,2713423.0,9.422e-05,8.633e-05,
11:37:55,PENGU,0.010051,4.34,34971951.0,0.010218,0.00939,
11:38:55,DOGE,0.10955,2.81,135624822.0,0.10985,0.10434,Y
11:38:55,SHIB,6.37e-06,2.25,7499322.0,6.38e-06,6.14e-06,
11:38:55,PEPE,3.98e-06,3.11,33537153.0,3.99e-06,3.8e-06,
11:38:55,FLOKI,3.3e-05,2.17,2627796.0,3.302e-05,3.169e-05,
11:38:55,BONK,6.27e-06,0.97,3167089.0,6.3e-06,6.08e-06,
11:38:55,WIF,0.191,3.8,6369348.0,0.192,0.179,
11:38:55,BOME,0.000541,7.13,1312317.0,0.000542,0.000496,
11:38:55,NEIRO,9.409e-05,6.28,2723189.0,9.432e-05,8.633e-05,
11:38:55,PENGU,0.010035,3.97,34987569.0,0.010218,0.00939,
11:39:55,DOGE,0.10938,2.07,135219869.0,0.10985,0.10434,Y
11:39:55,SHIB,6.38e-06,2.24,7545711.0,6.38e-06,6.14e-06,
11:39:55,PEPE,3.97e-06,2.58,33526742.0,3.99e-06,3.8e-06,
11:39:55,FLOKI,3.295e-05,1.7,2627175.0,3.302e-05,3.169e-05,
11:39:55,BONK,6.27e-06,0.8,3162357.0,6.3e-06,6.08e-06,
11:39:55,WIF,0.19,2.7,6345606.0,0.192,0.179,
11:39:55,BOME,0.00054,6.72,1312567.0,0.000542,0.000496,
11:39:55,NEIRO,9.407e-05,5.91,2720773.0,9.432e-05,8.633e-05,
11:39:55,PENGU,0.010025,3.74,34988271.0,0.010218,0.00939,
11:41:55,DOGE,0.10938,2.1,135159986.0,0.10985,0.10434,Y
11:41:55,SHIB,6.38e-06,2.41,7656559.0,6.39e-06,6.14e-06,
11:41:55,PEPE,3.97e-06,2.32,33626133.0,3.99e-06,3.8e-06,
11:41:55,FLOKI,3.295e-05,1.82,2634164.0,3.302e-05,3.169e-05,
11:41:55,BONK,6.28e-06,0.96,3271294.0,6.3e-06,6.08e-06,
11:41:55,WIF,0.19,3.83,6319006.0,0.192,0.179,
11:41:55,BOME,0.000541,6.92,1314949.0,0.000542,0.000496,
11:41:55,NEIRO,9.396e-05,6.05,2741704.0,9.432e-05,8.633e-05,
11:41:55,PENGU,0.010027,3.99,34993854.0,0.010218,0.00939,
11:42:55,DOGE,0.10943,2.2,135060913.0,0.10985,0.10434,Y
11:42:55,SHIB,6.37e-06,2.25,7656475.0,6.39e-06,6.14e-06,
11:42:55,PEPE,3.97e-06,2.58,33648923.0,3.99e-06,3.8e-06,
11:42:55,FLOKI,3.292e-05,1.67,2628290.0,3.302e-05,3.169e-05,
11:42:55,BONK,6.27e-06,0.8,3270639.0,6.3e-06,6.08e-06,
11:42:55,WIF,0.189,2.72,6319027.0,0.192,0.179,
11:42:55,BOME,0.00054,6.72,1315242.0,0.000542,0.000496,
11:42:55,NEIRO,9.369e-05,5.7,2751416.0,9.432e-05,8.633e-05,
11:42:55,PENGU,0.010024,3.91,34997533.0,0.010218,0.00939,
11:43:55,DOGE,0.10939,2.15,134985442.0,0.10985,0.10434,Y
11:43:55,SHIB,6.37e-06,2.25,7655669.0,6.39e-06,6.14e-06,
11:43:55,PEPE,3.97e-06,2.32,33641609.0,3.99e-06,3.8e-06,
11:43:55,FLOKI,3.292e-05,1.79,2625155.0,3.302e-05,3.169e-05,
11:43:55,BONK,6.27e-06,0.97,3259694.0,6.3e-06,6.08e-06,
11:43:55,WIF,0.19,2.7,6310156.0,0.192,0.179,
11:43:55,BOME,0.00054,6.72,1315238.0,0.000542,0.000496,
11:43:55,NEIRO,9.382e-05,5.9,2753193.0,9.432e-05,8.633e-05,
11:43:55,PENGU,0.010028,4.08,34995388.0,0.010218,0.00939,
11:44:55,DOGE,0.10935,1.96,134918794.0,0.10985,0.10434,Y
11:44:55,SHIB,6.37e-06,2.08,7654204.0,6.39e-06,6.14e-06,
11:44:55,PEPE,3.96e-06,2.06,33692593.0,3.99e-06,3.8e-06,
11:44:55,FLOKI,3.291e-05,1.73,2624540.0,3.302e-05,3.169e-05,
11:44:55,BONK,6.28e-06,1.13,3258619.0,6.3e-06,6.08e-06,
11:44:55,WIF,0.19,2.7,6310131.0,0.192,0.179,
11:44:55,BOME,0.00054,6.93,1315099.0,0.000542,0.000496,
11:44:55,NEIRO,9.38e-05,5.88,2755681.0,9.432e-05,8.633e-05,
11:44:55,PENGU,0.010037,4.21,34997307.0,0.010218,0.00939,
11:45:55,DOGE,0.10929,1.83,134885307.0,0.10985,0.10434,Y
11:45:55,SHIB,6.37e-06,2.25,7652684.0,6.39e-06,6.14e-06,
11:45:55,PEPE,3.96e-06,2.33,33700986.0,3.99e-06,3.8e-06,
11:45:55,FLOKI,3.287e-05,1.64,2622436.0,3.302e-05,3.169e-05,
11:45:55,BONK,6.27e-06,1.13,3262837.0,6.3e-06,6.08e-06,
11:45:55,WIF,0.189,2.72,6322657.0,0.192,0.179,
11:45:55,BOME,0.000538,6.54,1323088.0,0.000542,0.000496,
11:45:55,NEIRO,9.357e-05,5.67,2768293.0,9.432e-05,8.633e-05,
11:45:55,PENGU,0.010046,4.55,34994766.0,0.010218,0.00939,
11:46:55,DOGE,0.10934,2.16,134621462.0,0.10985,0.10434,Y
11:46:55,SHIB,6.38e-06,2.24,7652789.0,6.39e-06,6.14e-06,
11:46:55,PEPE,3.97e-06,2.58,33700895.0,3.99e-06,3.8e-06,
11:46:55,FLOKI,3.289e-05,1.83,2622792.0,3.302e-05,3.169e-05,
11:46:55,BONK,6.27e-06,1.13,3263454.0,6.3e-06,6.08e-06,
11:46:55,WIF,0.188,2.17,6361373.0,0.192,0.179,
11:46:55,BOME,0.000538,6.54,1324021.0,0.000542,0.000496,
11:46:55,NEIRO,9.364e-05,5.75,2769394.0,9.432e-05,8.633e-05,
11:46:55,PENGU,0.010044,4.55,34998536.0,0.010218,0.00939,
11:47:55,DOGE,0.10936,2.21,134938173.0,0.10985,0.10434,Y
11:47:55,SHIB,6.37e-06,2.08,7671567.0,6.39e-06,6.14e-06,
11:47:55,PEPE,3.97e-06,2.58,33709352.0,3.99e-06,3.8e-06,
11:47:55,FLOKI,3.293e-05,1.82,2636911.0,3.302e-05,3.169e-05,
11:47:55,BONK,6.27e-06,0.97,3258827.0,6.3e-06,6.08e-06,
11:47:55,WIF,0.187,1.08,6367694.0,0.192,0.179,
11:47:55,BOME,0.000539,6.73,1324642.0,0.000542,0.000496,
11:47:55,NEIRO,9.364e-05,5.65,2771090.0,9.432e-05,8.633e-05,
11:47:55,PENGU,0.01004,4.33,34996295.0,0.010218,0.00939,
11:48:55,DOGE,0.1094,2.36,134872101.0,0.10985,0.10434,Y
11:48:55,SHIB,6.37e-06,2.08,7672618.0,6.39e-06,6.14e-06,
11:48:55,PEPE,3.96e-06,2.59,33630545.0,3.99e-06,3.8e-06,
11:48:55,FLOKI,3.293e-05,1.92,2637058.0,3.302e-05,3.169e-05,
11:48:55,BONK,6.27e-06,1.13,3260696.0,6.3e-06,6.08e-06,
11:48:55,WIF,0.188,1.62,6370887.0,0.192,0.179,
11:48:55,BOME,0.000539,6.73,1335491.0,0.000542,0.000496,
11:48:55,NEIRO,9.379e-05,5.96,2782312.0,9.432e-05,8.633e-05,
11:48:55,PENGU,0.010034,4.22,34987788.0,0.010218,0.00939,
11:49:55,DOGE,0.10928,2.27,134788821.0,0.10985,0.10434,Y
11:49:55,SHIB,6.38e-06,2.41,7711497.0,6.39e-06,6.14e-06,
11:49:55,PEPE,3.97e-06,2.85,33610522.0,3.99e-06,3.8e-06,
11:49:55,FLOKI,3.29e-05,1.95,2620702.0,3.302e-05,3.169e-05,
11:49:55,BONK,6.27e-06,1.13,3260520.0,6.3e-06,6.08e-06,
11:49:55,WIF,0.188,1.62,6382851.0,0.192,0.179,
11:49:55,BOME,0.000537,6.34,1337875.0,0.000542,0.000496,
11:49:55,NEIRO,9.329e-05,5.4,2789596.0,9.432e-05,8.633e-05,
11:49:55,PENGU,0.010028,4.18,35001661.0,0.010218,0.00939,
11:50:55,DOGE,0.10938,2.44,135041612.0,0.10985,0.10434,Y
11:50:55,SHIB,6.37e-06,2.08,7695656.0,6.39e-06,6.14e-06,
11:50:55,PEPE,3.96e-06,2.33,33567611.0,3.99e-06,3.8e-06,
11:50:55,FLOKI,3.292e-05,1.95,2620381.0,3.302e-05,3.169e-05,
11:50:55,BONK,6.27e-06,1.29,3261301.0,6.3e-06,6.08e-06,
11:50:55,WIF,0.188,1.07,6335449.0,0.192,0.179,
11:50:55,BOME,0.000538,6.96,1337882.0,0.000542,0.000496,
11:50:55,NEIRO,9.357e-05,5.62,2792894.0,9.432e-05,8.633e-05,
11:50:55,PENGU,0.01002,4.22,35026962.0,0.010218,0.00939,
11:51:55,DOGE,0.10943,2.54,135079002.0,0.10985,0.10434,Y
11:51:55,SHIB,6.37e-06,2.08,7697927.0,6.39e-06,6.14e-06,
11:51:55,PEPE,3.97e-06,3.12,33558504.0,3.99e-06,3.8e-06,
11:51:55,FLOKI,3.292e-05,1.98,2619834.0,3.302e-05,3.169e-05,
11:51:55,BONK,6.27e-06,1.13,3262284.0,6.3e-06,6.08e-06,
11:51:55,WIF,0.188,1.62,6316470.0,0.192,0.179,
11:51:55,BOME,0.000539,7.16,1340879.0,0.000542,0.000496,
11:51:55,NEIRO,9.341e-05,5.52,2810842.0,9.432e-05,8.633e-05,
11:51:55,PENGU,0.010031,4.33,35014451.0,0.010218,0.00939,
11:52:55,DOGE,0.10926,2.29,135112262.0,0.10985,0.10434,Y
11:52:55,SHIB,6.37e-06,2.08,7699612.0,6.39e-06,6.14e-06,
11:52:55,PEPE,3.97e-06,3.12,33512902.0,3.99e-06,3.8e-06,
11:52:55,FLOKI,3.291e-05,1.95,2620069.0,3.302e-05,3.169e-05,
11:52:55,BONK,6.27e-06,1.29,3263022.0,6.3e-06,6.08e-06,
11:52:55,WIF,0.188,1.62,6293257.0,0.192,0.179,
11:52:55,BOME,0.000539,7.16,1344577.0,0.000542,0.000496,
11:52:55,NEIRO,9.351e-05,5.4,2812012.0,9.432e-05,8.633e-05,
11:52:55,PENGU,0.010028,4.26,35013502.0,0.010218,0.00939,
11:53:55,DOGE,0.10915,2.12,135463199.0,0.10985,0.10434,Y
11:53:55,SHIB,6.37e-06,2.08,7701788.0,6.39e-06,6.14e-06,
11:53:55,PEPE,3.96e-06,2.59,33503735.0,3.99e-06,3.8e-06,
11:53:55,FLOKI,3.29e-05,1.89,2619697.0,3.302e-05,3.169e-05,
11:53:55,BONK,6.27e-06,1.13,3263043.0,6.3e-06,6.08e-06,
11:53:55,WIF,0.189,2.16,6293091.0,0.192,0.179,
11:53:55,BOME,0.000538,6.96,1344725.0,0.000542,0.000496,
11:53:55,NEIRO,9.355e-05,5.49,2815190.0,9.432e-05,8.633e-05,
11:53:55,PENGU,0.010025,4.13,35019586.0,0.010218,0.00939,
11:54:55,DOGE,0.10912,2.02,135570718.0,0.10985,0.10434,Y
11:54:55,SHIB,6.36e-06,1.92,7710892.0,6.39e-06,6.14e-06,
11:54:55,PEPE,3.95e-06,2.33,33524914.0,3.99e-06,3.8e-06,
11:54:55,FLOKI,3.288e-05,1.73,2618187.0,3.302e-05,3.169e-05,
11:54:55,BONK,6.27e-06,1.13,3262642.0,6.3e-06,6.08e-06,
11:54:55,WIF,0.188,1.07,6280414.0,0.192,0.179,
11:54:55,BOME,0.000538,6.96,1344725.0,0.000542,0.000496,
11:54:55,NEIRO,9.366e-05,5.39,2817130.0,9.432e-05,8.633e-05,
11:54:55,PENGU,0.009997,3.53,35012368.0,0.010218,0.00939,
11:55:55,DOGE,0.10903,2.06,135533380.0,0.10985,0.10434,Y
11:55:55,SHIB,6.35e-06,1.93,7721230.0,6.39e-06,6.14e-06,
11:55:55,PEPE,3.95e-06,2.33,33528725.0,3.99e-06,3.8e-06,
11:55:55,FLOKI,3.282e-05,1.64,2619372.0,3.302e-05,3.169e-05,
11:55:55,BONK,6.26e-06,0.97,3265324.0,6.3e-06,6.08e-06,
11:55:55,WIF,0.188,1.07,6286612.0,0.192,0.179,
11:55:55,BOME,0.000536,6.35,1344794.0,0.000542,0.000496,
11:55:55,NEIRO,9.33e-05,5.29,2834906.0,9.432e-05,8.633e-05,
11:55:55,PENGU,0.009976,3.44,35029850.0,0.010218,0.00939,
11:56:55,DOGE,0.10901,2.09,135559356.0,0.10985,0.10434,Y
11:56:55,SHIB,6.35e-06,1.93,7723160.0,6.39e-06,6.14e-06,
11:56:55,PEPE,3.94e-06,2.07,33623874.0,3.99e-06,3.8e-06,
11:56:55,FLOKI,3.282e-05,1.64,2619755.0,3.302e-05,3.169e-05,
11:56:55,BONK,6.26e-06,1.13,3265494.0,6.3e-06,6.08e-06,
11:56:55,WIF,0.187,1.08,6266714.0,0.192,0.179,
11:56:55,BOME,0.000537,6.55,1345019.0,0.000542,0.000496,
11:56:55,NEIRO,9.285e-05,4.77,2853673.0,9.432e-05,8.633e-05,
11:56:55,PENGU,0.00998,3.5,35019236.0,0.010218,0.00939,
11:57:55,DOGE,0.10904,2.11,135768114.0,0.10985,0.10434,Y
11:57:55,SHIB,6.35e-06,1.76,7727577.0,6.39e-06,6.14e-06,
11:57:55,PEPE,3.94e-06,2.07,33639947.0,3.99e-06,3.8e-06,
11:57:55,FLOKI,3.282e-05,1.61,2620966.0,3.302e-05,3.169e-05,
11:57:55,BONK,6.26e-06,0.97,3265331.0,6.3e-06,6.08e-06,
11:57:55,WIF,0.187,1.08,6225799.0,0.192,0.179,
11:57:55,BOME,0.000536,6.35,1344991.0,0.000542,0.000496,
11:57:55,NEIRO,9.297e-05,4.87,2895007.0,9.432e-05,8.633e-05,
11:57:55,PENGU,0.009977,3.55,35015032.0,0.010218,0.00939,
11:58:55,DOGE,0.10906,2.09,135783148.0,0.10985,0.10434,Y
11:58:55,SHIB,6.35e-06,1.76,7727796.0,6.39e-06,6.14e-06,
11:58:55,PEPE,3.94e-06,2.07,33630037.0,3.99e-06,3.8e-06,
11:58:55,FLOKI,3.28e-05,1.61,2621949.0,3.302e-05,3.169e-05,
11:58:55,BONK,6.26e-06,1.13,3265294.0,6.3e-06,6.08e-06,
11:58:55,WIF,0.187,1.08,6223021.0,0.192,0.179,
11:58:55,BOME,0.000536,6.35,1345001.0,0.000542,0.000496,
11:58:55,NEIRO,9.285e-05,4.76,2896668.0,9.432e-05,8.633e-05,
11:58:55,PENGU,0.009975,3.62,35015249.0,0.010218,0.00939,
11:59:55,DOGE,0.10907,2.15,135740548.0,0.10985,0.10434,Y
11:59:55,SHIB,6.34e-06,1.6,7745463.0,6.39e-06,6.14e-06,
11:59:55,PEPE,3.94e-06,2.07,33634085.0,3.99e-06,3.8e-06,
11:59:55,FLOKI,3.28e-05,1.64,2622389.0,3.302e-05,3.169e-05,
11:59:55,BONK,6.25e-06,0.81,3265190.0,6.3e-06,6.08e-06,
11:59:55,WIF,0.187,1.08,6208181.0,0.192,0.179,
11:59:55,BOME,0.000536,6.56,1343906.0,0.000542,0.000496,
11:59:55,NEIRO,9.3e-05,4.93,2898511.0,9.432e-05,8.633e-05,
11:59:55,PENGU,0.009977,3.55,35012529.0,0.010218,0.00939,
12:00:56,DOGE,0.10925,2.43,135763106.0,0.10985,0.10434,Y
12:00:56,SHIB,6.36e-06,1.92,7746850.0,6.39e-06,6.14e-06,
12:00:56,PEPE,3.95e-06,2.6,33748480.0,3.99e-06,3.8e-06,
12:00:56,FLOKI,3.286e-05,1.89,2643926.0,3.302e-05,3.169e-05,
12:00:56,BONK,6.26e-06,1.29,3265094.0,6.3e-06,6.08e-06,
12:00:56,WIF,0.187,1.63,6204546.0,0.192,0.179,
12:00:56,BOME,0.000537,6.97,1344484.0,0.000542,0.000496,
12:00:56,NEIRO,9.29e-05,4.91,2900660.0,9.432e-05,8.633e-05,
12:00:56,PENGU,0.009984,3.72,35018224.0,0.010218,0.00939,
12:01:55,DOGE,0.10922,2.31,135646718.0,0.10985,0.10434,Y
12:01:55,SHIB,6.35e-06,2.09,7722847.0,6.39e-06,6.14e-06,
12:01:55,PEPE,3.95e-06,2.33,33701392.0,3.99e-06,3.8e-06,
12:01:55,FLOKI,3.285e-05,1.83,2641984.0,3.302e-05,3.169e-05,
12:01:55,BONK,6.26e-06,1.13,3258110.0,6.3e-06,6.08e-06,
12:01:55,WIF,0.187,2.19,5977938.0,0.192,0.179,
12:01:55,BOME,0.000537,6.76,1349202.0,0.000542,0.000496,
12:01:55,NEIRO,9.286e-05,5.11,2901946.0,9.432e-05,8.633e-05,
12:01:55,PENGU,0.009979,3.57,35105416.0,0.010218,0.00939,
12:02:55,DOGE,0.10923,2.55,135568463.0,0.10985,0.10434,Y
12:02:55,SHIB,6.35e-06,1.93,7732310.0,6.39e-06,6.14e-06,
12:02:55,PEPE,3.96e-06,2.86,33706014.0,3.99e-06,3.8e-06,
12:02:55,FLOKI,3.285e-05,1.92,2641668.0,3.302e-05,3.169e-05,
12:02:55,BONK,6.26e-06,1.29,3260325.0,6.3e-06,6.08e-06,
12:02:55,WIF,0.187,1.63,5974609.0,0.192,0.179,
12:02:55,BOME,0.000537,6.76,1349242.0,0.000542,0.000496,
12:02:55,NEIRO,9.298e-05,5.26,2905345.0,9.432e-05,8.633e-05,
12:02:55,PENGU,0.009978,3.74,35112093.0,0.010218,0.00939,
12:03:55,DOGE,0.10903,2.4,135531326.0,0.10985,0.10434,Y
12:03:55,SHIB,6.36e-06,2.25,7730287.0,6.39e-06,6.14e-06,
12:03:55,PEPE,3.96e-06,3.12,33687755.0,3.99e-06,3.8e-06,
12:03:55,FLOKI,3.283e-05,1.86,2636565.0,3.302e-05,3.169e-05,
12:03:55,BONK,6.26e-06,1.29,3260223.0,6.3e-06,6.08e-06,
12:03:55,WIF,0.188,2.17,5946168.0,0.192,0.179,
12:03:55,BOME,0.000537,6.97,1347560.0,0.000542,0.000496,
12:03:55,NEIRO,9.307e-05,5.45,2909292.0,9.432e-05,8.633e-05,
12:03:55,PENGU,0.00997,3.73,35106761.0,0.010218,0.00939,
12:04:55,DOGE,0.10917,2.37,135540937.0,0.10985,0.10434,Y
12:04:55,SHIB,6.35e-06,2.09,7721306.0,6.39e-06,6.14e-06,
12:04:55,PEPE,3.96e-06,2.86,33685127.0,3.99e-06,3.8e-06,
12:04:55,FLOKI,3.286e-05,1.89,2636986.0,3.302e-05,3.169e-05,
12:04:55,BONK,6.25e-06,1.13,3258549.0,6.3e-06,6.08e-06,
12:04:55,WIF,0.188,2.17,5955601.0,0.192,0.179,
12:04:55,BOME,0.000538,7.17,1348905.0,0.000542,0.000496,
12:04:55,NEIRO,9.319e-05,5.6,2907660.0,9.432e-05,8.633e-05,
12:04:55,PENGU,0.009991,3.77,35110925.0,0.010218,0.00939,
12:05:55,DOGE,0.10921,2.72,135552188.0,0.10985,0.10434,Y
12:05:55,SHIB,6.35e-06,2.25,7718334.0,6.39e-06,6.14e-06,
12:05:55,PEPE,3.96e-06,3.12,33728103.0,3.99e-06,3.8e-06,
12:05:55,FLOKI,3.286e-05,2.08,2634736.0,3.302e-05,3.169e-05,
12:05:55,BONK,6.26e-06,1.46,3259391.0,6.3e-06,6.08e-06,
12:05:55,WIF,0.187,2.19,5956463.0,0.192,0.179,
12:05:55,BOME,0.000538,7.38,1349992.0,0.000542,0.000496,
12:05:55,NEIRO,9.324e-05,5.99,2911191.0,9.432e-05,8.633e-05,
12:05:55,PENGU,0.009996,3.98,35112656.0,0.010218,0.00939,
12:06:55,DOGE,0.10932,3.13,135340659.0,0.10985,0.10434,Y
12:06:55,SHIB,6.36e-06,2.42,7717302.0,6.39e-06,6.14e-06,
12:06:55,PEPE,3.95e-06,3.13,33623916.0,3.99e-06,3.8e-06,
12:06:55,FLOKI,3.289e-05,2.37,2633342.0,3.302e-05,3.169e-05,
12:06:55,BONK,6.27e-06,1.62,3254965.0,6.3e-06,6.08e-06,
12:06:55,WIF,0.188,2.17,5936157.0,0.192,0.179,
12:06:55,BOME,0.000538,7.38,1348522.0,0.000542,0.000496,
12:06:55,NEIRO,9.339e-05,6.49,2918966.0,9.432e-05,8.633e-05,
12:06:55,PENGU,0.00999,4.73,34978406.0,0.010218,0.00939,
12:07:55,DOGE,0.1093,2.9,135210449.0,0.10985,0.10434,Y
12:07:55,SHIB,6.37e-06,2.41,7724162.0,6.39e-06,6.14e-06,
12:07:55,PEPE,3.96e-06,2.86,33664955.0,3.99e-06,3.8e-06,
12:07:55,FLOKI,3.292e-05,2.4,2633075.0,3.302e-05,3.169e-05,
12:07:55,BONK,6.26e-06,1.29,3255011.0,6.3e-06,6.08e-06,
12:07:55,WIF,0.188,2.17,5948818.0,0.192,0.179,
12:07:55,BOME,0.000538,7.38,1348659.0,0.000542,0.000496,
12:07:55,NEIRO,9.35e-05,6.3,2924024.0,9.432e-05,8.633e-05,
12:07:55,PENGU,0.009998,4.53,34958518.0,0.010218,0.00939,
12:08:55,DOGE,0.10942,3.01,135184141.0,0.10985,0.10434,Y
12:08:55,SHIB,6.38e-06,2.57,7728833.0,6.39e-06,6.14e-06,
12:08:55,PEPE,3.97e-06,3.12,33667188.0,3.99e-06,3.8e-06,
12:08:55,FLOKI,3.296e-05,2.49,2632282.0,3.302e-05,3.169e-05,
12:08:55,BONK,6.28e-06,1.62,3262484.0,6.3e-06,6.08e-06,
12:08:55,WIF,0.188,2.17,5960789.0,0.192,0.179,
12:08:55,BOME,0.00054,7.78,1349482.0,0.000542,0.000496,
12:08:55,NEIRO,9.36e-05,6.27,2975382.0,9.432e-05,8.633e-05,
12:08:55,PENGU,0.010013,4.52,34961218.0,0.010218,0.00939,
12:09:55,DOGE,0.10925,2.8,135065126.0,0.10985,0.10434,Y
12:09:55,SHIB,6.37e-06,2.58,7724259.0,6.39e-06,6.14e-06,
12:09:55,PEPE,3.96e-06,2.86,33659275.0,3.99e-06,3.8e-06,
12:09:55,FLOKI,3.291e-05,2.43,2626852.0,3.302e-05,3.169e-05,
12:09:55,BONK,6.27e-06,1.46,3261131.0,6.3e-06,6.08e-06,
12:09:55,WIF,0.188,2.17,5960780.0,0.192,0.179,
12:09:55,BOME,0.00054,7.78,1349482.0,0.000542,0.000496,
12:09:55,NEIRO,9.36e-05,6.45,2978377.0,9.432e-05,8.633e-05,
12:09:55,PENGU,0.009989,4.37,34957937.0,0.010218,0.00939,
12:10:55,DOGE,0.1092,2.69,134991710.0,0.10985,0.10434,Y
12:10:55,SHIB,6.37e-06,2.25,7722894.0,6.39e-06,6.14e-06,
12:10:55,PEPE,3.96e-06,3.12,33659273.0,3.99e-06,3.8e-06,
12:10:55,FLOKI,3.289e-05,2.3,2623691.0,3.302e-05,3.169e-05,
12:10:55,BONK,6.26e-06,1.29,3260527.0,6.3e-06,6.08e-06,
12:10:55,WIF,0.189,2.72,5960770.0,0.192,0.179,
12:10:55,BOME,0.000539,7.58,1348719.0,0.000542,0.000496,
12:10:55,NEIRO,9.349e-05,6.15,2976496.0,9.432e-05,8.633e-05,
12:10:55,PENGU,0.009997,4.38,34947332.0,0.010218,0.00939,
12:11:56,DOGE,0.10915,2.47,134954471.0,0.10985,0.10434,Y
12:11:56,SHIB,6.37e-06,2.41,7737386.0,6.39e-06,6.14e-06,
12:11:56,PEPE,3.96e-06,2.59,33645551.0,3.99e-06,3.8e-06,
12:11:56,FLOKI,3.291e-05,2.33,2622913.0,3.302e-05,3.169e-05,
12:11:56,BONK,6.27e-06,1.46,3261895.0,6.3e-06,6.08e-06,
12:11:56,WIF,0.189,3.28,5960658.0,0.192,0.179,
12:11:56,BOME,0.000539,7.58,1348722.0,0.000542,0.000496,
12:11:56,NEIRO,9.347e-05,6.06,2976778.0,9.432e-05,8.633e-05,
12:11:56,PENGU,0.010003,4.3,34928983.0,0.010218,0.00939,
12:12:55,DOGE,0.10911,2.7,134797431.0,0.10985,0.10434,Y
12:12:55,SHIB,6.37e-06,2.41,7760712.0,6.39e-06,6.14e-06,
12:12:55,PEPE,3.96e-06,2.86,33637911.0,3.99e-06,3.8e-06,
12:12:55,FLOKI,3.289e-05,2.37,2624099.0,3.302e-05,3.169e-05,
12:12:55,BONK,6.27e-06,1.46,3262696.0,6.3e-06,6.08e-06,
12:12:55,WIF,0.187,1.63,5968225.0,0.192,0.179,
12:12:55,BOME,0.000539,7.8,1348746.0,0.000542,0.000496,
12:12:55,NEIRO,9.327e-05,6.03,2977493.0,9.432e-05,8.633e-05,
12:12:55,PENGU,0.009998,4.4,34926378.0,0.010218,0.00939,
12:13:55,DOGE,0.10909,2.69,134827454.0,0.10985,0.10434,Y
12:13:55,SHIB,6.37e-06,2.41,7747186.0,6.39e-06,6.14e-06,
12:13:55,PEPE,3.97e-06,3.12,33651330.0,3.99e-06,3.8e-06,
12:13:55,FLOKI,3.287e-05,2.3,2624367.0,3.302e-05,3.169e-05,
12:13:55,BONK,6.26e-06,1.29,3263221.0,6.3e-06,6.08e-06,
12:13:55,WIF,0.188,2.17,5968051.0,0.192,0.179,
12:13:55,BOME,0.000538,7.38,1348753.0,0.000542,0.000496,
12:13:55,NEIRO,9.31e-05,6.02,2977182.0,9.432e-05,8.633e-05,
12:13:55,PENGU,0.009986,4.22,34929204.0,0.010218,0.00939,
12:14:55,DOGE,0.10906,2.57,134821010.0,0.10985,0.10434,Y
12:14:55,SHIB,6.36e-06,2.09,7747610.0,6.39e-06,6.14e-06,
12:14:55,PEPE,3.97e-06,3.38,33670345.0,3.99e-06,3.8e-06,
12:14:55,FLOKI,3.289e-05,2.3,2624452.0,3.302e-05,3.169e-05,
12:14:55,BONK,6.27e-06,1.62,3263964.0,6.3e-06,6.08e-06,
12:14:55,WIF,0.188,2.73,5968004.0,0.192,0.179,
12:14:55,BOME,0.000538,7.38,1348749.0,0.000542,0.000496,
12:14:55,NEIRO,9.359e-05,6.34,2982157.0,9.432e-05,8.633e-05,
12:14:55,PENGU,0.010008,4.36,34932351.0,0.010218,0.00939,
12:15:55,DOGE,0.10883,2.44,134860240.0,0.10985,0.10434,Y
12:15:55,SHIB,6.36e-06,2.09,7753900.0,6.39e-06,6.14e-06,
12:15:55,PEPE,3.95e-06,2.6,33804086.0,3.99e-06,3.8e-06,
12:15:55,FLOKI,3.286e-05,2.27,2625973.0,3.302e-05,3.169e-05,
12:15:55,BONK,6.26e-06,1.46,3289693.0,6.3e-06,6.08e-06,
12:15:55,WIF,0.188,2.17,5955834.0,0.192,0.179,
12:15:55,BOME,0.000536,6.99,1349658.0,0.000542,0.000496,
12:15:55,NEIRO,9.341e-05,6.1,2984108.0,9.432e-05,8.633e-05,
12:15:55,PENGU,0.009987,4.33,34947150.0,0.010218,0.00939,
12:16:55,DOGE,0.10895,2.51,134854921.0,0.10985,0.10434,Y
12:16:55,SHIB,6.36e-06,2.25,7785413.0,6.39e-06,6.14e-06,
12:16:55,PEPE,3.97e-06,3.12,33874027.0,3.99e-06,3.8e-06,
12:16:55,FLOKI,3.289e-05,2.33,2627280.0,3.302e-05,3.169e-05,
12:16:55,BONK,6.26e-06,1.46,3289693.0,6.3e-06,6.08e-06,
12:16:55,WIF,0.188,2.17,5955830.0,0.192,0.179,
12:16:55,BOME,0.000537,7.19,1349523.0,0.000542,0.000496,
12:16:55,NEIRO,9.363e-05,6.36,2987595.0,9.432e-05,8.633e-05,
12:16:55,PENGU,0.009995,4.41,34947532.0,0.010218,0.00939,
12:17:55,DOGE,0.10893,2.59,134813545.0,0.10985,0.10434,Y
12:17:55,SHIB,6.36e-06,2.25,7776302.0,6.39e-06,6.14e-06,
12:17:55,PEPE,3.96e-06,3.12,33857342.0,3.99e-06,3.8e-06,
12:17:55,FLOKI,3.289e-05,2.43,2626947.0,3.302e-05,3.169e-05,
12:17:55,BONK,6.27e-06,1.62,3297105.0,6.3e-06,6.08e-06,
12:17:55,WIF,0.187,1.63,5948072.0,0.192,0.179,
12:17:55,BOME,0.000537,7.19,1349521.0,0.000542,0.000496,
12:17:55,NEIRO,9.369e-05,6.59,2987404.0,9.432e-05,8.633e-05,
12:17:55,PENGU,0.009997,4.62,34945834.0,0.010218,0.00939,
12:18:55,DOGE,0.10897,2.77,134422677.0,0.10985,0.10434,Y
12:18:55,SHIB,6.36e-06,2.42,7777225.0,6.39e-06,6.14e-06,
12:18:55,PEPE,3.96e-06,3.12,33848402.0,3.99e-06,3.8e-06,
12:18:55,FLOKI,3.29e-05,2.49,2629418.0,3.302e-05,3.169e-05,
12:18:55,BONK,6.27e-06,1.79,3298014.0,6.3e-06,6.08e-06,
12:18:55,WIF,0.188,2.73,5947253.0,0.192,0.179,
12:18:55,BOME,0.000537,7.4,1349176.0,0.000542,0.000496,
12:18:55,NEIRO,9.405e-05,6.96,2988827.0,9.432e-05,8.633e-05,
12:18:55,PENGU,0.010001,4.7,34945722.0,0.010218,0.00939,
12:20:55,DOGE,0.10889,2.83,134443075.0,0.10985,0.10434,Y
12:20:55,SHIB,6.36e-06,2.42,7767486.0,6.39e-06,6.14e-06,
12:20:55,PEPE,3.96e-06,3.12,33817534.0,3.99e-06,3.8e-06,
12:20:55,FLOKI,3.287e-05,2.5,2628896.0,3.302e-05,3.169e-05,
12:20:55,BONK,6.26e-06,1.62,3299931.0,6.3e-06,6.08e-06,
12:20:55,WIF,0.188,2.17,5944775.0,0.192,0.179,
12:20:55,BOME,0.000536,7.2,1348944.0,0.000542,0.000496,
12:20:55,NEIRO,9.361e-05,6.5,3007924.0,9.432e-05,8.633e-05,
12:20:55,PENGU,0.010001,4.95,34924250.0,0.010218,0.00939,
12:21:55,DOGE,0.10884,2.83,134362259.0,0.10985,0.10434,Y
12:21:55,SHIB,6.37e-06,2.74,7769037.0,6.39e-06,6.14e-06,
12:21:55,PEPE,3.97e-06,3.38,33825735.0,3.99e-06,3.8e-06,
12:21:55,FLOKI,3.286e-05,2.5,2629143.0,3.302e-05,3.169e-05,
12:21:55,BONK,6.26e-06,1.62,3310614.0,6.3e-06,6.08e-06,
12:21:55,WIF,0.187,2.19,5943922.0,0.192,0.179,
12:21:55,BOME,0.000536,6.99,1341613.0,0.000542,0.000496,
12:21:55,NEIRO,9.34e-05,6.25,3010409.0,9.432e-05,8.633e-05,
12:21:55,PENGU,0.009981,4.84,34885318.0,0.010218,0.00939,
12:22:55,DOGE,0.10898,2.81,134383232.0,0.10985,0.10434,Y
12:22:55,SHIB,6.37e-06,2.58,7770592.0,6.39e-06,6.14e-06,
12:22:55,PEPE,3.96e-06,3.12,33831028.0,3.99e-06,3.8e-06,
12:22:55,FLOKI,3.287e-05,2.43,2629181.0,3.302e-05,3.169e-05,
12:22:55,BONK,6.26e-06,1.62,3317161.0,6.3e-06,6.08e-06,
12:22:55,WIF,0.188,2.17,5942740.0,0.192,0.179,
12:22:55,BOME,0.000536,6.77,1341722.0,0.000542,0.000496,
12:22:55,NEIRO,9.311e-05,5.76,3011347.0,9.432e-05,8.633e-05,
12:22:55,PENGU,0.009997,4.79,34870240.0,0.010218,0.00939,
12:23:55,DOGE,0.10891,2.81,134396772.0,0.10985,0.10434,Y
12:23:55,SHIB,6.36e-06,2.42,7782007.0,6.39e-06,6.14e-06,
12:23:55,PEPE,3.97e-06,3.38,33810372.0,3.99e-06,3.8e-06,
12:23:55,FLOKI,3.285e-05,2.37,2630188.0,3.302e-05,3.169e-05,
12:23:55,BONK,6.26e-06,1.62,3316983.0,6.3e-06,6.08e-06,
12:23:55,WIF,0.188,2.73,5941849.0,0.192,0.179,
12:23:55,BOME,0.000536,6.77,1341722.0,0.000542,0.000496,
12:23:55,NEIRO,9.306e-05,5.65,3013930.0,9.432e-05,8.633e-05,
12:23:55,PENGU,0.009989,4.73,34871771.0,0.010218,0.00939,
12:24:55,DOGE,0.10886,2.74,134401519.0,0.10985,0.10434,Y
12:24:55,SHIB,6.36e-06,2.42,7789734.0,6.39e-06,6.14e-06,
12:24:55,PEPE,3.96e-06,3.12,33912194.0,3.99e-06,3.8e-06,
12:24:55,FLOKI,3.284e-05,2.31,2630817.0,3.302e-05,3.169e-05,
12:24:55,BONK,6.26e-06,1.62,3323128.0,6.3e-06,6.08e-06,
12:24:55,WIF,0.187,1.63,5940544.0,0.192,0.179,
12:24:55,BOME,0.000535,6.57,1343507.0,0.000542,0.000496,
12:24:55,NEIRO,9.293e-05,5.47,3015576.0,9.432e-05,8.633e-05,
12:24:55,PENGU,0.009985,4.37,34854942.0,0.010218,0.00939,
12:25:55,DOGE,0.10889,2.73,134396968.0,0.10985,0.10434,Y
12:25:55,SHIB,6.36e-06,2.42,7797287.0,6.39e-06,6.14e-06,
12:25:55,PEPE,3.96e-06,3.12,33916863.0,3.99e-06,3.8e-06,
12:25:55,FLOKI,3.286e-05,2.34,2631849.0,3.302e-05,3.169e-05,
12:25:55,BONK,6.26e-06,1.46,3328764.0,6.3e-06,6.08e-06,
12:25:55,WIF,0.188,2.17,5939474.0,0.192,0.179,
12:25:55,BOME,0.000535,6.57,1343541.0,0.000542,0.000496,
12:25:55,NEIRO,9.31e-05,5.54,3018488.0,9.432e-05,8.633e-05,
12:25:55,PENGU,0.009992,4.44,34847318.0,0.010218,0.00939,
12:26:55,DOGE,0.10894,2.82,134383487.0,0.10985,0.10434,Y
12:26:55,SHIB,6.36e-06,2.58,7797064.0,6.39e-06,6.14e-06,
12:26:55,PEPE,3.96e-06,3.12,33906089.0,3.99e-06,3.8e-06,
12:26:55,FLOKI,3.285e-05,2.31,2632502.0,3.302e-05,3.169e-05,
12:26:55,BONK,6.25e-06,1.3,3330522.0,6.3e-06,6.08e-06,
12:26:55,WIF,0.188,2.73,5939470.0,0.192,0.179,
12:26:55,BOME,0.000535,6.79,1343605.0,0.000542,0.000496,
12:26:55,NEIRO,9.326e-05,5.81,3020664.0,9.432e-05,8.633e-05,
12:26:55,PENGU,0.009994,4.51,34843478.0,0.010218,0.00939,
12:27:55,DOGE,0.10874,2.63,134442495.0,0.10985,0.10434,Y
12:27:55,SHIB,6.36e-06,2.42,7806353.0,6.39e-06,6.14e-06,
12:27:55,PEPE,3.96e-06,2.86,33918517.0,3.99e-06,3.8e-06,
12:27:55,FLOKI,3.28e-05,2.18,2632081.0,3.302e-05,3.169e-05,
12:27:55,BONK,6.25e-06,1.3,3331766.0,6.3e-06,6.08e-06,
12:27:55,WIF,0.187,1.63,5946215.0,0.192,0.179,
12:27:55,BOME,0.000534,6.59,1342148.0,0.000542,0.000496,
12:27:55,NEIRO,9.277e-05,5.21,3022280.0,9.432e-05,8.633e-05,
12:27:55,PENGU,0.009962,4.13,34849944.0,0.010218,0.00939,
12:28:55,DOGE,0.10862,2.51,134511829.0,0.10985,0.10434,Y
12:28:55,SHIB,6.35e-06,2.42,7823781.0,6.39e-06,6.14e-06,
12:28:55,PEPE,3.95e-06,2.87,33995314.0,3.99e-06,3.8e-06,
12:28:55,FLOKI,3.275e-05,1.96,2629282.0,3.302e-05,3.169e-05,
12:28:55,BONK,6.24e-06,1.14,3335673.0,6.3e-06,6.08e-06,
12:28:55,WIF,0.187,1.63,5947731.0,0.192,0.179,
12:28:55,BOME,0.000533,6.17,1342657.0,0.000542,0.000496,
12:28:55,NEIRO,9.275e-05,5.22,3023774.0,9.432e-05,8.633e-05,
12:28:55,PENGU,0.009961,4.1,34898263.0,0.010218,0.00939,
12:29:55,DOGE,0.1084,2.29,134887235.0,0.10985,0.10434,Y
12:29:55,SHIB,6.33e-06,2.1,7833870.0,6.39e-06,6.14e-06,
12:29:55,PEPE,3.94e-06,2.34,34152989.0,3.99e-06,3.8e-06,
12:29:55,FLOKI,3.267e-05,1.68,2631889.0,3.302e-05,3.169e-05,
12:29:55,BONK,6.24e-06,1.3,3351915.0,6.3e-06,6.08e-06,
12:29:55,WIF,0.186,0.54,5985232.0,0.192,0.179,
12:29:55,BOME,0.000532,5.98,1344145.0,0.000542,0.000496,
12:29:55,NEIRO,9.236e-05,4.66,3025558.0,9.432e-05,8.633e-05,
12:29:55,PENGU,0.009922,3.7,34985991.0,0.010218,0.00939,
12:30:55,DOGE,0.10834,2.42,134916635.0,0.10985,0.10434,Y
12:30:55,SHIB,6.33e-06,2.1,7843046.0,6.39e-06,6.14e-06,
12:30:55,PEPE,3.95e-06,2.87,34126896.0,3.99e-06,3.8e-06,
12:30:55,FLOKI,3.27e-05,1.87,2631834.0,3.302e-05,3.169e-05,
12:30:55,BONK,6.24e-06,1.3,3352254.0,6.3e-06,6.08e-06,
12:30:55,WIF,0.187,1.08,5985114.0,0.192,0.179,
12:30:55,BOME,0.000532,6.19,1343756.0,0.000542,0.000496,
12:30:55,NEIRO,9.245e-05,4.87,3027127.0,9.432e-05,8.633e-05,
12:30:55,PENGU,0.009917,3.77,34999054.0,0.010218,0.00939,
12:31:55,DOGE,0.10841,2.65,134609532.0,0.10985,0.10434,Y
12:31:55,SHIB,6.34e-06,2.42,7878815.0,6.39e-06,6.14e-06,
12:31:55,PEPE,3.95e-06,3.4,34022373.0,3.99e-06,3.8e-06,
12:31:55,FLOKI,3.27e-05,2.09,2633242.0,3.302e-05,3.169e-05,
12:31:55,BONK,6.23e-06,1.3,3345948.0,6.3e-06,6.08e-06,
12:31:55,WIF,0.187,1.08,5984919.0,0.192,0.179,
12:31:55,BOME,0.000532,6.19,1343385.0,0.000542,0.000496,
12:31:55,NEIRO,9.257e-05,5.23,3026861.0,9.432e-05,8.633e-05,
12:31:55,PENGU,0.009931,4.2,34981244.0,0.010218,0.00939,
12:32:55,DOGE,0.10843,2.84,134522618.0,0.10985,0.10434,Y
12:32:55,SHIB,6.34e-06,2.42,7878494.0,6.39e-06,6.14e-06,
12:32:55,PEPE,3.94e-06,3.14,34015924.0,3.99e-06,3.8e-06,
12:32:55,FLOKI,3.27e-05,2.22,2624532.0,3.302e-05,3.169e-05,
12:32:55,BONK,6.23e-06,1.3,3345799.0,6.3e-06,6.08e-06,
12:32:55,WIF,0.186,0.54,5984921.0,0.192,0.179,
12:32:55,BOME,0.000533,6.39,1343606.0,0.000542,0.000496,
12:32:55,NEIRO,9.257e-05,5.36,3029135.0,9.432e-05,8.633e-05,
12:32:55,PENGU,0.009943,4.43,34965561.0,0.010218,0.00939,
12:33:55,DOGE,0.10843,2.73,134431732.0,0.10985,0.10434,Y
12:33:55,SHIB,6.33e-06,2.43,7880239.0,6.39e-06,6.14e-06,
12:33:55,PEPE,3.94e-06,2.87,34014580.0,3.99e-06,3.8e-06,
12:33:55,FLOKI,3.269e-05,2.19,2624830.0,3.302e-05,3.169e-05,
12:33:55,BONK,6.23e-06,1.3,3345664.0,6.3e-06,6.08e-06,
12:33:55,WIF,0.186,0.54,5984222.0,0.192,0.179,
12:33:55,BOME,0.000532,6.19,1343678.0,0.000542,0.000496,
12:33:55,NEIRO,9.284e-05,5.58,3029993.0,9.432e-05,8.633e-05,
12:33:55,PENGU,0.009934,4.21,34946660.0,0.010218,0.00939,
12:34:55,DOGE,0.10842,2.8,134446169.0,0.10985,0.10434,Y
12:34:55,SHIB,6.35e-06,2.75,7885863.0,6.39e-06,6.14e-06,
12:34:55,PEPE,3.95e-06,3.13,34007513.0,3.99e-06,3.8e-06,
12:34:55,FLOKI,3.269e-05,2.25,2626633.0,3.302e-05,3.169e-05,
12:34:55,BONK,6.23e-06,1.3,3358733.0,6.3e-06,6.08e-06,
12:34:55,WIF,0.186,1.09,5984214.0,0.192,0.179,
12:34:55,BOME,0.000533,6.39,1346221.0,0.000542,0.000496,
12:34:55,NEIRO,9.283e-05,5.64,3038814.0,9.432e-05,8.633e-05,
12:34:55,PENGU,0.009908,3.98,35033314.0,0.010218,0.00939,
12:35:55,DOGE,0.10855,2.92,134473460.0,0.10985,0.10434,Y
12:35:55,SHIB,6.34e-06,2.42,7885133.0,6.39e-06,6.14e-06,
12:35:55,PEPE,3.94e-06,2.87,33999557.0,3.99e-06,3.8e-06,
12:35:55,FLOKI,3.269e-05,2.12,2620783.0,3.302e-05,3.169e-05,
12:35:55,BONK,6.24e-06,1.46,3358801.0,6.3e-06,6.08e-06,
12:35:55,WIF,0.186,0.54,6005232.0,0.192,0.179,
12:35:55,BOME,0.000533,6.6,1346107.0,0.000542,0.000496,
12:35:55,NEIRO,9.303e-05,5.9,3037926.0,9.432e-05,8.633e-05,
12:35:55,PENGU,0.009918,4.24,35028272.0,0.010218,0.00939,
12:36:55,DOGE,0.10864,3.02,134357455.0,0.10985,0.10434,Y
12:36:55,SHIB,6.35e-06,2.58,7887003.0,6.39e-06,6.14e-06,
12:36:55,PEPE,3.95e-06,3.13,34013191.0,3.99e-06,3.8e-06,
12:36:55,FLOKI,3.271e-05,2.19,2620736.0,3.302e-05,3.169e-05,
12:36:55,BONK,6.24e-06,1.63,3359039.0,6.3e-06,6.08e-06,
12:36:55,WIF,0.186,0.54,6005225.0,0.192,0.179,
12:36:55,BOME,0.000533,6.6,1346107.0,0.000542,0.000496,
12:36:55,NEIRO,9.3e-05,5.98,3040235.0,9.432e-05,8.633e-05,
12:36:55,PENGU,0.009917,4.02,35025615.0,0.010218,0.00939,
12:37:55,DOGE,0.1087,3.26,134382926.0,0.10985,0.10434,Y
12:37:55,SHIB,6.34e-06,2.59,7883231.0,6.39e-06,6.14e-06,
12:37:55,PEPE,3.94e-06,3.14,33887114.0,3.99e-06,3.8e-06,
12:37:55,FLOKI,3.272e-05,2.38,2618489.0,3.302e-05,3.169e-05,
12:37:55,BONK,6.24e-06,1.63,3348523.0,6.3e-06,6.08e-06,
12:37:55,WIF,0.187,1.63,5992887.0,0.192,0.179,
12:37:55,BOME,0.000532,6.4,1346671.0,0.000542,0.000496,
12:37:55,NEIRO,9.313e-05,6.29,3039733.0,9.432e-05,8.633e-05,
12:37:55,PENGU,0.00993,4.5,34988151.0,0.010218,0.00939,
12:38:55,DOGE,0.10861,3.06,134186417.0,0.10985,0.10434,Y
12:38:55,SHIB,6.35e-06,2.92,7883386.0,6.39e-06,6.14e-06,
12:38:55,PEPE,3.94e-06,2.87,33829643.0,3.99e-06,3.8e-06,
12:38:55,FLOKI,3.27e-05,2.28,2617219.0,3.302e-05,3.169e-05,
12:38:55,BONK,6.24e-06,1.79,3348018.0,6.3e-06,6.08e-06,
12:38:55,WIF,0.187,1.63,5992880.0,0.192,0.179,
12:38:55,BOME,0.000532,6.4,1346631.0,0.000542,0.000496,
12:38:55,NEIRO,9.307e-05,5.94,3039387.0,9.432e-05,8.633e-05,
12:38:55,PENGU,0.009935,4.35,34976743.0,0.010218,0.00939,
12:39:55,DOGE,0.1087,3.35,134085732.0,0.10985,0.10434,Y
12:39:55,SHIB,6.35e-06,2.75,7885004.0,6.39e-06,6.14e-06,
12:39:55,PEPE,3.95e-06,3.4,33893323.0,3.99e-06,3.8e-06,
12:39:55,FLOKI,3.275e-05,2.5,2617926.0,3.302e-05,3.169e-05,
12:39:55,BONK,6.25e-06,1.96,3342681.0,6.3e-06,6.08e-06,
12:39:55,WIF,0.187,1.63,5994834.0,0.192,0.179,
12:39:55,BOME,0.000534,6.8,1358027.0,0.000542,0.000496,
12:39:55,NEIRO,9.318e-05,6.1,3039962.0,9.432e-05,8.633e-05,
12:39:55,PENGU,0.009926,4.33,34996510.0,0.010218,0.00939,
12:41:55,DOGE,0.10867,3.34,133737810.0,0.10985,0.10434,Y
12:41:55,SHIB,6.36e-06,3.08,7880610.0,6.39e-06,6.14e-06,
12:41:55,PEPE,3.94e-06,3.14,33832741.0,3.99e-06,3.8e-06,
12:41:55,FLOKI,3.274e-05,2.6,2617930.0,3.302e-05,3.169e-05,
12:41:55,BONK,6.24e-06,1.96,3287377.0,6.3e-06,6.08e-06,
12:41:55,WIF,0.187,2.19,6006035.0,0.192,0.179,
12:41:55,BOME,0.000533,6.81,1357770.0,0.000542,0.000496,
12:41:55,NEIRO,9.318e-05,6.38,3048045.0,9.432e-05,8.633e-05,
12:41:55,PENGU,0.00992,4.63,34937905.0,0.010218,0.00939,
12:42:55,DOGE,0.10867,3.43,133730263.0,0.10985,0.10434,Y
12:42:55,SHIB,6.35e-06,3.08,7880773.0,6.39e-06,6.14e-06,
12:42:55,PEPE,3.95e-06,3.4,33829826.0,3.99e-06,3.8e-06,
12:42:55,FLOKI,3.274e-05,2.73,2617415.0,3.302e-05,3.169e-05,
12:42:55,BONK,6.24e-06,1.96,3287212.0,6.3e-06,6.08e-06,
12:42:55,WIF,0.187,1.63,5947088.0,0.192,0.179,
12:42:55,BOME,0.000534,7.01,1357611.0,0.000542,0.000496,
12:42:55,NEIRO,9.325e-05,6.49,3044770.0,9.432e-05,8.633e-05,
12:42:55,PENGU,0.009916,4.55,34933350.0,0.010218,0.00939,
12:43:55,DOGE,0.10862,3.34,133650182.0,0.10985,0.10434,Y
12:43:55,SHIB,6.36e-06,3.08,7863208.0,6.39e-06,6.14e-06,
12:43:55,PEPE,3.94e-06,3.14,33818076.0,3.99e-06,3.8e-06,
12:43:55,FLOKI,3.273e-05,2.6,2614847.0,3.302e-05,3.169e-05,
12:43:55,BONK,6.25e-06,2.29,3286069.0,6.3e-06,6.08e-06,
12:43:55,WIF,0.186,1.09,5947095.0,0.192,0.179,
12:43:55,BOME,0.000534,7.01,1356521.0,0.000542,0.000496,
12:43:55,NEIRO,9.324e-05,6.29,3048888.0,9.432e-05,8.633e-05,
12:43:55,PENGU,0.009889,4.05,35151447.0,0.010218,0.00939,
12:44:55,DOGE,0.10872,3.47,133458829.0,0.10985,0.10434,Y
12:44:55,SHIB,6.36e-06,2.91,7865889.0,6.39e-06,6.14e-06,
12:44:55,PEPE,3.95e-06,3.4,33820862.0,3.99e-06,3.8e-06,
12:44:55,FLOKI,3.275e-05,2.67,2615060.0,3.302e-05,3.169e-05,
12:44:55,BONK,6.25e-06,2.12,3283476.0,6.3e-06,6.08e-06,
12:44:55,WIF,0.187,2.19,5947088.0,0.192,0.179,
12:44:55,BOME,0.000534,7.01,1356521.0,0.000542,0.000496,
12:44:55,NEIRO,9.319e-05,6.28,3049781.0,9.432e-05,8.633e-05,
12:44:55,PENGU,0.009889,4.06,35167909.0,0.010218,0.00939,
12:46:55,DOGE,0.10865,3.22,133127550.0,0.10985,0.10434,Y
12:46:55,SHIB,6.35e-06,2.75,7863910.0,6.39e-06,6.14e-06,
12:46:55,PEPE,3.96e-06,3.67,33811226.0,3.99e-06,3.8e-06,
12:46:55,FLOKI,3.277e-05,2.63,2611896.0,3.302e-05,3.169e-05,
12:46:55,BONK,6.25e-06,1.96,3279189.0,6.3e-06,6.08e-06,
12:46:55,WIF,0.186,1.09,5945526.0,0.192,0.179,
12:46:55,BOME,0.000533,6.81,1360232.0,0.000542,0.000496,
12:46:55,NEIRO,9.352e-05,6.75,3045265.0,9.432e-05,8.633e-05,
12:46:55,PENGU,0.009906,4.16,35155834.0,0.010218,0.00939,
12:47:55,DOGE,0.10872,3.36,133122502.0,0.10985,0.10434,Y
12:47:55,SHIB,6.35e-06,2.75,7860892.0,6.39e-06,6.14e-06,
12:47:55,PEPE,3.95e-06,3.13,33819691.0,3.99e-06,3.8e-06,
12:47:55,FLOKI,3.277e-05,2.66,2613892.0,3.302e-05,3.169e-05,
12:47:55,BONK,6.24e-06,1.79,3278879.0,6.3e-06,6.08e-06,
12:47:55,WIF,0.188,2.17,5952372.0,0.192,0.179,
12:47:55,BOME,0.000534,6.8,1360907.0,0.000542,0.000496,
12:47:55,NEIRO,9.355e-05,6.82,3043805.0,9.432e-05,8.633e-05,
12:47:55,PENGU,0.009911,4.39,35160618.0,0.010218,0.00939,
12:48:55,DOGE,0.10881,3.46,133061443.0,0.10985,0.10434,Y
12:48:55,SHIB,6.37e-06,2.91,7869182.0,6.39e-06,6.14e-06,
12:48:55,PEPE,3.95e-06,3.13,33819038.0,3.99e-06,3.8e-06,
12:48:55,FLOKI,3.28e-05,2.69,2612862.0,3.302e-05,3.169e-05,
12:48:55,BONK,6.25e-06,2.12,3278843.0,6.3e-06,6.08e-06,
12:48:55,WIF,0.188,2.73,5925908.0,0.192,0.179,
12:48:55,BOME,0.000534,6.8,1360907.0,0.000542,0.000496,
12:48:55,NEIRO,9.367e-05,6.91,3044643.0,9.432e-05,8.633e-05,
12:48:55,PENGU,0.009922,4.38,35157227.0,0.010218,0.00939,
12:49:55,DOGE,0.10887,3.64,132978935.0,0.10985,0.10434,Y
12:49:55,SHIB,6.36e-06,2.75,7868872.0,6.39e-06,6.14e-06,
12:49:55,PEPE,3.95e-06,3.4,33789544.0,3.99e-06,3.8e-06,
12:49:55,FLOKI,3.28e-05,2.79,2613143.0,3.302e-05,3.169e-05,
12:49:55,BONK,6.25e-06,1.96,3278836.0,6.3e-06,6.08e-06,
12:49:55,WIF,0.187,1.63,5925875.0,0.192,0.179,
12:49:55,BOME,0.000535,7.21,1360620.0,0.000542,0.000496,
12:49:55,NEIRO,9.375e-05,7.3,3051216.0,9.432e-05,8.633e-05,
12:49:55,PENGU,0.009925,4.56,35157203.0,0.010218,0.00939,
12:50:55,DOGE,0.10885,3.62,132935786.0,0.10985,0.10434,Y
12:50:55,SHIB,6.37e-06,3.07,7880855.0,6.39e-06,6.14e-06,
12:50:55,PEPE,3.96e-06,3.94,33759110.0,3.99e-06,3.8e-06,
12:50:55,FLOKI,3.281e-05,2.82,2613151.0,3.302e-05,3.169e-05,
12:50:55,BONK,6.25e-06,2.12,3278874.0,6.3e-06,6.08e-06,
12:50:55,WIF,0.188,2.17,5926188.0,0.192,0.179,
12:50:55,BOME,0.000535,7.21,1362815.0,0.000542,0.000496,
12:50:55,NEIRO,9.364e-05,6.99,3058630.0,9.432e-05,8.633e-05,
12:50:55,PENGU,0.009922,4.52,35157111.0,0.010218,0.00939,
12:51:55,DOGE,0.10891,3.65,132510995.0,0.10985,0.10434,Y
12:51:55,SHIB,6.37e-06,3.24,7893112.0,6.39e-06,6.14e-06,
12:51:55,PEPE,3.96e-06,3.94,33783703.0,3.99e-06,3.8e-06,
12:51:55,FLOKI,3.283e-05,2.95,2606350.0,3.302e-05,3.169e-05,
12:51:55,BONK,6.26e-06,2.29,3275166.0,6.3e-06,6.08e-06,
12:51:55,WIF,0.188,2.17,5926053.0,0.192,0.179,
12:51:55,BOME,0.000535,7.21,1362688.0,0.000542,0.000496,
12:51:55,NEIRO,9.367e-05,7.33,3056994.0,9.432e-05,8.633e-05,
12:51:55,PENGU,0.009937,4.85,35150092.0,0.010218,0.00939,
12:53:55,DOGE,0.10913,3.83,132547259.0,0.10985,0.10434,Y
12:53:55,SHIB,6.38e-06,3.24,7896287.0,6.39e-06,6.14e-06,
12:53:55,PEPE,3.96e-06,3.67,33821973.0,3.99e-06,3.8e-06,
12:53:55,FLOKI,3.285e-05,2.98,2607833.0,3.302e-05,3.169e-05,
12:53:55,BONK,6.25e-06,2.12,3274419.0,6.3e-06,6.08e-06,
12:53:55,WIF,0.188,2.73,5903549.0,0.192,0.179,
12:53:55,BOME,0.000536,7.2,1361849.0,0.000542,0.000496,
12:53:55,NEIRO,9.381e-05,7.29,3033371.0,9.432e-05,8.633e-05,
12:53:55,PENGU,0.009942,4.53,35132984.0,0.010218,0.00939,
12:54:55,DOGE,0.10906,3.91,132391584.0,0.10985,0.10434,Y
12:54:55,SHIB,6.38e-06,3.24,7895558.0,6.39e-06,6.14e-06,
12:54:55,PEPE,3.96e-06,3.67,33830108.0,3.99e-06,3.8e-06,
12:54:55,FLOKI,3.283e-05,3.01,2606876.0,3.302e-05,3.169e-05,
12:54:55,BONK,6.25e-06,2.12,3273399.0,6.3e-06,6.08e-06,
12:54:55,WIF,0.188,3.3,5903733.0,0.192,0.179,
12:54:55,BOME,0.000536,7.2,1361527.0,0.000542,0.000496,
12:54:55,NEIRO,9.38e-05,7.43,3043921.0,9.432e-05,8.633e-05,
12:54:55,PENGU,0.009935,4.69,35124311.0,0.010218,0.00939,
12:55:55,DOGE,0.10895,3.92,132452815.0,0.10985,0.10434,Y
12:55:55,SHIB,6.37e-06,3.24,7901679.0,6.39e-06,6.14e-06,
12:55:55,PEPE,3.97e-06,4.2,33889881.0,3.99e-06,3.8e-06,
12:55:55,FLOKI,3.279e-05,2.92,2610438.0,3.302e-05,3.169e-05,
12:55:55,BONK,6.25e-06,2.29,3277870.0,6.3e-06,6.08e-06,
12:55:55,WIF,0.188,2.73,5903601.0,0.192,0.179,
12:55:55,BOME,0.000535,7.0,1362574.0,0.000542,0.000496,
12:55:55,NEIRO,9.36e-05,7.32,3047494.0,9.432e-05,8.633e-05,
12:55:55,PENGU,0.009907,4.44,35129865.0,0.010218,0.00939,
12:56:55,DOGE,0.10897,3.93,132450796.0,0.10985,0.10434,Y
12:56:55,SHIB,6.37e-06,3.07,7901367.0,6.39e-06,6.14e-06,
12:56:55,PEPE,3.96e-06,3.94,33906439.0,3.99e-06,3.8e-06,
12:56:55,FLOKI,3.278e-05,2.92,2603897.0,3.302e-05,3.169e-05,
12:56:55,BONK,6.25e-06,2.12,3278401.0,6.3e-06,6.08e-06,
12:56:55,WIF,0.188,3.3,5903596.0,0.192,0.179,
12:56:55,BOME,0.000534,6.8,1362588.0,0.000542,0.000496,
12:56:55,NEIRO,9.346e-05,7.3,3046683.0,9.432e-05,8.633e-05,
12:56:55,PENGU,0.009912,4.48,35127009.0,0.010218,0.00939,
12:57:55,DOGE,0.10899,3.86,132374756.0,0.10985,0.10434,Y
12:57:55,SHIB,6.37e-06,3.07,7901675.0,6.39e-06,6.14e-06,
12:57:55,PEPE,3.97e-06,3.93,33907306.0,3.99e-06,3.8e-06,
12:57:55,FLOKI,3.277e-05,2.86,2604670.0,3.302e-05,3.169e-05,
12:57:55,BONK,6.25e-06,2.29,3277185.0,6.3e-06,6.08e-06,
12:57:55,WIF,0.188,2.17,5881669.0,0.192,0.179,
12:57:55,BOME,0.000534,7.01,1362343.0,0.000542,0.000496,
12:57:55,NEIRO,9.315e-05,6.87,3052445.0,9.432e-05,8.633e-05,
12:57:55,PENGU,0.009923,4.45,35125610.0,0.010218,0.00939,
12:58:55,DOGE,0.10893,3.77,132312423.0,0.10985,0.10434,Y
12:58:55,SHIB,6.37e-06,3.07,7905902.0,6.39e-06,6.14e-06,
12:58:55,PEPE,3.96e-06,3.94,33938101.0,3.99e-06,3.8e-06,
12:58:55,FLOKI,3.278e-05,2.98,2603495.0,3.302e-05,3.169e-05,
12:58:55,BONK,6.25e-06,2.29,3277427.0,6.3e-06,6.08e-06,
12:58:55,WIF,0.188,2.73,5882042.0,0.192,0.179,
12:58:55,BOME,0.000533,6.81,1363007.0,0.000542,0.000496,
12:58:55,NEIRO,9.286e-05,6.6,3083920.0,9.432e-05,8.633e-05,
12:58:55,PENGU,0.009924,4.49,35122774.0,0.010218,0.00939,
12:59:55,DOGE,0.10886,3.7,132351008.0,0.10985,0.10434,Y
12:59:55,SHIB,6.36e-06,2.91,7906909.0,6.39e-06,6.14e-06,
12:59:55,PEPE,3.95e-06,3.4,33807262.0,3.99e-06,3.8e-06,
12:59:55,FLOKI,3.275e-05,2.89,2600488.0,3.302e-05,3.169e-05,
12:59:55,BONK,6.26e-06,2.46,3276514.0,6.3e-06,6.08e-06,
12:59:55,WIF,0.188,2.73,5877005.0,0.192,0.179,
12:59:55,BOME,0.000533,6.81,1362926.0,0.000542,0.000496,
12:59:55,NEIRO,9.29e-05,6.75,3081445.0,9.432e-05,8.633e-05,
12:59:55,PENGU,0.009923,4.35,35121002.0,0.010218,0.00939,
13:00:55,DOGE,0.10911,3.77,132561310.0,0.10985,0.10434,Y
13:00:55,SHIB,6.37e-06,3.07,7906924.0,6.39e-06,6.14e-06,
13:00:55,PEPE,3.95e-06,3.4,33807286.0,3.99e-06,3.8e-06,
13:00:55,FLOKI,3.272e-05,2.73,2599603.0,3.302e-05,3.169e-05,
13:00:55,BONK,6.25e-06,2.12,3277730.0,6.3e-06,6.08e-06,
13:00:55,WIF,0.188,2.17,5864616.0,0.192,0.179,
13:00:55,BOME,0.000533,6.81,1363004.0,0.000542,0.000496,
13:00:55,NEIRO,9.313e-05,7.05,3081560.0,9.432e-05,8.633e-05,
13:00:55,PENGU,0.009919,4.4,35125908.0,0.010218,0.00939,
13:01:55,DOGE,0.10896,3.56,132437501.0,0.10985,0.10434,Y
13:01:55,SHIB,6.36e-06,2.75,7901542.0,6.39e-06,6.14e-06,
13:01:55,PEPE,3.96e-06,3.67,33810834.0,3.99e-06,3.8e-06,
13:01:55,FLOKI,3.272e-05,2.57,2600671.0,3.302e-05,3.169e-05,
13:01:55,BONK,6.25e-06,2.12,3277543.0,6.3e-06,6.08e-06,
13:01:55,WIF,0.187,1.63,5864475.0,0.192,0.179,
13:01:55,BOME,0.000533,6.39,1361639.0,0.000542,0.000496,
13:01:55,NEIRO,9.279e-05,6.3,3088456.0,9.432e-05,8.633e-05,
13:01:55,PENGU,0.00992,4.07,35100781.0,0.010218,0.00939,
13:02:55,DOGE,0.10892,3.39,132354405.0,0.10985,0.10434,Y
13:02:55,SHIB,6.36e-06,2.58,7915003.0,6.39e-06,6.14e-06,
13:02:55,PEPE,3.96e-06,3.39,33763585.0,3.99e-06,3.8e-06,
13:02:55,FLOKI,3.273e-05,2.5,2605000.0,3.302e-05,3.169e-05,
13:02:55,BONK,6.25e-06,1.96,3276805.0,6.3e-06,6.08e-06,
13:02:55,WIF,0.188,2.17,5840650.0,0.192,0.179,
13:02:55,BOME,0.000532,6.19,1361779.0,0.000542,0.000496,
13:02:55,NEIRO,9.291e-05,6.27,3090980.0,9.432e-05,8.633e-05,
13:02:55,PENGU,0.00991,3.92,35097354.0,0.010218,0.00939,
13:03:55,DOGE,0.10897,3.5,132246757.0,0.10985,0.10434,Y
13:03:55,SHIB,6.37e-06,2.74,7926508.0,6.39e-06,6.14e-06,
13:03:55,PEPE,3.95e-06,3.13,33765880.0,3.99e-06,3.8e-06,
13:03:55,FLOKI,3.275e-05,2.63,2607652.0,3.302e-05,3.169e-05,
13:03:55,BONK,6.25e-06,1.96,3390435.0,6.3e-06,6.08e-06,
13:03:55,WIF,0.188,2.17,5840656.0,0.192,0.179,
13:03:55,BOME,0.000532,6.19,1361634.0,0.000542,0.000496,
13:03:55,NEIRO,9.284e-05,6.19,3099872.0,9.432e-05,8.633e-05,
13:03:55,PENGU,0.009919,4.13,35095497.0,0.010218,0.00939,
13:04:55,DOGE,0.10903,3.55,132091328.0,0.10985,0.10434,Y
13:04:55,SHIB,6.37e-06,2.91,7932347.0,6.39e-06,6.14e-06,
13:04:55,PEPE,3.96e-06,3.67,33736602.0,3.99e-06,3.8e-06,
13:04:55,FLOKI,3.277e-05,2.76,2608488.0,3.302e-05,3.169e-05,
13:04:55,BONK,6.26e-06,2.29,3390290.0,6.3e-06,6.08e-06,
13:04:55,WIF,0.188,2.17,5840706.0,0.192,0.179,
13:04:55,BOME,0.000533,6.39,1361887.0,0.000542,0.000496,
13:04:55,NEIRO,9.31e-05,6.62,3109240.0,9.432e-05,8.633e-05,
13:04:55,PENGU,0.009928,4.15,35098110.0,0.010218,0.00939,
13:05:55,DOGE,0.1091,3.48,132079969.0,0.10985,0.10434,Y
13:05:55,SHIB,6.37e-06,2.91,7907618.0,6.39e-06,6.14e-06,
13:05:55,PEPE,3.96e-06,3.39,33838120.0,3.99e-06,3.8e-06,
13:05:55,FLOKI,3.28e-05,2.73,2607507.0,3.302e-05,3.169e-05,
13:05:55,BONK,6.25e-06,2.12,3391943.0,6.3e-06,6.08e-06,
13:05:55,WIF,0.187,1.63,5840714.0,0.192,0.179,
13:05:55,BOME,0.000533,6.39,1361846.0,0.000542,0.000496,
13:05:55,NEIRO,9.325e-05,6.68,3118641.0,9.432e-05,8.633e-05,
13:05:55,PENGU,0.009931,4.15,35100672.0,0.010218,0.00939,
13:06:55,DOGE,0.10912,3.55,132010078.0,0.10985,0.10434,Y
13:06:55,SHIB,6.38e-06,2.9,7906852.0,6.39e-06,6.14e-06,
13:06:55,PEPE,3.96e-06,3.67,33882741.0,3.99e-06,3.8e-06,
13:06:55,FLOKI,3.28e-05,2.73,2607154.0,3.302e-05,3.169e-05,
13:06:55,BONK,6.26e-06,2.12,3392974.0,6.3e-06,6.08e-06,
13:06:55,WIF,0.187,1.63,5820279.0,0.192,0.179,
13:06:55,BOME,0.000534,6.38,1360827.0,0.000542,0.000496,
13:06:55,NEIRO,9.328e-05,6.76,3122230.0,9.432e-05,8.633e-05,
13:06:55,PENGU,0.009924,4.12,35105163.0,0.010218,0.00939,
13:07:55,DOGE,0.10916,3.51,131937056.0,0.10985,0.10434,Y
13:07:55,SHIB,6.37e-06,2.74,7906956.0,6.39e-06,6.14e-06,
13:07:55,PEPE,3.97e-06,3.65,33900435.0,3.99e-06,3.8e-06,
13:07:55,FLOKI,3.279e-05,2.63,2607057.0,3.302e-05,3.169e-05,
13:07:55,BONK,6.26e-06,1.95,3390686.0,6.3e-06,6.08e-06,
13:07:55,WIF,0.187,1.63,5806768.0,0.192,0.179,
13:07:55,BOME,0.000533,6.17,1360932.0,0.000542,0.000496,
13:07:55,NEIRO,9.319e-05,6.6,3122460.0,9.432e-05,8.633e-05,
13:07:55,PENGU,0.00992,4.04,35089907.0,0.010218,0.00939,
13:08:55,DOGE,0.1093,3.48,131835414.0,0.10985,0.10434,Y
13:08:55,SHIB,6.37e-06,2.74,7901127.0,6.39e-06,6.14e-06,
13:08:55,PEPE,3.96e-06,3.12,33961562.0,3.99e-06,3.8e-06,
13:08:55,FLOKI,3.282e-05,2.66,2607753.0,3.302e-05,3.169e-05,
13:08:55,BONK,6.25e-06,1.79,3393782.0,6.3e-06,6.08e-06,
13:08:55,WIF,0.187,2.19,5791747.0,0.192,0.179,
13:08:55,BOME,0.000533,6.17,1359700.0,0.000542,0.000496,
13:08:55,NEIRO,9.338e-05,6.72,3124599.0,9.432e-05,8.633e-05,
13:08:55,PENGU,0.009933,4.14,35095042.0,0.010218,0.00939,
13:09:55,DOGE,0.10935,3.62,131763164.0,0.10985,0.10434,Y
13:09:55,SHIB,6.38e-06,3.07,7900585.0,6.39e-06,6.14e-06,
13:09:55,PEPE,3.97e-06,3.38,33959533.0,3.99e-06,3.8e-06,
13:09:55,FLOKI,3.284e-05,2.69,2609728.0,3.302e-05,3.169e-05,
13:09:55,BONK,6.25e-06,1.79,3393610.0,6.3e-06,6.08e-06,
13:09:55,WIF,0.187,2.19,5791927.0,0.192,0.179,
13:09:55,BOME,0.000533,6.17,1356794.0,0.000542,0.000496,
13:09:55,NEIRO,9.344e-05,6.78,3125183.0,9.432e-05,8.633e-05,
13:09:55,PENGU,0.009943,4.18,35092681.0,0.010218,0.00939,
13:10:55,DOGE,0.10918,3.56,131690212.0,0.10985,0.10434,Y
13:10:55,SHIB,6.38e-06,3.07,7877279.0,6.39e-06,6.14e-06,
13:10:55,PEPE,3.96e-06,3.12,33955065.0,3.99e-06,3.8e-06,
13:10:55,FLOKI,3.283e-05,2.66,2609743.0,3.302e-05,3.169e-05,
13:10:55,BONK,6.25e-06,1.79,3392571.0,6.3e-06,6.08e-06,
13:10:55,WIF,0.187,2.19,5792150.0,0.192,0.179,
13:10:55,BOME,0.000534,6.38,1357732.0,0.000542,0.000496,
13:10:55,NEIRO,9.318e-05,6.47,3125269.0,9.432e-05,8.633e-05,
13:10:55,PENGU,0.009926,3.99,35097089.0,0.010218,0.00939,
13:11:55,DOGE,0.10921,3.62,131629493.0,0.10985,0.10434,Y
13:11:55,SHIB,6.38e-06,2.9,7874123.0,6.39e-06,6.14e-06,
13:11:55,PEPE,3.96e-06,3.39,33952754.0,3.99e-06,3.8e-06,
13:11:55,FLOKI,3.285e-05,2.79,2609673.0,3.302e-05,3.169e-05,
13:11:55,BONK,6.26e-06,2.12,3392791.0,6.3e-06,6.08e-06,
13:11:55,WIF,0.188,2.73,5791752.0,0.192,0.179,
13:11:55,BOME,0.000536,6.99,1357776.0,0.000542,0.000496,
13:11:55,NEIRO,9.347e-05,6.81,3128259.0,9.432e-05,8.633e-05,
13:11:55,PENGU,0.009927,4.02,35108318.0,0.010218,0.00939,
13:12:55,DOGE,0.10927,3.6,131655805.0,0.10985,0.10434,Y
13:12:55,SHIB,6.38e-06,3.07,7877122.0,6.39e-06,6.14e-06,
13:12:55,PEPE,3.98e-06,3.65,34043901.0,3.99e-06,3.8e-06,
13:12:55,FLOKI,3.288e-05,2.88,2609848.0,3.302e-05,3.169e-05,
13:12:55,BONK,6.27e-06,2.28,3390456.0,6.3e-06,6.08e-06,
13:12:55,WIF,0.187,1.63,5809871.0,0.192,0.179,
13:12:55,BOME,0.000537,7.19,1356165.0,0.000542,0.000496,
13:12:55,NEIRO,9.384e-05,7.27,3134329.0,9.432e-05,8.633e-05,
13:12:55,PENGU,0.009922,4.05,35101788.0,0.010218,0.00939,
13:13:55,DOGE,0.10921,3.58,131657409.0,0.10985,0.10434,Y
13:13:55,SHIB,6.38e-06,2.9,7878608.0,6.39e-06,6.14e-06,
13:13:55,PEPE,3.98e-06,3.65,34051877.0,3.99e-06,3.8e-06,
13:13:55,FLOKI,3.288e-05,2.88,2609035.0,3.302e-05,3.169e-05,
13:13:55,BONK,6.27e-06,2.28,3389574.0,6.3e-06,6.08e-06,
13:13:55,WIF,0.187,2.19,5810385.0,0.192,0.179,
13:13:55,BOME,0.000536,6.99,1355981.0,0.000542,0.000496,
13:13:55,NEIRO,9.397e-05,7.37,3138760.0,9.432e-05,8.633e-05,
13:13:55,PENGU,0.009923,3.95,35102367.0,0.010218,0.00939,
13:14:56,DOGE,0.10924,3.61,131588949.0,0.10985,0.10434,Y
13:14:56,SHIB,6.39e-06,3.23,7884891.0,6.4e-06,6.14e-06,
13:14:56,PEPE,3.97e-06,3.65,34053915.0,3.99e-06,3.8e-06,
13:14:56,FLOKI,3.29e-05,2.91,2609102.0,3.302e-05,3.169e-05,
13:14:56,BONK,6.27e-06,2.28,3390031.0,6.3e-06,6.08e-06,
13:14:56,WIF,0.187,2.19,5810381.0,0.192,0.179,
13:14:56,BOME,0.000538,7.17,1356047.0,0.000542,0.000496,
13:14:56,NEIRO,9.4e-05,7.34,3144605.0,9.432e-05,8.633e-05,
13:14:56,PENGU,0.009931,4.07,35096808.0,0.010218,0.00939,
13:15:55,DOGE,0.10925,3.58,131622163.0,0.10985,0.10434,Y
13:15:55,SHIB,6.39e-06,3.23,7890086.0,6.4e-06,6.14e-06,
13:15:55,PEPE,3.98e-06,3.92,34050534.0,3.99e-06,3.8e-06,
13:15:55,FLOKI,3.288e-05,2.88,2609876.0,3.302e-05,3.169e-05,
13:15:55,BONK,6.26e-06,2.12,3390311.0,6.3e-06,6.08e-06,
13:15:55,WIF,0.187,2.19,5810443.0,0.192,0.179,
13:15:55,BOME,0.000537,7.19,1356090.0,0.000542,0.000496,
13:15:55,NEIRO,9.383e-05,7.14,3154267.0,9.432e-05,8.633e-05,
13:15:55,PENGU,0.009919,3.94,35095304.0,0.010218,0.00939,
13:16:55,DOGE,0.10927,3.67,131610253.0,0.10985,0.10434,Y
13:16:55,SHIB,6.39e-06,3.23,7890143.0,6.4e-06,6.14e-06,
13:16:55,PEPE,3.97e-06,3.65,34048767.0,3.99e-06,3.8e-06,
13:16:55,FLOKI,3.286e-05,2.82,2610910.0,3.302e-05,3.169e-05,
13:16:55,BONK,6.27e-06,2.28,3391768.0,6.3e-06,6.08e-06,
13:16:55,WIF,0.188,2.17,5811134.0,0.192,0.179,
13:16:55,BOME,0.000538,7.38,1356442.0,0.000542,0.000496,
13:16:55,NEIRO,9.374e-05,7.07,3157940.0,9.432e-05,8.633e-05,
13:16:55,PENGU,0.009905,3.83,35105546.0,0.010218,0.00939,
13:17:55,DOGE,0.10935,3.78,131700054.0,0.10985,0.10434,Y
13:17:55,SHIB,6.38e-06,2.9,7884249.0,6.4e-06,6.14e-06,
13:17:55,PEPE,3.98e-06,3.92,33989766.0,3.99e-06,3.8e-06,
13:17:55,FLOKI,3.29e-05,2.97,2612858.0,3.302e-05,3.169e-05,
13:17:55,BONK,6.28e-06,2.45,3394459.0,6.3e-06,6.08e-06,
13:17:55,WIF,0.188,2.17,5811136.0,0.192,0.179,
13:17:55,BOME,0.000538,7.38,1356471.0,0.000542,0.000496,
13:17:55,NEIRO,9.369e-05,7.16,3158741.0,9.432e-05,8.633e-05,
13:17:55,PENGU,0.009909,3.8,35076632.0,0.010218,0.00939,
13:18:55,DOGE,0.10933,3.73,131703283.0,0.10985,0.10434,Y
13:18:55,SHIB,6.38e-06,3.07,7879270.0,6.4e-06,6.14e-06,
13:18:55,PEPE,3.97e-06,3.65,34015848.0,3.99e-06,3.8e-06,
13:18:55,FLOKI,3.286e-05,2.88,2612261.0,3.302e-05,3.169e-05,
13:18:55,BONK,6.27e-06,2.28,3393815.0,6.3e-06,6.08e-06,
13:18:55,WIF,0.188,2.17,5813927.0,0.192,0.179,
13:18:55,BOME,0.000537,7.19,1356534.0,0.000542,0.000496,
13:18:55,NEIRO,9.35e-05,6.96,3152915.0,9.432e-05,8.633e-05,
13:18:55,PENGU,0.009914,3.75,35038444.0,0.010218,0.00939,
13:19:55,DOGE,0.10927,3.65,131694850.0,0.10985,0.10434,Y
13:19:55,SHIB,6.39e-06,3.23,7879284.0,6.4e-06,6.14e-06,
13:19:55,PEPE,3.96e-06,3.39,34014203.0,3.99e-06,3.8e-06,
13:19:55,FLOKI,3.282e-05,2.72,2612303.0,3.302e-05,3.169e-05,
13:19:55,BONK,6.25e-06,2.12,3395656.0,6.3e-06,6.08e-06,
13:19:55,WIF,0.188,2.73,5793225.0,0.192,0.179,
13:19:55,BOME,0.000535,7.0,1389261.0,0.000542,0.000496,
13:19:55,NEIRO,9.334e-05,6.75,3154940.0,9.432e-05,8.633e-05,
13:19:55,PENGU,0.009909,3.79,35027446.0,0.010218,0.00939,
13:21:55,DOGE,0.10944,3.83,131721435.0,0.10985,0.10434,Y
13:21:55,SHIB,6.38e-06,3.07,7884915.0,6.4e-06,6.14e-06,
13:21:55,PEPE,3.97e-06,3.65,34038806.0,3.99e-06,3.8e-06,
13:21:55,FLOKI,3.289e-05,3.04,2613770.0,3.302e-05,3.169e-05,
13:21:55,BONK,6.27e-06,2.28,3396534.0,6.3e-06,6.08e-06,
13:21:55,WIF,0.187,2.75,5786520.0,0.192,0.179,
13:21:55,BOME,0.000535,7.0,1391849.0,0.000542,0.000496,
13:21:55,NEIRO,9.357e-05,7.06,3155669.0,9.432e-05,8.633e-05,
13:21:55,PENGU,0.009914,3.79,35007231.0,0.010218,0.00939,
13:22:55,DOGE,0.10943,3.9,131605723.0,0.10985,0.10434,Y
13:22:55,SHIB,6.39e-06,3.4,7884875.0,6.4e-06,6.14e-06,
13:22:55,PEPE,3.96e-06,3.39,34089803.0,3.99e-06,3.8e-06,
13:22:55,FLOKI,3.287e-05,2.98,2617432.0,3.302e-05,3.169e-05,
13:22:55,BONK,6.26e-06,2.12,3399857.0,6.3e-06,6.08e-06,
13:22:55,WIF,0.188,3.3,5786416.0,0.192,0.179,
13:22:55,BOME,0.000536,7.42,1392407.0,0.000542,0.000496,
13:22:55,NEIRO,9.351e-05,6.88,3154403.0,9.432e-05,8.633e-05,
13:22:55,PENGU,0.009904,3.67,35010911.0,0.010218,0.00939,
13:23:55,DOGE,0.10943,4.0,131380659.0,0.10985,0.10434,Y
13:23:55,SHIB,6.38e-06,3.07,7884842.0,6.4e-06,6.14e-06,
13:23:55,PEPE,3.97e-06,3.65,34088583.0,3.99e-06,3.8e-06,
13:23:55,FLOKI,3.287e-05,2.98,2616873.0,3.302e-05,3.169e-05,
13:23:55,BONK,6.26e-06,2.12,3399271.0,6.3e-06,6.08e-06,
13:23:55,WIF,0.187,2.19,5786434.0,0.192,0.179,
13:23:55,BOME,0.000536,7.42,1392437.0,0.000542,0.000496,
13:23:55,NEIRO,9.369e-05,7.21,3154383.0,9.432e-05,8.633e-05,
13:23:55,PENGU,0.009902,3.72,34995777.0,0.010218,0.00939,
13:24:55,DOGE,0.10929,3.88,131433471.0,0.10985,0.10434,Y
13:24:55,SHIB,6.39e-06,3.4,7891474.0,6.4e-06,6.14e-06,
13:24:55,PEPE,3.96e-06,3.39,34085561.0,3.99e-06,3.8e-06,
13:24:55,FLOKI,3.286e-05,3.04,2616911.0,3.302e-05,3.169e-05,
13:24:55,BONK,6.27e-06,2.45,3393415.0,6.3e-06,6.08e-06,
13:24:55,WIF,0.187,2.75,5786427.0,0.192,0.179,
13:24:55,BOME,0.000535,7.21,1390514.0,0.000542,0.000496,
13:24:55,NEIRO,9.342e-05,6.92,3156182.0,9.432e-05,8.633e-05,
13:24:55,PENGU,0.009911,3.87,35009550.0,0.010218,0.00939,
13:25:55,DOGE,0.10922,4.01,131383837.0,0.10985,0.10434,Y
13:25:55,SHIB,6.38e-06,3.57,7899153.0,6.4e-06,6.14e-06,
13:25:55,PEPE,3.95e-06,3.67,34049992.0,3.99e-06,3.8e-06,
13:25:55,FLOKI,3.282e-05,3.08,2616050.0,3.302e-05,3.169e-05,
13:25:55,BONK,6.26e-06,2.46,3400044.0,6.3e-06,6.08e-06,
13:25:55,WIF,0.187,3.31,5779615.0,0.192,0.179,
13:25:55,BOME,0.000535,7.43,1390486.0,0.000542,0.000496,
13:25:55,NEIRO,9.318e-05,7.04,3153929.0,9.432e-05,8.633e-05,
13:25:55,PENGU,0.009917,4.12,34999113.0,0.010218,0.00939,
13:26:55,DOGE,0.10925,4.23,131278850.0,0.10985,0.10434,Y
13:26:55,SHIB,6.38e-06,3.4,7899141.0,6.4e-06,6.14e-06,
13:26:55,PEPE,3.95e-06,3.67,34092962.0,3.99e-06,3.8e-06,
13:26:55,FLOKI,3.281e-05,3.18,2615499.0,3.302e-05,3.169e-05,
13:26:55,BONK,6.26e-06,2.62,3397506.0,6.3e-06,6.08e-06,
13:26:55,WIF,0.188,3.3,5778822.0,0.192,0.179,
13:26:55,BOME,0.000533,7.24,1390250.0,0.000542,0.000496,
13:26:55,NEIRO,9.309e-05,7.1,3153002.0,9.432e-05,8.633e-05,
13:26:55,PENGU,0.009915,4.2,34950207.0,0.010218,0.00939,
13:27:55,DOGE,0.10929,4.72,130613447.0,0.10985,0.10434,Y
13:27:55,SHIB,6.38e-06,3.74,7872325.0,6.4e-06,6.15e-06,
13:27:55,PEPE,3.95e-06,3.67,34004538.0,3.99e-06,3.8e-06,
13:27:55,FLOKI,3.281e-05,3.44,2604585.0,3.302e-05,3.169e-05,
13:27:55,BONK,6.25e-06,2.8,3380861.0,6.3e-06,6.08e-06,
13:27:55,WIF,0.188,3.87,5772446.0,0.192,0.179,
13:27:55,BOME,0.000535,7.86,1390900.0,0.000542,0.000496,
13:27:55,NEIRO,9.297e-05,7.64,3152841.0,9.432e-05,8.633e-05,
13:27:55,PENGU,0.009918,4.72,34922258.0,0.010218,0.00939,
13:29:55,DOGE,0.1091,3.98,127557728.0,0.10985,0.10492,Y
13:29:55,SHIB,6.36e-06,3.25,7887660.0,6.4e-06,6.16e-06,
13:29:55,PEPE,3.95e-06,3.4,33845624.0,3.99e-06,3.81e-06,
13:29:55,FLOKI,3.279e-05,3.18,2599514.0,3.302e-05,3.178e-05,
13:29:55,BONK,6.25e-06,2.46,3386256.0,6.3e-06,6.1e-06,
13:29:55,WIF,0.188,3.3,5739398.0,0.192,0.179,
13:29:55,BOME,0.000534,7.23,1389241.0,0.000542,0.000497,
13:29:55,NEIRO,9.295e-05,7.21,3149444.0,9.432e-05,8.664e-05,
13:29:55,PENGU,0.009888,4.61,34166598.0,0.010218,0.00945,
13:30:55,DOGE,0.10901,3.63,127392211.0,0.10985,0.10508,Y
13:30:55,SHIB,6.36e-06,3.08,7885257.0,6.4e-06,6.17e-06,
13:30:55,PEPE,3.95e-06,3.4,33759705.0,3.99e-06,3.81e-06,
13:30:55,FLOKI,3.275e-05,2.86,2598978.0,3.302e-05,3.181e-05,
13:30:55,BONK,6.24e-06,2.13,3382391.0,6.3e-06,6.11e-06,
13:30:55,WIF,0.187,3.31,5751867.0,0.192,0.179,
13:30:55,BOME,0.000533,6.81,1389893.0,0.000542,0.000499,
13:30:55,NEIRO,9.29e-05,6.92,3152312.0,9.432e-05,8.685e-05,
13:30:55,PENGU,0.009878,4.17,34172368.0,0.010218,0.009481,
13:31:55,DOGE,0.10907,3.62,127244742.0,0.10985,0.10508,Y
13:31:55,SHIB,6.37e-06,3.07,7868248.0,6.4e-06,6.18e-06,
13:31:55,PEPE,3.94e-06,2.87,33758042.0,3.99e-06,3.82e-06,
13:31:55,FLOKI,3.275e-05,2.86,2597222.0,3.302e-05,3.183e-05,
13:31:55,BONK,6.25e-06,2.12,3382343.0,6.3e-06,6.11e-06,
13:31:55,WIF,0.187,3.31,5763788.0,0.192,0.179,
13:31:55,BOME,0.000533,6.81,1389899.0,0.000542,0.000499,
13:31:55,NEIRO,9.287e-05,6.83,3154939.0,9.432e-05,8.685e-05,
13:31:55,PENGU,0.009881,4.03,34159440.0,0.010218,0.009492,
13:32:55,DOGE,0.1092,3.81,126887269.0,0.10985,0.10514,Y
13:32:55,SHIB,6.37e-06,2.91,7866669.0,6.4e-06,6.18e-06,
13:32:55,PEPE,3.95e-06,3.4,33752001.0,3.99e-06,3.82e-06,
13:32:55,FLOKI,3.275e-05,2.73,2597175.0,3.302e-05,3.183e-05,
13:32:55,BONK,6.25e-06,2.29,3382165.0,6.3e-06,6.11e-06,
13:32:55,WIF,0.187,3.31,5769452.0,0.192,0.179,
13:32:55,BOME,0.000534,7.01,1390196.0,0.000542,0.000499,
13:32:55,NEIRO,9.284e-05,6.65,3156209.0,9.432e-05,8.685e-05,
13:32:55,PENGU,0.009886,3.88,34139650.0,0.010218,0.009493,
13:33:55,DOGE,0.10919,3.71,126830375.0,0.10985,0.10526,Y
13:33:55,SHIB,6.37e-06,2.91,7877896.0,6.4e-06,6.18e-06,
13:33:55,PEPE,3.95e-06,3.13,33790687.0,3.99e-06,3.82e-06,
13:33:55,FLOKI,3.278e-05,2.85,2597027.0,3.302e-05,3.183e-05,
13:33:55,BONK,6.25e-06,2.12,3382075.0,6.3e-06,6.11e-06,
13:33:55,WIF,0.187,3.31,5769452.0,0.192,0.179,
13:33:55,BOME,0.000534,7.01,1389109.0,0.000542,0.000499,
13:33:55,NEIRO,9.293e-05,6.77,3157624.0,9.432e-05,8.685e-05,
13:33:55,PENGU,0.009885,4.12,34138579.0,0.010218,0.009493,
13:34:55,DOGE,0.10921,3.55,126637887.0,0.10985,0.10528,Y
13:34:55,SHIB,6.37e-06,2.91,7867480.0,6.4e-06,6.18e-06,
13:34:55,PEPE,3.95e-06,3.13,33787723.0,3.99e-06,3.82e-06,
13:34:55,FLOKI,3.277e-05,2.82,2601543.0,3.302e-05,3.183e-05,
13:34:55,BONK,6.25e-06,2.12,3384074.0,6.3e-06,6.11e-06,
13:34:55,WIF,0.187,3.31,5769452.0,0.192,0.179,
13:34:55,BOME,0.000535,7.0,1389115.0,0.000542,0.0005,
13:34:55,NEIRO,9.287e-05,6.65,3157764.0,9.432e-05,8.685e-05,
13:34:55,PENGU,0.009876,3.97,34144416.0,0.010218,0.009499,
13:35:55,DOGE,0.10918,3.43,126366091.0,0.10985,0.10528,Y
13:35:55,SHIB,6.38e-06,2.74,7840586.0,6.4e-06,6.18e-06,
13:35:55,PEPE,3.94e-06,2.87,33785102.0,3.99e-06,3.82e-06,
13:35:55,FLOKI,3.277e-05,2.66,2598614.0,3.302e-05,3.183e-05,
13:35:55,BONK,6.25e-06,2.12,3384050.0,6.3e-06,6.11e-06,
13:35:55,WIF,0.187,2.75,5769302.0,0.192,0.179,
13:35:55,BOME,0.000534,6.59,1389122.0,0.000542,0.0005,
13:35:55,NEIRO,9.3e-05,6.55,3157181.0,9.432e-05,8.685e-05,
13:35:55,PENGU,0.009879,3.94,34141919.0,0.010218,0.0095,
13:36:55,DOGE,0.10915,3.37,126312807.0,0.10985,0.10528,Y
13:36:55,SHIB,6.37e-06,2.58,7828327.0,6.4e-06,6.18e-06,
13:36:55,PEPE,3.94e-06,2.6,33724981.0,3.99e-06,3.82e-06,
13:36:55,FLOKI,3.272e-05,2.44,2598174.0,3.302e-05,3.183e-05,
13:36:55,BONK,6.25e-06,1.96,3384382.0,6.3e-06,6.11e-06,
13:36:55,WIF,0.187,3.31,5769132.0,0.192,0.179,
13:36:55,BOME,0.000534,6.59,1389347.0,0.000542,0.0005,
13:36:55,NEIRO,9.265e-05,6.25,3165384.0,9.432e-05,8.685e-05,
13:36:55,PENGU,0.00986,3.69,34139518.0,0.010218,0.0095,
13:37:55,DOGE,0.1092,3.35,126319269.0,0.10985,0.10528,Y
13:37:55,SHIB,6.37e-06,2.58,7828632.0,6.4e-06,6.18e-06,
13:37:55,PEPE,3.94e-06,2.6,33719147.0,3.99e-06,3.82e-06,
13:37:55,FLOKI,3.274e-05,2.5,2598131.0,3.302e-05,3.183e-05,
13:37:55,BONK,6.25e-06,1.96,3358638.0,6.3e-06,6.11e-06,
13:37:55,WIF,0.187,3.31,5781333.0,0.192,0.179,
13:37:55,BOME,0.000534,6.59,1389756.0,0.000542,0.0005,
13:37:55,NEIRO,9.281e-05,6.48,3174568.0,9.432e-05,8.685e-05,
13:37:55,PENGU,0.009891,3.77,34136612.0,0.010218,0.0095,
13:39:55,DOGE,0.10918,3.33,126356379.0,0.10985,0.10528,Y
13:39:55,SHIB,6.37e-06,2.58,7836105.0,6.4e-06,6.18e-06,
13:39:55,PEPE,3.95e-06,2.6,33635074.0,3.99e-06,3.82e-06,
13:39:55,FLOKI,3.281e-05,2.69,2601594.0,3.302e-05,3.183e-05,
13:39:55,BONK,6.25e-06,1.79,3360004.0,6.3e-06,6.11e-06,
13:39:55,WIF,0.187,3.31,5784878.0,0.192,0.179,
13:39:55,BOME,0.000535,6.79,1388556.0,0.000542,0.0005,
13:39:55,NEIRO,9.289e-05,6.34,3177027.0,9.432e-05,8.685e-05,
13:39:55,PENGU,0.009911,4.08,34142143.0,0.010218,0.0095,
13:41:55,DOGE,0.10922,3.11,126188675.0,0.10985,0.10528,Y
13:41:55,SHIB,6.37e-06,2.58,7819439.0,6.4e-06,6.18e-06,
13:41:55,PEPE,3.95e-06,2.87,33657151.0,3.99e-06,3.82e-06,
13:41:55,FLOKI,3.279e-05,2.5,2612353.0,3.302e-05,3.183e-05,
13:41:55,BONK,6.25e-06,1.79,3350098.0,6.3e-06,6.11e-06,
13:41:55,WIF,0.188,3.87,5786786.0,0.192,0.179,
13:41:55,BOME,0.000535,6.79,1388372.0,0.000542,0.0005,
13:41:55,NEIRO,9.293e-05,6.24,3179324.0,9.432e-05,8.685e-05,
13:41:55,PENGU,0.009911,3.83,34118205.0,0.010218,0.0095,
13:42:55,DOGE,0.10911,3.04,126148995.0,0.10985,0.10528,Y
13:42:55,SHIB,6.37e-06,2.58,7819544.0,6.4e-06,6.18e-06,
13:42:55,PEPE,3.94e-06,2.6,33651555.0,3.99e-06,3.82e-06,
13:42:55,FLOKI,3.276e-05,2.34,2616455.0,3.302e-05,3.183e-05,
13:42:55,BONK,6.25e-06,1.63,3349964.0,6.3e-06,6.11e-06,
13:42:55,WIF,0.187,2.75,5786282.0,0.192,0.179,
13:42:55,BOME,0.000535,6.79,1388670.0,0.000542,0.0005,
13:42:55,NEIRO,9.286e-05,6.15,3182755.0,9.432e-05,8.685e-05,
13:42:55,PENGU,0.009909,3.78,34116720.0,0.010218,0.0095,
13:43:55,DOGE,0.10914,3.15,126092602.0,0.10985,0.10528,Y
13:43:55,SHIB,6.37e-06,2.74,7819528.0,6.4e-06,6.18e-06,
13:43:55,PEPE,3.94e-06,2.34,33650684.0,3.99e-06,3.82e-06,
13:43:55,FLOKI,3.279e-05,2.53,2617578.0,3.302e-05,3.183e-05,
13:43:55,BONK,6.25e-06,1.63,3349945.0,6.3e-06,6.11e-06,
13:43:55,WIF,0.188,3.3,5785445.0,0.192,0.179,
13:43:55,BOME,0.000535,6.57,1388051.0,0.000542,0.0005,
13:43:55,NEIRO,9.293e-05,6.28,3191199.0,9.432e-05,8.685e-05,
13:43:55,PENGU,0.00992,4.08,34122402.0,0.010218,0.0095,
13:44:55,DOGE,0.10913,3.19,126037687.0,0.10985,0.10528,Y
13:44:55,SHIB,6.37e-06,2.58,7819304.0,6.4e-06,6.18e-06,
13:44:55,PEPE,3.94e-06,2.34,33646614.0,3.99e-06,3.82e-06,
13:44:55,FLOKI,3.278e-05,2.47,2616830.0,3.302e-05,3.183e-05,
13:44:55,BONK,6.25e-06,1.79,3353095.0,6.3e-06,6.11e-06,
13:44:55,WIF,0.188,3.3,5785445.0,0.192,0.179,
13:44:55,BOME,0.000534,6.38,1388106.0,0.000542,0.0005,
13:44:55,NEIRO,9.259e-05,5.72,3198581.0,9.432e-05,8.685e-05,
13:44:55,PENGU,0.009917,3.91,34113164.0,0.010218,0.0095,
13:45:55,DOGE,0.10899,2.95,126051720.0,0.10985,0.10528,Y
13:45:55,SHIB,6.38e-06,2.74,7819241.0,6.4e-06,6.18e-06,
13:45:55,PEPE,3.94e-06,2.34,33634855.0,3.99e-06,3.82e-06,
13:45:55,FLOKI,3.275e-05,2.34,2616747.0,3.302e-05,3.183e-05,
13:45:55,BONK,6.25e-06,1.79,3355551.0,6.3e-06,6.11e-06,
13:45:55,WIF,0.187,2.75,5785438.0,0.192,0.179,
13:45:55,BOME,0.000534,6.38,1386847.0,0.000542,0.0005,
13:45:55,NEIRO,9.258e-05,5.64,3202489.0,9.432e-05,8.685e-05,
13:45:55,PENGU,0.009912,3.65,34109841.0,0.010218,0.0095,
13:46:55,DOGE,0.10901,3.03,126017841.0,0.10985,0.10528,Y
13:46:55,SHIB,6.37e-06,2.58,7818648.0,6.4e-06,6.18e-06,
13:46:55,PEPE,3.94e-06,2.34,33687937.0,3.99e-06,3.82e-06,
13:46:55,FLOKI,3.275e-05,2.41,2615800.0,3.302e-05,3.183e-05,
13:46:55,BONK,6.24e-06,1.63,3352588.0,6.3e-06,6.11e-06,
13:46:55,WIF,0.188,3.3,5785445.0,0.192,0.179,
13:46:55,BOME,0.000533,6.39,1393612.0,0.000542,0.0005,
13:46:55,NEIRO,9.262e-05,5.71,3207044.0,9.432e-05,8.685e-05,
13:46:55,PENGU,0.009915,3.81,34105966.0,0.010218,0.0095,
13:47:55,DOGE,0.10911,3.15,125964328.0,0.10985,0.10528,Y
13:47:55,SHIB,6.38e-06,2.9,7827040.0,6.4e-06,6.18e-06,
13:47:55,PEPE,3.94e-06,2.34,33690799.0,3.99e-06,3.82e-06,
13:47:55,FLOKI,3.277e-05,2.47,2616172.0,3.302e-05,3.183e-05,
13:47:55,BONK,6.25e-06,1.79,3356488.0,6.3e-06,6.11e-06,
13:47:55,WIF,0.188,3.87,5785393.0,0.192,0.179,
13:47:55,BOME,0.000534,6.59,1392265.0,0.000542,0.0005,
13:47:55,NEIRO,9.284e-05,6.02,3207950.0,9.432e-05,8.685e-05,
13:47:55,PENGU,0.009931,4.07,34104027.0,0.010218,0.0095,
13:48:55,DOGE,0.10911,3.25,125967053.0,0.10985,0.10528,Y
13:48:55,SHIB,6.38e-06,2.74,7825275.0,6.4e-06,6.18e-06,
13:48:55,PEPE,3.94e-06,2.87,33612974.0,3.99e-06,3.82e-06,
13:48:55,FLOKI,3.277e-05,2.57,2615803.0,3.302e-05,3.183e-05,
13:48:55,BONK,6.25e-06,1.96,3357302.0,6.3e-06,6.11e-06,
13:48:55,WIF,0.187,3.89,5771144.0,0.192,0.179,
13:48:55,BOME,0.000534,6.59,1392265.0,0.000542,0.0005,
13:48:55,NEIRO,9.29e-05,6.34,3208528.0,9.432e-05,8.685e-05,
13:48:55,PENGU,0.009937,4.17,34107490.0,0.010218,0.0095,
13:49:55,DOGE,0.10913,3.23,125768934.0,0.10985,0.10528,Y
13:49:55,SHIB,6.38e-06,2.74,7830087.0,6.4e-06,6.18e-06,
13:49:55,PEPE,3.95e-06,3.13,33614734.0,3.99e-06,3.82e-06,
13:49:55,FLOKI,3.278e-05,2.6,2618156.0,3.302e-05,3.183e-05,
13:49:55,BONK,6.25e-06,1.96,3357184.0,6.3e-06,6.11e-06,
13:49:55,WIF,0.188,4.44,5771152.0,0.192,0.179,
13:49:55,BOME,0.000536,6.77,1396856.0,0.000542,0.0005,
13:49:55,NEIRO,9.29e-05,6.32,3208777.0,9.432e-05,8.685e-05,
13:49:55,PENGU,0.009932,4.1,34106307.0,0.010218,0.0095,
13:50:55,DOGE,0.10921,3.3,125781770.0,0.10985,0.10528,Y
13:50:55,SHIB,6.39e-06,3.06,7823282.0,6.4e-06,6.18e-06,
13:50:55,PEPE,3.95e-06,2.87,33637183.0,3.99e-06,3.82e-06,
13:50:55,FLOKI,3.28e-05,2.66,2617932.0,3.302e-05,3.183e-05,
13:50:55,BONK,6.25e-06,1.79,3356702.0,6.3e-06,6.11e-06,
13:50:55,WIF,0.188,3.87,5774086.0,0.192,0.179,
13:50:55,BOME,0.000535,6.57,1396859.0,0.000542,0.0005,
13:50:55,NEIRO,9.3e-05,6.41,3209279.0,9.432e-05,8.685e-05,
13:50:55,PENGU,0.009934,4.03,34100920.0,0.010218,0.0095,
13:51:55,DOGE,0.10911,3.2,125859042.0,0.10985,0.10528,Y
13:51:55,SHIB,6.39e-06,3.06,7812914.0,6.4e-06,6.18e-06,
13:51:55,PEPE,3.95e-06,2.87,33637750.0,3.99e-06,3.82e-06,
13:51:55,FLOKI,3.28e-05,2.66,2618286.0,3.302e-05,3.183e-05,
13:51:55,BONK,6.25e-06,1.79,3356671.0,6.3e-06,6.11e-06,
13:51:55,WIF,0.187,3.31,5774249.0,0.192,0.179,
13:51:55,BOME,0.000536,6.77,1401587.0,0.000542,0.0005,
13:51:55,NEIRO,9.291e-05,6.3,3211687.0,9.432e-05,8.685e-05,
13:51:55,PENGU,0.009932,3.96,34136057.0,0.010218,0.0095,
13:52:55,DOGE,0.1091,3.07,125805635.0,0.10985,0.10528,Y
13:52:55,SHIB,6.39e-06,2.9,7811088.0,6.4e-06,6.18e-06,
13:52:55,PEPE,3.95e-06,2.87,33602834.0,3.99e-06,3.82e-06,
13:52:55,FLOKI,3.278e-05,2.6,2617421.0,3.302e-05,3.183e-05,
13:52:55,BONK,6.25e-06,1.79,3355461.0,6.3e-06,6.11e-06,
13:52:55,WIF,0.188,4.44,5758099.0,0.192,0.179,
13:52:55,BOME,0.000536,6.77,1403114.0,0.000542,0.0005,
13:52:55,NEIRO,9.288e-05,6.2,3215428.0,9.432e-05,8.685e-05,
13:52:55,PENGU,0.009922,3.67,34123139.0,0.010218,0.0095,
13:53:55,DOGE,0.10913,3.15,125873316.0,0.10985,0.10528,Y
13:53:55,SHIB,6.39e-06,3.06,7809684.0,6.4e-06,6.18e-06,
13:53:55,PEPE,3.95e-06,3.13,33632944.0,3.99e-06,3.82e-06,
13:53:55,FLOKI,3.28e-05,2.73,2617552.0,3.302e-05,3.183e-05,
13:53:55,BONK,6.25e-06,1.79,3355461.0,6.3e-06,6.11e-06,
13:53:55,WIF,0.187,3.89,5758137.0,0.192,0.179,
13:53:55,BOME,0.000537,7.19,1402656.0,0.000542,0.0005,
13:53:55,NEIRO,9.277e-05,6.24,3218087.0,9.432e-05,8.685e-05,
13:53:55,PENGU,0.009928,3.85,34107630.0,0.010218,0.0095,
13:54:55,DOGE,0.10908,3.13,125850852.0,0.10985,0.10528,Y
13:54:55,SHIB,6.38e-06,2.74,7807261.0,6.4e-06,6.18e-06,
13:54:55,PEPE,3.95e-06,2.87,33633262.0,3.99e-06,3.82e-06,
13:54:55,FLOKI,3.279e-05,2.69,2617587.0,3.302e-05,3.183e-05,
13:54:55,BONK,6.26e-06,2.12,3354709.0,6.3e-06,6.11e-06,
13:54:55,WIF,0.188,4.44,5757779.0,0.192,0.179,
13:54:55,BOME,0.000536,6.99,1402755.0,0.000542,0.0005,
13:54:55,NEIRO,9.268e-05,6.15,3218654.0,9.432e-05,8.685e-05,
13:54:55,PENGU,0.009919,3.75,34104851.0,0.010218,0.0095,
13:55:55,DOGE,0.10906,3.15,125857740.0,0.10985,0.10528,Y
13:55:55,SHIB,6.39e-06,3.06,7801182.0,6.4e-06,6.18e-06,
13:55:55,PEPE,3.96e-06,3.12,33634232.0,3.99e-06,3.82e-06,
13:55:55,FLOKI,3.277e-05,2.76,2617237.0,3.302e-05,3.183e-05,
13:55:55,BONK,6.26e-06,2.29,3354142.0,6.3e-06,6.11e-06,
13:55:55,WIF,0.188,4.44,5757234.0,0.192,0.179,
13:55:55,BOME,0.000537,7.19,1402756.0,0.000542,0.0005,
13:55:55,NEIRO,9.266e-05,6.18,3214457.0,9.432e-05,8.685e-05,
13:55:55,PENGU,0.009916,4.0,34091722.0,0.010218,0.0095,
13:56:55,DOGE,0.10908,3.19,125847859.0,0.10985,0.10528,Y
13:56:55,SHIB,6.39e-06,3.06,7793062.0,6.4e-06,6.18e-06,
13:56:55,PEPE,3.96e-06,3.12,33630932.0,3.99e-06,3.82e-06,
13:56:55,FLOKI,3.276e-05,2.7,2617441.0,3.302e-05,3.183e-05,
13:56:55,BONK,6.25e-06,1.96,3353602.0,6.3e-06,6.11e-06,
13:56:55,WIF,0.187,3.89,5756658.0,0.192,0.179,
13:56:55,BOME,0.000537,7.19,1402766.0,0.000542,0.0005,
13:56:55,NEIRO,9.261e-05,6.14,3211750.0,9.432e-05,8.685e-05,
13:56:55,PENGU,0.00991,3.73,34049072.0,0.010218,0.0095,
13:57:55,DOGE,0.10907,3.23,125769857.0,0.10985,0.10528,Y
13:57:55,SHIB,6.39e-06,3.06,7788629.0,6.4e-06,6.18e-06,
13:57:55,PEPE,3.96e-06,3.12,33627834.0,3.99e-06,3.82e-06,
13:57:55,FLOKI,3.276e-05,2.76,2616706.0,3.302e-05,3.183e-05,
13:57:55,BONK,6.25e-06,2.12,3350893.0,6.3e-06,6.11e-06,
13:57:55,WIF,0.188,4.44,5756536.0,0.192,0.179,
13:57:55,BOME,0.000536,6.99,1402768.0,0.000542,0.0005,
13:57:55,NEIRO,9.267e-05,6.22,3212989.0,9.432e-05,8.685e-05,
13:57:55,PENGU,0.009908,3.61,33989984.0,0.010218,0.0095,
13:58:55,DOGE,0.10911,3.36,125751687.0,0.10985,0.10528,Y
13:58:55,SHIB,6.39e-06,3.06,7788655.0,6.4e-06,6.18e-06,
13:58:55,PEPE,3.95e-06,3.13,33625394.0,3.99e-06,3.82e-06,
13:58:55,FLOKI,3.277e-05,2.82,2616656.0,3.302e-05,3.183e-05,
13:58:55,BONK,6.25e-06,2.12,3350768.0,6.3e-06,6.11e-06,
13:58:55,WIF,0.188,4.44,5756477.0,0.192,0.179,
13:58:55,BOME,0.000536,6.99,1402726.0,0.000542,0.0005,
13:58:55,NEIRO,9.267e-05,6.26,3213645.0,9.432e-05,8.685e-05,
13:58:55,PENGU,0.00991,3.82,33988363.0,0.010218,0.0095,
13:59:55,DOGE,0.10906,3.44,125679202.0,0.10985,0.10528,Y
13:59:55,SHIB,6.38e-06,2.9,7782901.0,6.4e-06,6.18e-06,
13:59:55,PEPE,3.95e-06,2.87,33706320.0,3.99e-06,3.82e-06,
13:59:55,FLOKI,3.274e-05,2.73,2625933.0,3.302e-05,3.183e-05,
13:59:55,BONK,6.24e-06,1.79,3350880.0,6.3e-06,6.11e-06,
13:59:55,WIF,0.188,4.44,5756372.0,0.192,0.179,
13:59:55,BOME,0.000536,6.99,1402633.0,0.000542,0.0005,
13:59:55,NEIRO,9.263e-05,6.01,3189417.0,9.432e-05,8.685e-05,
13:59:55,PENGU,0.009911,3.71,33946315.0,0.010218,0.0095,
14:00:55,DOGE,0.10905,3.46,125645943.0,0.10985,0.10528,Y
14:00:55,SHIB,6.39e-06,3.23,7782849.0,6.4e-06,6.18e-06,
14:00:55,PEPE,3.96e-06,3.39,33688518.0,3.99e-06,3.82e-06,
14:00:55,FLOKI,3.274e-05,2.76,2626370.0,3.302e-05,3.183e-05,
14:00:55,BONK,6.25e-06,2.12,3350826.0,6.3e-06,6.11e-06,
14:00:55,WIF,0.188,4.44,5757681.0,0.192,0.179,
14:00:55,BOME,0.000536,6.99,1402430.0,0.000542,0.0005,
14:00:55,NEIRO,9.266e-05,5.96,3197092.0,9.432e-05,8.685e-05,
14:00:55,PENGU,0.009904,3.5,33999982.0,0.010218,0.0095,
14:01:55,DOGE,0.10904,3.55,125568527.0,0.10985,0.10529,Y
14:01:55,SHIB,6.38e-06,3.07,7772690.0,6.4e-06,6.19e-06,
14:01:55,PEPE,3.96e-06,3.67,33593353.0,3.99e-06,3.82e-06,
14:01:55,FLOKI,3.274e-05,2.83,2625889.0,3.302e-05,3.184e-05,
14:01:55,BONK,6.25e-06,2.12,3347037.0,6.3e-06,6.12e-06,
14:01:55,WIF,0.188,4.44,5757081.0,0.192,0.179,
14:01:55,BOME,0.000536,6.99,1403044.0,0.000542,0.0005,
14:01:55,NEIRO,9.247e-05,6.07,3195845.0,9.432e-05,8.685e-05,
14:01:55,PENGU,0.009911,3.6,33984018.0,0.010218,0.0095,
14:02:55,DOGE,0.10912,3.51,125522711.0,0.10985,0.10532,Y
14:02:55,SHIB,6.38e-06,3.07,7772420.0,6.4e-06,6.19e-06,
14:02:55,PEPE,3.95e-06,3.13,33558537.0,3.99e-06,3.82e-06,
14:02:55,FLOKI,3.277e-05,2.79,2625686.0,3.302e-05,3.185e-05,
14:02:55,BONK,6.25e-06,2.12,3346615.0,6.3e-06,6.12e-06,
14:02:55,WIF,0.188,4.44,5726812.0,0.192,0.179,
14:02:55,BOME,0.000536,6.99,1403031.0,0.000542,0.0005,
14:02:55,NEIRO,9.259e-05,6.18,3194278.0,9.432e-05,8.685e-05,
14:02:55,PENGU,0.009922,3.33,33894302.0,0.010218,0.0095,
14:03:55,DOGE,0.10905,3.47,125455612.0,0.10985,0.10532,Y
14:03:55,SHIB,6.39e-06,3.06,7772900.0,6.4e-06,6.19e-06,
14:03:55,PEPE,3.96e-06,3.39,33550816.0,3.99e-06,3.82e-06,
14:03:55,FLOKI,3.276e-05,2.76,2624730.0,3.302e-05,3.185e-05,
14:03:55,BONK,6.24e-06,1.79,3350153.0,6.3e-06,6.12e-06,
14:03:55,WIF,0.188,4.44,5726080.0,0.192,0.179,
14:03:55,BOME,0.000536,6.99,1402865.0,0.000542,0.0005,
14:03:55,NEIRO,9.246e-05,5.87,3192382.0,9.432e-05,8.685e-05,
14:03:55,PENGU,0.009922,3.48,33867067.0,0.010218,0.0095,
14:04:55,DOGE,0.10905,3.49,125450262.0,0.10985,0.10537,Y
14:04:55,SHIB,6.38e-06,2.9,7779770.0,6.4e-06,6.19e-06,
14:04:55,PEPE,3.95e-06,3.13,33550432.0,3.99e-06,3.82e-06,
14:04:55,FLOKI,3.275e-05,2.67,2624913.0,3.302e-05,3.185e-05,
14:04:55,BONK,6.24e-06,1.79,3355493.0,6.3e-06,6.12e-06,
14:04:55,WIF,0.188,3.87,5726074.0,0.192,0.179,
14:04:55,BOME,0.000536,6.77,1402598.0,0.000542,0.0005,
14:04:55,NEIRO,9.242e-05,5.62,3192901.0,9.432e-05,8.685e-05,
14:04:55,PENGU,0.009924,3.26,33855641.0,0.010218,0.0095,
14:05:55,DOGE,0.10902,3.29,125419902.0,0.10985,0.10541,Y
14:05:55,SHIB,6.38e-06,3.07,7779247.0,6.4e-06,6.19e-06,
14:05:55,PEPE,3.95e-06,2.87,33598535.0,3.99e-06,3.82e-06,
14:05:55,FLOKI,3.275e-05,2.6,2624042.0,3.302e-05,3.185e-05,
14:05:55,BONK,6.24e-06,1.63,3345569.0,6.3e-06,6.12e-06,
14:05:55,WIF,0.187,3.89,5726069.0,0.192,0.179,
14:05:55,BOME,0.000535,6.57,1402653.0,0.000542,0.0005,
14:05:55,NEIRO,9.233e-05,5.51,3191003.0,9.432e-05,8.685e-05,
14:05:55,PENGU,0.009925,2.58,33764946.0,0.010218,0.0095,
14:06:55,DOGE,0.10905,3.22,125387957.0,0.10985,0.10541,Y
14:06:55,SHIB,6.37e-06,2.74,7779349.0,6.4e-06,6.19e-06,
14:06:55,PEPE,3.95e-06,3.13,33714651.0,3.99e-06,3.82e-06,
14:06:55,FLOKI,3.275e-05,2.6,2622610.0,3.302e-05,3.185e-05,
14:06:55,BONK,6.25e-06,1.96,3347381.0,6.3e-06,6.12e-06,
14:06:55,WIF,0.188,4.44,5726076.0,0.192,0.179,
14:06:55,BOME,0.000535,6.57,1402692.0,0.000542,0.0005,
14:06:55,NEIRO,9.219e-05,5.4,3199980.0,9.432e-05,8.685e-05,
14:06:55,PENGU,0.009924,2.55,33662411.0,0.010218,0.0095,
14:07:55,DOGE,0.10897,3.14,125364728.0,0.10985,0.10541,Y
14:07:55,SHIB,6.37e-06,2.74,7780920.0,6.4e-06,6.19e-06,
14:07:55,PEPE,3.94e-06,2.87,33721164.0,3.99e-06,3.82e-06,
14:07:55,FLOKI,3.274e-05,2.67,2622906.0,3.302e-05,3.185e-05,
14:07:55,BONK,6.24e-06,1.79,3343645.0,6.3e-06,6.12e-06,
14:07:55,WIF,0.187,3.31,5726081.0,0.192,0.179,
14:07:55,BOME,0.000535,6.57,1402694.0,0.000542,0.0005,
14:07:55,NEIRO,9.217e-05,5.33,3203772.0,9.432e-05,8.685e-05,
14:07:55,PENGU,0.009924,2.79,33637163.0,0.010218,0.0095,
14:08:55,DOGE,0.1089,3.13,125262634.0,0.10985,0.10541,Y
14:08:55,SHIB,6.37e-06,2.91,7780721.0,6.4e-06,6.19e-06,
14:08:55,PEPE,3.94e-06,2.87,33711620.0,3.99e-06,3.82e-06,
14:08:55,FLOKI,3.272e-05,2.63,2623358.0,3.302e-05,3.185e-05,
14:08:55,BONK,6.24e-06,1.79,3339992.0,6.3e-06,6.12e-06,
14:08:55,WIF,0.187,3.31,5726081.0,0.192,0.179,
14:08:55,BOME,0.000535,6.57,1403260.0,0.000542,0.0005,
14:08:55,NEIRO,9.214e-05,5.5,3208575.0,9.432e-05,8.685e-05,
14:08:55,PENGU,0.009926,2.85,33584287.0,0.010218,0.0095,
14:09:55,DOGE,0.10885,3.11,125161839.0,0.10985,0.10541,Y
14:09:55,SHIB,6.37e-06,2.74,7779994.0,6.4e-06,6.19e-06,
14:09:55,PEPE,3.94e-06,2.6,33715824.0,3.99e-06,3.82e-06,
14:09:55,FLOKI,3.272e-05,2.6,2623011.0,3.302e-05,3.185e-05,
14:09:55,BONK,6.24e-06,1.79,3340370.0,6.3e-06,6.12e-06,
14:09:55,WIF,0.187,3.31,5725735.0,0.192,0.179,
14:09:55,BOME,0.000536,6.77,1403352.0,0.000542,0.0005,
14:09:55,NEIRO,9.219e-05,5.25,3213530.0,9.432e-05,8.685e-05,
14:09:55,PENGU,0.009916,2.68,33544957.0,0.010218,0.0095,
14:11:55,DOGE,0.10876,3.08,124838240.0,0.10985,0.10541,Y
14:11:55,SHIB,6.36e-06,2.75,7780355.0,6.4e-06,6.19e-06,
14:11:55,PEPE,3.94e-06,2.6,33691831.0,3.99e-06,3.83e-06,
14:11:55,FLOKI,3.27e-05,2.64,2622065.0,3.302e-05,3.186e-05,
14:11:55,BONK,6.24e-06,1.79,3338546.0,6.3e-06,6.12e-06,
14:11:55,WIF,0.187,3.31,5745125.0,0.192,0.179,
14:11:55,BOME,0.000536,6.77,1403565.0,0.000542,0.0005,
14:11:55,NEIRO,9.197e-05,5.08,3240435.0,9.432e-05,8.685e-05,
14:11:55,PENGU,0.009893,2.49,33444014.0,0.010218,0.0095,
14:12:55,DOGE,0.10885,2.98,124754897.0,0.10985,0.10541,Y
14:12:55,SHIB,6.37e-06,2.91,7783176.0,6.4e-06,6.19e-06,
14:12:55,PEPE,3.95e-06,2.87,33691428.0,3.99e-06,3.83e-06,
14:12:55,FLOKI,3.271e-05,2.6,2622323.0,3.302e-05,3.186e-05,
14:12:55,BONK,6.24e-06,1.96,3338550.0,6.3e-06,6.12e-06,
14:12:55,WIF,0.187,3.31,5745252.0,0.192,0.179,
14:12:55,BOME,0.000536,6.99,1403584.0,0.000542,0.0005,
14:12:55,NEIRO,9.219e-05,5.23,3237203.0,9.432e-05,8.685e-05,
14:12:55,PENGU,0.009899,2.46,33449378.0,0.010218,0.0095,
14:14:55,DOGE,0.10896,3.12,124773477.0,0.10985,0.10541,Y
14:14:55,SHIB,6.37e-06,2.74,7782895.0,6.4e-06,6.19e-06,
14:14:55,PEPE,3.94e-06,2.87,33761794.0,3.99e-06,3.83e-06,
14:14:55,FLOKI,3.273e-05,2.7,2622960.0,3.302e-05,3.187e-05,
14:14:55,BONK,6.24e-06,1.79,3347333.0,6.3e-06,6.12e-06,
14:14:55,WIF,0.187,3.89,5745462.0,0.192,0.179,
14:14:55,BOME,0.000537,6.97,1405508.0,0.000542,0.0005,
14:14:55,NEIRO,9.22e-05,5.2,3241957.0,9.432e-05,8.685e-05,
14:14:55,PENGU,0.009894,2.31,33424400.0,0.010218,0.0095,
14:15:55,DOGE,0.10902,3.06,125088445.0,0.10985,0.10541,Y
14:15:55,SHIB,6.37e-06,2.74,7758993.0,6.4e-06,6.19e-06,
14:15:55,PEPE,3.95e-06,3.13,33805160.0,3.99e-06,3.83e-06,
14:15:55,FLOKI,3.275e-05,2.7,2621477.0,3.302e-05,3.188e-05,
14:15:55,BONK,6.25e-06,1.96,3343585.0,6.3e-06,6.12e-06,
14:15:55,WIF,0.187,3.31,5756666.0,0.192,0.179,
14:15:55,BOME,0.000538,7.17,1406959.0,0.000542,0.0005,
14:15:55,NEIRO,9.245e-05,5.44,3234975.0,9.432e-05,8.685e-05,
14:15:55,PENGU,0.00992,2.52,33429644.0,0.010218,0.0095,
14:16:55,DOGE,0.10919,3.36,125109701.0,0.10985,0.10541,Y
14:16:55,SHIB,6.38e-06,2.74,7764663.0,6.4e-06,6.19e-06,
14:16:55,PEPE,3.96e-06,3.39,33822172.0,3.99e-06,3.83e-06,
14:16:55,FLOKI,3.279e-05,2.85,2621815.0,3.302e-05,3.188e-05,
14:16:55,BONK,6.26e-06,2.12,3342579.0,6.3e-06,6.12e-06,
14:16:55,WIF,0.187,3.31,5756666.0,0.192,0.179,
14:16:55,BOME,0.000538,7.17,1407822.0,0.000542,0.0005,
14:16:55,NEIRO,9.255e-05,5.75,3235039.0,9.432e-05,8.685e-05,
14:16:55,PENGU,0.009936,2.75,33396315.0,0.010218,0.0095,
14:17:55,DOGE,0.10912,3.13,125167810.0,0.10985,0.10541,Y
14:17:55,SHIB,6.37e-06,2.58,7765723.0,6.4e-06,6.19e-06,
14:17:55,PEPE,3.95e-06,2.6,33781021.0,3.99e-06,3.83e-06,
14:17:55,FLOKI,3.277e-05,2.69,2622188.0,3.302e-05,3.189e-05,
14:17:55,BONK,6.25e-06,1.79,3344349.0,6.3e-06,6.12e-06,
14:17:55,WIF,0.187,3.31,5756729.0,0.192,0.179,
14:17:55,BOME,0.000538,7.17,1408238.0,0.000542,0.0005,
14:17:55,NEIRO,9.255e-05,5.72,3237662.0,9.432e-05,8.685e-05,
14:17:55,PENGU,0.009929,2.44,33296359.0,0.010218,0.0095,
14:18:55,DOGE,0.10915,3.14,125127187.0,0.10985,0.10541,Y
14:18:55,SHIB,6.38e-06,2.57,7756896.0,6.4e-06,6.19e-06,
14:18:55,PEPE,3.96e-06,3.12,33749263.0,3.99e-06,3.83e-06,
14:18:55,FLOKI,3.276e-05,2.6,2621229.0,3.302e-05,3.189e-05,
14:18:55,BONK,6.26e-06,1.95,3345191.0,6.3e-06,6.12e-06,
14:18:55,WIF,0.188,3.87,5735394.0,0.192,0.179,
14:18:55,BOME,0.000537,6.97,1408014.0,0.000542,0.0005,
14:18:55,NEIRO,9.242e-05,5.43,3237265.0,9.432e-05,8.685e-05,
14:18:55,PENGU,0.009924,1.97,33267430.0,0.010218,0.0095,
14:19:55,DOGE,0.10907,3.05,125107653.0,0.10985,0.10541,Y
14:19:55,SHIB,6.38e-06,2.74,7756585.0,6.4e-06,6.19e-06,
14:19:55,PEPE,3.96e-06,3.12,33723945.0,3.99e-06,3.83e-06,
14:19:55,FLOKI,3.274e-05,2.47,2620857.0,3.302e-05,3.189e-05,
14:19:55,BONK,6.25e-06,1.79,3347142.0,6.3e-06,6.12e-06,
14:19:55,WIF,0.188,3.87,5735303.0,0.192,0.179,
14:19:55,BOME,0.000537,6.97,1408170.0,0.000542,0.0005,
14:19:55,NEIRO,9.234e-05,5.43,3234808.0,9.432e-05,8.685e-05,
14:19:55,PENGU,0.009937,1.64,33208788.0,0.010218,0.0095,
14:20:55,DOGE,0.1089,2.85,125236181.0,0.10985,0.10541,Y
14:20:55,SHIB,6.37e-06,2.58,7756324.0,6.4e-06,6.19e-06,
14:20:55,PEPE,3.94e-06,2.34,33757709.0,3.99e-06,3.83e-06,
14:20:55,FLOKI,3.271e-05,2.38,2623108.0,3.302e-05,3.189e-05,
14:20:55,BONK,6.25e-06,1.79,3346999.0,6.3e-06,6.12e-06,
14:20:55,WIF,0.187,3.31,5726605.0,0.192,0.179,
14:20:55,BOME,0.000535,6.57,1408013.0,0.000542,0.0005,
14:20:55,NEIRO,9.214e-05,5.17,3235981.0,9.432e-05,8.685e-05,
14:20:55,PENGU,0.009927,1.42,33239854.0,0.010218,0.0095,
14:21:55,DOGE,0.10891,2.96,125208773.0,0.10985,0.10541,Y
14:21:55,SHIB,6.37e-06,2.58,7746294.0,6.4e-06,6.19e-06,
14:21:55,PEPE,3.95e-06,2.87,33747931.0,3.99e-06,3.83e-06,
14:21:55,FLOKI,3.27e-05,2.41,2623093.0,3.302e-05,3.189e-05,
14:21:55,BONK,6.25e-06,1.79,3348467.0,6.3e-06,6.12e-06,
14:21:55,WIF,0.187,3.31,5731591.0,0.192,0.179,
14:21:55,BOME,0.000535,6.57,1407918.0,0.000542,0.0005,
14:21:55,NEIRO,9.196e-05,4.71,3236907.0,9.432e-05,8.685e-05,
14:21:55,PENGU,0.009938,2.13,33204111.0,0.010218,0.0095,
14:22:55,DOGE,0.1088,2.92,125250099.0,0.10985,0.10541,Y
14:22:55,SHIB,6.37e-06,2.74,7746201.0,6.4e-06,6.19e-06,
14:22:55,PEPE,3.94e-06,2.6,33740083.0,3.99e-06,3.83e-06,
14:22:55,FLOKI,3.27e-05,2.41,2622525.0,3.302e-05,3.189e-05,
14:22:55,BONK,6.25e-06,1.79,3348622.0,6.3e-06,6.12e-06,
14:22:55,WIF,0.187,3.31,5743607.0,0.192,0.179,
14:22:55,BOME,0.000534,6.38,1407959.0,0.000542,0.0005,
14:22:55,NEIRO,9.193e-05,4.94,3236118.0,9.432e-05,8.685e-05,
14:22:55,PENGU,0.009935,1.88,33110994.0,0.010218,0.0095,
14:23:55,DOGE,0.10878,2.92,125257926.0,0.10985,0.10541,Y
14:23:55,SHIB,6.36e-06,2.42,7745831.0,6.4e-06,6.19e-06,
14:23:55,PEPE,3.95e-06,2.6,33740529.0,3.99e-06,3.83e-06,
14:23:55,FLOKI,3.269e-05,2.41,2622496.0,3.302e-05,3.189e-05,
14:23:55,BONK,6.25e-06,1.96,3348565.0,6.3e-06,6.12e-06,
14:23:55,WIF,0.187,3.31,5743927.0,0.192,0.179,
14:23:55,BOME,0.000535,6.79,1408813.0,0.000542,0.0005,
14:23:55,NEIRO,9.181e-05,4.83,3240519.0,9.432e-05,8.685e-05,
14:23:55,PENGU,0.009921,1.75,32921212.0,0.010218,0.0095,
14:24:56,DOGE,0.10879,3.08,125235421.0,0.10985,0.10541,Y
14:24:56,SHIB,6.37e-06,2.74,7741288.0,6.4e-06,6.19e-06,
14:24:56,PEPE,3.95e-06,2.87,33730059.0,3.99e-06,3.83e-06,
14:24:56,FLOKI,3.267e-05,2.45,2623476.0,3.302e-05,3.189e-05,
14:24:56,BONK,6.24e-06,1.96,3356181.0,6.3e-06,6.12e-06,
14:24:56,WIF,0.187,3.31,5730367.0,0.192,0.179,
14:24:56,BOME,0.000535,6.79,1408768.0,0.000542,0.0005,
14:24:56,NEIRO,9.164e-05,4.68,3253314.0,9.432e-05,8.685e-05,
14:24:56,PENGU,0.009914,2.23,32772290.0,0.010218,0.0095,
14:25:55,DOGE,0.10875,3.01,125366218.0,0.10985,0.10541,Y
14:25:55,SHIB,6.37e-06,2.74,7740599.0,6.4e-06,6.19e-06,
14:25:55,PEPE,3.94e-06,2.87,33735808.0,3.99e-06,3.83e-06,
14:25:55,FLOKI,3.262e-05,2.23,2626397.0,3.302e-05,3.189e-05,
14:25:55,BONK,6.24e-06,1.96,3356187.0,6.3e-06,6.12e-06,
14:25:55,WIF,0.187,3.89,5730352.0,0.192,0.179,
14:25:55,BOME,0.000533,6.39,1410209.0,0.000542,0.0005,
14:25:55,NEIRO,9.157e-05,4.52,3259721.0,9.432e-05,8.685e-05,
14:25:55,PENGU,0.009917,1.86,32660709.0,0.010218,0.0095,
14:26:55,DOGE,0.1088,2.96,125401067.0,0.10985,0.10541,Y
14:26:55,SHIB,6.37e-06,2.91,7739262.0,6.4e-06,6.19e-06,
14:26:55,PEPE,3.94e-06,2.6,33735996.0,3.99e-06,3.83e-06,
14:26:55,FLOKI,3.261e-05,2.16,2629311.0,3.302e-05,3.189e-05,
14:26:55,BONK,6.24e-06,1.79,3356331.0,6.3e-06,6.12e-06,
14:26:55,WIF,0.187,3.89,5736119.0,0.192,0.179,
14:26:55,BOME,0.000533,6.39,1410469.0,0.000542,0.0005,
14:26:55,NEIRO,9.161e-05,4.49,3267763.0,9.432e-05,8.685e-05,
14:26:55,PENGU,0.009923,2.52,32345775.0,0.010218,0.0095,
14:27:56,DOGE,0.1088,3.02,125392638.0,0.10985,0.10541,Y
14:27:56,SHIB,6.36e-06,2.75,7739486.0,6.4e-06,6.19e-06,
14:27:56,PEPE,3.94e-06,2.6,33736136.0,3.99e-06,3.83e-06,
14:27:56,FLOKI,3.26e-05,2.16,2629348.0,3.302e-05,3.189e-05,
14:27:56,BONK,6.24e-06,1.96,3356576.0,6.3e-06,6.12e-06,
14:27:56,WIF,0.187,3.89,5736436.0,0.192,0.179,
14:27:56,BOME,0.000533,6.6,1410496.0,0.000542,0.0005,
14:27:56,NEIRO,9.154e-05,4.72,3268395.0,9.432e-05,8.685e-05,
14:27:56,PENGU,0.009919,2.65,32306816.0,0.010218,0.0095,
14:28:55,DOGE,0.10879,2.96,125357347.0,0.10985,0.10541,Y
14:28:55,SHIB,6.36e-06,2.58,7741872.0,6.4e-06,6.19e-06,
14:28:55,PEPE,3.94e-06,2.6,33767772.0,3.99e-06,3.83e-06,
14:28:55,FLOKI,3.259e-05,2.16,2635401.0,3.302e-05,3.19e-05,
14:28:55,BONK,6.23e-06,1.8,3356575.0,6.3e-06,6.12e-06,
14:28:55,WIF,0.187,3.89,5736561.0,0.192,0.179,
14:28:55,BOME,0.000533,6.39,1411032.0,0.000542,0.000501,
14:28:55,NEIRO,9.149e-05,4.64,3274207.0,9.432e-05,8.685e-05,
14:28:55,PENGU,0.009933,2.81,32301923.0,0.010218,0.0095,
14:29:55,DOGE,0.10874,3.0,125361640.0,0.10985,0.10541,Y
14:29:55,SHIB,6.36e-06,2.58,7741860.0,6.4e-06,6.2e-06,
14:29:55,PEPE,3.94e-06,2.6,33771687.0,3.99e-06,3.83e-06,
14:29:55,FLOKI,3.259e-05,2.16,2635552.0,3.302e-05,3.19e-05,
14:29:55,BONK,6.23e-06,1.8,3356377.0,6.3e-06,6.12e-06,
14:29:55,WIF,0.186,3.33,5736970.0,0.192,0.179,
14:29:55,BOME,0.000532,6.19,1412393.0,0.000542,0.000501,
14:29:55,NEIRO,9.146e-05,4.58,3274847.0,9.432e-05,8.685e-05,
14:29:55,PENGU,0.009924,2.68,32287260.0,0.010218,0.0095,
14:30:55,DOGE,0.10879,2.96,125590032.0,0.10985,0.10541,Y
14:30:55,SHIB,6.36e-06,2.42,7724964.0,6.4e-06,6.2e-06,
14:30:55,PEPE,3.93e-06,2.34,33811064.0,3.99e-06,3.83e-06,
14:30:55,FLOKI,3.258e-05,2.04,2636252.0,3.302e-05,3.193e-05,
14:30:55,BONK,6.24e-06,1.79,3356360.0,6.3e-06,6.12e-06,
14:30:55,WIF,0.187,3.31,5736965.0,0.192,0.179,
14:30:55,BOME,0.000533,6.39,1413019.0,0.000542,0.000501,
14:30:55,NEIRO,9.129e-05,4.33,3280272.0,9.432e-05,8.685e-05,
14:30:55,PENGU,0.009925,2.33,32271980.0,0.010218,0.0095,
14:31:55,DOGE,0.10887,2.81,125568628.0,0.10985,0.10541,Y
14:31:55,SHIB,6.36e-06,2.25,7757781.0,6.4e-06,6.21e-06,
14:31:55,PEPE,3.94e-06,2.34,33762361.0,3.99e-06,3.83e-06,
14:31:55,FLOKI,3.262e-05,2.0,2636136.0,3.302e-05,3.193e-05,
14:31:55,BONK,6.24e-06,1.63,3355065.0,6.3e-06,6.12e-06,
14:31:55,WIF,0.186,2.76,5738800.0,0.192,0.179,
14:31:55,BOME,0.000533,6.17,1413053.0,0.000542,0.000502,
14:31:55,NEIRO,9.142e-05,4.29,3280268.0,9.432e-05,8.685e-05,
14:31:55,PENGU,0.009936,2.0,32246908.0,0.010218,0.0095,
14:32:55,DOGE,0.10884,2.71,125436768.0,0.10985,0.10541,Y
14:32:55,SHIB,6.36e-06,2.09,7744601.0,6.4e-06,6.21e-06,
14:32:55,PEPE,3.94e-06,2.34,33721406.0,3.99e-06,3.83e-06,
14:32:55,FLOKI,3.261e-05,1.75,2633114.0,3.302e-05,3.193e-05,
14:32:55,BONK,6.24e-06,1.46,3340724.0,6.3e-06,6.12e-06,
14:32:55,WIF,0.186,2.76,5723965.0,0.192,0.179,
14:32:55,BOME,0.000533,5.96,1413093.0,0.000542,0.000503,
14:32:55,NEIRO,9.131e-05,3.65,3282007.0,9.432e-05,8.685e-05,
14:32:55,PENGU,0.00993,2.22,32000718.0,0.010218,0.0095,
14:33:55,DOGE,0.10892,2.75,125435489.0,0.10985,0.10541,Y
14:33:55,SHIB,6.36e-06,2.25,7756794.0,6.4e-06,6.21e-06,
14:33:55,PEPE,3.94e-06,2.07,33711489.0,3.99e-06,3.83e-06,
14:33:55,FLOKI,3.262e-05,1.78,2632449.0,3.302e-05,3.193e-05,
14:33:55,BONK,6.24e-06,1.46,3340008.0,6.3e-06,6.12e-06,
14:33:55,WIF,0.186,2.76,5702634.0,0.192,0.179,
14:33:55,BOME,0.000532,5.56,1413061.0,0.000542,0.000503,
14:33:55,NEIRO,9.14e-05,3.62,3283266.0,9.432e-05,8.685e-05,
14:33:55,PENGU,0.009929,2.01,31993027.0,0.010218,0.0095,
14:35:56,DOGE,0.10886,2.58,125186059.0,0.10985,0.10541,Y
14:35:56,SHIB,6.37e-06,2.08,7754579.0,6.4e-06,6.21e-06,
14:35:56,PEPE,3.93e-06,1.81,33694994.0,3.99e-06,3.83e-06,
14:35:56,FLOKI,3.262e-05,1.68,2632023.0,3.302e-05,3.193e-05,
14:35:56,BONK,6.24e-06,1.3,3326442.0,6.3e-06,6.12e-06,
14:35:56,WIF,0.187,3.31,5681391.0,0.192,0.179,
14:35:56,BOME,0.000533,5.75,1407907.0,0.000542,0.000504,
14:35:56,NEIRO,9.146e-05,3.72,3282565.0,9.432e-05,8.685e-05,
14:35:56,PENGU,0.009946,2.43,31424792.0,0.010218,0.0095,
14:36:55,DOGE,0.10899,2.77,125315258.0,0.10985,0.10541,Y
14:36:55,SHIB,6.37e-06,2.25,7744323.0,6.4e-06,6.21e-06,
14:36:55,PEPE,3.93e-06,1.81,33691239.0,3.99e-06,3.83e-06,
14:36:55,FLOKI,3.263e-05,1.68,2628340.0,3.302e-05,3.193e-05,
14:36:55,BONK,6.24e-06,1.46,3320984.0,6.3e-06,6.12e-06,
14:36:55,WIF,0.186,3.33,5680898.0,0.192,0.179,
14:36:55,BOME,0.000533,5.75,1408256.0,0.000542,0.000504,
14:36:55,NEIRO,9.157e-05,3.87,3285011.0,9.432e-05,8.685e-05,
14:36:55,PENGU,0.009952,2.73,31098038.0,0.010218,0.0095,
14:38:55,DOGE,0.10895,2.71,125273812.0,0.10985,0.10541,Y
14:38:55,SHIB,6.37e-06,2.25,7740685.0,6.4e-06,6.21e-06,
14:38:55,PEPE,3.94e-06,2.07,33691642.0,3.99e-06,3.83e-06,
14:38:55,FLOKI,3.26e-05,1.65,2629645.0,3.302e-05,3.193e-05,
14:38:55,BONK,6.24e-06,1.46,3313498.0,6.3e-06,6.12e-06,
14:38:55,WIF,0.187,3.89,5680788.0,0.192,0.179,
14:38:55,BOME,0.000533,5.75,1395047.0,0.000542,0.000504,
14:38:55,NEIRO,9.125e-05,3.66,3285312.0,9.432e-05,8.685e-05,
14:38:55,PENGU,0.00993,2.96,30880155.0,0.010218,0.0095,
14:39:55,DOGE,0.10873,2.47,125264032.0,0.10985,0.10541,Y
14:39:55,SHIB,6.36e-06,2.09,7743292.0,6.4e-06,6.21e-06,
14:39:55,PEPE,3.93e-06,1.81,33725420.0,3.99e-06,3.83e-06,
14:39:55,FLOKI,3.252e-05,1.4,2632430.0,3.302e-05,3.193e-05,
14:39:55,BONK,6.21e-06,0.81,3331185.0,6.3e-06,6.12e-06,
14:39:55,WIF,0.186,2.76,5688279.0,0.192,0.179,
14:39:55,BOME,0.000531,5.36,1395715.0,0.000542,0.000504,
14:39:55,NEIRO,9.075e-05,3.02,3290842.0,9.432e-05,8.685e-05,
14:39:55,PENGU,0.009894,2.72,30909413.0,0.010218,0.0095,
14:40:55,DOGE,0.10866,2.54,125368894.0,0.10985,0.10541,Y
14:40:55,SHIB,6.35e-06,1.93,7744632.0,6.4e-06,6.21e-06,
14:40:55,PEPE,3.92e-06,1.82,33726700.0,3.99e-06,3.83e-06,
14:40:55,FLOKI,3.252e-05,1.53,2631074.0,3.302e-05,3.193e-05,
14:40:55,BONK,6.21e-06,0.98,3341382.0,6.3e-06,6.12e-06,
14:40:55,WIF,0.186,3.33,5688129.0,0.192,0.179,
14:40:55,BOME,0.000531,5.36,1395713.0,0.000542,0.000504,
14:40:55,NEIRO,9.077e-05,3.19,3312877.0,9.432e-05,8.685e-05,
14:40:55,PENGU,0.009883,2.49,30913589.0,0.010218,0.0095,
14:41:55,DOGE,0.10859,2.38,125410781.0,0.10985,0.10541,Y
14:41:55,SHIB,6.34e-06,1.77,7742588.0,6.4e-06,6.21e-06,
14:41:55,PEPE,3.92e-06,1.82,33798101.0,3.99e-06,3.83e-06,
14:41:55,FLOKI,3.252e-05,1.5,2631889.0,3.302e-05,3.193e-05,
14:41:55,BONK,6.22e-06,1.14,3341220.0,6.3e-06,6.12e-06,
14:41:55,WIF,0.186,3.33,5688122.0,0.192,0.179,
14:41:55,BOME,0.00053,5.16,1405531.0,0.000542,0.000504,
14:41:55,NEIRO,9.068e-05,2.99,3314588.0,9.432e-05,8.685e-05,
14:41:55,PENGU,0.009869,2.51,30919621.0,0.010218,0.0095,
14:42:55,DOGE,0.10865,2.42,125414642.0,0.10985,0.10541,Y
14:42:55,SHIB,6.34e-06,1.77,7742522.0,6.4e-06,6.21e-06,
14:42:55,PEPE,3.92e-06,1.82,33919240.0,3.99e-06,3.83e-06,
14:42:55,FLOKI,3.251e-05,1.47,2625486.0,3.302e-05,3.193e-05,
14:42:55,BONK,6.21e-06,0.81,3345088.0,6.3e-06,6.12e-06,
14:42:55,WIF,0.186,2.76,5724553.0,0.192,0.179,
14:42:55,BOME,0.000531,5.36,1404480.0,0.000542,0.000504,
14:42:55,NEIRO,9.077e-05,2.73,3316534.0,9.432e-05,8.685e-05,
14:42:55,PENGU,0.009867,2.25,30931659.0,0.010218,0.0095,
14:43:55,DOGE,0.10862,2.5,125386350.0,0.10985,0.10541,Y
14:43:55,SHIB,6.34e-06,1.77,7742944.0,6.4e-06,6.21e-06,
14:43:55,PEPE,3.91e-06,1.56,33947012.0,3.99e-06,3.83e-06,
14:43:55,FLOKI,3.252e-05,1.59,2619866.0,3.302e-05,3.193e-05,
14:43:55,BONK,6.21e-06,0.98,3372408.0,6.3e-06,6.12e-06,
14:43:55,WIF,0.186,3.33,5724548.0,0.192,0.179,
14:43:55,BOME,0.000531,5.36,1404438.0,0.000542,0.000504,
14:43:55,NEIRO,9.095e-05,3.08,3319114.0,9.432e-05,8.685e-05,
14:43:55,PENGU,0.009864,2.41,30920003.0,0.010218,0.0095,
14:44:56,DOGE,0.10873,2.6,125333169.0,0.10985,0.10541,Y
14:44:56,SHIB,6.35e-06,1.93,7762855.0,6.4e-06,6.21e-06,
14:44:56,PEPE,3.92e-06,1.82,33973304.0,3.99e-06,3.83e-06,
14:44:56,FLOKI,3.254e-05,1.59,2624323.0,3.302e-05,3.193e-05,
14:44:56,BONK,6.22e-06,0.97,3372246.0,6.3e-06,6.12e-06,
14:44:56,WIF,0.186,2.76,5724542.0,0.192,0.179,
14:44:56,BOME,0.000532,5.56,1403828.0,0.000542,0.000504,
14:44:56,NEIRO,9.097e-05,3.22,3321434.0,9.432e-05,8.685e-05,
14:44:56,PENGU,0.009873,2.42,30934906.0,0.010218,0.0095,
14:45:56,DOGE,0.1087,2.53,125366851.0,0.10985,0.10541,Y
14:45:56,SHIB,6.36e-06,2.09,7773014.0,6.4e-06,6.21e-06,
14:45:56,PEPE,3.92e-06,1.55,33985798.0,3.99e-06,3.83e-06,
14:45:56,FLOKI,3.255e-05,1.66,2629784.0,3.302e-05,3.193e-05,
14:45:56,BONK,6.22e-06,1.14,3375019.0,6.3e-06,6.12e-06,
14:45:56,WIF,0.186,2.76,5724533.0,0.192,0.179,
14:45:56,BOME,0.000532,5.56,1403589.0,0.000542,0.000504,
14:45:56,NEIRO,9.093e-05,3.29,3320592.0,9.432e-05,8.685e-05,
14:45:56,PENGU,0.009877,2.55,30943495.0,0.010218,0.0095,
14:46:56,DOGE,0.10862,2.37,125298197.0,0.10985,0.10541,Y
14:46:56,SHIB,6.35e-06,1.93,7773858.0,6.4e-06,6.21e-06,
14:46:56,PEPE,3.92e-06,1.82,34022104.0,3.99e-06,3.83e-06,
14:46:56,FLOKI,3.251e-05,1.47,2631026.0,3.302e-05,3.193e-05,
14:46:56,BONK,6.21e-06,0.98,3376838.0,6.3e-06,6.12e-06,
14:46:56,WIF,0.185,2.21,5731139.0,0.192,0.179,
14:46:56,BOME,0.000531,5.36,1403598.0,0.000542,0.000504,
14:46:56,NEIRO,9.098e-05,3.33,3321798.0,9.432e-05,8.685e-05,
14:46:56,PENGU,0.009862,2.43,30944004.0,0.010218,0.0095,
14:47:55,DOGE,0.10865,2.55,125247550.0,0.10985,0.10541,Y
14:47:55,SHIB,6.36e-06,1.92,7766666.0,6.4e-06,6.21e-06,
14:47:55,PEPE,3.93e-06,1.81,34047440.0,3.99e-06,3.83e-06,
14:47:55,FLOKI,3.252e-05,1.59,2636335.0,3.302e-05,3.193e-05,
14:47:55,BONK,6.21e-06,0.98,3376716.0,6.3e-06,6.12e-06,
14:47:55,WIF,0.185,2.21,5731105.0,0.192,0.179,
14:47:55,BOME,0.00053,5.16,1403852.0,0.000542,0.000504,
14:47:55,NEIRO,9.094e-05,3.46,3325133.0,9.432e-05,8.685e-05,
14:47:55,PENGU,0.009858,2.55,30928316.0,0.010218,0.0095,
14:48:55,DOGE,0.10858,2.4,125374747.0,0.10985,0.10541,Y
14:48:55,SHIB,6.36e-06,1.92,7763881.0,6.4e-06,6.21e-06,
14:48:55,PEPE,3.92e-06,1.55,34075037.0,3.99e-06,3.83e-06,
14:48:55,FLOKI,3.252e-05,1.59,2637723.0,3.302e-05,3.193e-05,
14:48:55,BONK,6.21e-06,0.98,3376519.0,6.3e-06,6.12e-06,
14:48:55,WIF,0.186,3.33,5731434.0,0.192,0.179,
14:48:55,BOME,0.00053,5.16,1403815.0,0.000542,0.000504,
14:48:55,NEIRO,9.086e-05,3.45,3333042.0,9.432e-05,8.685e-05,
14:48:55,PENGU,0.009835,2.22,30944854.0,0.010218,0.0095,
14:49:55,DOGE,0.10866,2.45,125312473.0,0.10985,0.10541,Y
14:49:55,SHIB,6.37e-06,2.08,7764455.0,6.4e-06,6.21e-06,
14:49:55,PEPE,3.93e-06,1.81,34078356.0,3.99e-06,3.83e-06,
14:49:55,FLOKI,3.253e-05,1.62,2637951.0,3.302e-05,3.193e-05,
14:49:55,BONK,6.21e-06,0.98,3377152.0,6.3e-06,6.12e-06,
14:49:55,WIF,0.185,2.78,5731441.0,0.192,0.179,
14:49:55,BOME,0.00053,5.16,1403845.0,0.000542,0.000504,
14:49:55,NEIRO,9.097e-05,3.52,3337942.0,9.432e-05,8.685e-05,
14:49:55,PENGU,0.009853,2.31,30942526.0,0.010218,0.0095,
14:50:55,DOGE,0.10841,2.0,125070264.0,0.10985,0.10541,Y
14:50:55,SHIB,6.36e-06,1.92,7789100.0,6.4e-06,6.21e-06,
14:50:55,PEPE,3.92e-06,1.29,33988740.0,3.99e-06,3.83e-06,
14:50:55,FLOKI,3.246e-05,1.22,2637673.0,3.302e-05,3.193e-05,
14:50:55,BONK,6.2e-06,0.65,3386949.0,6.3e-06,6.12e-06,
14:50:55,WIF,0.185,2.78,5733517.0,0.192,0.179,
14:50:55,BOME,0.00053,5.16,1403853.0,0.000542,0.000504,
14:50:55,NEIRO,9.057e-05,2.75,3340001.0,9.432e-05,8.685e-05,
14:50:55,PENGU,0.009831,1.65,30930559.0,0.010218,0.0095,
14:51:56,DOGE,0.10838,2.05,125106800.0,0.10985,0.10541,Y
14:51:56,SHIB,6.35e-06,1.6,7788312.0,6.4e-06,6.21e-06,
14:51:56,PEPE,3.92e-06,1.29,33981453.0,3.99e-06,3.83e-06,
14:51:56,FLOKI,3.245e-05,1.19,2637361.0,3.302e-05,3.193e-05,
14:51:56,BONK,6.19e-06,0.49,3405152.0,6.3e-06,6.12e-06,
14:51:56,WIF,0.185,2.21,5747358.0,0.192,0.179,
14:51:56,BOME,0.000529,4.75,1403863.0,0.000542,0.000504,
14:51:56,NEIRO,9.046e-05,2.73,3345104.0,9.432e-05,8.685e-05,
14:51:56,PENGU,0.009827,1.68,30963299.0,0.010218,0.0095,
14:52:55,DOGE,0.1085,2.09,125106834.0,0.10985,0.10541,Y
14:52:55,SHIB,6.36e-06,1.76,7788535.0,6.4e-06,6.21e-06,
14:52:55,PEPE,3.91e-06,1.03,33980990.0,3.99e-06,3.83e-06,
14:52:55,FLOKI,3.248e-05,1.15,2637256.0,3.302e-05,3.193e-05,
14:52:55,BONK,6.2e-06,0.65,3404774.0,6.3e-06,6.12e-06,
14:52:55,WIF,0.185,1.65,5754104.0,0.192,0.179,
14:52:55,BOME,0.000529,4.54,1403811.0,0.000542,0.000504,
14:52:55,NEIRO,9.052e-05,2.44,3349476.0,9.432e-05,8.685e-05,
14:52:55,PENGU,0.009836,1.5,30941182.0,0.010218,0.0095,
14:53:55,DOGE,0.10841,1.95,125099640.0,0.10985,0.10541,Y
14:53:55,SHIB,6.35e-06,1.76,7790323.0,6.4e-06,6.21e-06,
14:53:55,PEPE,3.91e-06,1.03,33846040.0,3.99e-06,3.83e-06,
14:53:55,FLOKI,3.247e-05,1.18,2636253.0,3.302e-05,3.193e-05,
14:53:55,BONK,6.2e-06,0.65,3415561.0,6.3e-06,6.12e-06,
14:53:55,WIF,0.184,1.1,5759041.0,0.192,0.179,
14:53:55,BOME,0.00053,4.74,1403844.0,0.000542,0.000504,
14:53:55,NEIRO,9.064e-05,2.5,3353753.0,9.432e-05,8.685e-05,
14:53:55,PENGU,0.009837,1.56,30937872.0,0.010218,0.0095,
14:54:55,DOGE,0.1085,2.05,124995510.0,0.10985,0.10541,Y
14:54:55,SHIB,6.35e-06,1.6,7786724.0,6.4e-06,6.21e-06,
14:54:55,PEPE,3.91e-06,1.03,33846072.0,3.99e-06,3.83e-06,
14:54:55,FLOKI,3.247e-05,1.12,2634347.0,3.302e-05,3.193e-05,
14:54:55,BONK,6.2e-06,0.65,3416326.0,6.3e-06,6.12e-06,
14:54:55,WIF,0.184,1.1,5759066.0,0.192,0.179,
14:54:55,BOME,0.000529,4.34,1402376.0,0.000542,0.000504,
14:54:55,NEIRO,9.068e-05,2.75,3353044.0,9.432e-05,8.685e-05,
14:54:55,PENGU,0.009842,1.45,30953551.0,0.010218,0.0095,
14:55:56,DOGE,0.10863,2.2,125171389.0,0.10985,0.10541,Y
14:55:56,SHIB,6.37e-06,1.92,7791805.0,6.4e-06,6.21e-06,
14:55:56,PEPE,3.93e-06,1.29,33964430.0,3.99e-06,3.83e-06,
14:55:56,FLOKI,3.25e-05,1.15,2636895.0,3.302e-05,3.193e-05,
14:55:56,BONK,6.2e-06,0.65,3416326.0,6.3e-06,6.12e-06,
14:55:56,WIF,0.185,1.65,5777226.0,0.192,0.179,
14:55:56,BOME,0.00053,4.74,1403375.0,0.000542,0.000504,
14:55:56,NEIRO,9.06e-05,2.57,3355685.0,9.432e-05,8.685e-05,
14:55:56,PENGU,0.009856,1.6,30955536.0,0.010218,0.0095,
14:56:56,DOGE,0.10857,2.21,125126435.0,0.10985,0.10541,Y
14:56:56,SHIB,6.37e-06,1.92,7792682.0,6.4e-06,6.21e-06,
14:56:56,PEPE,3.92e-06,1.03,33955224.0,3.99e-06,3.83e-06,
14:56:56,FLOKI,3.251e-05,1.28,2636607.0,3.302e-05,3.193e-05,
14:56:56,BONK,6.21e-06,0.81,3420546.0,6.3e-06,6.12e-06,
14:56:56,WIF,0.185,2.21,5777169.0,0.192,0.179,
14:56:56,BOME,0.000531,4.94,1401499.0,0.000542,0.000504,
14:56:56,NEIRO,9.06e-05,2.62,3356440.0,9.432e-05,8.685e-05,
14:56:56,PENGU,0.009859,1.63,30955249.0,0.010218,0.0095,
14:57:55,DOGE,0.10859,2.33,125090272.0,0.10985,0.10541,Y
14:57:55,SHIB,6.36e-06,1.6,7781186.0,6.4e-06,6.21e-06,
14:57:55,PEPE,3.93e-06,1.55,34009131.0,3.99e-06,3.83e-06,
14:57:55,FLOKI,3.251e-05,1.31,2636474.0,3.302e-05,3.193e-05,
14:57:55,BONK,6.21e-06,0.81,3420419.0,6.3e-06,6.12e-06,
14:57:55,WIF,0.185,2.21,5777381.0,0.192,0.179,
14:57:55,BOME,0.000531,4.94,1401485.0,0.000542,0.000504,
14:57:55,NEIRO,9.062e-05,2.65,3357424.0,9.432e-05,8.685e-05,
14:57:55,PENGU,0.009862,1.62,30950889.0,0.010218,0.0095,
14:58:56,DOGE,0.10851,2.34,125083987.0,0.10985,0.10541,Y
14:58:56,SHIB,6.37e-06,1.92,7773996.0,6.4e-06,6.21e-06,
14:58:56,PEPE,3.93e-06,1.55,34009178.0,3.99e-06,3.83e-06,
14:58:56,FLOKI,3.252e-05,1.4,2635881.0,3.302e-05,3.193e-05,
14:58:56,BONK,6.21e-06,0.98,3420639.0,6.3e-06,6.12e-06,
14:58:56,WIF,0.186,2.76,5777388.0,0.192,0.179,
14:58:56,BOME,0.00053,4.95,1400732.0,0.000542,0.000504,
14:58:56,NEIRO,9.058e-05,2.78,3358342.0,9.432e-05,8.685e-05,
14:58:56,PENGU,0.009857,1.74,30838579.0,0.010218,0.0095,
14:59:55,DOGE,0.10847,2.08,124681407.0,0.10985,0.10541,Y
14:59:55,SHIB,6.36e-06,1.76,7773679.0,6.4e-06,6.21e-06,
14:59:55,PEPE,3.93e-06,1.55,34000819.0,3.99e-06,3.83e-06,
14:59:55,FLOKI,3.251e-05,1.34,2632173.0,3.302e-05,3.193e-05,
14:59:55,BONK,6.21e-06,0.98,3420329.0,6.3e-06,6.12e-06,
14:59:55,WIF,0.186,2.2,5777381.0,0.192,0.179,
14:59:55,BOME,0.00053,4.95,1400601.0,0.000542,0.000504,
14:59:55,NEIRO,9.052e-05,2.77,3358919.0,9.432e-05,8.685e-05,
14:59:55,PENGU,0.009852,1.7,30734375.0,0.010218,0.0095,
15:00:56,DOGE,0.10846,1.94,124630672.0,0.10985,0.10541,Y
15:00:56,SHIB,6.36e-06,1.92,7745253.0,6.4e-06,6.21e-06,
15:00:56,PEPE,3.93e-06,1.29,33819533.0,3.99e-06,3.83e-06,
15:00:56,FLOKI,3.248e-05,1.18,2631425.0,3.302e-05,3.193e-05,
15:00:56,BONK,6.21e-06,0.81,3420665.0,6.3e-06,6.12e-06,
15:00:56,WIF,0.185,1.65,5751981.0,0.192,0.179,
15:00:56,BOME,0.000531,5.15,1400622.0,0.000542,0.000504,
15:00:56,NEIRO,9.039e-05,2.7,3358058.0,9.432e-05,8.685e-05,
15:00:56,PENGU,0.009846,1.22,30520158.0,0.010218,0.0095,
15:01:55,DOGE,0.10828,1.85,124998043.0,0.10985,0.10541,Y
15:01:55,SHIB,6.36e-06,1.76,7729989.0,6.4e-06,6.21e-06,
15:01:55,PEPE,3.93e-06,1.03,33694402.0,3.99e-06,3.83e-06,
15:01:55,FLOKI,3.246e-05,1.12,2632352.0,3.302e-05,3.193e-05,
15:01:55,BONK,6.21e-06,0.81,3421609.0,6.3e-06,6.12e-06,
15:01:55,WIF,0.185,1.65,5743758.0,0.192,0.179,
15:01:55,BOME,0.000532,5.35,1400194.0,0.000542,0.000504,
15:01:55,NEIRO,9.034e-05,2.24,3353531.0,9.432e-05,8.685e-05,
15:01:55,PENGU,0.009839,1.24,30470510.0,0.010218,0.0095,
15:02:55,DOGE,0.10821,1.97,125162023.0,0.10985,0.10541,Y
15:02:55,SHIB,6.36e-06,1.76,7725830.0,6.4e-06,6.21e-06,
15:02:55,PEPE,3.93e-06,1.03,33596070.0,3.99e-06,3.83e-06,
15:02:55,FLOKI,3.247e-05,1.25,2633422.0,3.302e-05,3.193e-05,
15:02:55,BONK,6.2e-06,0.65,3423121.0,6.3e-06,6.12e-06,
15:02:55,WIF,0.185,2.21,5743752.0,0.192,0.179,
15:02:55,BOME,0.000531,4.94,1400289.0,0.000542,0.000504,
15:02:55,NEIRO,9.034e-05,2.31,3355199.0,9.432e-05,8.685e-05,
15:02:55,PENGU,0.00984,1.18,30469587.0,0.010218,0.0095,
15:03:55,DOGE,0.10813,1.94,125277755.0,0.10985,0.10541,Y
15:03:55,SHIB,6.34e-06,1.44,7724303.0,6.4e-06,6.21e-06,
15:03:55,PEPE,3.93e-06,1.03,33595415.0,3.99e-06,3.83e-06,
15:03:55,FLOKI,3.244e-05,1.15,2633366.0,3.302e-05,3.193e-05,
15:03:55,BONK,6.21e-06,0.98,3420395.0,6.3e-06,6.12e-06,
15:03:55,WIF,0.185,2.21,5743802.0,0.192,0.179,
15:03:55,BOME,0.000531,4.94,1400291.0,0.000542,0.000504,
15:03:55,NEIRO,9.031e-05,2.19,3355532.0,9.432e-05,8.685e-05,
15:03:55,PENGU,0.009819,1.0,30441764.0,0.010218,0.0095,
15:04:55,DOGE,0.10815,1.83,125489703.0,0.10985,0.10541,Y
15:04:55,SHIB,6.33e-06,1.12,7753236.0,6.4e-06,6.21e-06,
15:04:55,PEPE,3.92e-06,0.77,33587562.0,3.99e-06,3.83e-06,
15:04:55,FLOKI,3.243e-05,1.12,2634705.0,3.302e-05,3.193e-05,
15:04:55,BONK,6.19e-06,0.49,3414913.0,6.3e-06,6.12e-06,
15:04:55,WIF,0.185,1.65,5744031.0,0.192,0.179,
15:04:55,BOME,0.00053,4.95,1400273.0,0.000542,0.000504,
15:04:55,NEIRO,9.027e-05,2.2,3376766.0,9.432e-05,8.685e-05,
15:04:55,PENGU,0.009837,1.03,30449621.0,0.010218,0.0095,
15:05:55,DOGE,0.10806,1.89,125334748.0,0.10985,0.10541,Y
15:05:55,SHIB,6.34e-06,1.6,7745053.0,6.4e-06,6.21e-06,
15:05:55,PEPE,3.91e-06,0.77,33524861.0,3.99e-06,3.83e-06,
15:05:55,FLOKI,3.243e-05,1.25,2628464.0,3.302e-05,3.193e-05,
15:05:55,BONK,6.2e-06,0.81,3410437.0,6.3e-06,6.12e-06,
15:05:55,WIF,0.185,2.21,5743969.0,0.192,0.179,
15:05:55,BOME,0.00053,4.95,1397752.0,0.000542,0.000505,
15:05:55,NEIRO,9.029e-05,2.36,3376991.0,9.432e-05,8.685e-05,
15:05:55,PENGU,0.009834,1.14,30375654.0,0.010218,0.0095,
15:06:55,DOGE,0.108,1.75,125414438.0,0.10985,0.10541,Y
15:06:55,SHIB,6.33e-06,1.28,7745110.0,6.4e-06,6.21e-06,
15:06:55,PEPE,3.91e-06,0.77,33502147.0,3.99e-06,3.83e-06,
15:06:55,FLOKI,3.242e-05,1.22,2628427.0,3.302e-05,3.193e-05,
15:06:55,BONK,6.19e-06,0.65,3407517.0,6.3e-06,6.12e-06,
15:06:55,WIF,0.185,2.21,5743969.0,0.192,0.179,
15:06:55,BOME,0.00053,4.95,1397787.0,0.000542,0.000505,
15:06:55,NEIRO,9.036e-05,2.51,3378731.0,9.432e-05,8.685e-05,
15:06:55,PENGU,0.00984,1.3,30339728.0,0.010218,0.0095,
15:07:55,DOGE,0.10815,1.85,125293859.0,0.10985,0.10541,Y
15:07:55,SHIB,6.34e-06,1.44,7745128.0,6.4e-06,6.21e-06,
15:07:55,PEPE,3.91e-06,0.51,33546192.0,3.99e-06,3.83e-06,
15:07:55,FLOKI,3.244e-05,1.19,2628097.0,3.302e-05,3.193e-05,
15:07:55,BONK,6.19e-06,0.49,3406759.0,6.3e-06,6.12e-06,
15:07:55,WIF,0.185,1.65,5743964.0,0.192,0.179,
15:07:55,BOME,0.00053,4.95,1398376.0,0.000542,0.000505,
15:07:55,NEIRO,9.061e-05,2.41,3391053.0,9.432e-05,8.685e-05,
15:07:55,PENGU,0.009853,1.09,30286962.0,0.010218,0.0095,
15:08:55,DOGE,0.10814,1.74,124780838.0,0.10985,0.10541,Y
15:08:55,SHIB,6.34e-06,1.44,7732943.0,6.4e-06,6.21e-06,
15:08:55,PEPE,3.92e-06,0.51,33501354.0,3.99e-06,3.83e-06,
15:08:55,FLOKI,3.246e-05,1.22,2628868.0,3.302e-05,3.193e-05,
15:08:55,BONK,6.2e-06,0.65,3407351.0,6.3e-06,6.12e-06,
15:08:55,WIF,0.185,2.21,5743957.0,0.192,0.179,
15:08:55,BOME,0.00053,4.95,1397431.0,0.000542,0.000505,
15:08:55,NEIRO,9.058e-05,2.45,3384048.0,9.432e-05,8.685e-05,
15:08:55,PENGU,0.009851,0.91,30256086.0,0.010218,0.0095,
15:09:56,DOGE,0.10827,1.79,124762423.0,0.10985,0.10541,Y
15:09:56,SHIB,6.35e-06,1.6,7750334.0,6.4e-06,6.21e-06,
15:09:56,PEPE,3.92e-06,0.77,33500981.0,3.99e-06,3.83e-06,
15:09:56,FLOKI,3.252e-05,1.37,2626632.0,3.302e-05,3.193e-05,
15:09:56,BONK,6.21e-06,0.81,3412287.0,6.3e-06,6.12e-06,
15:09:56,WIF,0.185,2.21,5754883.0,0.192,0.179,
15:09:56,BOME,0.000531,4.94,1396678.0,0.000542,0.000505,
15:09:56,NEIRO,9.062e-05,2.34,3370578.0,9.432e-05,8.685e-05,
15:09:56,PENGU,0.009872,1.07,30183823.0,0.010218,0.0095,
15:10:55,DOGE,0.10825,1.85,124742493.0,0.10985,0.10541,Y
15:10:55,SHIB,6.35e-06,1.6,7750185.0,6.4e-06,6.21e-06,
15:10:55,PEPE,3.93e-06,1.03,33497092.0,3.99e-06,3.83e-06,
15:10:55,FLOKI,3.249e-05,1.28,2627448.0,3.302e-05,3.193e-05,
15:10:55,BONK,6.21e-06,0.98,3410889.0,6.3e-06,6.12e-06,
15:10:55,WIF,0.186,2.2,5754883.0,0.192,0.179,
15:10:55,BOME,0.00053,4.74,1398004.0,0.000542,0.000505,
15:10:55,NEIRO,9.041e-05,2.07,3367452.0,9.432e-05,8.685e-05,
15:10:55,PENGU,0.009866,0.9,30185035.0,0.010218,0.0095,
15:11:55,DOGE,0.1083,1.91,124631786.0,0.10985,0.10541,Y
15:11:55,SHIB,6.35e-06,1.44,7732134.0,6.4e-06,6.21e-06,
15:11:55,PEPE,3.93e-06,0.77,33491390.0,3.99e-06,3.83e-06,
15:11:55,FLOKI,3.249e-05,1.25,2626578.0,3.302e-05,3.193e-05,
15:11:55,BONK,6.21e-06,0.81,3410980.0,6.3e-06,6.12e-06,
15:11:55,WIF,0.186,2.76,5754876.0,0.192,0.179,
15:11:55,BOME,0.000529,4.54,1400569.0,0.000542,0.000505,
15:11:55,NEIRO,9.046e-05,2.32,3368662.0,9.432e-05,8.685e-05,
15:11:55,PENGU,0.009855,0.8,30172937.0,0.010218,0.0095,
15:12:56,DOGE,0.10829,1.91,124651980.0,0.10985,0.10541,Y
15:12:56,SHIB,6.34e-06,1.44,7733701.0,6.4e-06,6.21e-06,
15:12:56,PEPE,3.93e-06,0.77,33425904.0,3.99e-06,3.83e-06,
15:12:56,FLOKI,3.248e-05,1.25,2625869.0,3.302e-05,3.193e-05,
15:12:56,BONK,6.21e-06,0.81,3409796.0,6.3e-06,6.12e-06,
15:12:56,WIF,0.185,2.21,5754882.0,0.192,0.179,
15:12:56,BOME,0.000529,4.54,1400388.0,0.000542,0.000505,
15:12:56,NEIRO,9.047e-05,2.35,3371108.0,9.432e-05,8.685e-05,
15:12:56,PENGU,0.009853,1.0,30105280.0,0.010218,0.0095,
15:13:56,DOGE,0.10827,1.95,124625353.0,0.10985,0.10541,Y
15:13:56,SHIB,6.34e-06,1.28,7739877.0,6.4e-06,6.21e-06,
15:13:56,PEPE,3.92e-06,0.51,33430634.0,3.99e-06,3.83e-06,
15:13:56,FLOKI,3.247e-05,1.06,2595745.0,3.302e-05,3.193e-05,
15:13:56,BONK,6.21e-06,0.81,3408075.0,6.3e-06,6.12e-06,
15:13:56,WIF,0.186,2.2,5754879.0,0.192,0.179,
15:13:56,BOME,0.000529,4.54,1400399.0,0.000542,0.000505,
15:13:56,NEIRO,9.04e-05,2.45,3371182.0,9.432e-05,8.685e-05,
15:13:56,PENGU,0.009848,1.05,30020927.0,0.010218,0.0095,
15:14:55,DOGE,0.10819,1.86,124584575.0,0.10985,0.10541,Y
15:14:55,SHIB,6.35e-06,1.6,7743012.0,6.4e-06,6.21e-06,
15:14:55,PEPE,3.93e-06,0.77,33429707.0,3.99e-06,3.83e-06,
15:14:55,FLOKI,3.246e-05,1.06,2595780.0,3.302e-05,3.193e-05,
15:14:55,BONK,6.21e-06,0.98,3408069.0,6.3e-06,6.12e-06,
15:14:55,WIF,0.186,3.33,5742821.0,0.192,0.179,
15:14:55,BOME,0.00053,4.74,1425290.0,0.000542,0.000505,
15:14:55,NEIRO,9.031e-05,2.36,3374112.0,9.432e-05,8.685e-05,
15:14:55,PENGU,0.009829,0.91,29922147.0,0.010218,0.0095,
15:15:55,DOGE,0.10817,1.82,124566629.0,0.10985,0.10541,Y
15:15:55,SHIB,6.34e-06,1.28,7742652.0,6.4e-06,6.21e-06,
15:15:55,PEPE,3.92e-06,0.77,33444117.0,3.99e-06,3.83e-06,
15:15:55,FLOKI,3.244e-05,0.9,2595315.0,3.302e-05,3.193e-05,
15:15:55,BONK,6.21e-06,0.81,3405889.0,6.3e-06,6.12e-06,
15:15:55,WIF,0.185,2.21,5742731.0,0.192,0.179,
15:15:55,BOME,0.000531,4.94,1425258.0,0.000542,0.000505,
15:15:55,NEIRO,9.035e-05,2.21,3373094.0,9.432e-05,8.685e-05,
15:15:55,PENGU,0.009807,0.4,30133203.0,0.010218,0.0095,
15:16:56,DOGE,0.10816,1.87,124539319.0,0.10985,0.10541,Y
15:16:56,SHIB,6.34e-06,1.28,7701552.0,6.4e-06,6.21e-06,
15:16:56,PEPE,3.92e-06,0.77,33505621.0,3.99e-06,3.83e-06,
15:16:56,FLOKI,3.245e-05,0.9,2595841.0,3.302e-05,3.193e-05,
15:16:56,BONK,6.21e-06,0.81,3406221.0,6.3e-06,6.12e-06,
15:16:56,WIF,0.185,2.78,5731348.0,0.192,0.179,
15:16:56,BOME,0.000531,4.94,1425084.0,0.000542,0.000505,
15:16:56,NEIRO,9.033e-05,2.19,3372906.0,9.432e-05,8.685e-05,
15:16:56,PENGU,0.009821,0.5,30061302.0,0.010218,0.0095,
15:17:55,DOGE,0.10827,2.06,124545444.0,0.10985,0.10541,Y
15:17:55,SHIB,6.34e-06,1.28,7701684.0,6.4e-06,6.21e-06,
15:17:55,PEPE,3.93e-06,0.77,33510244.0,3.99e-06,3.83e-06,
15:17:55,FLOKI,3.247e-05,0.9,2592910.0,3.302e-05,3.193e-05,
15:17:55,BONK,6.2e-06,0.49,3406267.0,6.3e-06,6.12e-06,
15:17:55,WIF,0.185,2.78,5731230.0,0.192,0.179,
15:17:55,BOME,0.000531,4.94,1425502.0,0.000542,0.000505,
15:17:55,NEIRO,9.06e-05,2.45,3371840.0,9.432e-05,8.685e-05,
15:17:55,PENGU,0.009827,0.5,30059544.0,0.010218,0.0095,
15:18:56,DOGE,0.10837,2.14,124611057.0,0.10985,0.10541,Y
15:18:56,SHIB,6.36e-06,1.6,7727568.0,6.4e-06,6.21e-06,
15:18:56,PEPE,3.92e-06,0.51,33511795.0,3.99e-06,3.83e-06,
15:18:56,FLOKI,3.249e-05,0.96,2593230.0,3.302e-05,3.193e-05,
15:18:56,BONK,6.2e-06,0.65,3406161.0,6.3e-06,6.12e-06,
15:18:56,WIF,0.185,2.78,5732230.0,0.192,0.179,
15:18:56,BOME,0.000532,5.14,1425591.0,0.000542,0.000505,
15:18:56,NEIRO,9.07e-05,2.52,3375791.0,9.432e-05,8.685e-05,
15:18:56,PENGU,0.009848,0.58,30021876.0,0.010218,0.0095,
15:19:55,DOGE,0.10838,2.2,124569813.0,0.10985,0.10541,Y
15:19:55,SHIB,6.36e-06,1.76,7726796.0,6.4e-06,6.21e-06,
15:19:55,PEPE,3.92e-06,0.51,33562041.0,3.99e-06,3.83e-06,
15:19:55,FLOKI,3.249e-05,1.03,2593148.0,3.302e-05,3.193e-05,
15:19:55,BONK,6.22e-06,0.97,3403099.0,6.3e-06,6.12e-06,
15:19:55,WIF,0.185,2.21,5732254.0,0.192,0.179,
15:19:55,BOME,0.000532,5.14,1425531.0,0.000542,0.000505,
15:19:55,NEIRO,9.075e-05,2.72,3376310.0,9.432e-05,8.685e-05,
15:19:55,PENGU,0.009845,0.84,29855636.0,0.010218,0.0095,
15:20:55,DOGE,0.10836,2.06,124501136.0,0.10985,0.10541,Y
15:20:55,SHIB,6.36e-06,1.6,7704380.0,6.4e-06,6.21e-06,
15:20:55,PEPE,3.93e-06,1.03,33567366.0,3.99e-06,3.83e-06,
15:20:55,FLOKI,3.249e-05,1.06,2592937.0,3.302e-05,3.193e-05,
15:20:55,BONK,6.21e-06,0.81,3403884.0,6.3e-06,6.12e-06,
15:20:55,WIF,0.186,2.76,5732408.0,0.192,0.179,
15:20:55,BOME,0.000533,5.34,1426599.0,0.000542,0.000505,
15:20:55,NEIRO,9.06e-05,2.5,3377562.0,9.432e-05,8.685e-05,
15:20:55,PENGU,0.009848,1.05,29773563.0,0.010218,0.0095,
15:21:55,DOGE,0.1084,2.06,124467629.0,0.10985,0.10541,Y
15:21:55,SHIB,6.35e-06,1.6,7704548.0,6.4e-06,6.21e-06,
15:21:55,PEPE,3.93e-06,1.03,33485316.0,3.99e-06,3.83e-06,
15:21:55,FLOKI,3.25e-05,1.03,2591920.0,3.302e-05,3.193e-05,
15:21:55,BONK,6.22e-06,0.81,3402857.0,6.3e-06,6.12e-06,
15:21:55,WIF,0.186,2.76,5723763.0,0.192,0.179,
15:21:55,BOME,0.000533,5.34,1426586.0,0.000542,0.000505,
15:21:55,NEIRO,9.075e-05,2.61,3378447.0,9.432e-05,8.685e-05,
15:21:55,PENGU,0.009849,0.97,29760566.0,0.010218,0.0095,
15:22:56,DOGE,0.10831,2.07,124338853.0,0.10985,0.10541,Y
15:22:56,SHIB,6.36e-06,1.76,7701184.0,6.4e-06,6.21e-06,
15:22:56,PEPE,3.93e-06,1.03,33470621.0,3.99e-06,3.83e-06,
15:22:56,FLOKI,3.247e-05,1.03,2592026.0,3.302e-05,3.193e-05,
15:22:56,BONK,6.22e-06,0.81,3402876.0,6.3e-06,6.12e-06,
15:22:56,WIF,0.185,2.21,5723635.0,0.192,0.179,
15:22:56,BOME,0.000532,5.14,1426601.0,0.000542,0.000505,
15:22:56,NEIRO,9.053e-05,2.41,3381984.0,9.432e-05,8.685e-05,
15:22:56,PENGU,0.009838,0.79,29719634.0,0.010218,0.0095,
15:23:55,DOGE,0.10825,1.98,124327397.0,0.10985,0.10541,Y
15:23:55,SHIB,6.36e-06,1.6,7699141.0,6.4e-06,6.21e-06,
15:23:55,PEPE,3.93e-06,0.77,33470678.0,3.99e-06,3.83e-06,
15:23:55,FLOKI,3.248e-05,1.06,2589031.0,3.302e-05,3.193e-05,
15:23:55,BONK,6.21e-06,0.65,3402043.0,6.3e-06,6.12e-06,
15:23:55,WIF,0.185,1.65,5723789.0,0.192,0.179,
15:23:55,BOME,0.000533,5.34,1428148.0,0.000542,0.000505,
15:23:55,NEIRO,9.048e-05,2.41,3384514.0,9.432e-05,8.685e-05,
15:23:55,PENGU,0.009837,0.79,29619383.0,0.010218,0.0095,
15:25:55,DOGE,0.10803,1.79,124411318.0,0.10985,0.10541,Y
15:25:55,SHIB,6.34e-06,1.28,7697455.0,6.4e-06,6.21e-06,
15:25:55,PEPE,3.91e-06,0.26,33241313.0,3.99e-06,3.83e-06,
15:25:55,FLOKI,3.241e-05,0.84,2589693.0,3.302e-05,3.193e-05,
15:25:55,BONK,6.19e-06,0.32,3402264.0,6.3e-06,6.12e-06,
15:25:55,WIF,0.186,2.76,5710766.0,0.192,0.179,
15:25:55,BOME,0.000531,4.94,1427519.0,0.000542,0.000506,
15:25:55,NEIRO,9.008e-05,1.81,3395252.0,9.432e-05,8.685e-05,
15:25:55,PENGU,0.009805,0.67,29512738.0,0.010218,0.0095,
15:26:55,DOGE,0.10808,1.74,124396214.0,0.10985,0.10541,Y
15:26:55,SHIB,6.35e-06,1.44,7694470.0,6.4e-06,6.21e-06,
15:26:55,PEPE,3.92e-06,0.51,33213598.0,3.99e-06,3.83e-06,
15:26:55,FLOKI,3.241e-05,0.78,2586522.0,3.302e-05,3.193e-05,
15:26:55,BONK,6.19e-06,0.32,3402530.0,6.3e-06,6.12e-06,
15:26:55,WIF,0.186,1.64,5696222.0,0.192,0.179,
15:26:55,BOME,0.000531,4.94,1426965.0,0.000542,0.000506,
15:26:55,NEIRO,9.004e-05,1.71,3402718.0,9.432e-05,8.685e-05,
15:26:55,PENGU,0.009814,0.55,29406893.0,0.010218,0.0095,
15:27:56,DOGE,0.10805,1.59,124347207.0,0.10985,0.10541,Y
15:27:56,SHIB,6.35e-06,1.6,7690122.0,6.4e-06,6.21e-06,
15:27:56,PEPE,3.92e-06,0.51,33206385.0,3.99e-06,3.83e-06,
15:27:56,FLOKI,3.242e-05,0.71,2584024.0,3.302e-05,3.193e-05,
15:27:56,BONK,6.2e-06,0.32,3398020.0,6.3e-06,6.12e-06,
15:27:56,WIF,0.185,1.09,5696223.0,0.192,0.179,
15:27:56,BOME,0.000531,4.73,1427772.0,0.000542,0.000507,
15:27:56,NEIRO,9.007e-05,1.61,3405379.0,9.432e-05,8.685e-05,
15:27:56,PENGU,0.009819,0.6,29371730.0,0.010218,0.0095,
15:28:55,DOGE,0.10806,1.68,124329085.0,0.10985,0.10541,Y
15:28:55,SHIB,6.34e-06,1.44,7689977.0,6.4e-06,6.21e-06,
15:28:55,PEPE,3.91e-06,0.26,33204509.0,3.99e-06,3.83e-06,
15:28:55,FLOKI,3.242e-05,0.71,2581904.0,3.302e-05,3.193e-05,
15:28:55,BONK,6.19e-06,0.32,3394026.0,6.3e-06,6.12e-06,
15:28:55,WIF,0.185,1.09,5696343.0,0.192,0.179,
15:28:55,BOME,0.000531,4.73,1427722.0,0.000542,0.000507,
15:28:55,NEIRO,9.014e-05,1.93,3407692.0,9.432e-05,8.685e-05,
15:28:55,PENGU,0.009824,1.01,29124112.0,0.010218,0.0095,
15:29:55,DOGE,0.10805,1.74,124277030.0,0.10985,0.10541,Y
15:29:55,SHIB,6.34e-06,1.28,7689962.0,6.4e-06,6.21e-06,
15:29:55,PEPE,3.91e-06,0.0,33204624.0,3.99e-06,3.83e-06,
15:29:55,FLOKI,3.242e-05,0.68,2580417.0,3.302e-05,3.193e-05,
15:29:55,BONK,6.19e-06,0.16,3393250.0,6.3e-06,6.12e-06,
15:29:55,WIF,0.186,1.64,5695348.0,0.192,0.179,
15:29:55,BOME,0.00053,4.54,1426547.0,0.000542,0.000507,
15:29:55,NEIRO,9.017e-05,1.95,3408089.0,9.432e-05,8.685e-05,
15:29:55,PENGU,0.009818,1.02,29119308.0,0.010218,0.0095,
15:30:55,DOGE,0.10809,1.68,124280235.0,0.10985,0.10541,Y
15:30:55,SHIB,6.34e-06,1.44,7690007.0,6.4e-06,6.21e-06,
15:30:55,PEPE,3.91e-06,0.0,33130533.0,3.99e-06,3.83e-06,
15:30:55,FLOKI,3.242e-05,0.71,2576375.0,3.302e-05,3.193e-05,
15:30:55,BONK,6.2e-06,0.32,3393189.0,6.3e-06,6.12e-06,
15:30:55,WIF,0.185,1.65,5695367.0,0.192,0.179,
15:30:55,BOME,0.000531,4.73,1426138.0,0.000542,0.000507,
15:30:55,NEIRO,9.02e-05,2.02,3409547.0,9.432e-05,8.685e-05,
15:30:55,PENGU,0.009819,0.86,29061038.0,0.010218,0.0095,
15:31:55,DOGE,0.10797,1.62,124191340.0,0.10985,0.10541,Y
15:31:55,SHIB,6.34e-06,1.12,7682255.0,6.4e-06,6.21e-06,
15:31:55,PEPE,3.91e-06,-0.26,33088774.0,3.99e-06,3.83e-06,
15:31:55,FLOKI,3.241e-05,0.62,2574698.0,3.302e-05,3.193e-05,
15:31:55,BONK,6.19e-06,0.0,3392697.0,6.3e-06,6.12e-06,
15:31:55,WIF,0.186,2.2,5695374.0,0.192,0.179,
15:31:55,BOME,0.000531,4.73,1426098.0,0.000542,0.000507,
15:31:55,NEIRO,9.01e-05,1.61,3410842.0,9.432e-05,8.685e-05,
15:31:55,PENGU,0.009815,0.86,29025825.0,0.010218,0.0095,
15:32:55,DOGE,0.10812,1.81,124285191.0,0.10985,0.10541,Y
15:32:55,SHIB,6.35e-06,1.44,7681057.0,6.4e-06,6.21e-06,
15:32:55,PEPE,3.91e-06,0.0,33166458.0,3.99e-06,3.83e-06,
15:32:55,FLOKI,3.246e-05,0.87,2578152.0,3.302e-05,3.193e-05,
15:32:55,BONK,6.2e-06,0.49,3389774.0,6.3e-06,6.12e-06,
15:32:55,WIF,0.186,2.76,5691040.0,0.192,0.179,
15:32:55,BOME,0.000531,4.53,1427099.0,0.000542,0.000508,
15:32:55,NEIRO,9.042e-05,2.18,3417509.0,9.432e-05,8.685e-05,
15:32:55,PENGU,0.009838,1.06,29034057.0,0.010218,0.0095,
15:33:55,DOGE,0.10829,1.92,124618687.0,0.10985,0.10541,Y
15:33:55,SHIB,6.35e-06,1.28,7688572.0,6.4e-06,6.21e-06,
15:33:55,PEPE,3.91e-06,-0.26,33178406.0,3.99e-06,3.83e-06,
15:33:55,FLOKI,3.248e-05,0.81,2578841.0,3.302e-05,3.193e-05,
15:33:55,BONK,6.21e-06,0.48,3384846.0,6.3e-06,6.12e-06,
15:33:55,WIF,0.185,2.21,5691047.0,0.192,0.179,
15:33:55,BOME,0.000532,4.52,1428234.0,0.000542,0.000509,
15:33:55,NEIRO,9.056e-05,1.86,3414521.0,9.432e-05,8.685e-05,
15:33:55,PENGU,0.009842,0.91,29032029.0,0.010218,0.0095,
15:34:55,DOGE,0.1083,1.73,124948881.0,0.10985,0.10541,Y
15:34:55,SHIB,6.34e-06,1.12,7679387.0,6.4e-06,6.21e-06,
15:34:55,PEPE,3.91e-06,-0.26,33106708.0,3.99e-06,3.83e-06,
15:34:55,FLOKI,3.248e-05,0.71,2577578.0,3.302e-05,3.193e-05,
15:34:55,BONK,6.21e-06,0.32,3382714.0,6.3e-06,6.12e-06,
15:34:55,WIF,0.186,2.76,5691106.0,0.192,0.179,
15:34:55,BOME,0.000533,4.71,1428264.0,0.000542,0.000509,
15:34:55,NEIRO,9.065e-05,1.77,3413991.0,9.432e-05,8.685e-05,
15:34:55,PENGU,0.00985,0.99,29039727.0,0.010218,0.0095,
15:35:56,DOGE,0.10834,1.72,124678260.0,0.10985,0.10541,Y
15:35:56,SHIB,6.34e-06,1.12,7678190.0,6.4e-06,6.21e-06,
15:35:56,PEPE,3.92e-06,0.0,33014704.0,3.99e-06,3.83e-06,
15:35:56,FLOKI,3.25e-05,0.84,2574662.0,3.302e-05,3.193e-05,
15:35:56,BONK,6.22e-06,0.65,3380316.0,6.3e-06,6.12e-06,
15:35:56,WIF,0.185,1.65,5691056.0,0.192,0.179,
15:35:56,BOME,0.000533,4.71,1428342.0,0.000542,0.000509,
15:35:56,NEIRO,9.078e-05,1.97,3413372.0,9.432e-05,8.685e-05,
15:35:56,PENGU,0.009854,1.14,28984088.0,0.010218,0.0095,
15:36:55,DOGE,0.10828,1.57,124582909.0,0.10985,0.10541,Y
15:36:55,SHIB,6.35e-06,1.11,7676272.0,6.4e-06,6.21e-06,
15:36:55,PEPE,3.93e-06,0.51,33042239.0,3.99e-06,3.83e-06,
15:36:55,FLOKI,3.249e-05,0.74,2574356.0,3.302e-05,3.193e-05,
15:36:55,BONK,6.21e-06,0.48,3382646.0,6.3e-06,6.12e-06,
15:36:55,WIF,0.185,1.65,5691648.0,0.192,0.179,
15:36:55,BOME,0.000533,4.51,1430489.0,0.000542,0.00051,
15:36:55,NEIRO,9.082e-05,1.91,3414251.0,9.432e-05,8.685e-05,
15:36:55,PENGU,0.009841,1.04,28978164.0,0.010218,0.0095,
15:37:55,DOGE,0.10824,1.42,124427694.0,0.10985,0.10541,Y
15:37:55,SHIB,6.34e-06,0.95,7648729.0,6.4e-06,6.21e-06,
15:37:55,PEPE,3.92e-06,0.0,32978844.0,3.99e-06,3.83e-06,
15:37:55,FLOKI,3.248e-05,0.65,2574421.0,3.302e-05,3.193e-05,
15:37:55,BONK,6.2e-06,0.16,3382873.0,6.3e-06,6.12e-06,
15:37:55,WIF,0.186,2.2,5675334.0,0.192,0.179,
15:37:55,BOME,0.000533,4.51,1431340.0,0.000542,0.00051,
15:37:55,NEIRO,9.073e-05,1.36,3399426.0,9.432e-05,8.685e-05,
15:37:55,PENGU,0.009838,0.92,28926714.0,0.010218,0.0095,
15:39:55,DOGE,0.10825,1.63,123901523.0,0.10985,0.10541,Y
15:39:55,SHIB,6.34e-06,1.12,7640208.0,6.4e-06,6.21e-06,
15:39:55,PEPE,3.93e-06,0.26,32909453.0,3.99e-06,3.83e-06,
15:39:55,FLOKI,3.248e-05,0.59,2571187.0,3.302e-05,3.193e-05,
15:39:55,BONK,6.2e-06,0.16,3381918.0,6.3e-06,6.12e-06,
15:39:55,WIF,0.185,1.09,5659147.0,0.192,0.179,
15:39:55,BOME,0.000534,4.5,1430637.0,0.000542,0.00051,
15:39:55,NEIRO,9.073e-05,1.26,3400166.0,9.432e-05,8.685e-05,
15:39:55,PENGU,0.009847,1.02,28865672.0,0.010218,0.0095,
15:40:55,DOGE,0.10829,1.56,123854372.0,0.10985,0.10541,Y
15:40:55,SHIB,6.35e-06,1.11,7634229.0,6.4e-06,6.21e-06,
15:40:55,PEPE,3.92e-06,0.0,32879652.0,3.99e-06,3.83e-06,
15:40:55,FLOKI,3.249e-05,0.56,2569098.0,3.302e-05,3.193e-05,
15:40:55,BONK,6.22e-06,0.32,3384519.0,6.3e-06,6.12e-06,
15:40:55,WIF,0.186,1.64,5659154.0,0.192,0.179,
15:40:55,BOME,0.000533,4.1,1430304.0,0.000542,0.000511,
15:40:55,NEIRO,9.072e-05,1.1,3398148.0,9.432e-05,8.685e-05,
15:40:55,PENGU,0.009845,0.94,28852989.0,0.010218,0.0095,
15:43:55,DOGE,0.10824,1.42,123582656.0,0.10985,0.10541,Y
15:43:55,SHIB,6.34e-06,1.12,7624960.0,6.4e-06,6.21e-06,
15:43:55,PEPE,3.93e-06,0.77,32707475.0,3.99e-06,3.83e-06,
15:43:55,FLOKI,3.248e-05,0.56,2566382.0,3.302e-05,3.193e-05,
15:43:55,BONK,6.2e-06,0.16,3400802.0,6.3e-06,6.12e-06,
15:43:55,WIF,0.186,1.64,5659309.0,0.192,0.179,
15:43:55,BOME,0.000532,3.91,1429863.0,0.000542,0.000511,
15:43:55,NEIRO,9.049e-05,0.73,3389947.0,9.432e-05,8.685e-05,
15:43:55,PENGU,0.009849,0.9,28812218.0,0.010218,0.0095,
15:44:55,DOGE,0.10816,1.36,123459880.0,0.10985,0.10541,Y
15:44:55,SHIB,6.34e-06,1.12,7629529.0,6.4e-06,6.21e-06,
15:44:55,PEPE,3.92e-06,0.26,32641134.0,3.99e-06,3.83e-06,
15:44:55,FLOKI,3.246e-05,0.37,2562573.0,3.302e-05,3.193e-05,
15:44:55,BONK,6.2e-06,0.16,3398306.0,6.3e-06,6.12e-06,
15:44:55,WIF,0.186,1.64,5658984.0,0.192,0.179,
15:44:55,BOME,0.000532,3.91,1430538.0,0.000542,0.000511,
15:44:55,NEIRO,9.054e-05,0.53,3393934.0,9.432e-05,8.685e-05,
15:44:55,PENGU,0.009836,0.72,28477192.0,0.010218,0.0095,
15:45:41,DOGE,0.10816,1.3,123385021.0,0.10985,0.10541,Y
15:45:41,SHIB,6.34e-06,1.28,7616808.0,6.4e-06,6.21e-06,
15:45:41,PEPE,3.93e-06,0.51,32587077.0,3.99e-06,3.83e-06,
15:45:41,FLOKI,3.247e-05,0.37,2559606.0,3.302e-05,3.193e-05,
15:45:41,BONK,6.2e-06,-0.16,3397423.0,6.3e-06,6.12e-06,
15:45:41,WIF,0.185,1.09,5658924.0,0.192,0.179,
15:45:41,BOME,0.000532,3.7,1431492.0,0.000542,0.000511,
15:45:41,NEIRO,9.045e-05,0.14,3393848.0,9.432e-05,8.685e-05,
15:45:41,PENGU,0.009845,1.06,28410844.0,0.010218,0.0095,
15:46:41,DOGE,0.10824,1.47,123332630.0,0.10985,0.10541,Y
15:46:41,SHIB,6.34e-06,1.28,7615056.0,6.4e-06,6.21e-06,
15:46:41,PEPE,3.92e-06,0.26,32586310.0,3.99e-06,3.83e-06,
15:46:41,FLOKI,3.247e-05,0.4,2559547.0,3.302e-05,3.193e-05,
15:46:41,BONK,6.2e-06,0.16,3397081.0,6.3e-06,6.12e-06,
15:46:41,WIF,0.186,2.2,5659184.0,0.192,0.179,
15:46:41,BOME,0.000531,3.51,1431123.0,0.000542,0.000511,
15:46:41,NEIRO,9.051e-05,0.21,3387187.0,9.432e-05,8.685e-05,
15:46:41,PENGU,0.009847,1.24,28135867.0,0.010218,0.0095,
15:47:41,DOGE,0.10832,1.54,123354938.0,0.10985,0.10541,Y
15:47:41,SHIB,6.34e-06,1.12,7614048.0,6.4e-06,6.21e-06,
15:47:41,PEPE,3.93e-06,0.51,32526461.0,3.99e-06,3.83e-06,
15:47:41,FLOKI,3.249e-05,0.49,2559868.0,3.302e-05,3.193e-05,
15:47:41,BONK,6.21e-06,0.16,3400034.0,6.3e-06,6.12e-06,
15:47:41,WIF,0.186,2.2,5653557.0,0.192,0.179,
15:47:41,BOME,0.000532,3.91,1431179.0,0.000542,0.000511,
15:47:41,NEIRO,9.075e-05,0.65,3390182.0,9.432e-05,8.685e-05,
15:47:41,PENGU,0.009878,1.48,28148068.0,0.010218,0.0095,
15:48:41,DOGE,0.10832,1.47,123342427.0,0.10985,0.10541,Y
15:48:41,SHIB,6.34e-06,0.95,7609030.0,6.4e-06,6.21e-06,
15:48:41,PEPE,3.93e-06,0.51,32520732.0,3.99e-06,3.83e-06,
15:48:41,FLOKI,3.248e-05,0.4,2554906.0,3.302e-05,3.193e-05,
15:48:41,BONK,6.21e-06,0.16,3401138.0,6.3e-06,6.12e-06,
15:48:41,WIF,0.185,1.65,5645569.0,0.192,0.179,
15:48:41,BOME,0.000533,4.1,1431092.0,0.000542,0.000511,
15:48:41,NEIRO,9.068e-05,0.41,3389632.0,9.432e-05,8.685e-05,
15:48:41,PENGU,0.009867,1.23,28134078.0,0.010218,0.0095,
15:49:41,DOGE,0.10836,1.4,123293014.0,0.10985,0.10541,Y
15:49:41,SHIB,6.34e-06,0.95,7609884.0,6.4e-06,6.21e-06,
15:49:41,PEPE,3.92e-06,0.26,32529531.0,3.99e-06,3.83e-06,
15:49:41,FLOKI,3.25e-05,0.43,2553683.0,3.302e-05,3.193e-05,
15:49:41,BONK,6.22e-06,0.32,3402038.0,6.3e-06,6.12e-06,
15:49:41,WIF,0.186,2.2,5635336.0,0.192,0.179,
15:49:41,BOME,0.000533,4.1,1430697.0,0.000542,0.000511,
15:49:41,NEIRO,9.068e-05,0.54,3391794.0,9.432e-05,8.685e-05,
15:49:41,PENGU,0.00988,1.38,28132210.0,0.010218,0.0095,
15:51:41,DOGE,0.10841,1.46,123238654.0,0.10985,0.10541,
15:51:41,SHIB,6.34e-06,0.95,7604778.0,6.4e-06,6.21e-06,
15:51:41,PEPE,3.92e-06,0.26,32399930.0,3.99e-06,3.83e-06,
15:51:41,FLOKI,3.253e-05,0.68,2543180.0,3.302e-05,3.193e-05,
15:51:41,BONK,6.22e-06,0.48,3394608.0,6.3e-06,6.12e-06,
15:51:41,WIF,0.185,2.21,5630953.0,0.192,0.179,
15:51:41,BOME,0.000533,4.1,1430528.0,0.000542,0.000511,
15:51:41,NEIRO,9.082e-05,0.8,3390763.0,9.432e-05,8.685e-05,
15:51:41,PENGU,0.009886,1.54,28115620.0,0.010218,0.0095,
15:52:41,DOGE,0.10837,1.56,123172950.0,0.10985,0.10541,
15:52:41,SHIB,6.33e-06,0.8,7607913.0,6.4e-06,6.21e-06,
15:52:41,PEPE,3.93e-06,0.77,32432098.0,3.99e-06,3.83e-06,
15:52:41,FLOKI,3.254e-05,0.77,2544994.0,3.302e-05,3.193e-05,
15:52:41,BONK,6.22e-06,0.65,3394563.0,6.3e-06,6.12e-06,
15:52:41,WIF,0.185,1.65,5630528.0,0.192,0.179,
15:52:41,BOME,0.000534,4.3,1426007.0,0.000542,0.000512,
15:52:41,NEIRO,9.079e-05,0.8,3390601.0,9.432e-05,8.685e-05,
15:52:41,PENGU,0.00989,1.58,28148656.0,0.010218,0.0095,
15:53:40,DOGE,0.10834,1.44,123195092.0,0.10985,0.10541,
15:53:40,SHIB,6.33e-06,0.8,7609461.0,6.4e-06,6.21e-06,
15:53:40,PEPE,3.93e-06,0.77,32410969.0,3.99e-06,3.83e-06,
15:53:40,FLOKI,3.254e-05,0.74,2544822.0,3.302e-05,3.193e-05,
15:53:40,BONK,6.22e-06,0.65,3394682.0,6.3e-06,6.12e-06,
15:53:40,WIF,0.185,1.65,5630583.0,0.192,0.179,
15:53:40,BOME,0.000534,4.3,1426056.0,0.000542,0.000512,
15:53:40,NEIRO,9.074e-05,0.67,3389529.0,9.432e-05,8.685e-05,
15:53:40,PENGU,0.009883,1.32,28144085.0,0.010218,0.0095,
15:54:40,DOGE,0.10836,1.46,123207061.0,0.10985,0.10541,
15:54:40,SHIB,6.33e-06,0.8,7614223.0,6.4e-06,6.21e-06,
15:54:40,PEPE,3.93e-06,0.77,32408707.0,3.99e-06,3.83e-06,
15:54:40,FLOKI,3.254e-05,0.74,2544929.0,3.302e-05,3.193e-05,
15:54:40,BONK,6.21e-06,0.32,3395029.0,6.3e-06,6.12e-06,
15:54:40,WIF,0.185,1.65,5630583.0,0.192,0.179,
15:54:40,BOME,0.000533,4.1,1425128.0,0.000542,0.000512,
15:54:40,NEIRO,9.075e-05,0.78,3389774.0,9.432e-05,8.685e-05,
15:54:40,PENGU,0.009884,1.62,27945387.0,0.010218,0.0095,
15:55:41,DOGE,0.10828,1.29,123157041.0,0.10985,0.10541,
15:55:41,SHIB,6.33e-06,0.96,7615283.0,6.4e-06,6.21e-06,
15:55:41,PEPE,3.92e-06,0.51,32408708.0,3.99e-06,3.83e-06,
15:55:41,FLOKI,3.255e-05,0.71,2544845.0,3.302e-05,3.193e-05,
15:55:41,BONK,6.21e-06,0.32,3394651.0,6.3e-06,6.12e-06,
15:55:41,WIF,0.185,1.65,5630583.0,0.192,0.179,
15:55:41,BOME,0.000534,4.09,1425015.0,0.000542,0.000513,
15:55:41,NEIRO,9.057e-05,0.59,3388464.0,9.432e-05,8.685e-05,
15:55:41,PENGU,0.009875,1.41,27934941.0,0.010218,0.0095,
15:56:41,DOGE,0.10826,1.24,123123365.0,0.10985,0.10541,
15:56:41,SHIB,6.32e-06,0.64,7613163.0,6.4e-06,6.21e-06,
15:56:41,PEPE,3.92e-06,0.26,32400515.0,3.99e-06,3.83e-06,
15:56:41,FLOKI,3.252e-05,0.59,2544688.0,3.302e-05,3.193e-05,
15:56:41,BONK,6.21e-06,0.32,3395736.0,6.3e-06,6.12e-06,
15:56:41,WIF,0.185,1.65,5630583.0,0.192,0.179,
15:56:41,BOME,0.000533,3.9,1423549.0,0.000542,0.000513,
15:56:41,NEIRO,9.049e-05,0.41,3386281.0,9.432e-05,8.685e-05,
15:56:41,PENGU,0.00988,1.43,27928682.0,0.010218,0.0095,
15:57:40,DOGE,0.10827,1.25,123070385.0,0.10985,0.10541,
15:57:40,SHIB,6.32e-06,0.64,7614823.0,6.4e-06,6.21e-06,
15:57:40,PEPE,3.92e-06,0.51,32326424.0,3.99e-06,3.83e-06,
15:57:40,FLOKI,3.251e-05,0.59,2543418.0,3.302e-05,3.193e-05,
15:57:40,BONK,6.22e-06,0.48,3378747.0,6.3e-06,6.12e-06,
15:57:40,WIF,0.185,1.65,5629670.0,0.192,0.179,
15:57:40,BOME,0.000533,3.9,1415681.0,0.000542,0.000513,
15:57:40,NEIRO,9.062e-05,0.58,3387209.0,9.432e-05,8.685e-05,
15:57:40,PENGU,0.009876,1.45,27927165.0,0.010218,0.0095,
15:58:40,DOGE,0.10823,1.24,123052988.0,0.10985,0.10541,
15:58:40,SHIB,6.33e-06,0.96,7614278.0,6.4e-06,6.21e-06,
15:58:40,PEPE,3.92e-06,0.51,32315324.0,3.99e-06,3.83e-06,
15:58:40,FLOKI,3.251e-05,0.62,2543332.0,3.302e-05,3.193e-05,
15:58:40,BONK,6.22e-06,0.48,3378029.0,6.3e-06,6.12e-06,
15:58:40,WIF,0.186,2.2,5629670.0,0.192,0.179,
15:58:40,BOME,0.000533,3.7,1415534.0,0.000542,0.000514,
15:58:40,NEIRO,9.057e-05,0.71,3381894.0,9.432e-05,8.685e-05,
15:58:40,PENGU,0.009876,1.34,27923496.0,0.010218,0.0095,
15:59:41,DOGE,0.10822,1.16,123334908.0,0.10985,0.10541,
15:59:41,SHIB,6.32e-06,0.64,7613733.0,6.4e-06,6.21e-06,
15:59:41,PEPE,3.93e-06,0.51,32304509.0,3.99e-06,3.83e-06,
15:59:41,FLOKI,3.25e-05,0.56,2542645.0,3.302e-05,3.193e-05,
15:59:41,BONK,6.21e-06,0.32,3381996.0,6.3e-06,6.12e-06,
15:59:41,WIF,0.185,1.65,5629675.0,0.192,0.179,
15:59:41,BOME,0.000532,3.5,1415301.0,0.000542,0.000514,
15:59:41,NEIRO,9.064e-05,0.76,3381847.0,9.432e-05,8.685e-05,
15:59:41,PENGU,0.009876,1.16,27921502.0,0.010218,0.0095,
16:00:41,DOGE,0.10814,1.08,123232196.0,0.10985,0.10541,
16:00:41,SHIB,6.32e-06,0.8,7594635.0,6.4e-06,6.21e-06,
16:00:41,PEPE,3.92e-06,0.26,32261968.0,3.99e-06,3.83e-06,
16:00:41,FLOKI,3.248e-05,0.46,2542158.0,3.302e-05,3.193e-05,
16:00:41,BONK,6.21e-06,0.32,3381553.0,6.3e-06,6.12e-06,
16:00:41,WIF,0.185,2.21,5629634.0,0.192,0.179,
16:00:41,BOME,0.000532,3.5,1406767.0,0.000542,0.000514,
16:00:41,NEIRO,9.046e-05,0.51,3377703.0,9.432e-05,8.685e-05,
16:00:41,PENGU,0.009862,1.1,27447410.0,0.010218,0.0095,
16:01:40,DOGE,0.10818,1.07,123370388.0,0.10985,0.10541,
16:01:40,SHIB,6.32e-06,0.8,7594802.0,6.4e-06,6.21e-06,
16:01:40,PEPE,3.93e-06,0.26,32185821.0,3.99e-06,3.83e-06,
16:01:40,FLOKI,3.249e-05,0.4,2541500.0,3.302e-05,3.193e-05,
16:01:40,BONK,6.21e-06,0.32,3380197.0,6.3e-06,6.12e-06,
16:01:40,WIF,0.185,1.65,5629804.0,0.192,0.179,
16:01:40,BOME,0.000532,3.5,1406672.0,0.000542,0.000514,
16:01:40,NEIRO,9.046e-05,0.31,3373790.0,9.432e-05,8.685e-05,
16:01:40,PENGU,0.00987,1.25,27345341.0,0.010218,0.0095,
16:02:41,DOGE,0.10805,1.15,123774519.0,0.10985,0.10541,
16:02:41,SHIB,6.33e-06,0.8,7603832.0,6.4e-06,6.21e-06,
16:02:41,PEPE,3.92e-06,0.26,32125800.0,3.99e-06,3.83e-06,
16:02:41,FLOKI,3.249e-05,0.46,2539247.0,3.302e-05,3.193e-05,
16:02:41,BONK,6.21e-06,0.32,3379091.0,6.3e-06,6.12e-06,
16:02:41,WIF,0.185,2.21,5629798.0,0.192,0.179,
16:02:41,BOME,0.000532,3.3,1407189.0,0.000542,0.000514,
16:02:41,NEIRO,9.049e-05,0.38,3370922.0,9.432e-05,8.685e-05,
16:02:41,PENGU,0.009863,1.44,26812801.0,0.010218,0.0095,
16:03:41,DOGE,0.10805,1.14,123789891.0,0.10985,0.10541,
16:03:41,SHIB,6.32e-06,0.64,7587194.0,6.4e-06,6.21e-06,
16:03:41,PEPE,3.93e-06,0.26,32089309.0,3.99e-06,3.83e-06,
16:03:41,FLOKI,3.249e-05,0.4,2538605.0,3.302e-05,3.193e-05,
16:03:41,BONK,6.21e-06,0.16,3379790.0,6.3e-06,6.12e-06,
16:03:41,WIF,0.185,1.65,5629742.0,0.192,0.179,
16:03:41,BOME,0.000532,3.3,1407354.0,0.000542,0.000514,
16:03:41,NEIRO,9.052e-05,0.3,3369956.0,9.432e-05,8.685e-05,
16:03:41,PENGU,0.009866,1.49,26792948.0,0.010218,0.0095,
16:04:41,DOGE,0.10807,1.09,123819236.0,0.10985,0.10541,
16:04:41,SHIB,6.32e-06,0.8,7573960.0,6.4e-06,6.21e-06,
16:04:41,PEPE,3.92e-06,0.0,32108393.0,3.99e-06,3.83e-06,
16:04:41,FLOKI,3.25e-05,0.34,2536979.0,3.302e-05,3.193e-05,
16:04:41,BONK,6.22e-06,0.48,3380091.0,6.3e-06,6.12e-06,
16:04:41,WIF,0.185,1.65,5629737.0,0.192,0.179,
16:04:41,BOME,0.000532,3.1,1407343.0,0.000542,0.000514,
16:04:41,NEIRO,9.057e-05,-0.01,3361932.0,9.432e-05,8.685e-05,
16:04:41,PENGU,0.009865,1.47,26784824.0,0.010218,0.0095,
16:05:41,DOGE,0.10807,1.02,123833350.0,0.10985,0.10541,
16:05:41,SHIB,6.33e-06,0.8,7583025.0,6.4e-06,6.21e-06,
16:05:41,PEPE,3.93e-06,0.51,32131593.0,3.99e-06,3.83e-06,
16:05:41,FLOKI,3.25e-05,0.25,2535998.0,3.302e-05,3.193e-05,
16:05:41,BONK,6.22e-06,0.32,3376499.0,6.3e-06,6.12e-06,
16:05:41,WIF,0.185,1.65,5629726.0,0.192,0.179,
16:05:41,BOME,0.000532,3.1,1407315.0,0.000542,0.000514,
16:05:41,NEIRO,9.046e-05,-0.33,3348928.0,9.432e-05,8.685e-05,
16:05:41,PENGU,0.009864,1.34,26774760.0,0.010218,0.0095,
16:06:41,DOGE,0.10807,1.03,123673058.0,0.10985,0.10541,
16:06:41,SHIB,6.34e-06,0.95,7583304.0,6.4e-06,6.21e-06,
16:06:41,PEPE,3.92e-06,0.0,32186064.0,3.99e-06,3.83e-06,
16:06:41,FLOKI,3.249e-05,0.25,2532846.0,3.302e-05,3.193e-05,
16:06:41,BONK,6.21e-06,0.0,3374161.0,6.3e-06,6.12e-06,
16:06:41,WIF,0.185,1.65,5629723.0,0.192,0.179,
16:06:41,BOME,0.000532,3.3,1405669.0,0.000542,0.000514,
16:06:41,NEIRO,9.025e-05,-0.59,3359052.0,9.432e-05,8.685e-05,
16:06:41,PENGU,0.00988,1.6,26766959.0,0.010218,0.0095,
16:07:41,DOGE,0.10806,1.11,123580642.0,0.10985,0.10541,
16:07:41,SHIB,6.32e-06,0.64,7583182.0,6.4e-06,6.21e-06,
16:07:41,PEPE,3.93e-06,0.51,32180364.0,3.99e-06,3.83e-06,
16:07:41,FLOKI,3.249e-05,0.31,2530898.0,3.302e-05,3.193e-05,
16:07:41,BONK,6.21e-06,0.0,3372754.0,6.3e-06,6.12e-06,
16:07:41,WIF,0.186,2.2,5629726.0,0.192,0.179,
16:07:41,BOME,0.000532,3.3,1406408.0,0.000542,0.000514,
16:07:41,NEIRO,9.029e-05,-0.63,3354829.0,9.432e-05,8.685e-05,
16:07:41,PENGU,0.009882,1.68,26758108.0,0.010218,0.0095,
16:08:41,DOGE,0.10806,1.11,123553329.0,0.10985,0.10541,
16:08:41,SHIB,6.32e-06,0.8,7562333.0,6.4e-06,6.21e-06,
16:08:41,PEPE,3.92e-06,0.51,32064187.0,3.99e-06,3.83e-06,
16:08:41,FLOKI,3.248e-05,0.4,2527593.0,3.302e-05,3.193e-05,
16:08:41,BONK,6.21e-06,0.16,3362986.0,6.3e-06,6.12e-06,
16:08:41,WIF,0.185,2.21,5629772.0,0.192,0.179,
16:08:41,BOME,0.000531,3.31,1406540.0,0.000542,0.000514,
16:08:41,NEIRO,9.036e-05,-0.46,3352886.0,9.432e-05,8.685e-05,
16:08:41,PENGU,0.009885,1.81,26754628.0,0.010218,0.0095,
16:09:41,DOGE,0.10808,1.07,123525502.0,0.10985,0.10541,
16:09:41,SHIB,6.32e-06,0.64,7532615.0,6.4e-06,6.21e-06,
16:09:41,PEPE,3.93e-06,0.51,32047226.0,3.99e-06,3.83e-06,
16:09:41,FLOKI,3.248e-05,0.28,2526593.0,3.302e-05,3.193e-05,
16:09:41,BONK,6.22e-06,0.32,3360132.0,6.3e-06,6.12e-06,
16:09:41,WIF,0.186,2.2,5629776.0,0.192,0.179,
16:09:41,BOME,0.000531,2.91,1406246.0,0.000542,0.000514,
16:09:41,NEIRO,9.032e-05,-0.6,3348060.0,9.432e-05,8.685e-05,
16:09:41,PENGU,0.009891,1.79,26736047.0,0.010218,0.0095,
16:10:41,DOGE,0.10819,1.13,123512465.0,0.10985,0.10541,
16:10:41,SHIB,6.33e-06,0.8,7538525.0,6.4e-06,6.21e-06,
16:10:41,PEPE,3.92e-06,0.26,32011321.0,3.99e-06,3.83e-06,
16:10:41,FLOKI,3.248e-05,0.22,2526944.0,3.302e-05,3.193e-05,
16:10:41,BONK,6.22e-06,0.16,3359180.0,6.3e-06,6.12e-06,
16:10:41,WIF,0.186,2.2,5629773.0,0.192,0.179,
16:10:41,BOME,0.000532,3.3,1406256.0,0.000542,0.000514,
16:10:41,NEIRO,9.035e-05,-0.28,3345429.0,9.432e-05,8.685e-05,
16:10:41,PENGU,0.009897,1.7,26730665.0,0.010218,0.0095,
16:11:41,DOGE,0.10827,1.23,123500898.0,0.10985,0.10541,
16:11:41,SHIB,6.32e-06,0.64,7538683.0,6.4e-06,6.21e-06,
16:11:41,PEPE,3.93e-06,0.26,32011847.0,3.99e-06,3.83e-06,
16:11:41,FLOKI,3.249e-05,0.28,2526103.0,3.302e-05,3.193e-05,
16:11:41,BONK,6.22e-06,0.16,3359054.0,6.3e-06,6.12e-06,
16:11:41,WIF,0.185,1.65,5630421.0,0.192,0.179,
16:11:41,BOME,0.000532,3.3,1406287.0,0.000542,0.000514,
16:11:41,NEIRO,9.046e-05,-0.08,3345547.0,9.432e-05,8.685e-05,
16:11:41,PENGU,0.009913,2.0,26729249.0,0.010218,0.0095,
16:12:41,DOGE,0.1083,1.29,123613316.0,0.10985,0.10541,
16:12:41,SHIB,6.32e-06,0.8,7518370.0,6.4e-06,6.21e-06,
16:12:41,PEPE,3.92e-06,0.26,32009223.0,3.99e-06,3.83e-06,
16:12:41,FLOKI,3.25e-05,0.37,2526099.0,3.302e-05,3.193e-05,
16:12:41,BONK,6.22e-06,0.16,3357554.0,6.3e-06,6.12e-06,
16:12:41,WIF,0.186,2.2,5623174.0,0.192,0.179,
16:12:41,BOME,0.000532,3.3,1404420.0,0.000542,0.000514,
16:12:41,NEIRO,9.044e-05,-0.02,3332313.0,9.432e-05,8.685e-05,
16:12:41,PENGU,0.009917,2.03,26726269.0,0.010218,0.0095,
16:13:41,DOGE,0.10829,1.29,123581486.0,0.10985,0.10541,
16:13:41,SHIB,6.32e-06,0.8,7518695.0,6.4e-06,6.21e-06,
16:13:41,PEPE,3.92e-06,0.26,31948155.0,3.99e-06,3.83e-06,
16:13:41,FLOKI,3.248e-05,0.25,2525953.0,3.302e-05,3.193e-05,
16:13:41,BONK,6.22e-06,0.0,3327611.0,6.3e-06,6.12e-06,
16:13:41,WIF,0.186,1.64,5620468.0,0.192,0.179,
16:13:41,BOME,0.000531,3.31,1404319.0,0.000542,0.000514,
16:13:41,NEIRO,9.04e-05,-0.06,3330201.0,9.432e-05,8.685e-05,
16:13:41,PENGU,0.009905,1.88,26727240.0,0.010218,0.0095,
16:14:41,DOGE,0.1084,1.46,123589600.0,0.10985,0.10541,
16:14:41,SHIB,6.33e-06,0.96,7519029.0,6.4e-06,6.21e-06,
16:14:41,PEPE,3.92e-06,0.26,31947905.0,3.99e-06,3.83e-06,
16:14:41,FLOKI,3.251e-05,0.37,2529219.0,3.302e-05,3.193e-05,
16:14:41,BONK,6.22e-06,0.16,3327497.0,6.3e-06,6.12e-06,
16:14:41,WIF,0.185,1.09,5620470.0,0.192,0.179,
16:14:41,BOME,0.000531,3.31,1404314.0,0.000542,0.000514,
16:14:41,NEIRO,9.053e-05,0.13,3330323.0,9.432e-05,8.685e-05,
16:14:41,PENGU,0.009915,2.04,26732401.0,0.010218,0.0095,
16:15:41,DOGE,0.10835,1.61,123481962.0,0.10985,0.10541,
16:15:41,SHIB,6.33e-06,0.96,7516971.0,6.4e-06,6.21e-06,
16:15:41,PEPE,3.92e-06,0.26,31922766.0,3.99e-06,3.83e-06,
16:15:41,FLOKI,3.251e-05,0.49,2528848.0,3.302e-05,3.193e-05,
16:15:41,BONK,6.22e-06,0.16,3328062.0,6.3e-06,6.12e-06,
16:15:41,WIF,0.186,2.2,5609484.0,0.192,0.179,
16:15:41,BOME,0.000531,3.31,1404673.0,0.000542,0.000514,
16:15:41,NEIRO,9.051e-05,0.37,3329502.0,9.432e-05,8.685e-05,
16:15:41,PENGU,0.009917,2.32,26695325.0,0.010218,0.0095,
16:16:41,DOGE,0.10849,1.62,123672969.0,0.10985,0.10541,
16:16:41,SHIB,6.34e-06,0.95,7511420.0,6.4e-06,6.21e-06,
16:16:41,PEPE,3.93e-06,0.77,31949453.0,3.99e-06,3.83e-06,
16:16:41,FLOKI,3.258e-05,0.62,2532576.0,3.302e-05,3.193e-05,
16:16:41,BONK,6.23e-06,0.16,3335711.0,6.3e-06,6.12e-06,
16:16:41,WIF,0.185,1.65,5608295.0,0.192,0.179,
16:16:41,BOME,0.000534,3.69,1405703.0,0.000542,0.000514,
16:16:41,NEIRO,9.075e-05,0.33,3330388.0,9.432e-05,8.685e-05,
16:16:41,PENGU,0.009975,2.87,26750136.0,0.010218,0.0095,
16:17:41,DOGE,0.10847,1.48,123611082.0,0.10985,0.10541,
16:17:41,SHIB,6.33e-06,0.8,7511156.0,6.4e-06,6.21e-06,
16:17:41,PEPE,3.93e-06,0.77,31966160.0,3.99e-06,3.83e-06,
16:17:41,FLOKI,3.257e-05,0.68,2532236.0,3.302e-05,3.193e-05,
16:17:41,BONK,6.23e-06,0.32,3333953.0,6.3e-06,6.12e-06,
16:17:41,WIF,0.185,1.65,5604835.0,0.192,0.179,
16:17:41,BOME,0.000532,3.5,1406195.0,0.000542,0.000514,
16:17:41,NEIRO,9.058e-05,0.3,3336101.0,9.432e-05,8.685e-05,
16:17:41,PENGU,0.00997,2.88,26767541.0,0.010218,0.0095,
16:18:41,DOGE,0.10845,1.43,123611762.0,0.10985,0.10541,
16:18:41,SHIB,6.34e-06,0.95,7515751.0,6.4e-06,6.21e-06,
16:18:41,PEPE,3.94e-06,1.03,31962898.0,3.99e-06,3.83e-06,
16:18:41,FLOKI,3.258e-05,0.71,2531683.0,3.302e-05,3.193e-05,
16:18:41,BONK,6.23e-06,0.32,3332689.0,6.3e-06,6.12e-06,
16:18:41,WIF,0.185,1.65,5601712.0,0.192,0.179,
16:18:41,BOME,0.000532,3.5,1406085.0,0.000542,0.000514,
16:18:41,NEIRO,9.055e-05,0.59,3329081.0,9.432e-05,8.685e-05,
16:18:41,PENGU,0.009974,2.89,26764864.0,0.010218,0.0095,
16:19:41,DOGE,0.10847,1.42,123581892.0,0.10985,0.10541,
16:19:41,SHIB,6.33e-06,0.8,7516677.0,6.4e-06,6.21e-06,
16:19:41,PEPE,3.94e-06,1.03,31953497.0,3.99e-06,3.83e-06,
16:19:41,FLOKI,3.257e-05,0.68,2531926.0,3.302e-05,3.193e-05,
16:19:41,BONK,6.23e-06,0.32,3332722.0,6.3e-06,6.12e-06,
16:19:41,WIF,0.186,2.2,5601745.0,0.192,0.179,
16:19:41,BOME,0.000531,3.31,1406093.0,0.000542,0.000514,
16:19:41,NEIRO,9.054e-05,0.33,3328286.0,9.432e-05,8.685e-05,
16:19:41,PENGU,0.00995,2.8,26759136.0,0.010218,0.0095,
16:20:41,DOGE,0.10855,1.52,123462535.0,0.10985,0.10541,
16:20:41,SHIB,6.35e-06,1.11,7518207.0,6.4e-06,6.21e-06,
16:20:41,PEPE,3.94e-06,1.03,31954101.0,3.99e-06,3.83e-06,
16:20:41,FLOKI,3.259e-05,0.77,2534317.0,3.302e-05,3.193e-05,
16:20:41,BONK,6.23e-06,0.32,3335865.0,6.3e-06,6.12e-06,
16:20:41,WIF,0.185,1.65,5600259.0,0.192,0.179,
16:20:41,BOME,0.000531,3.11,1405566.0,0.000542,0.000515,
16:20:41,NEIRO,9.056e-05,0.3,3327741.0,9.432e-05,8.685e-05,
16:20:41,PENGU,0.009976,2.94,26746394.0,0.010218,0.0095,
16:21:41,DOGE,0.10859,1.71,123547566.0,0.10985,0.10541,
16:21:41,SHIB,6.34e-06,0.95,7518714.0,6.4e-06,6.21e-06,
16:21:41,PEPE,3.94e-06,1.28,31891432.0,3.99e-06,3.83e-06,
16:21:41,FLOKI,3.258e-05,0.84,2534836.0,3.302e-05,3.193e-05,
16:21:41,BONK,6.23e-06,0.32,3338769.0,6.3e-06,6.12e-06,
16:21:41,WIF,0.185,1.65,5600144.0,0.192,0.179,
16:21:41,BOME,0.000531,3.11,1405248.0,0.000542,0.000515,
16:21:41,NEIRO,9.049e-05,0.28,3325345.0,9.432e-05,8.685e-05,
16:21:41,PENGU,0.009967,2.88,26726504.0,0.010218,0.0095,
16:22:41,DOGE,0.10871,1.88,123564555.0,0.10985,0.10541,
16:22:41,SHIB,6.35e-06,1.11,7524576.0,6.4e-06,6.21e-06,
16:22:41,PEPE,3.93e-06,0.77,31773861.0,3.99e-06,3.83e-06,
16:22:41,FLOKI,3.259e-05,0.87,2533914.0,3.302e-05,3.193e-05,
16:22:41,BONK,6.24e-06,0.48,3338902.0,6.3e-06,6.12e-06,
16:22:41,WIF,0.186,2.2,5600148.0,0.192,0.179,
16:22:41,BOME,0.000531,3.11,1404110.0,0.000542,0.000515,
16:22:41,NEIRO,9.049e-05,0.27,3324458.0,9.432e-05,8.685e-05,
16:22:41,PENGU,0.009967,2.85,26730605.0,0.010218,0.0095,
16:23:41,DOGE,0.10873,2.06,123242625.0,0.10985,0.10541,
16:23:41,SHIB,6.34e-06,1.28,7507320.0,6.4e-06,6.21e-06,
16:23:41,PEPE,3.93e-06,1.03,31761329.0,3.99e-06,3.83e-06,
16:23:41,FLOKI,3.259e-05,0.9,2532687.0,3.302e-05,3.193e-05,
16:23:41,BONK,6.24e-06,0.48,3334449.0,6.3e-06,6.12e-06,
16:23:41,WIF,0.186,2.76,5596489.0,0.192,0.179,
16:23:41,BOME,0.000532,3.3,1403629.0,0.000542,0.000515,
16:23:41,NEIRO,9.044e-05,0.47,3326482.0,9.432e-05,8.685e-05,
16:23:41,PENGU,0.009955,2.7,26726975.0,0.010218,0.0095,
16:24:41,DOGE,0.10887,2.19,123231610.0,0.10985,0.10541,
16:24:41,SHIB,6.35e-06,1.28,7507313.0,6.4e-06,6.21e-06,
16:24:41,PEPE,3.94e-06,1.03,31782971.0,3.99e-06,3.83e-06,
16:24:41,FLOKI,3.262e-05,0.96,2532957.0,3.302e-05,3.193e-05,
16:24:41,BONK,6.24e-06,0.48,3334636.0,6.3e-06,6.12e-06,
16:24:41,WIF,0.186,2.76,5579957.0,0.192,0.179,
16:24:41,BOME,0.000531,3.11,1403131.0,0.000542,0.000515,
16:24:41,NEIRO,9.054e-05,0.61,3325300.0,9.432e-05,8.685e-05,
16:24:41,PENGU,0.00998,2.95,26722752.0,0.010218,0.0095,
16:25:41,DOGE,0.10883,2.0,122897434.0,0.10985,0.10541,
16:25:41,SHIB,6.33e-06,0.8,7508933.0,6.4e-06,6.21e-06,
16:25:41,PEPE,3.94e-06,1.03,31678203.0,3.99e-06,3.83e-06,
16:25:41,FLOKI,3.26e-05,0.74,2524279.0,3.302e-05,3.193e-05,
16:25:41,BONK,6.24e-06,0.32,3332895.0,6.3e-06,6.12e-06,
16:25:41,WIF,0.186,2.2,5579441.0,0.192,0.179,
16:25:41,BOME,0.000531,2.91,1402880.0,0.000542,0.000515,
16:25:41,NEIRO,9.044e-05,0.02,3323038.0,9.432e-05,8.685e-05,
16:25:41,PENGU,0.009994,2.63,26653035.0,0.010218,0.0095,
16:26:41,DOGE,0.10874,1.97,122882013.0,0.10985,0.10541,
16:26:41,SHIB,6.33e-06,0.96,7511647.0,6.4e-06,6.21e-06,
16:26:41,PEPE,3.94e-06,1.03,31586226.0,3.99e-06,3.83e-06,
16:26:41,FLOKI,3.259e-05,0.68,2517139.0,3.302e-05,3.193e-05,
16:26:41,BONK,6.23e-06,0.16,3333275.0,6.3e-06,6.12e-06,
16:26:41,WIF,0.186,2.2,5579423.0,0.192,0.179,
16:26:41,BOME,0.00053,2.52,1407276.0,0.000542,0.000515,
16:26:41,NEIRO,9.028e-05,-0.06,3367077.0,9.432e-05,8.685e-05,
16:26:41,PENGU,0.009996,2.58,26682528.0,0.010218,0.0095,
16:27:41,DOGE,0.10873,1.87,122864192.0,0.10985,0.10541,
16:27:41,SHIB,6.34e-06,1.12,7510644.0,6.4e-06,6.21e-06,
16:27:41,PEPE,3.94e-06,1.28,31586871.0,3.99e-06,3.83e-06,
16:27:41,FLOKI,3.26e-05,0.74,2516962.0,3.302e-05,3.193e-05,
16:27:41,BONK,6.24e-06,0.32,3333930.0,6.3e-06,6.12e-06,
16:27:41,WIF,0.186,1.64,5555382.0,0.192,0.179,
16:27:41,BOME,0.00053,2.71,1406651.0,0.000542,0.000515,
16:27:41,NEIRO,9.028e-05,0.23,3366016.0,9.432e-05,8.685e-05,
16:27:41,PENGU,0.009992,2.76,26680563.0,0.010218,0.0095,
16:28:41,DOGE,0.10874,1.84,122833533.0,0.10985,0.10541,
16:28:41,SHIB,6.33e-06,0.8,7510740.0,6.4e-06,6.21e-06,
16:28:41,PEPE,3.94e-06,1.28,31579233.0,3.99e-06,3.83e-06,
16:28:41,FLOKI,3.261e-05,0.74,2516659.0,3.302e-05,3.193e-05,
16:28:41,BONK,6.24e-06,0.32,3333944.0,6.3e-06,6.12e-06,
16:28:41,WIF,0.186,1.64,5553660.0,0.192,0.179,
16:28:41,BOME,0.000532,3.1,1440939.0,0.000542,0.000515,
16:28:41,NEIRO,9.045e-05,0.49,3363438.0,9.432e-05,8.685e-05,
16:28:41,PENGU,0.010002,2.81,26688567.0,0.010218,0.0095,
16:29:41,DOGE,0.10861,1.74,122814531.0,0.10985,0.10541,
16:29:41,SHIB,6.34e-06,0.95,7511028.0,6.4e-06,6.21e-06,
16:29:41,PEPE,3.93e-06,0.77,31577421.0,3.99e-06,3.83e-06,
16:29:41,FLOKI,3.26e-05,0.77,2516290.0,3.302e-05,3.193e-05,
16:29:41,BONK,6.23e-06,0.16,3333938.0,6.3e-06,6.12e-06,
16:29:41,WIF,0.186,1.64,5553658.0,0.192,0.179,
16:29:41,BOME,0.000532,2.9,1440760.0,0.000542,0.000515,
16:29:41,NEIRO,9.029e-05,0.28,3352418.0,9.432e-05,8.685e-05,
16:29:41,PENGU,0.009986,2.6,26709612.0,0.010218,0.0095,
16:30:41,DOGE,0.10862,1.84,122759994.0,0.10985,0.10541,
16:30:41,SHIB,6.34e-06,0.95,7510758.0,6.4e-06,6.21e-06,
16:30:41,PEPE,3.94e-06,1.03,31577199.0,3.99e-06,3.83e-06,
16:30:41,FLOKI,3.261e-05,0.8,2516416.0,3.302e-05,3.193e-05,
16:30:41,BONK,6.23e-06,0.16,3333929.0,6.3e-06,6.12e-06,
16:30:41,WIF,0.186,1.64,5553342.0,0.192,0.179,
16:30:41,BOME,0.000532,3.1,1441920.0,0.000542,0.000515,
16:30:41,NEIRO,9.028e-05,0.34,3338020.0,9.432e-05,8.685e-05,
16:30:41,PENGU,0.01001,2.89,26714956.0,0.010218,0.0095,
16:31:41,DOGE,0.10859,1.87,122763977.0,0.10985,0.10541,
16:31:41,SHIB,6.35e-06,1.11,7516993.0,6.4e-06,6.21e-06,
16:31:41,PEPE,3.93e-06,0.77,31579884.0,3.99e-06,3.83e-06,
16:31:41,FLOKI,3.264e-05,0.9,2518794.0,3.302e-05,3.193e-05,
16:31:41,BONK,6.23e-06,0.32,3333677.0,6.3e-06,6.12e-06,
16:31:41,WIF,0.186,2.2,5553339.0,0.192,0.179,
16:31:41,BOME,0.000532,3.1,1440322.0,0.000542,0.000515,
16:31:41,NEIRO,9.025e-05,0.2,3336010.0,9.432e-05,8.685e-05,
16:31:41,PENGU,0.01,2.81,26713715.0,0.010218,0.0095,
16:32:40,DOGE,0.10865,1.79,122778883.0,0.10985,0.10541,
16:32:40,SHIB,6.35e-06,1.11,7492806.0,6.4e-06,6.21e-06,
16:32:40,PEPE,3.94e-06,1.03,31583710.0,3.99e-06,3.83e-06,
16:32:40,FLOKI,3.267e-05,0.99,2521808.0,3.302e-05,3.193e-05,
16:32:40,BONK,6.24e-06,0.32,3307648.0,6.3e-06,6.12e-06,
16:32:40,WIF,0.186,2.2,5553315.0,0.192,0.179,
16:32:40,BOME,0.000532,3.1,1440815.0,0.000542,0.000515,
16:32:40,NEIRO,9.036e-05,0.49,3337546.0,9.432e-05,8.685e-05,
16:32:40,PENGU,0.010002,2.88,26832408.0,0.010218,0.0095,
16:33:41,DOGE,0.10861,1.82,122787392.0,0.10985,0.10541,
16:33:41,SHIB,6.34e-06,0.8,7468873.0,6.4e-06,6.21e-06,
16:33:41,PEPE,3.94e-06,1.28,31583054.0,3.99e-06,3.83e-06,
16:33:41,FLOKI,3.265e-05,0.96,2521958.0,3.302e-05,3.193e-05,
16:33:41,BONK,6.23e-06,0.32,3308028.0,6.3e-06,6.12e-06,
16:33:41,WIF,0.186,1.64,5553287.0,0.192,0.179,
16:33:41,BOME,0.000532,3.1,1439755.0,0.000542,0.000515,
16:33:41,NEIRO,9.039e-05,0.59,3344877.0,9.432e-05,8.685e-05,
16:33:41,PENGU,0.010013,3.23,26869654.0,0.010218,0.0095,
16:34:41,DOGE,0.10863,1.86,122815021.0,0.10985,0.10541,
16:34:41,SHIB,6.35e-06,1.11,7467095.0,6.4e-06,6.21e-06,
16:34:41,PEPE,3.93e-06,1.03,31588685.0,3.99e-06,3.83e-06,
16:34:41,FLOKI,3.266e-05,1.02,2520523.0,3.302e-05,3.193e-05,
16:34:41,BONK,6.24e-06,0.65,3307005.0,6.3e-06,6.12e-06,
16:34:41,WIF,0.186,2.2,5550809.0,0.192,0.179,
16:34:41,BOME,0.000534,3.49,1440601.0,0.000542,0.000515,
16:34:41,NEIRO,9.031e-05,0.47,3344365.0,9.432e-05,8.685e-05,
16:34:41,PENGU,0.010004,3.02,26910208.0,0.010218,0.0095,
16:35:41,DOGE,0.10852,1.78,122740477.0,0.10985,0.10541,
16:35:41,SHIB,6.35e-06,1.11,7459194.0,6.4e-06,6.21e-06,
16:35:41,PEPE,3.93e-06,1.03,31533403.0,3.99e-06,3.83e-06,
16:35:41,FLOKI,3.266e-05,1.02,2524296.0,3.302e-05,3.193e-05,
16:35:41,BONK,6.23e-06,0.32,3307009.0,6.3e-06,6.12e-06,
16:35:41,WIF,0.186,1.64,5549782.0,0.192,0.179,
16:35:41,BOME,0.000534,3.69,1442612.0,0.000542,0.000515,
16:35:41,NEIRO,9.031e-05,0.38,3343323.0,9.432e-05,8.685e-05,
16:35:41,PENGU,0.009993,3.04,27077295.0,0.010218,0.0095,
16:36:41,DOGE,0.10834,1.51,122801188.0,0.10985,0.10541,
16:36:41,SHIB,6.34e-06,0.8,7458459.0,6.4e-06,6.21e-06,
16:36:41,PEPE,3.94e-06,1.03,31518383.0,3.99e-06,3.83e-06,
16:36:41,FLOKI,3.267e-05,0.96,2528561.0,3.302e-05,3.193e-05,
16:36:41,BONK,6.23e-06,0.48,3306959.0,6.3e-06,6.12e-06,
16:36:41,WIF,0.186,2.2,5549780.0,0.192,0.179,
16:36:41,BOME,0.000534,3.49,1444660.0,0.000542,0.000515,
16:36:41,NEIRO,9.019e-05,-0.09,3343807.0,9.432e-05,8.685e-05,
16:36:41,PENGU,0.010004,2.91,27072196.0,0.010218,0.0095,
16:37:40,DOGE,0.1084,1.58,122835308.0,0.10985,0.10541,
16:37:40,SHIB,6.34e-06,0.95,7457672.0,6.4e-06,6.21e-06,
16:37:40,PEPE,3.93e-06,1.03,31518304.0,3.99e-06,3.83e-06,
16:37:40,FLOKI,3.265e-05,0.96,2531044.0,3.302e-05,3.193e-05,
16:37:40,BONK,6.23e-06,0.32,3302043.0,6.3e-06,6.12e-06,
16:37:40,WIF,0.186,1.64,5509409.0,0.192,0.179,
16:37:40,BOME,0.000533,3.29,1443629.0,0.000542,0.000515,
16:37:40,NEIRO,9.022e-05,0.06,3344121.0,9.432e-05,8.685e-05,
16:37:40,PENGU,0.010013,3.1,27059606.0,0.010218,0.0095,
16:38:41,DOGE,0.1084,1.49,122858250.0,0.10985,0.10541,
16:38:41,SHIB,6.35e-06,0.95,7457045.0,6.4e-06,6.21e-06,
16:38:41,PEPE,3.93e-06,0.77,31519628.0,3.99e-06,3.83e-06,
16:38:41,FLOKI,3.266e-05,0.96,2532256.0,3.302e-05,3.193e-05,
16:38:41,BONK,6.24e-06,0.48,3302171.0,6.3e-06,6.12e-06,
16:38:41,WIF,0.186,1.64,5493165.0,0.192,0.179,
16:38:41,BOME,0.000534,3.29,1442889.0,0.000542,0.000515,
16:38:41,NEIRO,9.025e-05,-0.19,3342115.0,9.432e-05,8.685e-05,
16:38:41,PENGU,0.010024,3.25,27090288.0,0.010218,0.0095,
16:39:41,DOGE,0.10844,1.6,122867280.0,0.10985,0.10541,
16:39:41,SHIB,6.34e-06,0.95,7457158.0,6.4e-06,6.21e-06,
16:39:41,PEPE,3.93e-06,1.03,31519035.0,3.99e-06,3.83e-06,
16:39:41,FLOKI,3.266e-05,0.93,2532111.0,3.302e-05,3.193e-05,
16:39:41,BONK,6.24e-06,0.48,3299588.0,6.3e-06,6.12e-06,
16:39:41,WIF,0.186,1.64,5498908.0,0.192,0.179,
16:39:41,BOME,0.000533,3.29,1442739.0,0.000542,0.000515,
16:39:41,NEIRO,9.027e-05,-0.03,3338825.0,9.432e-05,8.685e-05,
16:39:41,PENGU,0.010034,3.25,27090241.0,0.010218,0.0095,
16:40:41,DOGE,0.10842,1.65,122867783.0,0.10985,0.10541,
16:40:41,SHIB,6.34e-06,0.8,7456652.0,6.4e-06,6.21e-06,
16:40:41,PEPE,3.93e-06,0.77,31511097.0,3.99e-06,3.83e-06,
16:40:41,FLOKI,3.264e-05,0.9,2532803.0,3.302e-05,3.193e-05,
16:40:41,BONK,6.23e-06,0.32,3303149.0,6.3e-06,6.12e-06,
16:40:41,WIF,0.185,1.09,5501369.0,0.192,0.179,
16:40:41,BOME,0.000533,3.29,1442983.0,0.000542,0.000515,
16:40:41,NEIRO,9.028e-05,0.27,3318830.0,9.432e-05,8.685e-05,
16:40:41,PENGU,0.01004,3.35,27113202.0,0.010218,0.0095,
16:41:41,DOGE,0.10843,1.65,122866927.0,0.10985,0.10541,
16:41:41,SHIB,6.34e-06,0.95,7456360.0,6.4e-06,6.21e-06,
16:41:41,PEPE,3.94e-06,1.03,31482651.0,3.99e-06,3.83e-06,
16:41:41,FLOKI,3.264e-05,0.86,2530422.0,3.302e-05,3.193e-05,
16:41:41,BONK,6.24e-06,0.48,3302736.0,6.3e-06,6.12e-06,
16:41:41,WIF,0.186,1.09,5501221.0,0.192,0.179,
16:41:41,BOME,0.000533,3.29,1442889.0,0.000542,0.000515,
16:41:41,NEIRO,9.021e-05,0.13,3318001.0,9.432e-05,8.685e-05,
16:41:41,PENGU,0.010048,3.71,27116268.0,0.010218,0.0095,
16:42:41,DOGE,0.10837,1.53,122834179.0,0.10985,0.10541,
16:42:41,SHIB,6.34e-06,0.8,7455913.0,6.4e-06,6.21e-06,
16:42:41,PEPE,3.94e-06,1.28,31472492.0,3.99e-06,3.83e-06,
16:42:41,FLOKI,3.264e-05,0.83,2530318.0,3.302e-05,3.193e-05,
16:42:41,BONK,6.23e-06,0.32,3302775.0,6.3e-06,6.12e-06,
16:42:41,WIF,0.186,1.09,5501219.0,0.192,0.179,
16:42:41,BOME,0.000533,3.29,1443007.0,0.000542,0.000515,
16:42:41,NEIRO,9.033e-05,0.3,3317398.0,9.432e-05,8.685e-05,
16:42:41,PENGU,0.010066,3.44,26783868.0,0.010218,0.0095,
16:43:41,DOGE,0.10837,1.5,122839240.0,0.10985,0.10541,
16:43:41,SHIB,6.34e-06,0.8,7456788.0,6.4e-06,6.21e-06,
16:43:41,PEPE,3.94e-06,1.03,31469960.0,3.99e-06,3.83e-06,
16:43:41,FLOKI,3.263e-05,0.8,2529918.0,3.302e-05,3.193e-05,
16:43:41,BONK,6.24e-06,0.65,3301286.0,6.3e-06,6.12e-06,
16:43:41,WIF,0.185,0.54,5501143.0,0.192,0.179,
16:43:41,BOME,0.000533,3.29,1442872.0,0.000542,0.000515,
16:43:41,NEIRO,9.023e-05,0.23,3317927.0,9.432e-05,8.685e-05,
16:43:41,PENGU,0.010069,3.44,26785438.0,0.010218,0.0095,
16:44:41,DOGE,0.10836,1.38,122719118.0,0.10985,0.10541,
16:44:41,SHIB,6.35e-06,0.95,7444812.0,6.4e-06,6.21e-06,
16:44:41,PEPE,3.94e-06,1.03,31470908.0,3.99e-06,3.83e-06,
16:44:41,FLOKI,3.264e-05,0.83,2529783.0,3.302e-05,3.193e-05,
16:44:41,BONK,6.23e-06,0.16,3299630.0,6.3e-06,6.12e-06,
16:44:41,WIF,0.186,1.09,5477773.0,0.192,0.179,
16:44:41,BOME,0.000533,3.1,1442516.0,0.000542,0.000515,
16:44:41,NEIRO,9.022e-05,0.15,3317890.0,9.432e-05,8.685e-05,
16:44:41,PENGU,0.010066,3.37,26775730.0,0.010218,0.0095,
16:45:41,DOGE,0.10829,1.19,122309926.0,0.10985,0.10541,
16:45:41,SHIB,6.34e-06,0.64,7403794.0,6.4e-06,6.21e-06,
16:45:41,PEPE,3.94e-06,0.77,31354804.0,3.99e-06,3.83e-06,
16:45:41,FLOKI,3.263e-05,0.74,2523614.0,3.302e-05,3.193e-05,
16:45:41,BONK,6.23e-06,0.16,3294083.0,6.3e-06,6.12e-06,
16:45:41,WIF,0.186,1.09,5476060.0,0.192,0.179,
16:45:41,BOME,0.000533,3.1,1440983.0,0.000542,0.000515,
16:45:41,NEIRO,9.023e-05,0.0,3316068.0,9.432e-05,8.685e-05,
16:45:41,PENGU,0.010064,3.32,26772400.0,0.010218,0.0095,
16:46:41,DOGE,0.10827,1.23,122213347.0,0.10985,0.10541,
16:46:41,SHIB,6.34e-06,0.47,7404171.0,6.4e-06,6.21e-06,
16:46:41,PEPE,3.94e-06,0.77,31338138.0,3.99e-06,3.83e-06,
16:46:41,FLOKI,3.261e-05,0.56,2522016.0,3.302e-05,3.193e-05,
16:46:41,BONK,6.23e-06,0.0,3294162.0,6.3e-06,6.12e-06,
16:46:41,WIF,0.185,0.54,5452459.0,0.192,0.179,
16:46:41,BOME,0.000533,2.9,1440682.0,0.000542,0.000515,
16:46:41,NEIRO,9.024e-05,-0.68,3302419.0,9.432e-05,8.685e-05,
16:46:41,PENGU,0.010055,3.04,26771654.0,0.010218,0.0095,
16:47:41,DOGE,0.10829,1.23,122220754.0,0.10985,0.10541,
16:47:41,SHIB,6.33e-06,0.32,7404004.0,6.4e-06,6.21e-06,
16:47:41,PEPE,3.93e-06,0.77,31338933.0,3.99e-06,3.83e-06,
16:47:41,FLOKI,3.261e-05,0.56,2522888.0,3.302e-05,3.193e-05,
16:47:41,BONK,6.23e-06,0.16,3233060.0,6.3e-06,6.12e-06,
16:47:41,WIF,0.185,0.0,5449054.0,0.192,0.179,
16:47:41,BOME,0.000533,2.9,1440755.0,0.000542,0.000515,
16:47:41,NEIRO,9.023e-05,-0.71,3296305.0,9.432e-05,8.685e-05,
16:47:41,PENGU,0.010072,3.37,26773945.0,0.010218,0.0095,
16:48:40,DOGE,0.10834,1.35,122280158.0,0.10985,0.10541,
16:48:40,SHIB,6.34e-06,0.47,7404106.0,6.4e-06,6.21e-06,
16:48:40,PEPE,3.93e-06,0.77,31340406.0,3.99e-06,3.83e-06,
16:48:40,FLOKI,3.261e-05,0.56,2521796.0,3.302e-05,3.193e-05,
16:48:40,BONK,6.24e-06,0.16,3242928.0,6.3e-06,6.12e-06,
16:48:40,WIF,0.185,0.54,5437228.0,0.192,0.179,
16:48:40,BOME,0.000532,2.7,1440084.0,0.000542,0.000515,
16:48:40,NEIRO,9.023e-05,-0.43,3295993.0,9.432e-05,8.685e-05,
16:48:40,PENGU,0.010085,3.55,26805091.0,0.010218,0.0095,
16:49:40,DOGE,0.10836,1.34,122282374.0,0.10985,0.10541,
16:49:40,SHIB,6.33e-06,0.48,7398922.0,6.4e-06,6.21e-06,
16:49:40,PEPE,3.94e-06,0.77,31335724.0,3.99e-06,3.83e-06,
16:49:40,FLOKI,3.262e-05,0.62,2518379.0,3.302e-05,3.193e-05,
16:49:40,BONK,6.23e-06,0.0,3242741.0,6.3e-06,6.12e-06,
16:49:40,WIF,0.185,0.54,5437216.0,0.192,0.179,
16:49:40,BOME,0.000532,2.9,1438947.0,0.000542,0.000515,
16:49:40,NEIRO,9.026e-05,-0.32,3295052.0,9.432e-05,8.685e-05,
16:49:40,PENGU,0.010099,3.7,26836827.0,0.010218,0.0095,
16:50:41,DOGE,0.10837,1.39,122274427.0,0.10985,0.10541,
16:50:41,SHIB,6.34e-06,0.64,7396792.0,6.4e-06,6.21e-06,
16:50:41,PEPE,3.93e-06,0.51,31338958.0,3.99e-06,3.83e-06,
16:50:41,FLOKI,3.264e-05,0.65,2516106.0,3.302e-05,3.193e-05,
16:50:41,BONK,6.24e-06,0.32,3241749.0,6.3e-06,6.12e-06,
16:50:41,WIF,0.185,0.54,5437650.0,0.192,0.179,
16:50:41,BOME,0.000532,2.9,1438535.0,0.000542,0.000515,
16:50:41,NEIRO,9.026e-05,-0.34,3295838.0,9.432e-05,8.685e-05,
16:50:41,PENGU,0.010104,3.69,26872519.0,0.010218,0.0095,
16:51:40,DOGE,0.10848,1.45,122268582.0,0.10985,0.10541,
16:51:40,SHIB,6.34e-06,0.47,7385584.0,6.4e-06,6.21e-06,
16:51:40,PEPE,3.94e-06,0.77,31335971.0,3.99e-06,3.83e-06,
16:51:40,FLOKI,3.263e-05,0.56,2513593.0,3.302e-05,3.193e-05,
16:51:40,BONK,6.24e-06,0.32,3240423.0,6.3e-06,6.12e-06,
16:51:40,WIF,0.185,0.54,5437648.0,0.192,0.179,
16:51:40,BOME,0.000532,2.7,1438205.0,0.000542,0.000515,
16:51:40,NEIRO,9.025e-05,-0.65,3291105.0,9.432e-05,8.685e-05,
16:51:40,PENGU,0.010101,3.72,26876743.0,0.010218,0.0095,
16:52:41,DOGE,0.10864,1.7,122429111.0,0.10985,0.10541,
16:52:41,SHIB,6.35e-06,0.63,7390478.0,6.4e-06,6.21e-06,
16:52:41,PEPE,3.93e-06,0.77,31334020.0,3.99e-06,3.83e-06,
16:52:41,FLOKI,3.264e-05,0.68,2509145.0,3.302e-05,3.193e-05,
16:52:41,BONK,6.23e-06,0.0,3241775.0,6.3e-06,6.12e-06,
16:52:41,WIF,0.185,0.54,5437647.0,0.192,0.179,
16:52:41,BOME,0.000532,2.9,1437822.0,0.000542,0.000515,
16:52:41,NEIRO,9.025e-05,-0.28,3291971.0,9.432e-05,8.685e-05,
16:52:41,PENGU,0.010099,3.9,26876941.0,0.010218,0.0095,
16:53:41,DOGE,0.10864,1.74,122407592.0,0.10985,0.10541,
16:53:41,SHIB,6.35e-06,0.63,7396767.0,6.4e-06,6.21e-06,
16:53:41,PEPE,3.94e-06,1.03,31212418.0,3.99e-06,3.83e-06,
16:53:41,FLOKI,3.267e-05,0.83,2506318.0,3.302e-05,3.193e-05,
16:53:41,BONK,6.24e-06,0.32,3249237.0,6.3e-06,6.12e-06,
16:53:41,WIF,0.185,0.54,5386158.0,0.192,0.179,
16:53:41,BOME,0.000533,3.1,1437579.0,0.000542,0.000515,
16:53:41,NEIRO,9.051e-05,0.24,3299008.0,9.432e-05,8.685e-05,
16:53:41,PENGU,0.010125,4.39,26882791.0,0.010218,0.0095,
16:54:40,DOGE,0.10856,1.59,122412988.0,0.10985,0.10541,
16:54:40,SHIB,6.35e-06,0.79,7393860.0,6.4e-06,6.21e-06,
16:54:40,PEPE,3.95e-06,1.28,31263459.0,3.99e-06,3.83e-06,
16:54:40,FLOKI,3.269e-05,0.8,2507919.0,3.302e-05,3.193e-05,
16:54:40,BONK,6.25e-06,0.32,3242824.0,6.3e-06,6.12e-06,
16:54:40,WIF,0.185,0.54,5362208.0,0.192,0.179,
16:54:40,BOME,0.000534,3.29,1437900.0,0.000542,0.000515,
16:54:40,NEIRO,9.075e-05,0.73,3301235.0,9.432e-05,8.685e-05,
16:54:40,PENGU,0.010102,4.06,26878422.0,0.010218,0.0095,
16:55:41,DOGE,0.10861,1.61,122252942.0,0.10985,0.10541,
16:55:41,SHIB,6.35e-06,0.79,7359710.0,6.4e-06,6.21e-06,
16:55:41,PEPE,3.94e-06,1.28,31231268.0,3.99e-06,3.83e-06,
16:55:41,FLOKI,3.274e-05,0.99,2506799.0,3.302e-05,3.193e-05,
16:55:41,BONK,6.25e-06,0.32,3242949.0,6.3e-06,6.12e-06,
16:55:41,WIF,0.185,0.54,5362177.0,0.192,0.179,
16:55:41,BOME,0.000534,3.09,1437612.0,0.000542,0.000515,
16:55:41,NEIRO,9.075e-05,0.68,3301444.0,9.432e-05,8.685e-05,
16:55:41,PENGU,0.010115,4.17,26896966.0,0.010218,0.0095,
16:56:41,DOGE,0.10856,1.48,121752727.0,0.10985,0.10541,
16:56:41,SHIB,6.35e-06,0.63,7355657.0,6.4e-06,6.21e-06,
16:56:41,PEPE,3.95e-06,1.28,31235598.0,3.99e-06,3.83e-06,
16:56:41,FLOKI,3.272e-05,0.89,2508061.0,3.302e-05,3.193e-05,
16:56:41,BONK,6.25e-06,0.32,3241171.0,6.3e-06,6.12e-06,
16:56:41,WIF,0.185,0.0,5342421.0,0.192,0.179,
16:56:41,BOME,0.000534,3.09,1437642.0,0.000542,0.000515,
16:56:41,NEIRO,9.084e-05,0.82,3306655.0,9.432e-05,8.685e-05,
16:56:41,PENGU,0.010107,4.07,26905115.0,0.010218,0.0095,
16:57:41,DOGE,0.10854,1.45,121697446.0,0.10985,0.10541,
16:57:41,SHIB,6.35e-06,0.47,7346011.0,6.4e-06,6.21e-06,
16:57:41,PEPE,3.94e-06,1.03,31216486.0,3.99e-06,3.83e-06,
16:57:41,FLOKI,3.27e-05,0.77,2509307.0,3.302e-05,3.193e-05,
16:57:41,BONK,6.25e-06,0.32,3238475.0,6.3e-06,6.12e-06,
16:57:41,WIF,0.185,0.0,5342421.0,0.192,0.179,
16:57:41,BOME,0.000533,2.9,1437151.0,0.000542,0.000515,
16:57:41,NEIRO,9.073e-05,0.72,3306008.0,9.432e-05,8.685e-05,
16:57:41,PENGU,0.010112,4.11,26909634.0,0.010218,0.0095,
16:58:41,DOGE,0.10856,1.53,121666475.0,0.10985,0.10541,
16:58:41,SHIB,6.34e-06,0.32,7345628.0,6.4e-06,6.21e-06,
16:58:41,PEPE,3.95e-06,1.28,31203333.0,3.99e-06,3.83e-06,
16:58:41,FLOKI,3.269e-05,0.74,2509699.0,3.302e-05,3.193e-05,
16:58:41,BONK,6.24e-06,0.16,3236276.0,6.3e-06,6.12e-06,
16:58:41,WIF,0.185,0.0,5342414.0,0.192,0.179,
16:58:41,BOME,0.000533,2.9,1437023.0,0.000542,0.000515,
16:58:41,NEIRO,9.074e-05,0.63,3305816.0,9.432e-05,8.685e-05,
16:58:41,PENGU,0.010118,4.06,26910827.0,0.010218,0.0095,
16:59:41,DOGE,0.1085,1.42,121666908.0,0.10985,0.10541,
16:59:41,SHIB,6.33e-06,0.16,7351666.0,6.4e-06,6.21e-06,
16:59:41,PEPE,3.93e-06,1.03,31242878.0,3.99e-06,3.83e-06,
16:59:41,FLOKI,3.268e-05,0.74,2510615.0,3.302e-05,3.193e-05,
16:59:41,BONK,6.24e-06,0.16,3237609.0,6.3e-06,6.12e-06,
16:59:41,WIF,0.185,0.0,5342522.0,0.192,0.179,
16:59:41,BOME,0.000532,2.5,1437261.0,0.000542,0.000515,
16:59:41,NEIRO,9.074e-05,0.71,3305850.0,9.432e-05,8.685e-05,
16:59:41,PENGU,0.010105,3.85,26911979.0,0.010218,0.0095,
17:00:41,DOGE,0.10849,1.37,121664584.0,0.10985,0.10541,
17:00:41,SHIB,6.34e-06,0.16,7350943.0,6.4e-06,6.21e-06,
17:00:41,PEPE,3.94e-06,1.03,31218548.0,3.99e-06,3.83e-06,
17:00:41,FLOKI,3.266e-05,0.65,2509326.0,3.302e-05,3.193e-05,
17:00:41,BONK,6.24e-06,0.16,3235266.0,6.3e-06,6.12e-06,
17:00:41,WIF,0.185,0.0,5342522.0,0.192,0.179,
17:00:41,BOME,0.000532,2.7,1436224.0,0.000542,0.000515,
17:00:41,NEIRO,9.067e-05,0.61,3306471.0,9.432e-05,8.685e-05,
17:00:41,PENGU,0.010088,3.7,26917390.0,0.010218,0.0095,
17:01:41,DOGE,0.10841,1.22,121657272.0,0.10985,0.10541,
17:01:41,SHIB,6.33e-06,0.0,7354134.0,6.4e-06,6.21e-06,
17:01:41,PEPE,3.94e-06,1.03,31149651.0,3.99e-06,3.83e-06,
17:01:41,FLOKI,3.266e-05,0.68,2508616.0,3.302e-05,3.193e-05,
17:01:41,BONK,6.24e-06,0.16,3233367.0,6.3e-06,6.12e-06,
17:01:41,WIF,0.185,0.0,5306994.0,0.192,0.179,
17:01:41,BOME,0.000532,2.7,1437040.0,0.000542,0.000515,
17:01:41,NEIRO,9.069e-05,0.55,3306871.0,9.432e-05,8.685e-05,
17:01:41,PENGU,0.010101,3.83,26952816.0,0.010218,0.0095,
17:02:41,DOGE,0.10838,1.31,121539821.0,0.10985,0.10541,
17:02:41,SHIB,6.34e-06,0.32,7339386.0,6.4e-06,6.21e-06,
17:02:41,PEPE,3.94e-06,1.03,31065122.0,3.99e-06,3.83e-06,
17:02:41,FLOKI,3.265e-05,0.68,2506407.0,3.302e-05,3.193e-05,
17:02:41,BONK,6.23e-06,0.16,3233846.0,6.3e-06,6.12e-06,
17:02:41,WIF,0.186,1.09,5264106.0,0.192,0.179,
17:02:41,BOME,0.000532,2.7,1437188.0,0.000542,0.000515,
17:02:41,NEIRO,9.068e-05,0.74,3308130.0,9.432e-05,8.685e-05,
17:02:41,PENGU,0.010108,3.75,26971725.0,0.010218,0.0095,
17:03:41,DOGE,0.10836,1.2,121532419.0,0.10985,0.10541,
17:03:41,SHIB,6.34e-06,0.32,7328220.0,6.4e-06,6.21e-06,
17:03:41,PEPE,3.93e-06,0.77,30973133.0,3.99e-06,3.83e-06,
17:03:41,FLOKI,3.266e-05,0.68,2506124.0,3.302e-05,3.193e-05,
17:03:41,BONK,6.23e-06,0.0,3234900.0,6.3e-06,6.12e-06,
17:03:41,WIF,0.185,0.54,5240542.0,0.192,0.179,
17:03:41,BOME,0.000532,2.7,1437188.0,0.000542,0.000515,
17:03:41,NEIRO,9.076e-05,0.88,3309141.0,9.432e-05,8.685e-05,
17:03:41,PENGU,0.010114,3.88,26976064.0,0.010218,0.0095,
17:04:41,DOGE,0.10848,1.24,121447371.0,0.10985,0.10541,
17:04:41,SHIB,6.34e-06,0.32,7315285.0,6.4e-06,6.21e-06,
17:04:41,PEPE,3.93e-06,0.77,30956480.0,3.99e-06,3.83e-06,
17:04:41,FLOKI,3.266e-05,0.68,2507438.0,3.302e-05,3.193e-05,
17:04:41,BONK,6.23e-06,0.0,3234891.0,6.3e-06,6.12e-06,
17:04:41,WIF,0.185,0.54,5234679.0,0.192,0.179,
17:04:41,BOME,0.000532,2.7,1437636.0,0.000542,0.000515,
17:04:41,NEIRO,9.096e-05,1.04,3309331.0,9.432e-05,8.685e-05,
17:04:41,PENGU,0.010148,4.32,27098690.0,0.010218,0.0095,
17:05:41,DOGE,0.10856,1.24,121263844.0,0.10985,0.10541,
17:05:41,SHIB,6.34e-06,0.16,7315392.0,6.4e-06,6.21e-06,
17:05:41,PEPE,3.93e-06,0.51,30956028.0,3.99e-06,3.83e-06,
17:05:41,FLOKI,3.268e-05,0.65,2507540.0,3.302e-05,3.193e-05,
17:05:41,BONK,6.24e-06,0.16,3233326.0,6.3e-06,6.12e-06,
17:05:41,WIF,0.186,1.09,5234686.0,0.192,0.179,
17:05:41,BOME,0.000532,2.7,1437186.0,0.000542,0.000515,
17:05:41,NEIRO,9.106e-05,1.1,3311373.0,9.432e-05,8.685e-05,
17:05:41,PENGU,0.010144,4.02,27101232.0,0.010218,0.0095,
17:06:41,DOGE,0.10852,1.14,121279006.0,0.10985,0.10541,
17:06:41,SHIB,6.34e-06,0.16,7322979.0,6.4e-06,6.21e-06,
17:06:41,PEPE,3.93e-06,0.51,31039239.0,3.99e-06,3.83e-06,
17:06:41,FLOKI,3.272e-05,0.77,2507583.0,3.302e-05,3.193e-05,
17:06:41,BONK,6.24e-06,0.16,3232978.0,6.3e-06,6.12e-06,
17:06:41,WIF,0.186,1.09,5234660.0,0.192,0.179,
17:06:41,BOME,0.000533,2.7,1438008.0,0.000542,0.000515,
17:06:41,NEIRO,9.108e-05,1.14,3314552.0,9.432e-05,8.685e-05,
17:06:41,PENGU,0.010165,4.22,27317388.0,0.010218,0.0095,
17:07:40,DOGE,0.10844,1.08,121186089.0,0.10985,0.10541,
17:07:40,SHIB,6.35e-06,0.32,7321959.0,6.4e-06,6.21e-06,
17:07:40,PEPE,3.93e-06,0.77,31012632.0,3.99e-06,3.83e-06,
17:07:40,FLOKI,3.271e-05,0.74,2508992.0,3.302e-05,3.193e-05,
17:07:40,BONK,6.23e-06,0.0,3232708.0,6.3e-06,6.12e-06,
17:07:40,WIF,0.185,0.0,5234757.0,0.192,0.179,
17:07:40,BOME,0.000533,2.7,1437804.0,0.000542,0.000515,
17:07:40,NEIRO,9.086e-05,0.87,3315305.0,9.432e-05,8.685e-05,
17:07:40,PENGU,0.010149,4.02,27292382.0,0.010218,0.0095,
17:08:41,DOGE,0.10845,1.28,121131687.0,0.10985,0.10541,
17:08:41,SHIB,6.34e-06,0.47,7272241.0,6.4e-06,6.21e-06,
17:08:41,PEPE,3.93e-06,1.03,30897903.0,3.99e-06,3.83e-06,
17:08:41,FLOKI,3.273e-05,0.96,2508388.0,3.302e-05,3.193e-05,
17:08:41,BONK,6.23e-06,0.0,3230480.0,6.3e-06,6.12e-06,
17:08:41,WIF,0.185,0.0,5233973.0,0.192,0.179,
17:08:41,BOME,0.000532,2.7,1437662.0,0.000542,0.000515,
17:08:41,NEIRO,9.096e-05,1.27,3316170.0,9.432e-05,8.685e-05,
17:08:41,PENGU,0.010133,4.24,27283842.0,0.010218,0.0095,
17:09:41,DOGE,0.10846,1.24,121112397.0,0.10985,0.10541,
17:09:41,SHIB,6.35e-06,0.32,7255389.0,6.4e-06,6.21e-06,
17:09:41,PEPE,3.94e-06,1.03,30862997.0,3.99e-06,3.83e-06,
17:09:41,FLOKI,3.269e-05,0.71,2507563.0,3.302e-05,3.193e-05,
17:09:41,BONK,6.23e-06,-0.16,3227932.0,6.3e-06,6.12e-06,
17:09:41,WIF,0.186,1.09,5233067.0,0.192,0.179,
17:09:41,BOME,0.000532,2.7,1437642.0,0.000542,0.000515,
17:09:41,NEIRO,9.086e-05,1.06,3314008.0,9.432e-05,8.685e-05,
17:09:41,PENGU,0.010095,3.7,27378310.0,0.010218,0.0095,
17:10:41,DOGE,0.10842,1.41,121015304.0,0.10985,0.10541,
17:10:41,SHIB,6.35e-06,0.63,7235719.0,6.4e-06,6.21e-06,
17:10:41,PEPE,3.94e-06,1.03,30797902.0,3.99e-06,3.83e-06,
17:10:41,FLOKI,3.27e-05,0.96,2505920.0,3.302e-05,3.193e-05,
17:10:41,BONK,6.23e-06,0.16,3226109.0,6.3e-06,6.12e-06,
17:10:41,WIF,0.186,1.09,5232220.0,0.192,0.179,
17:10:41,BOME,0.000532,2.9,1437249.0,0.000542,0.000515,
17:10:41,NEIRO,9.094e-05,1.5,3312278.0,9.432e-05,8.685e-05,
17:10:41,PENGU,0.010089,3.82,27376503.0,0.010218,0.0095,
17:11:41,DOGE,0.10842,1.47,120984731.0,0.10985,0.10541,
17:11:41,SHIB,6.35e-06,0.47,7220206.0,6.4e-06,6.21e-06,
17:11:41,PEPE,3.94e-06,1.03,30788032.0,3.99e-06,3.83e-06,
17:11:41,FLOKI,3.268e-05,0.9,2507998.0,3.302e-05,3.193e-05,
17:11:41,BONK,6.24e-06,0.16,3225224.0,6.3e-06,6.12e-06,
17:11:41,WIF,0.185,0.54,5232097.0,0.192,0.179,
17:11:41,BOME,0.000531,2.71,1437735.0,0.000542,0.000515,
17:11:41,NEIRO,9.075e-05,1.33,3316835.0,9.432e-05,8.685e-05,
17:11:41,PENGU,0.010058,3.53,27422272.0,0.010218,0.0095,
17:12:41,DOGE,0.10843,1.5,120958350.0,0.10985,0.10541,
17:12:41,SHIB,6.35e-06,0.47,7220250.0,6.4e-06,6.21e-06,
17:12:41,PEPE,3.94e-06,1.03,30665389.0,3.99e-06,3.83e-06,
17:12:41,FLOKI,3.267e-05,0.8,2505771.0,3.302e-05,3.193e-05,
17:12:41,BONK,6.24e-06,0.32,3222081.0,6.3e-06,6.12e-06,
17:12:41,WIF,0.186,1.09,5213075.0,0.192,0.179,
17:12:41,BOME,0.000531,2.71,1438072.0,0.000542,0.000515,
17:12:41,NEIRO,9.052e-05,0.97,3316096.0,9.432e-05,8.685e-05,
17:12:41,PENGU,0.010057,3.63,27447849.0,0.010218,0.0095,
17:13:41,DOGE,0.1084,1.43,120986020.0,0.10985,0.10541,
17:13:41,SHIB,6.34e-06,0.47,7227305.0,6.4e-06,6.21e-06,
17:13:41,PEPE,3.93e-06,1.03,30647905.0,3.99e-06,3.83e-06,
17:13:41,FLOKI,3.265e-05,0.8,2503424.0,3.302e-05,3.193e-05,
17:13:41,BONK,6.23e-06,0.0,3226675.0,6.3e-06,6.12e-06,
17:13:41,WIF,0.186,0.54,5213017.0,0.192,0.179,
17:13:41,BOME,0.000532,2.9,1438439.0,0.000542,0.000515,
17:13:41,NEIRO,9.049e-05,1.03,3316299.0,9.432e-05,8.685e-05,
17:13:41,PENGU,0.01003,3.43,27460939.0,0.010218,0.0095,
17:14:41,DOGE,0.10831,1.27,120991020.0,0.10985,0.10541,
17:14:41,SHIB,6.34e-06,0.32,7225414.0,6.4e-06,6.21e-06,
17:14:41,PEPE,3.93e-06,0.77,30594759.0,3.99e-06,3.83e-06,
17:14:41,FLOKI,3.265e-05,0.8,2503330.0,3.302e-05,3.193e-05,
17:14:41,BONK,6.23e-06,0.0,3226389.0,6.3e-06,6.12e-06,
17:14:41,WIF,0.185,0.54,5212774.0,0.192,0.179,
17:14:41,BOME,0.000532,2.9,1438325.0,0.000542,0.000515,
17:14:41,NEIRO,9.053e-05,1.05,3318411.0,9.432e-05,8.685e-05,
17:14:41,PENGU,0.010036,3.52,27473103.0,0.010218,0.0095,
17:15:41,DOGE,0.10829,1.29,121088324.0,0.10985,0.10541,
17:15:41,SHIB,6.33e-06,0.16,7188077.0,6.4e-06,6.21e-06,
17:15:41,PEPE,3.94e-06,1.03,30588102.0,3.99e-06,3.83e-06,
17:15:41,FLOKI,3.266e-05,0.86,2503115.0,3.302e-05,3.193e-05,
17:15:41,BONK,6.23e-06,0.0,3226849.0,6.3e-06,6.12e-06,
17:15:41,WIF,0.186,0.54,5212645.0,0.192,0.179,
17:15:41,BOME,0.000531,2.71,1438392.0,0.000542,0.000515,
17:15:41,NEIRO,9.037e-05,0.92,3313931.0,9.432e-05,8.685e-05,
17:15:41,PENGU,0.010051,3.59,27467417.0,0.010218,0.0095,
17:17:41,DOGE,0.10799,0.76,120269331.0,0.10985,0.10541,
17:17:41,SHIB,6.33e-06,0.16,7172525.0,6.4e-06,6.21e-06,
17:17:41,PEPE,3.92e-06,0.26,30547008.0,3.99e-06,3.83e-06,
17:17:41,FLOKI,3.262e-05,0.62,2494231.0,3.302e-05,3.193e-05,
17:17:41,BONK,6.22e-06,-0.32,3247570.0,6.3e-06,6.12e-06,
17:17:41,WIF,0.185,0.0,5196641.0,0.192,0.179,
17:17:41,BOME,0.000531,2.71,1438568.0,0.000542,0.000515,
17:17:41,NEIRO,9.033e-05,0.53,3313435.0,9.432e-05,8.685e-05,
17:17:41,PENGU,0.010003,3.07,27470407.0,0.010218,0.0095,
17:18:41,DOGE,0.10804,0.9,120339499.0,0.10985,0.10541,
17:18:41,SHIB,6.32e-06,0.0,7171526.0,6.4e-06,6.21e-06,
17:18:41,PEPE,3.93e-06,0.51,30545961.0,3.99e-06,3.83e-06,
17:18:41,FLOKI,3.262e-05,0.68,2494722.0,3.302e-05,3.193e-05,
17:18:41,BONK,6.22e-06,-0.32,3244295.0,6.3e-06,6.12e-06,
17:18:41,WIF,0.185,0.0,5196612.0,0.192,0.179,
17:18:41,BOME,0.00053,2.71,1438820.0,0.000542,0.000515,
17:18:41,NEIRO,9.026e-05,0.61,3313825.0,9.432e-05,8.685e-05,
17:18:41,PENGU,0.009989,3.17,27474501.0,0.010218,0.0095,
17:19:41,DOGE,0.108,0.8,120347767.0,0.10985,0.10541,
17:19:41,SHIB,6.33e-06,0.16,7165569.0,6.4e-06,6.21e-06,
17:19:41,PEPE,3.92e-06,0.26,30544439.0,3.99e-06,3.83e-06,
17:19:41,FLOKI,3.261e-05,0.71,2493631.0,3.302e-05,3.193e-05,
17:19:41,BONK,6.22e-06,-0.16,3241974.0,6.3e-06,6.12e-06,
17:19:41,WIF,0.185,0.0,5196612.0,0.192,0.179,
17:19:41,BOME,0.00053,2.91,1440635.0,0.000542,0.000515,
17:19:41,NEIRO,9.021e-05,0.75,3313601.0,9.432e-05,8.685e-05,
17:19:41,PENGU,0.009982,3.14,27471679.0,0.010218,0.0095,
17:20:41,DOGE,0.10801,0.87,120394519.0,0.10985,0.10541,
17:20:41,SHIB,6.33e-06,0.16,7164996.0,6.4e-06,6.21e-06,
17:20:41,PEPE,3.93e-06,0.77,30543818.0,3.99e-06,3.83e-06,
17:20:41,FLOKI,3.261e-05,0.71,2493170.0,3.302e-05,3.193e-05,
17:20:41,BONK,6.22e-06,-0.16,3240324.0,6.3e-06,6.12e-06,
17:20:41,WIF,0.185,0.0,5196453.0,0.192,0.179,
17:20:41,BOME,0.00053,2.91,1440978.0,0.000542,0.000515,
17:20:41,NEIRO,9.009e-05,0.4,3319152.0,9.432e-05,8.685e-05,
17:20:41,PENGU,0.009986,3.25,27469040.0,0.010218,0.0095,
17:21:41,DOGE,0.10796,0.83,120418367.0,0.10985,0.10541,
17:21:41,SHIB,6.33e-06,0.16,7163619.0,6.4e-06,6.21e-06,
17:21:41,PEPE,3.93e-06,0.77,30497195.0,3.99e-06,3.83e-06,
17:21:41,FLOKI,3.26e-05,0.68,2494485.0,3.302e-05,3.193e-05,
17:21:41,BONK,6.22e-06,-0.32,3244280.0,6.3e-06,6.12e-06,
17:21:41,WIF,0.185,0.54,5195416.0,0.192,0.179,
17:21:41,BOME,0.00053,2.91,1433699.0,0.000542,0.000515,
17:21:41,NEIRO,9.007e-05,0.41,3317998.0,9.432e-05,8.685e-05,
17:21:41,PENGU,0.009978,3.13,27451916.0,0.010218,0.0095,
17:22:41,DOGE,0.10788,0.77,120661477.0,0.10985,0.10541,
17:22:41,SHIB,6.31e-06,-0.16,7165979.0,6.4e-06,6.21e-06,
17:22:41,PEPE,3.92e-06,0.26,30549553.0,3.99e-06,3.83e-06,
17:22:41,FLOKI,3.257e-05,0.56,2495807.0,3.302e-05,3.193e-05,
17:22:41,BONK,6.21e-06,-0.48,3253462.0,6.3e-06,6.12e-06,
17:22:41,WIF,0.185,0.54,5235142.0,0.192,0.179,
17:22:41,BOME,0.000529,2.72,1430499.0,0.000542,0.000515,
17:22:41,NEIRO,8.993e-05,0.31,3324591.0,9.432e-05,8.685e-05,
17:22:41,PENGU,0.009983,3.15,27476841.0,0.010218,0.0095,
17:23:41,DOGE,0.10787,0.7,120635113.0,0.10985,0.10541,
17:23:41,SHIB,6.33e-06,0.0,7156471.0,6.4e-06,6.21e-06,
17:23:41,PEPE,3.92e-06,0.51,30575980.0,3.99e-06,3.83e-06,
17:23:41,FLOKI,3.257e-05,0.49,2495674.0,3.302e-05,3.193e-05,
17:23:41,BONK,6.21e-06,-0.32,3252749.0,6.3e-06,6.12e-06,
17:23:41,WIF,0.185,0.54,5232714.0,0.192,0.179,
17:23:41,BOME,0.000528,2.33,1433036.0,0.000542,0.000516,
17:23:41,NEIRO,9.007e-05,0.3,3323452.0,9.432e-05,8.685e-05,
17:23:41,PENGU,0.009966,2.87,27478586.0,0.010218,0.0095,
17:24:41,DOGE,0.10794,0.58,120318050.0,0.10985,0.10541,
17:24:41,SHIB,6.33e-06,-0.16,7148876.0,6.4e-06,6.21e-06,
17:24:41,PEPE,3.92e-06,0.26,30538361.0,3.99e-06,3.83e-06,
17:24:41,FLOKI,3.261e-05,0.46,2494879.0,3.302e-05,3.193e-05,
17:24:41,BONK,6.21e-06,-0.64,3251250.0,6.3e-06,6.12e-06,
17:24:41,WIF,0.185,0.54,5232440.0,0.192,0.179,
17:24:41,BOME,0.000529,2.32,1433131.0,0.000542,0.000516,
17:24:41,NEIRO,9.023e-05,0.45,3327033.0,9.432e-05,8.685e-05,
17:24:41,PENGU,0.009994,3.02,27480373.0,0.010218,0.0095,
17:25:41,DOGE,0.10788,0.6,120315025.0,0.10985,0.10541,
17:25:41,SHIB,6.33e-06,0.0,7148727.0,6.4e-06,6.21e-06,
17:25:41,PEPE,3.93e-06,0.51,30364898.0,3.99e-06,3.83e-06,
17:25:41,FLOKI,3.258e-05,0.37,2494996.0,3.302e-05,3.193e-05,
17:25:41,BONK,6.21e-06,-0.64,3255598.0,6.3e-06,6.12e-06,
17:25:41,WIF,0.185,0.0,5232078.0,0.192,0.179,
17:25:41,BOME,0.000529,2.52,1431375.0,0.000542,0.000516,
17:25:41,NEIRO,9.005e-05,0.38,3326598.0,9.432e-05,8.685e-05,
17:25:41,PENGU,0.009988,2.95,27505552.0,0.010218,0.0095,
17:26:41,DOGE,0.10792,0.58,120118728.0,0.10985,0.10541,
17:26:41,SHIB,6.33e-06,-0.16,7164550.0,6.4e-06,6.21e-06,
17:26:41,PEPE,3.93e-06,0.26,30304598.0,3.99e-06,3.83e-06,
17:26:41,FLOKI,3.257e-05,0.34,2496523.0,3.302e-05,3.193e-05,
17:26:41,BONK,6.21e-06,-0.64,3253432.0,6.3e-06,6.12e-06,
17:26:41,WIF,0.186,1.09,5229545.0,0.192,0.179,
17:26:41,BOME,0.000528,2.13,1431557.0,0.000542,0.000516,
17:26:41,NEIRO,9.018e-05,0.22,3327527.0,9.432e-05,8.685e-05,
17:26:41,PENGU,0.009986,2.97,27497843.0,0.010218,0.0095,
17:28:41,DOGE,0.10812,0.69,120050705.0,0.10985,0.10541,
17:28:41,SHIB,6.33e-06,-0.16,7159270.0,6.4e-06,6.21e-06,
17:28:41,PEPE,3.92e-06,0.26,30267453.0,3.99e-06,3.83e-06,
17:28:41,FLOKI,3.258e-05,0.28,2496142.0,3.302e-05,3.193e-05,
17:28:41,BONK,6.22e-06,-0.48,3249772.0,6.3e-06,6.12e-06,
17:28:41,WIF,0.186,0.0,5215220.0,0.192,0.179,
17:28:41,BOME,0.000528,1.93,1432772.0,0.000542,0.000516,
17:28:41,NEIRO,9.031e-05,0.34,3331023.0,9.432e-05,8.685e-05,
17:28:41,PENGU,0.010001,3.18,27428851.0,0.010218,0.0095,
17:29:41,DOGE,0.108,0.46,119519031.0,0.10985,0.10541,
17:29:41,SHIB,6.32e-06,-0.47,7132750.0,6.4e-06,6.21e-06,
17:29:41,PEPE,3.92e-06,-0.25,29759280.0,3.99e-06,3.83e-06,
17:29:41,FLOKI,3.257e-05,0.03,2491123.0,3.302e-05,3.193e-05,
17:29:41,BONK,6.21e-06,-0.96,3234280.0,6.3e-06,6.12e-06,
17:29:41,WIF,0.185,-0.54,5191998.0,0.192,0.179,
17:29:41,BOME,0.000528,1.93,1431354.0,0.000542,0.000516,
17:29:41,NEIRO,9.013e-05,-0.22,3338179.0,9.432e-05,8.685e-05,
17:29:41,PENGU,0.009989,2.8,27429299.0,0.010218,0.0095,
17:31:41,DOGE,0.108,0.22,119309756.0,0.10985,0.10541,
17:31:41,SHIB,6.32e-06,-0.63,7060462.0,6.4e-06,6.21e-06,
17:31:41,PEPE,3.92e-06,-0.25,29168231.0,3.99e-06,3.83e-06,
17:31:41,FLOKI,3.258e-05,-0.21,2471757.0,3.302e-05,3.193e-05,
17:31:41,BONK,6.22e-06,-0.95,3209073.0,6.3e-06,6.12e-06,
17:31:41,WIF,0.186,0.0,5174866.0,0.192,0.179,
17:31:41,BOME,0.000528,1.73,1426622.0,0.000542,0.000516,
17:31:41,NEIRO,9.012e-05,-0.46,3333232.0,9.432e-05,8.685e-05,
17:31:41,PENGU,0.010002,2.81,27403782.0,0.010218,0.0095,
17:32:41,DOGE,0.10791,0.3,119237359.0,0.10985,0.10541,
17:32:41,SHIB,6.32e-06,-0.47,7045316.0,6.4e-06,6.21e-06,
17:32:41,PEPE,3.91e-06,-0.26,29128820.0,3.99e-06,3.83e-06,
17:32:41,FLOKI,3.255e-05,0.0,2471420.0,3.302e-05,3.193e-05,
17:32:41,BONK,6.21e-06,-0.8,3199620.0,6.3e-06,6.12e-06,
17:32:41,WIF,0.185,-0.54,5172784.0,0.192,0.179,
17:32:41,BOME,0.000528,1.93,1425710.0,0.000542,0.000516,
17:32:41,NEIRO,9.003e-05,-0.01,3330573.0,9.432e-05,8.685e-05,
17:32:41,PENGU,0.01,3.2,27367198.0,0.010218,0.0095,
17:33:41,DOGE,0.10794,0.32,119132408.0,0.10985,0.10541,
17:33:41,SHIB,6.33e-06,-0.16,7044947.0,6.4e-06,6.21e-06,
17:33:41,PEPE,3.91e-06,-0.26,29117801.0,3.99e-06,3.83e-06,
17:33:41,FLOKI,3.253e-05,-0.09,2469375.0,3.302e-05,3.193e-05,
17:33:41,BONK,6.21e-06,-0.64,3192745.0,6.3e-06,6.12e-06,
17:33:41,WIF,0.185,-0.54,5171750.0,0.192,0.179,
17:33:41,BOME,0.000527,1.54,1425749.0,0.000542,0.000516,
17:33:41,NEIRO,8.988e-05,-0.47,3329662.0,9.432e-05,8.685e-05,
17:33:41,PENGU,0.009987,3.09,27357030.0,0.010218,0.0095,
17:34:41,DOGE,0.10798,0.47,119083939.0,0.10985,0.10541,
17:34:41,SHIB,6.33e-06,-0.16,7043956.0,6.4e-06,6.21e-06,
17:34:41,PEPE,3.92e-06,0.26,29135553.0,3.99e-06,3.83e-06,
17:34:41,FLOKI,3.254e-05,-0.03,2467825.0,3.302e-05,3.193e-05,
17:34:41,BONK,6.21e-06,-0.96,3187910.0,6.3e-06,6.12e-06,
17:34:41,WIF,0.185,-0.54,5161947.0,0.192,0.179,
17:34:41,BOME,0.000527,1.35,1422686.0,0.000542,0.000516,
17:34:41,NEIRO,8.978e-05,-0.53,3330211.0,9.432e-05,8.685e-05,
17:34:41,PENGU,0.009999,3.33,27345454.0,0.010218,0.0095,
17:35:41,DOGE,0.10794,0.2,119021633.0,0.10985,0.10541,
17:35:41,SHIB,6.32e-06,-0.47,7044796.0,6.4e-06,6.21e-06,
17:35:41,PEPE,3.92e-06,-0.25,29117008.0,3.99e-06,3.83e-06,
17:35:41,FLOKI,3.253e-05,-0.09,2467065.0,3.302e-05,3.193e-05,
17:35:41,BONK,6.2e-06,-1.12,3182700.0,6.3e-06,6.12e-06,
17:35:41,WIF,0.185,-1.07,5161739.0,0.192,0.179,
17:35:41,BOME,0.000527,0.96,1422467.0,0.000542,0.000516,
17:35:41,NEIRO,8.966e-05,-0.68,3329500.0,9.432e-05,8.685e-05,
17:35:41,PENGU,0.00999,3.15,27334883.0,0.010218,0.0095,
17:36:41,DOGE,0.10791,0.01,118949981.0,0.10985,0.10541,
17:36:41,SHIB,6.33e-06,-0.47,7044071.0,6.4e-06,6.21e-06,
17:36:41,PEPE,3.92e-06,-0.51,29012209.0,3.99e-06,3.83e-06,
17:36:41,FLOKI,3.251e-05,-0.34,2465197.0,3.302e-05,3.193e-05,
17:36:41,BONK,6.2e-06,-1.27,3181156.0,6.3e-06,6.12e-06,
17:36:41,WIF,0.185,-1.07,5161739.0,0.192,0.179,
17:36:41,BOME,0.000527,0.77,1421757.0,0.000542,0.000516,
17:36:41,NEIRO,8.956e-05,-0.9,3329024.0,9.432e-05,8.685e-05,
17:36:41,PENGU,0.009977,2.76,27364437.0,0.010218,0.0095,
17:37:41,DOGE,0.10798,0.09,118852102.0,0.10985,0.10541,
17:37:41,SHIB,6.33e-06,-0.63,7038893.0,6.4e-06,6.21e-06,
17:37:41,PEPE,3.91e-06,-0.51,28982766.0,3.99e-06,3.83e-06,
17:37:41,FLOKI,3.253e-05,-0.28,2464176.0,3.302e-05,3.193e-05,
17:37:41,BONK,6.21e-06,-1.27,3168926.0,6.3e-06,6.12e-06,
17:37:41,WIF,0.185,-1.07,5161739.0,0.192,0.179,
17:37:41,BOME,0.000526,0.38,1416803.0,0.000542,0.000516,
17:37:41,NEIRO,8.969e-05,-0.92,3336336.0,9.432e-05,8.685e-05,
17:37:41,PENGU,0.009983,2.83,27361151.0,0.010218,0.0095,
17:39:41,DOGE,0.10796,-0.04,118729015.0,0.10985,0.10541,
17:39:41,SHIB,6.32e-06,-0.63,7039021.0,6.4e-06,6.21e-06,
17:39:41,PEPE,3.91e-06,-0.76,28898318.0,3.99e-06,3.83e-06,
17:39:41,FLOKI,3.252e-05,-0.4,2451091.0,3.302e-05,3.193e-05,
17:39:41,BONK,6.21e-06,-1.27,3159283.0,6.3e-06,6.12e-06,
17:39:41,WIF,0.185,-1.07,5132827.0,0.192,0.179,
17:39:41,BOME,0.000526,0.77,1403098.0,0.000542,0.000516,
17:39:41,NEIRO,8.95e-05,-1.12,3336159.0,9.432e-05,8.685e-05,
17:39:41,PENGU,0.009966,2.48,27450908.0,0.010218,0.0095,
17:40:41,DOGE,0.10794,-0.06,118128064.0,0.10985,0.10541,
17:40:41,SHIB,6.32e-06,-0.94,7017549.0,6.4e-06,6.21e-06,
17:40:41,PEPE,3.91e-06,-0.76,28793094.0,3.99e-06,3.83e-06,
17:40:41,FLOKI,3.252e-05,-0.43,2435581.0,3.302e-05,3.193e-05,
17:40:41,BONK,6.2e-06,-1.43,3152418.0,6.3e-06,6.12e-06,
17:40:41,WIF,0.185,-0.54,5112230.0,0.192,0.179,
17:40:41,BOME,0.000527,0.96,1402122.0,0.000542,0.000516,
17:40:41,NEIRO,8.952e-05,-1.23,3338683.0,9.432e-05,8.685e-05,
17:40:41,PENGU,0.009961,2.42,27450591.0,0.010218,0.0095,
17:41:41,DOGE,0.10793,-0.06,118056985.0,0.10985,0.10541,
17:41:41,SHIB,6.32e-06,-0.79,7005536.0,6.4e-06,6.21e-06,
17:41:41,PEPE,3.92e-06,-0.51,28716435.0,3.99e-06,3.83e-06,
17:41:41,FLOKI,3.252e-05,-0.4,2432290.0,3.302e-05,3.193e-05,
17:41:41,BONK,6.21e-06,-1.43,3150936.0,6.3e-06,6.12e-06,
17:41:41,WIF,0.185,-1.07,5129745.0,0.192,0.179,
17:41:41,BOME,0.000527,0.77,1402017.0,0.000542,0.000516,
17:41:41,NEIRO,8.945e-05,-1.39,3343289.0,9.432e-05,8.685e-05,
17:41:41,PENGU,0.00994,2.06,27471411.0,0.010218,0.0095,
17:42:41,DOGE,0.10789,-0.03,118023807.0,0.10985,0.10541,
17:42:41,SHIB,6.32e-06,-0.79,6993404.0,6.4e-06,6.21e-06,
17:42:41,PEPE,3.92e-06,-0.51,28712802.0,3.99e-06,3.83e-06,
17:42:41,FLOKI,3.251e-05,-0.43,2428705.0,3.302e-05,3.193e-05,
17:42:41,BONK,6.2e-06,-1.43,3150052.0,6.3e-06,6.12e-06,
17:42:41,WIF,0.186,-0.54,5129967.0,0.192,0.179,
17:42:41,BOME,0.000527,0.77,1401921.0,0.000542,0.000516,
17:42:41,NEIRO,8.949e-05,-1.34,3341154.0,9.432e-05,8.685e-05,
17:42:41,PENGU,0.009937,1.98,27458263.0,0.010218,0.0095,
17:43:41,DOGE,0.10787,0.03,117496661.0,0.10985,0.10541,
17:43:41,SHIB,6.33e-06,-0.63,6994609.0,6.4e-06,6.21e-06,
17:43:41,PEPE,3.91e-06,-0.51,28709131.0,3.99e-06,3.83e-06,
17:43:41,FLOKI,3.253e-05,-0.28,2419927.0,3.302e-05,3.193e-05,
17:43:41,BONK,6.2e-06,-1.43,3145594.0,6.3e-06,6.12e-06,
17:43:41,WIF,0.186,0.0,5131059.0,0.192,0.179,
17:43:41,BOME,0.000527,0.77,1402110.0,0.000542,0.000516,
17:43:41,NEIRO,8.952e-05,-1.27,3344432.0,9.432e-05,8.685e-05,
17:43:41,PENGU,0.009938,2.17,27460465.0,0.010218,0.0095,
17:44:41,DOGE,0.1079,0.08,117465982.0,0.10985,0.10541,
17:44:41,SHIB,6.33e-06,-0.63,6996501.0,6.4e-06,6.21e-06,
17:44:41,PEPE,3.91e-06,-0.76,28707453.0,3.99e-06,3.83e-06,
17:44:41,FLOKI,3.253e-05,-0.28,2418785.0,3.302e-05,3.193e-05,
17:44:41,BONK,6.21e-06,-1.27,3142762.0,6.3e-06,6.12e-06,
17:44:41,WIF,0.185,0.0,5138731.0,0.192,0.179,
17:44:41,BOME,0.000527,0.77,1401474.0,0.000542,0.000516,
17:44:41,NEIRO,8.954e-05,-1.34,3343440.0,9.432e-05,8.685e-05,
17:44:41,PENGU,0.009932,2.23,27443514.0,0.010218,0.0095,
17:45:41,DOGE,0.10781,0.01,117446482.0,0.10985,0.10541,
17:45:41,SHIB,6.31e-06,-0.79,7029875.0,6.4e-06,6.21e-06,
17:45:41,PEPE,3.91e-06,-0.51,28746133.0,3.99e-06,3.83e-06,
17:45:41,FLOKI,3.249e-05,-0.37,2417301.0,3.302e-05,3.193e-05,
17:45:41,BONK,6.2e-06,-1.27,3163983.0,6.3e-06,6.12e-06,
17:45:41,WIF,0.185,-0.54,5054193.0,0.192,0.179,
17:45:41,BOME,0.000526,0.77,1400330.0,0.000542,0.000516,
17:45:41,NEIRO,8.933e-05,-1.51,3343464.0,9.432e-05,8.685e-05,
17:45:41,PENGU,0.009905,2.07,27434055.0,0.010218,0.0095,
17:46:41,DOGE,0.10753,-0.27,117723148.0,0.10985,0.10541,
17:46:41,SHIB,6.31e-06,-0.79,7028935.0,6.4e-06,6.21e-06,
17:46:41,PEPE,3.91e-06,-0.76,28671667.0,3.99e-06,3.83e-06,
17:46:41,FLOKI,3.245e-05,-0.52,2419925.0,3.302e-05,3.193e-05,
17:46:41,BONK,6.19e-06,-1.43,3162403.0,6.3e-06,6.12e-06,
17:46:41,WIF,0.185,-0.54,5077201.0,0.192,0.179,
17:46:41,BOME,0.000526,0.77,1399934.0,0.000542,0.000516,
17:46:41,NEIRO,8.931e-05,-1.62,3343711.0,9.432e-05,8.685e-05,
17:46:41,PENGU,0.009883,1.71,27610118.0,0.010218,0.0095,
17:47:41,DOGE,0.10759,-0.21,117808733.0,0.10985,0.10541,
17:47:41,SHIB,6.31e-06,-0.63,7018891.0,6.4e-06,6.21e-06,
17:47:41,PEPE,3.91e-06,-0.51,28367513.0,3.99e-06,3.83e-06,
17:47:41,FLOKI,3.244e-05,-0.49,2418223.0,3.302e-05,3.193e-05,
17:47:41,BONK,6.19e-06,-1.43,3162320.0,6.3e-06,6.12e-06,
17:47:41,WIF,0.185,0.0,5077098.0,0.192,0.179,
17:47:41,BOME,0.000526,0.96,1399201.0,0.000542,0.000516,
17:47:41,NEIRO,8.932e-05,-1.56,3339960.0,9.432e-05,8.685e-05,
17:47:41,PENGU,0.00987,1.62,27622880.0,0.010218,0.0095,
17:49:41,DOGE,0.10756,-0.35,117847946.0,0.10985,0.10541,
17:49:41,SHIB,6.3e-06,-0.79,6985099.0,6.4e-06,6.21e-06,
17:49:41,PEPE,3.9e-06,-0.76,28322686.0,3.99e-06,3.83e-06,
17:49:41,FLOKI,3.241e-05,-0.61,2419250.0,3.302e-05,3.193e-05,
17:49:41,BONK,6.19e-06,-1.43,3173782.0,6.3e-06,6.12e-06,
17:49:41,WIF,0.186,0.54,5095435.0,0.192,0.179,
17:49:41,BOME,0.000525,0.77,1397624.0,0.000542,0.000516,
17:49:41,NEIRO,8.918e-05,-1.23,3327417.0,9.432e-05,8.685e-05,
17:49:41,PENGU,0.009845,1.54,27641371.0,0.010218,0.0095,
17:50:41,DOGE,0.1076,-0.37,117836810.0,0.10985,0.10541,
17:50:41,SHIB,6.31e-06,-0.79,6970919.0,6.4e-06,6.21e-06,
17:50:41,PEPE,3.9e-06,-0.51,28323187.0,3.99e-06,3.83e-06,
17:50:41,FLOKI,3.242e-05,-0.58,2417585.0,3.302e-05,3.193e-05,
17:50:41,BONK,6.19e-06,-1.43,3173495.0,6.3e-06,6.12e-06,
17:50:41,WIF,0.186,0.0,5105826.0,0.192,0.179,
17:50:41,BOME,0.000525,0.77,1397624.0,0.000542,0.000516,
17:50:41,NEIRO,8.92e-05,-1.23,3328388.0,9.432e-05,8.685e-05,
17:50:41,PENGU,0.009854,1.56,27647084.0,0.010218,0.0095,
17:51:41,DOGE,0.10764,-0.24,117721708.0,0.10985,0.10541,
17:51:41,SHIB,6.3e-06,-0.79,6970719.0,6.4e-06,6.21e-06,
17:51:41,PEPE,3.91e-06,-0.51,28318217.0,3.99e-06,3.83e-06,
17:51:41,FLOKI,3.24e-05,-0.67,2419251.0,3.302e-05,3.193e-05,
17:51:41,BONK,6.18e-06,-1.59,3171810.0,6.3e-06,6.12e-06,
17:51:41,WIF,0.185,-0.54,5105833.0,0.192,0.179,
17:51:41,BOME,0.000524,0.58,1397619.0,0.000542,0.000516,
17:51:41,NEIRO,8.912e-05,-1.44,3335566.0,9.432e-05,8.685e-05,
17:51:41,PENGU,0.009873,1.87,27654261.0,0.010218,0.0095,
17:52:41,DOGE,0.10759,-0.38,117625177.0,0.10985,0.10541,
17:52:41,SHIB,6.31e-06,-0.63,6916908.0,6.4e-06,6.21e-06,
17:52:41,PEPE,3.9e-06,-0.76,28082591.0,3.99e-06,3.83e-06,
17:52:41,FLOKI,3.24e-05,-0.67,2414144.0,3.302e-05,3.193e-05,
17:52:41,BONK,6.18e-06,-1.75,3169831.0,6.3e-06,6.12e-06,
17:52:41,WIF,0.186,0.54,5105815.0,0.192,0.179,
17:52:41,BOME,0.000524,0.58,1396005.0,0.000542,0.000516,
17:52:41,NEIRO,8.911e-05,-1.51,3335885.0,9.432e-05,8.685e-05,
17:52:41,PENGU,0.009858,1.69,27650596.0,0.010218,0.0095,
17:54:41,DOGE,0.10759,-0.32,117522036.0,0.10985,0.10541,
17:54:41,SHIB,6.3e-06,-1.1,6891068.0,6.4e-06,6.21e-06,
17:54:41,PEPE,3.9e-06,-1.01,27787672.0,3.99e-06,3.83e-06,
17:54:41,FLOKI,3.24e-05,-0.73,2414481.0,3.302e-05,3.193e-05,
17:54:41,BONK,6.18e-06,-1.75,3139294.0,6.3e-06,6.12e-06,
17:54:41,WIF,0.185,0.0,5102470.0,0.192,0.179,
17:54:41,BOME,0.000524,0.38,1396080.0,0.000542,0.000516,
17:54:41,NEIRO,8.918e-05,-1.33,3336134.0,9.432e-05,8.685e-05,
17:54:41,PENGU,0.009882,2.04,27664557.0,0.010218,0.0095,
17:55:41,DOGE,0.10755,-0.08,117441461.0,0.10985,0.10541,
17:55:41,SHIB,6.3e-06,-0.94,6858463.0,6.4e-06,6.21e-06,
17:55:41,PEPE,3.91e-06,-0.76,27755716.0,3.99e-06,3.83e-06,
17:55:41,FLOKI,3.24e-05,-0.61,2409397.0,3.302e-05,3.193e-05,
17:55:41,BONK,6.18e-06,-1.59,3139036.0,6.3e-06,6.12e-06,
17:55:41,WIF,0.185,0.0,5102441.0,0.192,0.179,
17:55:41,BOME,0.000524,0.58,1395840.0,0.000542,0.000516,
17:55:41,NEIRO,8.913e-05,-1.32,3336171.0,9.432e-05,8.685e-05,
17:55:41,PENGU,0.009878,2.12,27653818.0,0.010218,0.0095,
