time,open,high,low,close,volume,is_fat_finger
0,120.8958842415719,121.09203761317562,120.86852993784389,120.8958842415719,598185,False
1,121.0159856350591,121.01867266608274,120.99929804182669,121.0159856350591,183984,False
2,120.98252125369035,121.15926763613082,120.74580564730664,120.98252125369035,201069,False
3,121.13923923834344,121.22248933748276,121.04345189570769,121.13923923834344,348577,False
4,121.50823659462854,121.72445192910305,121.47110390508915,121.50823659462854,976143,False
5,121.45133346731792,121.6080374019616,121.34141192814299,121.45133346731792,428396,False
6,121.394460976047,121.48721912662369,121.3781478587099,121.394460976047,441530,False
7,121.77787635305698,121.83893203822936,121.76869269603719,121.77787635305698,218728,False
8,121.96478949616862,122.13774287604451,121.76245719127387,121.96478949616862,623846,False
9,121.85027080685981,121.95180802318366,121.65097505951624,121.85027080685981,125801,False
10,121.98249298333968,122.06035159882927,121.86442057657472,121.98249298333968,842647,False
11,121.86943529241599,121.88276873472525,121.8559331978387,121.86943529241599,859925,False
12,121.75591884828303,121.76514299672549,121.72042828596378,121.75591884828303,714997,False
13,121.81483952568531,121.97824584650009,121.74748859624802,121.81483952568531,415414,False
14,121.348707673744,121.43277258046037,121.3300595299455,121.348707673744,564838,False
15,120.9300745741063,121.11245984380508,120.92481055247572,120.9300745741063,941967,False
16,120.7940796284199,120.93383577847462,120.7439860352955,120.7940796284199,355560,False
17,120.54939162242026,120.552167254616,120.46468665872766,120.54939162242026,868026,False
18,120.6251562719469,120.71305317764418,120.39532548837032,120.6251562719469,832119,False
19,120.40609517993003,120.44125478865442,120.31894479739604,120.40609517993003,116220,False
20,120.06599523215814,120.12050922584801,120.00448600556972,120.06599523215814,375536,False
21,120.41794438836085,120.53718686741036,120.39973345352287,120.41794438836085,578803,False
22,120.36356935236846,120.43421863755425,120.12728532834294,120.36356935236846,495462,False
23,120.37982522386484,120.42524959713742,120.30567652494415,120.37982522386484,382154,False
24,120.03680334857606,120.12290377675279,119.91391796940293,120.03680334857606,226951,False
25,119.90611142447568,119.9738562084527,119.82043897653953,119.90611142447568,430502,False
26,119.93271201727818,119.98346902510607,119.914320963426,119.93271201727818,583419,False
27,119.65662845476872,119.6962928636047,119.58619432026057,119.65662845476872,248306,False
28,119.74653797115349,119.76351394196658,119.65932115344054,119.74653797115349,982622,False
29,119.60268916377487,119.73836602172422,119.50369306134368,119.60268916377487,740083,False
30,119.5329144499998,119.6799129471724,119.41705949308844,119.5329144499998,542667,False
31,119.38906695999256,119.65419232647979,119.35577130272422,119.38906695999256,225223,False
32,119.8313504883903,119.83240837612117,119.5853199274306,119.8313504883903,622886,False
33,119.82811570705391,119.95349843989078,119.78560446365128,119.82811570705391,699493,False
34,119.57462869189483,119.57810863743673,119.56155433307791,119.57462869189483,515000,False
35,119.77133969678913,119.88989657193956,119.61613675238755,119.77133969678913,101082,False
36,119.47889553775443,119.55239748179737,119.4112197010055,119.47889553775443,504364,False
37,119.52880512105284,119.54421228651157,119.26095938728041,119.52880512105284,258566,False
38,119.06033106437529,119.10088945863497,119.05966006055432,119.06033106437529,961525,False
39,118.74406252298142,118.88691731236189,118.64170932609208,118.74406252298142,414096,False
40,118.79081472878222,118.88292794579596,118.631222799713,118.79081472878222,136719,False
41,118.9662608221575,119.06344055007813,118.87695370729487,118.9662608221575,148737,False
42,119.00703490943089,119.05776386643608,118.96060384587166,119.00703490943089,552669,False
43,118.9795089910721,119.02732911101288,118.83864671321898,118.9795089910721,207271,False
44,118.90785865135888,118.99370576461214,118.82558257948578,118.90785865135888,794896,False
45,118.55624288367181,118.65648528133428,118.43817350200696,118.55624288367181,281676,False
46,118.38555883405412,118.52184661456927,118.36666352249105,118.38555883405412,544049,False
47,118.27649287741271,118.34194277961326,118.06761064120431,118.27649287741271,692127,False
48,118.52655829633258,118.570106208667,118.19633738596185,118.52655829633258,934363,False
49,118.60801408279302,118.63217775286482,118.42555576441387,118.60801408279302,402069,False
50,118.18979269964144,118.40330447608812,118.13300029668753,118.18979269964144,282075,False
51,118.26639953396153,118.3078767955261,117.99190274804336,118.26639953396153,542113,False
52,118.1753149443032,118.29939833573135,118.10399873666712,118.1753149443032,187745,False
53,118.01532400314542,118.05531840491113,117.90817249558678,118.01532400314542,226298,False
54,118.15969835397061,118.1991798159297,118.15505783186785,118.15969835397061,717997,False
55,118.40334353913303,118.56255447987205,118.31315900559494,118.40334353913303,404431,False
56,118.6238768988828,118.64897775638148,118.5258990148024,118.6238768988828,846086,False
57,118.4247744265505,118.43556302612838,118.29151518580491,118.4247744265505,526228,False
58,118.35153761483033,118.56534377095204,118.22211638729637,118.35153761483033,731540,False
59,118.42994868775469,118.53182126453517,118.38952738018143,118.42994868775469,797143,False
60,118.66101620645007,118.93331577948177,118.59758671807069,118.66101620645007,471467,False
61,118.54729760244473,118.5922045670199,118.46875260266387,118.54729760244473,561531,False
62,118.50327886252646,118.54805286409136,118.48653374199996,118.50327886252646,839126,False
63,118.24107021864646,118.31119570253858,118.14240647217413,118.24107021864646,539707,False
64,117.95818871577859,117.99531090179514,117.75330207231738,117.95818871577859,320013,False
65,118.14987686436743,118.20576777328874,118.02321333636921,118.14987686436743,551800,False
66,118.47035604911576,118.58140154711235,118.31606727737567,118.47035604911576,899235,False
67,118.45329391963024,118.56917940763422,118.36577786808104,118.45329391963024,280697,False
68,118.69103747425429,118.85800975352669,118.53907350479595,118.69103747425429,743107,False
69,118.77688338425624,118.81981119377654,118.72409498285066,118.77688338425624,979793,False
70,118.62363275653301,118.69578307764186,118.6067105973277,118.62363275653301,113698,False
71,118.70937287570833,118.73560079301329,118.70283880825201,118.70937287570833,115376,False
72,119.0745315882385,119.18504973813864,119.0178047480452,119.0745315882385,576870,False
73,119.06599965058714,119.07465868104813,119.039179027642,119.06599965058714,375261,False
74,119.43859137254003,119.46096168918126,119.24998715225566,119.43859137254003,336591,False
75,118.81279404256486,118.9774006460451,118.65871358977387,118.81279404256486,531172,False
76,119.00809910851565,119.10250649663487,118.92988559240959,119.00809910851565,148786,False
77,119.02881772076363,119.14743286976595,118.93767196080282,119.02881772076363,737293,False
78,118.95763673793209,119.04443591719311,118.94640496460349,118.95763673793209,318850,False
79,118.97946802817589,119.10113468916467,118.96334318478894,118.97946802817589,428624,False
80,118.50650824391879,118.54241113882493,118.41498393925086,118.50650824391879,787055,False
81,118.45444314714484,118.45727362755228,118.45044849576709,118.45444314714484,939665,False
82,118.53904628874338,118.57036086831589,118.50314279398425,118.53904628874338,473166,False
83,118.88942258990232,118.89666507586588,118.84205133183933,118.88942258990232,515718,False
84,118.76618889591013,118.79249295798854,118.73704319082114,118.76618889591013,543226,False
85,118.57414548798543,118.73638680819256,118.49075074271256,118.57414548798543,192529,False
86,118.4551546626142,118.6036139899844,118.44066482746483,118.4551546626142,567121,False
87,118.67202286147597,118.99508106778207,118.47664499353854,118.67202286147597,865784,False
88,118.75004997987851,118.86197727286566,118.4482324960508,118.75004997987851,539705,False
89,118.62423187852913,118.62603817215368,118.54045577161857,118.62423187852913,725207,False
90,118.7460037885318,118.87043192295857,118.71893074894224,118.7460037885318,969965,False
91,118.76905893061713,118.90418700168925,118.69487787751481,118.76905893061713,574381,False
92,118.99914903854402,119.00205349117877,118.86812703826058,118.99914903854402,572803,False
93,118.83206159704146,118.85758987364899,118.81065929303765,118.83206159704146,586275,False
94,118.7541880602664,118.82090208430641,118.66734020035973,118.7541880602664,822670,False
95,118.66105908955235,118.84539047733757,118.60054468844139,118.66105908955235,309870,False
96,118.31373462207485,118.52029518002263,118.22779633967056,118.31373462207485,693695,False
97,118.38380481382852,118.54945729978068,118.34298874803294,118.38380481382852,698097,False
98,118.44561424660326,118.49085244912837,118.22388750284681,118.44561424660326,379373,False
99,118.44682557962913,118.50726042452244,118.30785835202985,118.44682557962913,666464,False
100,118.39125337708892,118.44864835288834,118.34923942276862,118.39125337708892,719113,False
101,118.0561183447997,118.17363183035924,117.95354574935433,118.0561183447997,197555,False
102,117.95679883678855,118.17233675455098,117.83131946297534,117.95679883678855,627433,False
103,117.87594782221976,118.07107599811087,117.76350724180577,117.87594782221976,197289,False
104,117.68680943516831,117.7204094543468,117.63346735904986,117.68680943516831,763162,False
105,117.6488470335414,117.65876763459391,117.55921324420991,117.6488470335414,888695,False
106,117.74391926843568,117.93834233484974,117.69853254636371,117.74391926843568,520129,False
107,118.18809310939045,118.29405921273812,118.00669952163624,118.18809310939045,157788,False
108,118.22935914698606,118.42706816616685,118.17577961420105,118.22935914698606,763515,False
109,118.29025918227246,118.29058450899721,118.1901603934323,118.29025918227246,756282,False
110,118.27264672893038,118.27513757433157,118.16818447457138,118.27264672893038,827591,False
111,117.81877042872897,117.84567297063569,117.76430723355162,117.81877042872897,251744,False
112,117.81252276431951,117.88554403890996,117.66730986982637,117.81252276431951,269598,False
113,117.82671451027907,117.99274494997023,117.80277439163126,117.82671451027907,931776,False
114,118.40718596059408,118.45557138907998,118.31573797817012,118.40718596059408,512230,False
115,118.36163211953728,118.4183058880652,118.24915812713766,118.36163211953728,697640,False
116,118.4330153907371,118.5134995883169,118.2824249517883,118.4330153907371,584495,False
117,118.42479335162561,118.44248832189865,118.2540668230637,118.42479335162561,402468,False
118,118.14799244142625,118.1820654009275,118.05031914465772,118.14799244142625,607745,False
119,118.41803688392868,118.43224009409289,118.32054377963293,118.41803688392868,980507,False
120,118.59612175112656,118.68393116435742,118.56612680275623,118.59612175112656,326710,False
121,118.78374839332764,118.78777525553954,118.77991711509824,118.78374839332764,794058,False
122,118.56770749208287,118.69123696710201,118.35231666385411,118.56770749208287,963601,False
123,118.90035970314415,119.04702300956816,118.78100160951226,118.90035970314415,909816,False
124,118.56699851191168,118.74362034984239,118.46802474278921,118.56699851191168,627800,False
125,118.70616228024632,118.87894869309793,118.5670974878581,118.70616228024632,786860,False
126,119.22620344221647,119.32247405130103,119.07829217908115,119.22620344221647,223775,False
127,118.9900076713826,119.00267866541915,118.98662080543686,118.9900076713826,178743,False
128,118.85524012900316,118.90917574379607,118.85265746513369,118.85524012900316,447786,False
129,118.87892830285651,118.94715648712453,118.54222533654433,118.87892830285651,491731,False
130,118.75922301048068,118.88905499994337,118.62151025614861,118.75922301048068,704146,False
131,118.39091184203232,118.61637946160766,118.13766017030679,118.39091184203232,679088,False
132,118.40714630824411,118.47882915676158,118.38986627289438,118.40714630824411,556356,False
133,118.1555776057342,118.29008774913261,117.99871243521147,118.1555776057342,724652,False
134,118.267492780117,118.27080579738195,118.00621813128669,118.267492780117,605533,False
135,118.05001678214877,118.07509402088971,118.00715873964758,118.05001678214877,364531,False
136,118.41595634719586,118.59407932004827,118.2462723110625,118.41595634719586,287232,False
137,118.23045697184769,118.23165886965656,118.07787486537094,118.23045697184769,828927,False
138,118.1543020113796,118.18931874484072,118.05208004306957,118.1543020113796,232871,False
139,118.3465431293647,118.37592549107391,118.28867258227618,118.3465431293647,219095,False
140,118.05520605554221,118.24711652373695,117.98251504303721,118.05520605554221,659836,False
141,118.10891171444037,118.14297564134152,118.02418130671809,118.10891171444037,190450,False
142,118.4176821307678,118.48431481605547,118.37687699191264,118.4176821307678,729957,False
143,118.03697325336618,118.20472186855848,117.99966552649529,118.03697325336618,966603,False
144,118.08056049700866,118.14162433332186,118.01372517782963,118.08056049700866,533595,False
145,118.14193470902542,118.20400516655893,118.09000184481057,118.14193470902542,407558,False
146,118.3266668423685,118.44852941046295,118.2507864334857,118.3266668423685,697359,False
147,118.0339383330355,118.1595016109818,117.85896315372572,118.0339383330355,737096,False
148,117.72222094415501,117.81520353888695,117.67796495627455,117.72222094415501,600884,False
149,117.84510918477,117.87284854003508,117.64760773238703,117.84510918477,178591,False
150,117.91510556725672,118.07143667976636,117.9023220990165,117.91510556725672,848501,False
151,117.97417934904146,118.0519251305294,117.74537958759083,117.97417934904146,366441,False
152,118.05592323544617,118.25242457313986,117.95085226823478,118.05592323544617,733801,False
153,117.89536134278843,118.00382642630528,117.7403716919768,117.89536134278843,972911,False
154,117.9501246098884,117.98567042749715,117.7410487472232,117.9501246098884,198752,False
155,118.01926047937903,118.02113909167463,117.97634710709625,118.01926047937903,236080,False
156,117.85064602722329,117.95859843517829,117.64899092747726,117.85064602722329,317885,False
157,118.29041149018236,118.37584897363634,118.20628424221842,118.29041149018236,477625,False
158,118.40251127256685,118.43945131787521,118.17490445502642,118.40251127256685,247892,False
159,118.12040462105368,118.24517851174421,117.96175412098275,118.12040462105368,564764,False
160,118.27550937686816,118.40070444364625,118.22871954121284,118.27550937686816,253325,False
161,118.0449474348153,118.15361759414762,117.7807211534935,118.0449474348153,522418,False
162,118.23077015616636,118.28899767436913,118.11975688411067,118.23077015616636,691444,False
163,118.50473345137752,118.55033354358798,118.39441914369864,118.50473345137752,867248,False
164,118.31022397260847,118.34437210702696,118.12951345974433,118.31022397260847,160263,False
165,118.53817846385,118.64382169748701,118.51507451876871,118.53817846385,723540,False
166,118.63603906221735,118.67395901684304,118.51111530984623,118.63603906221735,218632,False
167,118.83109098472255,118.88872421732324,118.74468895310896,118.83109098472255,961287,False
168,119.28188694372443,119.3376896564468,119.26976362802618,119.28188694372443,116575,False
169,119.22334622870365,119.31928818501981,119.06649219568847,119.22334622870365,374348,False
170,119.04362033332707,119.05374844930842,119.02637795098818,119.04362033332707,111952,False
171,118.83183829724435,118.8559513523965,118.69838382127668,118.83183829724435,619826,False
172,118.63794982551588,118.6640919147812,118.59200522695787,118.63794982551588,183323,False
173,118.61965544805001,118.80587246381863,118.49633500497418,118.61965544805001,806502,False
174,118.70059010746635,118.70873736561796,118.69865324473197,118.70059010746635,264944,False
175,118.76627682978192,118.84219586358097,118.64972150687906,118.76627682978192,784736,False
176,118.96275977926987,119.06874246616519,118.88312418172535,118.96275977926987,821444,False
177,118.96585326115017,119.06723615537088,118.96106454074331,118.96585326115017,242712,False
178,119.31169510461653,119.48622023225988,119.08599145421455,119.31169510461653,388581,False
179,119.24854179382726,119.35977010898998,119.034372428595,119.24854179382726,227129,False
180,119.89729420692393,120.16505829457432,119.70746015082494,119.89729420692393,974113,False
181,120.04732585106522,120.10592152916743,119.98604862914138,120.04732585106522,878810,False
182,119.84152690610361,119.94555701013164,119.7963325242966,119.84152690610361,632191,False
183,119.58485212186373,119.64612802368103,119.408415267645,119.58485212186373,314776,False
184,119.70024490672321,119.8077342473393,119.57784987489754,119.70024490672321,651151,False
185,119.64674780646112,119.81974081075559,119.4955419463933,119.64674780646112,405525,False
186,119.81760348056177,119.8195583768551,119.65338638071269,119.81760348056177,914980,False
187,119.93100787666823,120.0257987697807,119.92042567377393,119.93100787666823,543172,False
188,119.91353898687323,120.06948976503496,119.79675457729742,119.91353898687323,635755,False
189,119.71045492382237,119.73001626745464,119.46446734248222,119.71045492382237,420098,False
190,119.3477688230079,119.49046385241122,119.27824337051406,119.3477688230079,386045,False
191,119.24118769645727,119.26749740003768,119.05280692443851,119.24118769645727,909733,False
192,119.44542371521115,119.53408184369333,119.30064909487884,119.44542371521115,857902,False
193,119.49656875117596,119.55673577087342,119.23848732012976,119.49656875117596,971612,False
194,119.19884573194324,119.21012477880582,118.97695893408907,119.19884573194324,694191,False
195,119.24013166487174,119.2561284012984,119.18005380590024,119.24013166487174,466099,False
196,119.332022255055,119.38120007462938,119.26511845611127,119.332022255055,644043,False
197,119.1210772645609,119.1874639524002,118.92986208440779,119.1210772645609,421961,False
198,119.15770106500659,119.17368549581946,119.04723590728067,119.15770106500659,888525,False
199,119.17157309915052,119.21965512481805,119.04216200307127,119.17157309915052,356094,False
200,118.89915396235436,118.96447238432708,118.86226894705102,118.89915396235436,562753,False
201,118.98423519124204,119.14067326323551,118.81508924227985,118.98423519124204,982751,False
202,119.11768422719604,119.18504662225287,119.11568006426286,119.11768422719604,385084,False
203,119.37570533916889,119.51862032019322,119.32042675420881,119.37570533916889,799400,False
204,119.62730206566793,119.8038799895245,119.28225812334014,119.62730206566793,753002,False
205,119.29768832641349,119.3430700328452,119.24200550946192,119.29768832641349,191544,False
206,119.07392760778049,119.11333847886512,118.97985737016279,119.07392760778049,708725,False
207,119.19658215202661,119.2298370204091,118.99394560611275,119.19658215202661,455113,False
208,119.31906521063954,119.42189638598244,119.3110741312825,119.31906521063954,207001,False
209,119.44197522757742,119.5912054584707,119.41892194808905,119.44197522757742,187725,False
210,120.36233094610799,120.49569036769702,120.2462292301642,120.36233094610799,477928,False
211,120.49975837127207,120.66868795469063,120.41242394717837,120.49975837127207,210675,False
212,120.77342914178503,120.93287231437947,120.66770886924202,120.77342914178503,194266,False
213,121.00386527055382,121.0398766189559,120.94862733295358,121.00386527055382,371380,False
214,121.16150698897665,121.29289103872878,121.00588266002967,121.16150698897665,959029,False
215,121.08510999540084,121.1387621869522,120.95871585521718,121.08510999540084,315196,False
216,121.26890973849393,121.41222065451684,121.26632121697143,121.26890973849393,234974,False
217,121.08147039612315,121.11514548147467,120.95799435473573,121.08147039612315,723944,False
218,121.02412170588066,121.06492960410648,120.73745293297894,121.02412170588066,396508,False
219,120.90664031171254,121.00110427162112,120.81092406136513,120.90664031171254,731359,False
220,120.92643856595576,121.05038723602335,120.79115015829859,120.92643856595576,456554,False
221,121.48624539988377,121.63000296670678,121.27157622853,121.48624539988377,251168,False
222,121.03255132505605,121.23514790500857,120.90374307233657,121.03255132505605,243092,False
223,121.19867096848375,121.31807522074718,121.09531732740523,121.19867096848375,682761,False
224,120.80775292800782,120.9774808537941,120.73980778097729,120.80775292800782,341472,False
225,120.69372687152553,120.7525517166153,120.61419524116141,120.69372687152553,406297,False
226,120.95658588337945,121.02113412296276,120.90259907896153,120.95658588337945,272349,False
227,120.97213606668005,121.14273264295917,120.92720652729211,120.97213606668005,400646,False
228,120.71138189083841,120.72889428718581,120.65158390876928,120.71138189083841,115675,False
229,120.53869129240557,120.57822098229451,120.49130576623647,120.53869129240557,218384,False
230,120.70252693892927,120.79921943554118,120.65369613809439,120.70252693892927,178229,False
231,120.526212742849,120.65999115462014,120.46532157148,120.526212742849,713337,False
232,120.57839061088494,120.71670142575684,120.40881273084527,120.57839061088494,807508,False
233,120.5893805691105,120.60660186528459,120.44159967250692,120.5893805691105,451301,False
234,120.4322284045177,120.50180818567654,120.33105810244382,120.4322284045177,320319,False
235,120.94862833302197,121.02170157592629,120.9453318016736,120.94862833302197,729999,False
236,121.10197160546912,121.26951164329378,120.97406079168712,121.10197160546912,734378,False
237,120.61147408541625,120.67614260079634,120.39396290265995,120.61147408541625,979753,False
238,120.65645114492409,120.68830900425459,120.5245588059892,120.65645114492409,826262,False
239,120.49675353241469,120.62463595753088,120.22819178204739,120.49675353241469,912897,False
240,120.7021844313062,120.70767215324008,120.65361596073764,120.7021844313062,918718,False
241,120.51086646263431,120.56785811025546,120.4194054250633,120.51086646263431,154795,False
242,120.48321248668228,120.50893229540388,120.45107963927354,120.48321248668228,470283,False
243,120.60489746595522,120.68482544631061,120.55819329587756,120.60489746595522,834543,False
244,120.81372609880222,120.91123968762929,120.68114033439274,120.81372609880222,203845,False
245,120.5237015360834,120.64463294088469,120.48225731440368,120.5237015360834,412130,False
246,120.4430708818595,120.4577426191016,120.324025620448,120.4430708818595,437540,False
247,120.32866313830517,120.51460186774665,120.29666382570859,120.32866313830517,941610,False
248,120.17143467201564,120.46155463003738,120.15450039605666,120.17143467201564,897177,False
249,120.59574900982038,120.65245838805126,120.57753508302774,120.59574900982038,878520,False
250,120.69342715535761,120.74521234512943,120.61614488984037,120.69342715535761,353730,False
251,120.38906634396982,120.41871120312578,120.14407349729554,120.38906634396982,303426,False
252,120.61006742964699,120.68191511820865,120.56686410338213,120.61006742964699,966069,False
253,121.12197423368286,121.28257833428138,121.08821645854484,121.12197423368286,329333,False
254,121.37208269505416,121.45131542037883,121.34000762520664,121.37208269505416,672854,False
255,121.00326450074985,121.04939630156589,120.90955211360439,121.00326450074985,930154,False
256,120.88607669355123,120.90250841033749,120.83937785832117,120.88607669355123,973055,False
257,121.19238053024021,121.26729064380451,120.90249805962893,121.19238053024021,473218,False
258,121.0208522359064,121.20352809237664,120.92798315672127,121.0208522359064,699262,False
259,121.12827504677261,121.15738559161791,121.11885457374386,121.12827504677261,576908,False
260,121.3159352201414,121.5185167778178,121.26060243373556,121.3159352201414,446228,False
261,121.0910323460543,121.18111216807169,120.96514199865565,121.0910323460543,270951,False
262,121.07661637242173,121.17743750272614,121.0256328266007,121.07661637242173,517983,False
263,120.29173300783371,120.30894864785378,120.2873457064974,120.29173300783371,348595,False
264,120.0452822785379,120.13976161751206,119.93591774806553,120.0452822785379,728705,False
265,119.98464304848078,120.02032586382617,119.887386146047,119.98464304848078,954531,False
266,119.68521340910088,119.69738779206719,119.5774120135281,119.68521340910088,279729,False
267,120.07596439966586,120.14511395166943,119.96571024415576,120.07596439966586,239570,False
268,119.73251318929287,120.07972475958721,119.65576934194847,119.73251318929287,304739,False
269,119.62713792467822,119.71067604522037,119.5475533984379,119.62713792467822,387251,False
270,119.65841816682094,119.6886859670229,119.53623938360684,119.65841816682094,784153,False
271,120.0033391306524,120.18494453728265,119.96510411768386,120.0033391306524,940271,False
272,119.65872262530671,119.706350150941,119.48448611184277,119.65872262530671,713529,False
273,119.93708800288056,120.00198900430686,119.85677541429204,119.93708800288056,647685,False
274,119.93954264996064,120.06750256042739,119.85978015912359,119.93954264996064,631992,False
275,119.7040992525333,119.84189416119663,119.53287896206051,119.7040992525333,902874,False
276,119.81473061282959,119.84097385066187,119.7873171812512,119.81473061282959,819148,False
277,119.8624311804316,120.00550435598524,119.80831693818203,119.8624311804316,229576,False
278,119.71854427216805,119.78502494418146,119.60029406374677,119.71854427216805,109765,False
279,119.73525748017236,119.75437294694855,119.64499008388876,119.73525748017236,477972,False
280,119.64298623471065,119.71135124057689,119.53459385977885,119.64298623471065,110002,False
281,119.67014934306124,119.76406427242192,119.58364156309057,119.67014934306124,884141,False
282,119.82862389647035,119.90310000431158,119.78676830118205,119.82862389647035,897822,False
283,120.20872432158106,120.24871261689296,120.10407609303623,120.20872432158106,275508,False
284,119.91113187746214,120.04227839948916,119.82961296727903,119.91113187746214,358446,False
285,120.42268077003702,120.43766464184654,120.31659860385105,120.42268077003702,577698,False
286,119.95252947820306,120.02078574965027,119.94097245604861,119.95252947820306,345620,False
287,119.91611546602984,119.9825895217254,119.87933738844085,119.91611546602984,630929,False
288,120.05721289415675,120.29012249348442,119.99109537148121,120.05721289415675,526925,False
289,120.12468309512913,120.2138136192905,120.05064239327781,120.12468309512913,211119,False
290,119.97507993016525,120.13004396973645,119.94082033949311,119.97507993016525,532525,False
291,119.92514096292153,120.06131196647526,119.91002292046561,119.92514096292153,377768,False
292,119.8068945497539,119.86534898596216,119.71368638182473,119.8068945497539,109966,False
293,119.66567462718079,119.70122531882402,119.50991862298463,119.66567462718079,320422,False
294,119.86901104339016,120.0633459061399,119.78613214624022,119.86901104339016,265261,False
295,119.95460122984976,120.03309974822874,119.851298182037,119.95460122984976,171301,False
296,119.7883658414741,119.8998485872907,119.65901762522059,119.7883658414741,739411,False
297,120.00388903945277,120.01787073796787,119.75502753250927,120.00388903945277,510439,False
298,120.07764331466308,120.2775487949042,119.98322577703347,120.07764331466308,595521,False
299,120.27285644980296,120.37919671574011,120.18979233842677,120.27285644980296,440327,False
300,120.42431096844564,120.73601925787808,120.29338079979522,120.42431096844564,858912,False
301,120.22464866247249,120.23183422972201,120.20636358912073,120.22464866247249,104959,False
302,120.08995352498238,120.20398168807122,119.90432650377913,120.08995352498238,412946,False
303,120.26943843359992,120.39136830379917,120.17109361443572,120.26943843359992,748413,False
304,120.41625621172041,120.51836102955707,120.15083636538989,120.41625621172041,485939,False
305,120.41122242833237,120.53595773636465,120.41058718723542,120.41122242833237,127215,False
306,120.43947749562943,120.45712892909066,120.32196318736887,120.43947749562943,155046,False
307,120.74724008055595,120.8381243927842,120.69858563539995,120.74724008055595,857553,False
308,120.60437885553087,120.74759238271997,120.54925782230754,120.60437885553087,456737,False
309,120.73634353518987,120.75825879113899,120.56415977951664,120.73634353518987,527310,False
310,120.68751953210078,120.83415167147585,120.63045210141243,120.68751953210078,794029,False
311,120.63497672316826,120.69214975219494,120.49070013045508,120.63497672316826,267198,False
312,120.90007856309514,120.98720231007246,120.85845010275021,120.90007856309514,441180,False
313,121.09966436597497,121.28358064875542,121.08285184735462,121.09966436597497,996296,False
314,121.29669585373131,121.37655669000236,121.10899866246919,121.29669585373131,744621,False
315,121.6133963853611,121.83965178543023,121.54801982774754,121.6133963853611,641060,False
316,121.61850508239729,121.72361309884826,121.48192272187056,121.61850508239729,676231,False
317,121.78438128420807,121.85396574402044,121.62817705242394,121.78438128420807,431012,False
318,121.70880999423848,121.73273350971029,121.62153515797387,121.70880999423848,411999,False
319,121.78771779624157,121.91048030345391,121.76606660246924,121.78771779624157,777578,False
320,121.75601814508461,121.82293581086769,121.72728914464695,121.75601814508461,725412,False
321,121.7796378300319,121.98003750258567,121.7455487206482,121.7796378300319,419349,False
322,121.9245938440513,122.10815683008829,121.86472524754777,121.9245938440513,760319,False
323,121.72507139509521,121.86683040127282,121.67614144982282,121.72507139509521,314051,False
324,122.23446337613322,122.24512906808098,122.12081707867422,122.23446337613322,538350,False
325,121.98852338658386,122.09263100927782,121.93581899964583,121.98852338658386,650162,False
326,121.69228923461031,121.73724075164805,121.4723194303044,121.69228923461031,755295,False
327,121.97415556137774,121.98598341680278,121.93762033725585,121.97415556137774,625589,False
328,122.16728033854889,122.18490760408648,122.09687998591686,122.16728033854889,420161,False
329,122.31977437985819,122.36001074616269,122.2007124761611,122.31977437985819,667607,False
330,122.47349254170979,122.51749758357212,122.3970818265786,122.47349254170979,844976,False
331,122.47049273162393,122.61845898746373,122.2679049279242,122.47049273162393,317291,False
332,122.25071836166099,122.2814742989481,122.12425349514103,122.25071836166099,384599,False
333,122.26925268504954,122.30770385513487,122.25514033107684,122.26925268504954,759472,False
334,122.10366057222251,122.328099397165,121.91029624651858,122.10366057222251,419177,False
335,122.34179195011555,122.48463017817998,122.08603277578305,122.34179195011555,604283,False
336,122.30580942297063,122.36947608604419,122.20524565041269,122.30580942297063,603294,False
337,122.10388321731041,122.18082682991688,122.10225522491292,122.10388321731041,289432,False
338,122.02539829875663,122.25440564936292,121.98357939505237,122.02539829875663,575634,False
339,122.12617454911278,122.17631125356252,122.05293992098976,122.12617454911278,469068,False
340,121.98848350284607,122.09586814468148,121.74889419834437,121.98848350284607,132735,False
341,121.78788066452555,121.85957142679501,121.57683765503222,121.78788066452555,959213,False
342,121.84723696259084,121.85746326670294,121.61559065435358,121.84723696259084,341207,False
343,121.90693396226644,121.94755823339234,121.71510125496347,121.90693396226644,228305,False
344,121.78333418586125,121.80401843938604,121.71321405111655,121.78333418586125,823001,False
345,121.66860495508632,121.87415887257028,121.55812996445322,121.66860495508632,732337,False
346,121.72507133940275,121.74860326972482,121.66342723443847,121.72507133940275,514927,False
347,121.37253499985427,121.4170872655517,121.29676358798592,121.37253499985427,367774,False
348,121.03088010742117,121.11618535509628,120.85838958827412,121.03088010742117,165488,False
349,120.85697223460862,121.15729817929308,120.63844132563015,120.85697223460862,234278,False
350,120.80537908163264,120.95670179848489,120.6625153217854,120.80537908163264,622059,False
351,120.88049769427548,121.01953106536034,120.64123913031895,120.88049769427548,942721,False
352,121.23718128183788,121.27920647723978,121.21921471459649,121.23718128183788,381097,False
353,121.4451417522704,121.6222118385397,121.40048609114025,121.4451417522704,463076,False
354,121.40629423738429,121.58794223212178,121.3504290143374,121.40629423738429,765428,False
355,121.40167686272046,121.41102274517745,121.36350200560352,121.40167686272046,358946,False
356,121.15825937077817,121.17329180626173,121.07616345142338,121.15825937077817,178930,False
357,121.1537733321135,121.30818295391319,121.10582848759454,121.1537733321135,286988,False
358,121.08382916549333,121.12978656973671,121.06673752737508,121.08382916549333,363211,False
359,121.16198116355034,121.29722778769218,120.90769459360155,121.16198116355034,412802,False
360,120.96152328354916,121.14393901739129,120.79394205314351,120.96152328354916,676453,False
361,121.08716517449837,121.11735996666053,121.08362107620978,121.08716517449837,442925,False
362,121.45835519435461,121.76220088560225,121.40596472800232,121.45835519435461,240931,False
363,121.43193553687009,121.68183842300557,121.4008000782752,121.43193553687009,653452,False
364,121.52949680075473,121.57278763825052,121.36700273570831,121.52949680075473,204946,False
365,121.69724250482015,121.86911482916085,121.54425656286928,121.69724250482015,311985,False
366,121.59958765469017,121.6105538262234,121.55861657907795,121.59958765469017,857730,False
367,121.6540867614595,121.71757885051817,121.49996359882732,121.6540867614595,461395,False
368,121.65715059549397,121.71881586253954,121.6037835011116,121.65715059549397,645061,False
369,121.68091658715544,121.69635554874462,121.4738684681178,121.68091658715544,550511,False
370,121.49279550909469,121.59314663592941,121.48838338482247,121.49279550909469,658227,False
371,121.49875112827297,121.59112552889611,121.49848229169564,121.49875112827297,984907,False
372,121.61976346917363,121.8547887361672,121.42906306817966,121.61976346917363,351442,False
373,121.97273895385331,122.02683675902462,121.85437856176218,121.97273895385331,374962,False
374,122.20674873396557,122.41476034911838,121.99563021556818,122.20674873396557,371479,False
375,122.73301558909255,122.80061542877291,122.61360727952624,122.73301558909255,601571,False
376,122.54465782829617,122.56851441327197,122.43139973159681,122.54465782829617,417152,False
377,122.75845429618317,122.7590191185233,122.67641862670826,122.75845429618317,696033,False
378,122.80346785864717,122.90415296721235,122.73901902269425,122.80346785864717,798508,False
379,123.3412986468995,123.48723942309955,123.11514445559386,123.3412986468995,356445,False
380,123.14190552647996,123.24766136228652,123.10983053896356,123.14190552647996,365721,False
381,122.93509563096326,122.9387519240611,122.82704219706443,122.93509563096326,173916,False
382,122.78772284658695,122.85477857303466,122.75130998512124,122.78772284658695,759436,False
383,122.26614620748373,122.33912224618068,122.1083075512939,122.26614620748373,526141,False
384,122.13758212678344,122.16595523596557,122.02484752175813,122.13758212678344,159314,False
385,121.95214487119216,121.95571215188245,121.86218980690013,121.95214487119216,927637,False
386,121.9888265608643,122.02179730578659,121.90271720824516,121.9888265608643,504311,False
387,122.07220738177473,122.08516162528657,122.02830421518907,122.07220738177473,737871,False
388,122.53026401331152,122.73913535111846,122.5201037352872,122.53026401331152,709003,False
389,122.76317538094648,123.0566734269267,122.58120358916081,122.76317538094648,336576,False
390,122.62153033163048,122.66776994124115,122.494926180552,122.62153033163048,156680,False
391,122.40120036788423,122.41343678893433,122.38255891250294,122.40120036788423,128400,False
392,122.52162336203696,122.7171233682773,122.44312576280603,122.52162336203696,606367,False
393,122.1981091305557,122.2910307967211,122.19263243161542,122.1981091305557,731633,False
394,122.64571072683165,122.66125435801533,122.58030700680641,122.64571072683165,822706,False
395,122.93501727056285,123.02292357994146,122.85488731928228,122.93501727056285,187110,False
396,122.81966103677402,122.89456884173602,122.77494163408163,122.81966103677402,744408,False
397,122.39884783242735,122.59167368893917,122.28060555178601,122.39884783242735,390706,False
398,122.73027266984735,122.73380617426785,122.56368784398762,122.73027266984735,118510,False
399,122.70215765696852,122.71666252337445,122.64160217461082,122.70215765696852,685896,False
400,123.0059231214928,123.088852553727,122.9889528431752,123.0059231214928,565705,False
401,122.61367502945191,122.75805811566744,122.5850941593255,122.61367502945191,414326,False
402,122.46669188088147,122.4927256822158,122.39956466266943,122.46669188088147,859987,False
403,122.46797623799688,122.5317653569638,122.44008207428102,122.46797623799688,651171,False
404,122.47948347447853,122.67309301808443,122.27751776559171,122.47948347447853,597125,False
405,122.36923590152557,122.37671289602343,122.29919355800673,122.36923590152557,826787,False
406,122.52167124213094,122.5893103111313,122.41623279331039,122.52167124213094,791204,False
407,122.26005796361055,122.46601478100291,122.08682323617957,122.26005796361055,854283,False
408,122.22524331542749,122.45061428170644,122.02132945554435,122.22524331542749,635382,False
409,122.25464964113903,122.40566842523519,122.22822987695409,122.25464964113903,636932,False
410,122.38043471997833,122.51776432105262,122.25603202663098,122.38043471997833,332380,False
411,122.55461019624578,122.58847444141827,122.26950386211641,122.55461019624578,185834,False
412,122.27895004989482,122.37873430694457,122.23511848687922,122.27895004989482,471126,False
413,121.90377030978638,121.93027421009045,121.84396787540977,121.90377030978638,553962,False
414,122.21527755344009,122.25519593381415,122.19695734710655,122.21527755344009,152748,False
415,122.29650525185806,122.3308133767181,122.21959322991863,122.29650525185806,945453,False
416,122.1134306765602,122.23750934237674,121.89004495550849,122.1134306765602,162651,False
417,122.49226365502375,122.62262255685512,122.42889383872479,122.49226365502375,398951,False
418,122.52060215062774,122.64253602887273,122.45938922537516,122.52060215062774,128669,False
419,122.80957855283982,122.899064048754,122.80176456774826,122.80957855283982,785521,False
420,122.82616238533282,123.09005228864446,122.65240725533782,122.82616238533282,500498,False
421,123.3323899038464,123.53230874374063,123.21440732623853,123.3323899038464,388683,False
422,123.76537066623511,123.77936609592113,123.59256799350041,123.76537066623511,904177,False
423,123.70374438599688,123.82294326611361,123.5832209955027,123.70374438599688,794793,False
424,123.94411831513632,124.08725716075922,123.84721299367804,123.94411831513632,333670,False
425,124.10409942124257,124.21252029972125,124.04953085481611,124.10409942124257,920987,False
426,124.44380499501665,124.44758843096608,124.36970826606843,124.44380499501665,494289,False
427,124.20364750108956,124.31876774904795,124.19942342758702,124.20364750108956,919115,False
428,124.37406768850008,124.6482166115282,124.28256303636354,124.37406768850008,125741,False
429,124.63734880604126,124.73336729308826,124.52484362070014,124.63734880604126,253358,False
430,124.1989395523847,124.35172141776229,124.15835166894807,124.1989395523847,103599,False
431,123.90502064740586,123.92887982724152,123.70247391321242,123.90502064740586,228513,False
432,123.39967843722543,123.54094140516656,123.27129218495557,123.39967843722543,913725,False
433,123.33318900374694,123.4491789704176,123.2690835213781,123.33318900374694,377533,False
434,123.51018255305146,123.51445906085647,123.35640811970448,123.51018255305146,602865,False
435,123.88129534057995,124.05101812399897,123.73996425150642,123.88129534057995,374462,False
436,123.89965325533271,124.10196625332999,123.75350852717412,123.89965325533271,365199,False
437,124.30322305809776,124.33247383914811,124.22652013280712,124.30322305809776,745452,False
438,123.96012093929117,124.02707218409336,123.75163484707716,123.96012093929117,706867,False
439,123.53781795291452,123.55315598724759,123.45662876290416,123.53781795291452,761680,False
440,123.52409346988654,123.61176893094004,123.5068904291467,123.52409346988654,204817,False
441,123.61897614271321,123.64627226438193,123.43199864591016,123.61897614271321,104642,False
442,123.61089276014394,123.73576725315527,123.47101929613476,123.61089276014394,585910,False
443,123.09977603271227,123.16147932006606,123.03033362710025,123.09977603271227,633609,False
444,123.07783471890417,123.2534166939477,123.03224267641328,123.07783471890417,442112,False
445,122.7567321557462,122.79711088290284,122.73801174548103,122.7567321557462,843653,False
446,122.92114578316377,123.02443877315,122.87861742301021,122.92114578316377,552834,False
447,123.01127113606842,123.04206028033343,122.97108599042305,123.01127113606842,727058,False
448,122.78003952160596,122.87938282444227,122.73791828897068,122.78003952160596,621315,False
449,122.65385432076707,122.70244316557198,122.39981612517694,122.65385432076707,519260,False
450,122.39402107875037,122.487959915423,122.27244287482235,122.39402107875037,253043,False
451,122.37867798524466,122.4721383020905,122.02853587456242,122.37867798524466,880342,False
452,122.61245609418606,122.75068619054355,122.575884341469,122.61245609418606,471906,False
453,122.37073151103162,122.48261278384068,122.23174884896493,122.37073151103162,738471,False
454,122.49409259267063,122.56464242972943,122.3673677218328,122.49409259267063,741447,False
455,122.36418574106486,122.38415881004676,122.28915520360582,122.36418574106486,912159,False
456,122.17014726403286,122.36804147456549,122.12305440140268,122.17014726403286,173820,False
457,122.14399543435812,122.21277904882312,122.10927110439266,122.14399543435812,733350,False
458,121.89109816735203,122.0524925651133,121.79926488122148,121.89109816735203,838561,False
459,121.75612832369531,121.76744954839997,121.50483767109732,121.75612832369531,651764,False
460,121.46443037488298,121.49429589789149,121.37283864813158,121.46443037488298,622117,False
461,121.94171881310878,122.08478931939898,121.91272580803108,121.94171881310878,555899,False
462,121.95031900938655,121.96309841708148,121.82886283419377,121.95031900938655,766351,False
463,121.77965551154915,121.81497617102987,121.6051058173145,121.77965551154915,840457,False
464,121.83177231118037,121.87583064245801,121.81699079329377,121.83177231118037,220355,False
465,121.80440206043218,121.85402290429667,121.63299426062655,121.80440206043218,170047,False
466,121.75057192054282,121.92971492657449,121.72280143909599,121.75057192054282,241868,False
467,121.9001222145125,121.94445766881496,121.79617980682325,121.9001222145125,103881,False
468,122.08480277937892,122.09086686049118,122.06144938986617,122.08480277937892,639956,False
469,121.95527052341838,121.96243718980132,121.7332056092263,121.95527052341838,331789,False
470,121.81482238479809,121.87634092272691,121.76228367467515,121.81482238479809,265384,False
471,121.74781163752776,121.75749116470834,121.68214062587033,121.74781163752776,128106,False
472,121.18730390879043,121.19522357134034,121.03911623887382,121.18730390879043,848118,False
473,120.82006006932134,120.82969625769223,120.76296565594158,120.82006006932134,902161,False
474,121.15035173152106,121.25444812890542,121.05573697680694,121.15035173152106,753642,False
475,121.54892856567642,121.57398277868411,121.33687856495999,121.54892856567642,694608,False
476,121.48838843811178,121.58075871744228,121.37641828589098,121.48838843811178,941345,False
477,121.62847839068063,121.65034921394471,121.49411221115344,121.62847839068063,421546,False
478,121.70419215607262,121.72388169305121,121.62395159400556,121.70419215607262,221649,False
479,122.45361755914837,122.47407184415353,122.35585695218937,122.45361755914837,466074,False
480,122.72780955521561,122.77903554532962,122.70626198066218,122.72780955521561,792642,False
481,122.69641146360358,122.76495592613662,122.54074751079226,122.69641146360358,592665,False
482,122.46192869746353,122.48325551701727,122.24313858010832,122.46192869746353,567854,False
483,122.06847166800816,122.17971697563371,122.01766552331213,122.06847166800816,793578,False
484,122.11814465814881,122.26697191295304,122.04444867683436,122.11814465814881,684027,False
485,121.93341635869895,122.0575063397857,121.92740201284884,121.93341635869895,348765,False
486,121.58657585121878,121.68022796573544,121.56120517278524,121.58657585121878,366651,False
487,121.4293466851522,121.50819861453171,121.36035247282962,121.4293466851522,277375,False
488,121.16668335017715,121.26497419117024,121.08234889565111,121.16668335017715,202552,False
489,121.57553406270462,121.59517531769497,121.41682906556468,121.57553406270462,703347,False
490,121.7899057113087,121.8660093513096,121.59753789549114,121.7899057113087,255739,False
491,121.78796373684025,121.90736555891208,121.66148007910209,121.78796373684025,759352,False
492,122.14844250307964,122.28150490850331,121.99057426795913,122.14844250307964,862186,False
493,122.16734333963615,122.31542954632239,122.09526402541428,122.16734333963615,230514,False
494,121.9569017341628,122.01704415287671,121.64708350669652,121.9569017341628,566779,False
495,122.32841272100382,122.45745195658475,122.32005151972295,122.32841272100382,974112,False
496,122.46026074149052,122.48314682900782,122.25202572647366,122.46026074149052,125530,False
497,122.20621787246667,122.28885875289548,121.97922241565902,122.20621787246667,341348,False
498,122.15969673253979,122.29338400432327,121.98702217208711,122.15969673253979,115305,False
499,121.94576621196586,122.01748914567963,121.83656066414316,121.94576621196586,209097,False
500,121.60851306654557,121.7809829761081,121.39686952308374,121.60851306654557,878093,False
501,121.83377521532746,121.96586862247356,121.80972917466028,121.83377521532746,842627,False
502,122.29903809086237,122.5579141910112,122.15628954268139,122.29903809086237,579425,False
503,121.95695115289607,122.05946907186674,121.89582983347358,121.95695115289607,592049,False
504,122.09426717629536,122.1858317683809,122.09291251350128,122.09426717629536,152044,False
505,121.9353877209541,121.95309899383605,121.88062562761402,121.9353877209541,230436,False
506,121.81659207587796,121.85564155177858,121.7919576090056,121.81659207587796,189363,False
507,121.67226525784349,121.8269619038922,121.60203014076016,121.67226525784349,420961,False
508,121.46201782962588,121.47396883985111,121.38174426988337,121.46201782962588,727326,False
509,121.47380489930298,121.61450630644312,121.42864870956221,121.47380489930298,670954,False
510,121.27192755465904,121.47585565087961,121.14114417957586,121.27192755465904,519389,False
511,121.33752519582433,121.35203700345592,121.31053024971953,121.33752519582433,905341,False
512,121.32533366008218,121.40242658053435,121.31706863255899,121.32533366008218,557183,False
513,121.26735275705519,121.47160924272596,121.20868617853579,121.26735275705519,506201,False
514,121.04723707154663,121.16828693717015,120.98049958798596,121.04723707154663,122525,False
515,120.90760391957188,121.11283637743328,120.80139220290606,120.90760391957188,212293,False
516,121.09026900584482,121.17271729991317,120.96743806955216,121.09026900584482,201046,False
517,121.21158139984298,121.2280828706125,121.1474698668909,121.21158139984298,137403,False
518,120.97459936558751,121.29163398500394,120.91509453788032,120.97459936558751,268265,False
519,120.99863273729423,121.03273044005944,120.88926060119493,120.99863273729423,600181,False
520,121.18046636646301,121.19240244221298,120.96253372875293,121.18046636646301,497046,False
521,120.77586774542117,120.79447303568011,120.38280522722674,120.77586774542117,231605,False
522,120.90711734288716,120.91223998527217,120.76257860158937,120.90711734288716,867914,False
523,120.74688548573306,120.75492633136855,120.55925774506795,120.74688548573306,252018,False
524,120.88468150992293,121.21267098161292,120.69531455305871,120.88468150992293,385648,False
525,120.70014882982657,120.73107484357512,120.61090199450437,120.70014882982657,734839,False
526,120.26444975348558,120.32259038607742,120.2156598637168,120.26444975348558,417859,False
527,119.87297876200066,120.03337185267301,119.79908640812178,119.87297876200066,783615,False
528,119.88450693358048,119.92871291400455,119.83354004391714,119.88450693358048,661143,False
529,119.94678034169735,119.96246183192092,119.81462605419969,119.94678034169735,141721,False
530,119.72984060651585,119.86213512674401,119.72804732006654,119.72984060651585,211597,False
531,119.88275775311973,120.16536148091053,119.76529197891402,119.88275775311973,272922,False
532,119.48438253886586,119.54591084608712,119.40622445842506,119.48438253886586,462803,False
533,119.46859153098653,119.56008177068452,119.3831450912416,119.46859153098653,396867,False
534,119.17923473157288,119.18334901325832,119.16771849739648,119.17923473157288,791099,False
535,119.02386407457634,119.28556098900084,119.00722466704224,119.02386407457634,884717,False
536,119.0351472206005,119.19223024593325,119.02067504637238,119.0351472206005,629827,False
537,118.8303083573862,118.8599933447964,118.63274642443628,118.8303083573862,740648,False
538,118.73891464958345,118.77676822268553,118.7103032515018,118.73891464958345,463284,False
539,118.97788688155507,119.0044298040945,118.83298048382724,118.97788688155507,252383,False
540,118.84061213036505,118.99064720228063,118.78356899373755,118.84061213036505,858603,False
541,119.03924045466572,119.26088558448558,118.87039489292657,119.03924045466572,955612,False
542,118.77028156283596,118.78362197928429,118.73008544938256,118.77028156283596,479129,False
543,118.89613154560429,119.03240770686378,118.81336363940542,118.89613154560429,448125,False
544,119.23892541031181,119.25060920892356,119.23185835498575,119.23892541031181,922366,False
545,118.64949294192884,118.76236057307588,118.29480297576369,118.64949294192884,493399,False
546,118.46039050595003,118.5319275648733,118.3312872092781,118.46039050595003,895907,False
547,118.59711088502183,118.64371267118146,118.52804266178579,118.59711088502183,577982,False
548,118.54894969269537,118.6344294163712,118.4877470291072,118.54894969269537,294202,False
549,118.63694759963727,118.65507664412544,118.48331543503907,118.63694759963727,421721,False
550,118.49363768174254,118.67235540306996,118.46752552925372,118.49363768174254,882328,False
551,118.51415835955004,118.58495454197137,118.45451489736753,118.51415835955004,388152,False
552,118.47725844649358,118.53503672198185,118.47315136482858,118.47725844649358,832228,False
553,118.75396968075047,118.80857045028857,118.66741957435107,118.75396968075047,541157,False
554,118.81439665097355,118.83516782704021,118.74399254957966,118.81439665097355,667044,False
555,118.894620764178,119.05265372653241,118.89044238163238,118.894620764178,825618,False
556,118.79668085280073,118.80394983611545,118.73599655982244,118.79668085280073,705018,False
557,118.68082885083477,118.69256536799789,118.55709915057376,118.68082885083477,521128,False
558,118.57815612232147,118.69385026149202,118.52323521476926,118.57815612232147,706990,False
559,118.67170293776492,118.78706991837467,118.50776597239532,118.67170293776492,281731,False
560,118.57178504726629,118.6882604218233,118.54559281787196,118.57178504726629,933272,False
561,118.64050329135434,118.65210998813929,118.50394514052348,118.64050329135434,312584,False
562,119.13295648191948,119.2649488487851,119.01804465240154,119.13295648191948,400767,False
563,119.34051580468797,119.49670608352521,119.26271652480679,119.34051580468797,949735,False
564,119.26270017170123,119.49340057072077,119.25734846845101,119.26270017170123,932494,False
565,119.54922020338346,119.56833803921145,119.50445074460501,119.54922020338346,156690,False
566,119.45165001812559,119.56351698011781,119.4028012346942,119.45165001812559,832942,False
567,118.96473534078675,119.16794131249675,118.9212914874883,118.96473534078675,198980,False
568,118.72488189842882,119.03804191248642,118.665134354887,118.72488189842882,516850,False
569,118.28066279866816,118.38631636535278,118.15676219138278,118.28066279866816,617926,False
570,118.19750830291801,118.22770069975152,117.86029748946353,118.19750830291801,615717,False
571,118.20186231597239,118.23805169054849,118.16537607129396,118.20186231597239,407410,False
572,118.59817834070624,118.68530034053546,118.4149459584098,118.59817834070624,261080,False
573,118.67572432266252,118.75608934983265,118.6143416718044,118.67572432266252,974075,False
574,118.62372049475078,118.64537279709076,118.47344236177621,118.62372049475078,682992,False
575,118.82049484642899,118.82178746586189,118.57878439030112,118.82049484642899,866441,False
576,118.29503846325153,118.36140991553684,118.14808654263395,118.29503846325153,556082,False
577,118.35078252967945,118.55691450812122,118.28994452997128,118.35078252967945,479518,False
578,118.53324752752226,118.57725592493328,118.3494462475879,118.53324752752226,894814,False
579,118.18272426859863,118.37735512587119,118.04784986345794,118.18272426859863,540990,False
580,118.45306820603746,118.52468402428134,118.40713663314283,118.45306820603746,567786,False
581,118.53326008212632,118.61336651532193,118.48567322858474,118.53326008212632,829422,False
582,118.43480922151159,118.62093877143666,118.26278285095795,118.43480922151159,976041,False
583,118.58469602069384,118.67882695434996,118.52283142125977,118.58469602069384,670986,False
584,119.12323486529202,119.14102665915782,118.80449865441942,119.12323486529202,363254,False
585,119.16656385852282,119.19102021967824,119.10790537294699,119.16656385852282,575197,False
586,119.22572304721955,119.3655934862178,119.1070833224297,119.22572304721955,231458,False
587,119.11618777644493,119.31926522494285,119.06287170545116,119.11618777644493,315192,False
588,118.91372733345709,118.92251895673503,118.83620938341906,118.91372733345709,342282,False
589,119.11120398722458,119.18037997565702,119.05793124449802,119.11120398722458,934233,False
590,118.9072656367886,118.93795330831212,118.90631661360264,118.9072656367886,982517,False
591,118.92428512794794,118.94327557471551,118.8090426730847,118.92428512794794,302929,False
592,118.81067498716278,118.86177138174492,118.60867592750655,118.81067498716278,131566,False
593,118.92449081996712,119.02521350144187,118.90018094492002,118.92449081996712,341300,False
594,119.00385201192145,119.0212871711907,118.90981872260453,119.00385201192145,123798,False
595,119.2507945118873,119.28900992555745,119.1413185298603,119.2507945118873,506781,False
596,119.12915479033227,119.13210484969525,119.04730507104223,119.12915479033227,123027,False
597,119.06485484445108,119.10524604471573,118.97872949377005,119.06485484445108,600252,False
598,118.8317821249578,119.02696966720534,118.63625846950119,118.8317821249578,590847,False
599,118.7261898051959,118.85583241358547,118.5924628542734,118.7261898051959,892063,False
600,118.81578070509758,118.92312349886339,118.79707656642566,118.81578070509758,845225,False
601,118.99566509204075,119.232268218032,118.99551422297176,118.99566509204075,339628,False
602,118.7761977398901,119.04706677646196,118.70482056395319,118.7761977398901,681166,False
603,118.98277470933459,119.12270084778407,118.96657226868795,118.98277470933459,669494,False
604,119.30536981721787,119.34538482875533,119.2212388532622,119.30536981721787,727761,False
605,119.40401982526676,119.7039077490834,119.13771060105047,119.40401982526676,158334,False
606,119.85221375408808,119.85707383513471,119.62679528872422,119.85221375408808,434467,False
607,119.66673305710495,119.69595697798964,119.65942996588767,119.66673305710495,677907,False
608,119.36884553284607,119.55042105908528,119.17517371938035,119.36884553284607,727824,False
609,118.94419796757086,118.9620739283174,118.83550755025867,118.94419796757086,520091,False
610,119.30008954907892,119.53057020879116,119.04606064119515,119.30008954907892,779874,False
611,119.45622131188067,119.60991676939798,119.32598594886002,119.45622131188067,623604,False
612,119.44294144238101,119.51579979980981,119.42595087164872,119.44294144238101,253652,False
613,119.50982199485946,119.5571856932817,119.32879872114725,119.50982199485946,359201,False
614,119.24080800345988,119.37565746810823,119.19183883406794,119.24080800345988,841187,False
615,119.82407488791102,119.92606472377014,119.79617258050453,119.82407488791102,631022,False
616,119.85504250508323,120.08399103700164,119.71899450444522,119.85504250508323,838360,False
617,119.88126554059765,119.8914338305386,119.78242519873629,119.88126554059765,925440,False
618,120.05527718331786,120.2365739395744,119.96560457205416,120.05527718331786,411493,False
619,120.17077257660561,120.21348510552234,120.08591655574077,120.17077257660561,238886,False
620,120.22458120893597,120.38883671933593,120.18231783520949,120.22458120893597,536370,False
621,120.03451228821142,120.16333925661519,120.00138143503213,120.03451228821142,238923,False
622,120.1476972368277,120.21339496962031,120.10695775105361,120.1476972368277,232672,False
623,120.59993905561724,120.69153551269518,120.5189773943603,120.59993905561724,156614,False
624,120.92445420675824,121.01166305567786,120.90812297639351,120.92445420675824,303474,False
625,121.30976465331,121.51806103417067,121.27162306993625,121.30976465331,890124,False
626,121.1857337465201,121.18965170950362,120.99237375904474,121.1857337465201,226745,False
627,120.94588177399585,121.29716478152103,120.94172343418587,120.94588177399585,289099,False
628,120.91545495406169,120.98696622943393,120.90133638214768,120.91545495406169,873131,False
629,120.92893096030501,120.93762344501793,120.73790830115196,120.92893096030501,906805,False
630,121.19356978149405,121.25070526185188,121.12190784835194,121.19356978149405,853996,False
631,120.78333812108593,120.91100807618875,120.71122170406647,120.78333812108593,621435,False
632,121.15282650790317,121.17691103417489,121.0151423856497,121.15282650790317,556021,False
633,121.11454030085633,121.31214736183026,120.96409435385483,121.11454030085633,474557,False
634,121.0111372917567,121.08639966167387,120.971822755172,121.0111372917567,638795,False
635,120.7661854887403,120.8576208099614,120.69095633469728,120.7661854887403,425075,False
636,120.36648403315667,120.39509647551563,120.14858126611315,120.36648403315667,699787,False
637,120.56464833105869,120.837280088473,120.48520402172785,120.56464833105869,827002,False
638,120.58232744091954,120.69111566402664,120.45151638713905,120.58232744091954,828229,False
639,120.27123446572243,120.31705737379104,120.2295367139562,120.27123446572243,983881,False
640,119.95971302042953,120.0252438458627,119.87752670412588,119.95971302042953,458963,False
641,119.87915174810254,119.96910439170897,119.80102517705527,119.87915174810254,925855,False
642,120.27931351750458,120.42921329756217,120.26901664014792,120.27931351750458,203612,False
643,120.21686657843038,120.44377974937683,120.17154075185266,120.21686657843038,186120,False
644,119.85546030674377,119.92694420296976,119.74207346644256,119.85546030674377,977350,False
645,119.79655301061734,120.03025833197556,119.74067441151047,119.79655301061734,690888,False
646,119.7312103234563,119.76367029687172,119.71678173120361,119.7312103234563,666136,False
647,119.08540731972717,119.19729751675672,119.0578678967079,119.08540731972717,631108,False
648,119.07247586713788,119.1796475530359,119.06234599358159,119.07247586713788,894944,False
649,119.01747997458756,119.20474799990156,118.9844879583585,119.01747997458756,267797,False
650,119.18320142875227,119.3287333501148,119.12543442993434,119.18320142875227,413678,False
651,119.62393044214586,119.6355496471915,119.57535222519017,119.62393044214586,840511,False
652,119.89345871561221,120.1325417197815,119.7029854008408,119.89345871561221,487335,False
653,119.82898272537194,119.94960143099144,119.60442679754513,119.82898272537194,795136,False
654,119.56379497736438,119.63390248620463,119.54174543246698,119.56379497736438,685233,False
655,120.1791563052019,120.33790399402677,120.12541004554312,120.1791563052019,869708,False
656,120.19338994807704,120.44864260910447,119.98556365638505,120.19338994807704,445564,False
657,120.19673836570622,120.2315537954866,120.18393321014446,120.19673836570622,278527,False
658,120.1909388521394,120.19645218416657,120.17965598124282,120.1909388521394,445632,False
659,120.23855483887738,120.33222426433755,120.17848202245042,120.23855483887738,613796,False
660,120.20383946426601,120.33731690276615,120.17417203660511,120.20383946426601,283505,False
661,120.06592671270245,120.1571675410765,119.90802873166453,120.06592671270245,371855,False
662,119.93460846158014,120.11802496136457,119.78054157670125,119.93460846158014,814622,False
663,119.92675196030176,119.95819852145506,119.90951073360701,119.92675196030176,186009,False
664,119.79640962482807,119.86947780300267,119.78626161911333,119.79640962482807,839145,False
665,119.62561689406623,119.64297225626318,119.60674772254977,119.62561689406623,633885,False
666,119.65108045735386,119.72978542919431,119.6141074439786,119.65108045735386,160067,False
667,119.59006385824102,119.68863998154113,119.55797806211359,119.59006385824102,842880,False
668,119.94978909333493,120.03174603295167,119.92885269010584,119.94978909333493,672310,False
669,119.31382255451585,119.33041317969708,119.12606679511003,119.31382255451585,613959,False
670,119.57428626421049,119.71838471685187,119.5645590295459,119.57428626421049,312996,False
671,119.87228575924509,119.92532001423814,119.8151290237284,119.87228575924509,999105,False
672,119.37520170638577,119.41592949077035,119.3167267257545,119.37520170638577,599479,False
673,119.29338490505454,119.36096591926164,119.28199565015181,119.29338490505454,511998,False
674,119.20476402866113,119.33829523113864,119.07226729203806,119.20476402866113,676070,False
675,118.8691998297883,118.96600986580832,118.7205760546456,118.8691998297883,565360,False
676,118.68428293525194,118.9436925568699,118.65926249889242,118.68428293525194,810373,False
677,118.4206671395233,118.4659307441132,118.33427180047934,118.4206671395233,997148,False
678,118.83567720936149,118.91654440566634,118.62452692858514,118.83567720936149,601525,False
679,119.05806116036118,119.14679792926863,118.92569499162606,119.05806116036118,958468,False
680,119.36083892889833,119.44197245719255,119.24549110953997,119.36083892889833,397486,False
681,119.53311769488984,119.73032148242837,119.44052967309031,119.53311769488984,185745,False
682,119.26319953838477,119.34888782397735,119.2418378283068,119.26319953838477,334648,False
683,119.13808760802627,119.2078151754247,119.03424658898285,119.13808760802627,419540,False
684,119.25469390672369,119.40261197339987,119.18460006363755,119.25469390672369,214836,False
685,118.96320495119508,118.99813835046383,118.80711518388846,118.96320495119508,206998,False
686,119.13284610795203,119.14085535703366,119.02132556059844,119.13284610795203,150021,False
687,119.07558481060282,119.21099503836571,118.9424511112873,119.07558481060282,562273,False
688,118.98632079688652,119.09255530576996,118.84787713569754,118.98632079688652,620410,False
689,119.15550981858732,119.33816727587141,119.14590245181041,119.15550981858732,230672,False
690,119.26138266133495,119.26528343357131,119.1660198732194,119.26138266133495,480703,False
691,119.17528401327586,119.18740239915827,119.15582174135692,119.17528401327586,953268,False
692,119.45161093043782,119.46423145003816,119.30996172235972,119.45161093043782,844875,False
693,119.19334141843858,119.35957147848644,119.05512236297145,119.19334141843858,524018,False
694,119.34017226461914,119.46490832667196,119.309686766133,119.34017226461914,833121,False
695,119.48173387721177,119.5290959012636,119.3363891537565,119.48173387721177,701305,False
696,119.40776358664226,119.42793934409379,119.12206759852684,119.40776358664226,579969,False
697,119.48564921627764,119.69130502717775,119.48014553950202,119.48564921627764,865709,False
698,119.18666898044225,119.29586083611827,119.13976350548705,119.18666898044225,811182,False
699,119.40693238537665,119.53191261570727,119.32517908811423,119.40693238537665,544819,False
700,119.36277519156832,119.45351638422835,119.23506735470292,119.36277519156832,464833,False
701,119.23798785079697,119.34972181946577,119.15091027762281,119.23798785079697,180291,False
702,119.48815134944839,119.5585406511167,119.4593546746952,119.48815134944839,976882,False
703,119.31982989845318,119.37539657528866,119.31498974347454,119.31982989845318,790952,False
704,118.98371517385186,119.19646584942565,118.94293819087864,118.98371517385186,680294,False
705,118.6132881294241,118.72382794980962,118.58838258636791,118.6132881294241,728556,False
706,118.75704979536062,118.88728498345067,118.58370549407948,118.75704979536062,412282,False
707,118.45292977061293,118.58132338473887,118.35455315567143,118.45292977061293,686686,False
708,118.86865079461387,119.05932695766614,118.82085591215636,118.86865079461387,321163,False
709,118.37369851508434,118.42366507047075,118.36476012035683,118.37369851508434,775234,False
710,118.77533014445227,118.96024929858402,118.65644403502843,118.77533014445227,943660,False
711,118.82545748311875,118.8492789702657,118.79892348046441,118.82545748311875,949102,False
712,118.80247352359353,119.01239872569802,118.6856334417371,118.80247352359353,225613,False
713,118.6729980528273,118.77514283077343,118.55027711993786,118.6729980528273,202071,False
714,118.76773141146992,118.98197523068379,118.69741654075524,118.76773141146992,605096,False
715,118.75879183501124,118.7790048247769,118.63243323858775,118.75879183501124,210572,False
716,119.0208454320864,119.13454887867663,118.82314063035037,119.0208454320864,872054,False
717,119.04803637471737,119.0866387476626,118.87989522921018,119.04803637471737,238997,False
718,119.08382263384877,119.35512452758279,119.0762560417446,119.08382263384877,889539,False
719,118.99722196947522,119.23116205836796,118.83279514921959,118.99722196947522,186388,False
720,118.98366922742296,118.99352829427593,118.79799543077644,118.98366922742296,720007,False
721,119.05691599513791,119.05899418899814,119.02663796095105,119.05691599513791,742306,False
722,118.64970124581379,118.80917864339749,118.56643876550585,118.64970124581379,914049,False
723,118.32977765070018,118.4662985952949,118.12658304236545,118.32977765070018,174258,False
724,118.50567820066308,118.60583073985588,118.3185143973332,118.50567820066308,936507,False
725,118.54617524991589,118.67653423074934,118.4904606134135,118.54617524991589,751286,False
726,118.50255420824723,118.51535185013248,118.4794545558599,118.50255420824723,909063,False
727,118.50692314455195,118.57837865963315,118.34033641605193,118.50692314455195,747408,False
728,118.58930482143944,118.62700535570625,118.53188141642956,118.58930482143944,817804,False
729,118.46128537092238,118.53821773870783,118.41610369999644,118.46128537092238,983590,False
730,118.27688741455954,118.34569841907837,118.23194816350346,118.27688741455954,609800,False
731,118.32321534893526,118.37174280496451,118.28883445793224,118.32321534893526,501099,False
732,118.0916869232207,118.1252811301927,118.00435278214695,118.0916869232207,670509,False
733,118.18810943644745,118.31044936607337,118.18338875355607,118.18810943644745,248269,False
734,117.78565916176272,117.83814027966763,117.66360992663782,117.78565916176272,468066,False
735,118.02809871200762,118.24751031483079,117.93079023354707,118.02809871200762,133550,False
736,118.13965827661819,118.2556925664813,118.12988812644886,118.13965827661819,376786,False
737,118.20015280725917,118.40326878583129,118.1860604701302,118.20015280725917,730381,False
738,118.43246125618853,118.72763558712423,118.32353318008505,118.43246125618853,517799,False
739,118.82695373142249,118.83844146039617,118.74217375163623,118.82695373142249,361188,False
740,119.06802274098739,119.10659274337732,118.88863333038508,119.06802274098739,718173,False
741,118.62964423130839,118.64447053225169,118.4502408585832,118.62964423130839,703826,False
742,118.32605271064753,118.42130038142069,118.23182086253067,118.32605271064753,424158,False
743,118.1781880787295,118.2250102059848,118.10023156529803,118.1781880787295,905955,False
744,118.18435486480747,118.39807430313834,118.13438665493783,118.18435486480747,472429,False
745,118.30671325955565,118.3544425488097,118.28251764345407,118.30671325955565,825903,False
746,118.13499252915035,118.22615862838104,118.0764807315171,118.13499252915035,730167,False
747,118.17911990980274,118.23825509754828,118.12152444520919,118.17911990980274,190629,False
748,118.00057892952194,118.05232239219232,117.87957362225842,118.00057892952194,607704,False
749,117.85626001996441,117.86554446834361,117.84542954524072,117.85626001996441,438974,False
750,117.52469238798419,117.64855411889849,117.50410632381923,117.52469238798419,407682,False
751,117.30768698148111,117.42141719527233,117.25927820211349,117.30768698148111,409454,False
752,116.99056099225446,117.00000279178259,116.95690308781403,116.99056099225446,215266,False
753,116.76222507360815,116.86600020033598,116.73920570674001,116.76222507360815,288362,False
754,117.00827619481312,117.05053955419147,116.8320513352564,117.00827619481312,546850,False
755,116.78610114000612,116.83580463353563,116.66107233802711,116.78610114000612,899131,False
756,117.4009524161326,117.53103770302468,117.39096812973193,117.4009524161326,331241,False
757,117.5167843989473,117.5645247052248,117.50742504613008,117.5167843989473,351249,False
758,117.56022709274208,117.63274187073438,117.37207252934452,117.56022709274208,166912,False
759,117.35840962161222,117.42599685042462,117.25182211725176,117.35840962161222,769615,False
760,117.5227841289917,117.54034573326426,117.4703161761746,117.5227841289917,179183,False
761,117.38748300901285,117.51921566124862,117.38721233843704,117.38748300901285,160282,False
762,117.41612785910009,117.4595452242713,117.4147604838492,117.41612785910009,158249,False
763,118.01731828605105,118.09088446169068,117.98898061694831,118.01731828605105,662464,False
764,117.99464482253039,118.03457232558759,117.94663200793704,117.99464482253039,632451,False
765,118.26586101840856,118.37261957143886,118.06346061621234,118.26586101840856,940642,False
766,118.09953748767784,118.2113693018247,117.80744590721959,118.09953748767784,223844,False
767,118.09127323858768,118.25626473337617,118.05699597050632,118.09127323858768,466731,False
768,118.50950544201547,118.6543317932783,118.25432175963745,118.50950544201547,855640,False
769,118.36090233012175,118.3988815635221,118.24825299547523,118.36090233012175,434123,False
770,118.78994842362462,118.80949661271863,118.57476080245752,118.78994842362462,703148,False
771,118.95809605544358,119.04890083269277,118.87260650706104,118.95809605544358,252215,False
772,118.82427610193392,118.88503412027814,118.77365143650127,118.82427610193392,891352,False
773,118.97456688552298,119.13284847036657,118.9547174172735,118.97456688552298,707199,False
774,119.20598537435683,119.36346384061761,119.06424682815495,119.20598537435683,924428,False
775,119.3542323128802,119.39627966839481,119.15398100472014,119.3542323128802,504964,False
776,118.97940638087773,119.08312913984118,118.88146131383068,118.97940638087773,456215,False
777,118.80637768180353,118.87071240462862,118.71973078668007,118.80637768180353,147252,False
778,118.74756409680629,118.75607198997155,118.59310893003158,118.74756409680629,556395,False
779,118.72988652002027,118.85831921404204,118.70431819510837,118.72988652002027,152756,False
780,118.87727117543695,118.93152515256214,118.7592311413745,118.87727117543695,936667,False
781,118.91952039558913,118.96387030341478,118.88982688435381,118.91952039558913,452690,False
782,118.60192337418762,118.82114131388863,118.55822451030224,118.60192337418762,493236,False
783,118.6921077669717,118.70448717712408,118.69084532586263,118.6921077669717,311325,False
784,118.83705118513211,118.91248085126456,118.67828454102033,118.83705118513211,470565,False
785,118.97009887735958,119.06249653215035,118.78877096912468,118.97009887735958,428779,False
786,119.22726005692753,119.23395279368005,119.14210359806323,119.22726005692753,909657,False
787,119.42611256410281,119.59206699021402,119.3756896740003,119.42611256410281,299245,False
788,119.53578874776106,119.6602152336681,119.45133853466669,119.53578874776106,993317,False
789,119.51901412043655,119.60829952355571,119.38536998862048,119.51901412043655,599264,False
790,119.12198129390377,119.12717329673981,118.97919661145694,119.12198129390377,185333,False
791,119.22433524082983,119.23245908137503,119.03107160568133,119.22433524082983,795585,False
792,119.27385809370928,119.30130314842091,119.19062530220845,119.27385809370928,372951,False
793,119.33864260508709,119.60012241075414,119.27448790426004,119.33864260508709,106402,False
794,119.03391172111434,119.07379992289151,118.96808576891932,119.03391172111434,104521,False
795,118.77654694352135,118.910151205396,118.50936651470555,118.77654694352135,818525,False
796,119.02672666216654,119.17734850016855,118.91869639423152,119.02672666216654,875173,False
797,119.01731042119418,119.1352911362634,118.8782781599341,119.01731042119418,108382,False
798,119.1795311812971,119.28924764826982,119.135163667802,119.1795311812971,616243,False
799,119.1862811228792,119.2770331036455,118.9907875097672,119.1862811228792,997428,False
800,119.19337417009334,119.23801593382525,119.1280782236061,119.19337417009334,595873,False
801,119.41704859562022,119.4554990183567,119.38569827521489,119.41704859562022,639353,False
802,119.29379951884611,119.30677912677862,119.09047913844003,119.29379951884611,447614,False
803,119.3167327442341,119.4362125180784,119.06928105570225,119.3167327442341,114425,False
804,119.20641839008074,119.23795856498218,118.99646697036536,119.20641839008074,899543,False
805,119.10282891192833,119.11785156139854,119.0719653605415,119.10282891192833,271871,False
806,119.02918236287668,119.14432062803564,118.97149281535158,119.02918236287668,677545,False
807,119.08206316530217,119.17764573967433,119.00823756179499,119.08206316530217,816537,False
808,118.96804241809171,118.97722882618163,118.89837213476476,118.96804241809171,443190,False
809,119.26683211411972,119.38559578670703,119.09698154553857,119.26683211411972,924283,False
810,119.05343815627596,119.1164538806271,118.99910178817338,119.05343815627596,633104,False
811,119.00894273281331,119.06443707616113,118.7922990857594,119.00894273281331,571069,False
812,118.90427887614933,119.08417590945274,118.76306326291022,118.90427887614933,102175,False
813,119.24838259992698,119.28545193639721,119.04657501791044,119.24838259992698,373485,False
814,119.29526027830958,119.48358874741551,119.0177719021969,119.29526027830958,950340,False
815,119.5414486041149,119.56685132508044,119.48536816505614,119.5414486041149,781014,False
816,119.18627652615149,119.32679099607296,119.13812390806012,119.18627652615149,554111,False
817,119.24993397982004,119.32109740899342,119.22912671392545,119.24993397982004,683984,False
818,119.46211080710906,119.70386078286558,119.34246586857574,119.46211080710906,288961,False
819,119.48177044519801,119.505720745825,119.42606675554084,119.48177044519801,318216,False
820,119.73638140837286,119.7745976590018,119.72581449757142,119.73638140837286,445259,False
821,119.61250491405414,119.76485744290751,119.25617268755721,119.61250491405414,392338,False
822,119.94965606928376,119.98984175849112,119.93630652329357,119.94965606928376,528053,False
823,120.50116014781666,120.56041512908455,120.28832619555126,120.50116014781666,562110,False
824,120.41371521285798,120.47218017031288,120.35326901404079,120.41371521285798,184358,False
825,120.30642598538086,120.32134941023972,120.23981123538793,120.30642598538086,272648,False
826,120.65612896943018,120.7316457741106,120.56916799652089,120.65612896943018,464692,False
827,121.03729909049379,121.04888669725116,121.03641883523765,121.03729909049379,775087,False
828,120.91072795951575,120.98246730383741,120.77452527397581,120.91072795951575,658867,False
829,120.80911777164765,120.8741688256595,120.70475488637445,120.80911777164765,196554,False
830,120.7410334716515,120.86092083816101,120.68995269746252,120.7410334716515,771915,False
831,120.41637278334397,120.54818917118568,120.38104941804568,120.41637278334397,939726,False
832,120.195131312852,120.40050323445558,119.97565533820988,120.195131312852,674065,False
833,119.95374565021929,120.04335983611224,119.89557355025518,119.95374565021929,499122,False
834,119.76954526254858,119.93705387118094,119.71426945600342,119.76954526254858,140751,False
835,119.76123687616898,119.9477502501035,119.56627781655426,119.76123687616898,300671,False
836,119.81733656829536,119.87968708105504,119.69029560735062,119.81733656829536,208750,False
837,120.18889024708898,120.31597772216087,119.98196312905075,120.18889024708898,174180,False
838,119.9489081186288,120.02447363256414,119.85314253304355,119.9489081186288,863274,False
839,120.18504491249674,120.28951604584864,120.17531894335202,120.18504491249674,304750,False
840,120.1336083947887,120.1748100377528,120.11911392141391,120.1336083947887,918076,False
841,120.12172388693843,120.16774037603297,120.08565557139958,120.12172388693843,133521,False
842,120.28384484836155,120.38064439675051,120.12732517958065,120.28384484836155,635852,False
843,120.01375420546269,120.1513380100942,119.86394457530938,120.01375420546269,729443,False
844,120.10554306403131,120.16148502139337,120.00507235640625,120.10554306403131,520515,False
845,120.1455267297546,120.36986536530424,120.14409257901224,120.1455267297546,541174,False
846,120.26385836276057,120.41337452019309,120.22687040312222,120.26385836276057,287150,False
847,120.33341143642834,120.41850956259613,120.28005584840437,120.33341143642834,506637,False
848,120.92432072029997,121.04272805395789,120.91206984311947,120.92432072029997,450891,False
849,120.77008417151644,120.84710160886891,120.67432176148796,120.77008417151644,897634,False
850,120.64182707761567,120.69610386329425,120.34492799649891,120.64182707761567,471551,False
851,120.4914734543477,120.5997492419133,120.40221862683114,120.4914734543477,759045,False
852,120.3576129412321,120.5223058566286,120.3423192710627,120.3576129412321,190197,False
853,120.20418415490794,120.22816312257837,120.14244592735257,120.20418415490794,142637,False
854,120.49003367904491,120.49978713114149,120.37523563200587,120.49003367904491,773726,False
855,120.83234688840797,120.8418809026713,120.73718321437507,120.83234688840797,596464,False
856,120.69441766010475,120.75010271088817,120.58919931541269,120.69441766010475,124276,False
857,120.49349631774083,120.55621171794857,120.289461591486,120.49349631774083,967378,False
858,120.60710133495598,120.70574926130507,120.60340169088715,120.60710133495598,961646,False
859,120.4738972936338,120.53821287756708,120.38193364211429,120.4738972936338,255647,False
860,120.62640081924609,120.70527599979795,120.62571497395541,120.62640081924609,534617,False
861,120.67535656654341,120.77961363505044,120.57276000100968,120.67535656654341,403374,False
862,120.30953064346156,120.31094109263015,120.23478781169604,120.30953064346156,834784,False
863,120.68188989234223,120.73750401003241,120.56431408118216,120.68188989234223,486230,False
864,121.11534971555149,121.16057778365754,120.96400931540207,121.11534971555149,229526,False
865,120.96691348245199,120.96738290867422,120.85209783792972,120.96691348245199,607723,False
866,120.8731153603364,121.0691926964396,120.85147196824248,120.8731153603364,561833,False
867,120.94222224103765,121.09176975836166,120.93144619630911,120.94222224103765,778381,False
868,121.02312213588692,121.10487446484014,120.87674533605986,121.02312213588692,508873,False
869,121.18252030377408,121.23970177113313,121.09736223560489,121.18252030377408,397203,False
870,121.66972360844166,121.7771537644265,121.62701115011184,121.66972360844166,101532,False
871,121.62666536791669,121.80507627471546,121.38535846724452,121.62666536791669,619518,False
872,121.43247690426547,121.49796306516195,121.42695150126289,121.43247690426547,202666,False
873,121.0974886036665,121.15897383156808,121.0024663848626,121.0974886036665,806165,False
874,120.92046101930262,121.14530213590147,120.83448109328928,120.92046101930262,181551,False
875,120.91244956163848,120.94015626670705,120.79263037983084,120.91244956163848,268828,False
876,121.34641833595455,121.35184805240105,121.30976795311351,121.34641833595455,696168,False
877,121.22079778149804,121.34574162530981,121.13993848164958,121.22079778149804,206734,False
878,121.27505328956114,121.40161768276408,121.08631282765036,121.27505328956114,830002,False
879,121.27106991436837,121.37639503518514,121.19792556360036,121.27106991436837,938600,False
880,121.55930536186855,121.79703827630223,121.41409821228453,121.55930536186855,213123,False
881,122.17364966263972,122.21204673385303,122.07191918890659,122.17364966263972,830548,False
882,122.04393331168052,122.06680885739549,121.97619900336949,122.04393331168052,499605,False
883,121.92446708231492,121.9850824198193,121.81944585111964,121.92446708231492,187897,False
884,122.17908459928461,122.21504251598232,122.07579545394756,122.17908459928461,791207,False
885,122.34571035528177,122.38159128923594,122.0768050734836,122.34571035528177,728887,False
886,122.79758379445272,122.88879475066416,122.68920750837457,122.79758379445272,965671,False
887,122.94099373498773,122.94704303627873,122.93515435184364,122.94099373498773,380786,False
888,122.85265028162276,122.9127355322636,122.82682097628378,122.85265028162276,469006,False
889,122.99777730432714,123.01633420915178,122.78968537974559,122.99777730432714,348751,False
890,123.27051345652923,123.3173940762631,123.08003121026445,123.27051345652923,136509,False
891,123.47279597604549,123.58736901333452,123.27514848377827,123.47279597604549,965849,False
892,123.5980650619392,123.67107129486948,123.36223402843939,123.5980650619392,935669,False
893,123.86174291730674,123.93275778907596,123.85864993322663,123.86174291730674,770774,False
894,124.15140489694298,124.18573148853868,124.0678280040802,124.15140489694298,949608,False
895,124.49459885799948,124.66373508736791,124.3461980167261,124.49459885799948,228633,False
896,124.65612061246087,124.7002711621293,124.65411104392264,124.65612061246087,966297,False
897,124.61445602930787,124.75696006932372,124.5857078084762,124.61445602930787,741469,False
898,124.65102132176177,124.71853800994688,124.54644304890341,124.65102132176177,686347,False
899,124.95180647158003,125.12007200101084,124.87382595529624,124.95180647158003,411294,False
900,124.74765129585818,124.90498451216324,124.65258840512665,124.74765129585818,974799,False
901,124.83963355461292,125.08591852630452,124.78826313884791,124.83963355461292,665379,False
902,124.74142500822542,124.79321472922926,124.67388449970525,124.74142500822542,304196,False
903,124.74859634857441,124.8775727732884,124.61412910539984,124.74859634857441,100903,False
904,125.06756649929338,125.25104957856838,124.98743758626402,125.06756649929338,341024,False
905,125.11536709008845,125.23705650349414,125.0654107581838,125.11536709008845,940667,False
906,125.12698694162637,125.14081792782973,125.1261420335147,125.12698694162637,289637,False
907,124.78667753843659,124.93863004409495,124.75223835051392,124.78667753843659,941774,False
908,124.97292254464809,125.00474062196804,124.71769561372973,124.97292254464809,273795,False
909,125.13425863379517,125.27071563139796,125.06266610627692,125.13425863379517,135572,False
910,125.67565318586894,125.82644832103479,125.60075912457586,125.67565318586894,904042,False
911,125.59829272444073,125.73530747368022,125.5648065851547,125.59829272444073,920484,False
912,125.65334253844992,125.75314913066491,125.53021912598145,125.65334253844992,198993,False
913,125.71601432531553,125.73888105234903,125.64960936465783,125.71601432531553,449207,False
914,126.11263660354804,126.1300641891068,126.02305470034187,126.11263660354804,522227,False
915,126.08860066185632,126.10462560871218,126.03914484483899,126.08860066185632,596027,False
916,126.15896352933414,126.16993560184137,125.95063957643454,126.15896352933414,721828,False
917,126.312346716532,126.50478677400169,126.23750239190227,126.312346716532,153533,False
918,126.3594887890612,126.53215241265255,126.34467445447423,126.3594887890612,779424,False
919,126.24666654243548,126.4641066498818,126.1540837726437,126.24666654243548,883185,False
920,126.29567297166078,126.53983914231121,126.20424649974184,126.29567297166078,280653,False
921,126.56686306040534,126.70218129605072,126.45277952314011,126.56686306040534,220388,False
922,126.3070174177454,126.40470800050228,126.25565230476656,126.3070174177454,915134,False
923,126.34060742364241,126.35730794249412,126.28619893546295,126.34060742364241,223482,False
924,126.16370004558371,126.17817318242184,126.06196814651662,126.16370004558371,895063,False
925,126.46524305444804,126.5773387020465,126.36447493756852,126.46524305444804,354936,False
926,126.07998265018638,126.18733688552442,125.83979737286603,126.07998265018638,187388,False
927,125.93904493657276,125.95509750105482,125.87664312911859,125.93904493657276,749086,False
928,126.03405634314149,126.06401905923569,125.61215096265225,126.03405634314149,694331,False
929,126.42867503055562,126.45811664144586,126.37691227711974,126.42867503055562,784341,False
930,126.41204959377488,126.50316387030925,126.38289165269424,126.41204959377488,922196,False
931,126.27168177356933,126.39277331662133,126.18145678153134,126.27168177356933,857131,False
932,126.74675550724633,126.85739507559357,126.70827465090298,126.74675550724633,884147,False
933,126.37969337963203,126.56292542290636,126.31697397716896,126.37969337963203,543729,False
934,125.82392453443413,126.00336484773801,125.60824164768705,125.82392453443413,753302,False
935,125.93465322434928,125.96970070977844,125.80447006477988,125.93465322434928,213076,False
936,125.80820117506194,125.84656289009692,125.77364860070237,125.80820117506194,723295,False
937,125.55124224765362,125.63903151568057,125.41565822561807,125.55124224765362,821558,False
938,125.72911231147876,125.88208179425534,125.72665094255923,125.72911231147876,911372,False
939,125.79041800612546,125.99532282643533,125.59053630751528,125.79041800612546,993850,False
940,125.64850663262807,125.85053621387824,125.63079950074436,125.64850663262807,171792,False
941,125.3267699611717,125.35738490231697,125.30987593111757,125.3267699611717,521648,False
942,125.5454544789363,125.59997837717556,125.33253415781557,125.5454544789363,108367,False
943,125.70871408371542,125.79499260617186,125.67263666508757,125.70871408371542,998196,False
944,125.68377954310772,125.78978143739032,125.53918198234412,125.68377954310772,858961,False
945,126.14796417732254,126.17599875045114,126.11639739446134,126.14796417732254,895005,False
946,125.87798614778411,125.8877744099156,125.83798335563935,125.87798614778411,639870,False
947,125.49392607511659,125.49467127931018,125.35516561187553,125.49392607511659,236450,False
948,125.32026555477168,125.42787662705739,125.28096961686576,125.32026555477168,951728,False
949,125.30883985142117,125.35827076698769,125.14693410974097,125.30883985142117,768860,False
950,125.36982501959058,125.40989229417292,125.20876997830358,125.36982501959058,427985,False
951,125.30933757486686,125.37281963718547,125.22439614230704,125.30933757486686,646169,False
952,125.39756923192058,125.50407308492059,125.19112355112006,125.39756923192058,956665,False
953,125.0836892287378,125.11930788852904,124.95762276978951,125.0836892287378,806902,False
954,125.4448720348485,125.50743956993145,125.21063214310955,125.4448720348485,689573,False
955,125.42426114672656,125.48055203188724,125.34420243428254,125.42426114672656,159547,False
956,125.70453315504508,125.85102009407267,125.67411875159182,125.70453315504508,817511,False
957,125.7906974143787,125.82266126507723,125.66365440809042,125.7906974143787,762582,False
958,125.90560802634594,125.98907169398406,125.73794983776546,125.90560802634594,107933,False
959,126.04908181804824,126.05262112173557,125.92064578631451,126.04908181804824,445529,False
960,126.16194832387276,126.17509792374298,125.9594392920864,126.16194832387276,865127,False
961,126.32412263510673,126.47405436510728,126.21980414304254,126.32412263510673,722994,False
962,126.65993068954116,126.69772680726035,126.50140227711847,126.65993068954116,571653,False
963,126.70971340500799,126.7526279986493,126.50724321141432,126.70971340500799,971022,False
964,126.88938873086222,126.9112320125266,126.80724342471144,126.88938873086222,468543,False
965,126.86661571607134,126.95866104536466,126.77896036254617,126.86661571607134,421289,False
966,127.23202131078838,127.24941034921275,127.22973501406297,127.23202131078838,274682,False
967,127.05990379120826,127.21592539242867,127.05940047123508,127.05990379120826,419664,False
968,127.51755842748695,127.51904532760028,127.44213895567225,127.51755842748695,628832,False
969,127.50731673985172,127.73378086326876,127.40913323868833,127.50731673985172,941244,False
970,127.1424481515932,127.20103221488614,127.12282444799698,127.1424481515932,302682,False
971,127.17502316945476,127.27289228310978,127.16271976008524,127.17502316945476,282572,False
972,127.00179764881683,127.0713060723715,126.92643216456237,127.00179764881683,481234,False
973,127.21532413262373,127.38885625844179,127.16065004887378,127.21532413262373,985486,False
974,127.04927659049639,127.22445255290452,126.97445585903233,127.04927659049639,317054,False
975,126.93590202566318,126.96090721128488,126.90669970909558,126.93590202566318,587295,False
976,126.45620091146958,126.53343807583045,126.4405870716591,126.45620091146958,518005,False
977,126.3418070339086,126.35985508902665,126.24653994293097,126.3418070339086,494833,False
978,125.72933244559172,125.7305919924258,125.48490108182513,125.72933244559172,359711,False
979,125.33104635628062,125.49966439579391,125.2709242086677,125.33104635628062,725122,False
980,125.52165348531905,125.53526063416642,125.51785612119694,125.52165348531905,234405,False
981,125.7189233557648,125.89175973253396,125.69540968931135,125.7189233557648,140002,False
982,125.82589948896714,125.86554727217596,125.57994619433057,125.82589948896714,355549,False
983,125.58255820297992,125.69890816698432,125.5460369599533,125.58255820297992,843048,False
984,125.57057477466064,125.59928812253348,125.52256387737187,125.57057477466064,582843,False
985,125.56967002885214,125.78689116755254,125.5548137370224,125.56967002885214,493727,False
986,125.27875908526218,125.46379767442606,125.19187314325548,125.27875908526218,474994,False
987,125.65544683257474,125.80169189414939,125.64142372028108,125.65544683257474,754299,False
988,125.87593753388741,126.10649470617675,125.57740970977507,125.87593753388741,793210,False
989,125.820309388803,125.91256902972947,125.78260160128112,125.820309388803,745836,False
990,125.82707495796394,125.91135435530765,125.79395149363847,125.82707495796394,575388,False
991,125.87951535635509,125.98975101688394,125.78914583636372,125.87951535635509,131786,False
992,125.36549016490824,125.50946565517698,125.15121457220941,125.36549016490824,567572,False
993,125.30351513747348,125.46057778248641,125.06054752409699,125.30351513747348,398388,False
994,125.13260509038845,125.1354143689621,125.02590697365177,125.13260509038845,830074,False
995,124.88193444809083,124.91510581502641,124.80028249038838,124.88193444809083,167261,False
996,124.81172575139178,124.94109505013716,124.78242428273207,124.81172575139178,380621,False
997,125.26047046694401,125.33107762242173,125.21145133745601,125.26047046694401,801893,False
998,125.42101502353938,125.47309893192322,125.3162687090329,125.42101502353938,370640,False
999,125.27773932622202,125.42446664068503,125.1366623131128,125.27773932622202,220522,False
1000,125.42120307907287,125.70640349987464,125.23465660890554,125.42120307907287,505486,False
1001,125.77222076385658,125.80235482260625,125.7205693862279,125.77222076385658,831368,False
1002,126.00480722724258,126.0059114684662,125.83112541757086,126.00480722724258,382868,False
1003,126.01983465377594,126.2283665244709,125.95687068288854,126.01983465377594,392560,False
1004,125.85678092226014,125.93061766908892,125.84907479019934,125.85678092226014,659863,False
1005,126.0325331994927,126.24267761998534,125.9070942291718,126.0325331994927,574406,False
1006,126.13171711929606,126.18361668503516,126.05878521680715,126.13171711929606,700902,False
1007,126.35754163528736,126.44241576651591,126.21687128267898,126.35754163528736,193566,False
1008,126.51805913004053,126.59051369965287,126.39923856713484,126.51805913004053,352061,False
1009,126.78363387503427,126.9555571032167,126.64780951225156,126.78363387503427,828468,False
1010,126.64791574483523,126.7004232552108,126.5057122362895,126.64791574483523,227192,False
1011,126.98160617008965,127.06286213174025,126.9455965837206,126.98160617008965,643647,False
1012,127.03178920045447,127.19894852068555,126.96840654648399,127.03178920045447,501914,False
1013,127.55903740386903,127.59820546745587,127.5234033689617,127.55903740386903,301464,False
1014,127.38321313453707,127.53616966925772,127.38276656379819,127.38321313453707,848423,False
1015,127.82547842880194,127.90218892080172,127.77242515418172,127.82547842880194,567997,False
1016,127.87607450996661,127.9266130529822,127.76869803664086,127.87607450996661,667922,False
1017,127.70947295563194,127.78578264806511,127.61353049970621,127.70947295563194,217255,False
1018,127.58587934595639,127.83444781135948,127.56815220540149,127.58587934595639,667152,False
1019,127.50413575993223,127.68862558299578,127.48367599343682,127.50413575993223,980914,False
1020,127.61230158476177,127.61985605109257,127.5450103811391,127.61230158476177,137355,False
1021,127.74574206471856,127.93285085374846,127.73905292755867,127.74574206471856,137690,False
1022,127.59916659926722,127.76693585218186,127.5893396775632,127.59916659926722,531030,False
1023,127.5929513479165,127.59386027062241,127.51731268527884,127.5929513479165,787005,False
1024,128.13962854319738,128.16245970423577,127.95780890852926,128.13962854319738,840174,False
1025,128.58236202341547,128.93839273677585,128.39475748362716,128.58236202341547,303811,False
1026,128.6945690795223,128.77094578978665,128.52206605289427,128.6945690795223,680918,False
1027,128.70435076201505,128.92940008979204,128.59232016675216,128.70435076201505,279243,False
1028,128.7352478699678,128.78554883981982,128.4667820166221,128.7352478699678,645946,False
1029,128.89321064655206,128.92330881693616,128.83677813562358,128.89321064655206,617196,False
1030,128.6295486114444,128.96889590386138,128.58767380016718,128.6295486114444,619757,False
1031,128.56333615578052,128.5840464721039,128.2748501505309,128.56333615578052,339204,False
1032,128.1342986853923,128.31040280141494,127.7850085785466,128.1342986853923,377941,False
1033,128.23660703506036,128.27275934390912,128.2091776750999,128.23660703506036,945231,False
1034,128.40259545784906,128.42477531453164,128.24177175542633,128.40259545784906,480445,False
1035,128.2785106661504,128.32560117399976,128.15276399451406,128.2785106661504,853702,False
1036,128.68232802175655,128.69951969682052,128.352174004214,128.68232802175655,414380,False
1037,128.366859263508,128.65126176744835,128.3530616594301,128.366859263508,630553,False
1038,127.99090485519416,128.06216197897209,127.93576412043696,127.99090485519416,620335,False
1039,128.04836043790195,128.18600789601098,128.00583753056387,128.04836043790195,749899,False
1040,128.31651887963554,128.33250029170884,128.27570548021075,128.31651887963554,303206,False
1041,128.74867035846134,128.85162163510182,128.53988538669262,128.74867035846134,546710,False
1042,128.63050888107574,128.66237243869378,128.42030849151936,128.63050888107574,483898,False
1043,128.9080114101248,129.0253745116308,128.90079067016893,128.9080114101248,782358,False
1044,128.89808330967324,129.1696868486208,128.8654710006794,128.89808330967324,191426,False
1045,128.85358065349465,128.94266803676908,128.77477360008103,128.85358065349465,507522,False
1046,129.08130614754504,129.17005785216094,129.01583410216176,129.08130614754504,819366,False
1047,129.2497115258961,129.29152114785822,129.11448308287746,129.2497115258961,611933,False
1048,128.8422150628123,128.99146758192452,128.63578259848924,128.8422150628123,278417,False
1049,129.2226965213889,129.24823729727515,129.13259164395825,129.2226965213889,242957,False
1050,129.57937477384647,129.63129617157304,129.54789264163995,129.57937477384647,733969,False
1051,129.41725472635957,129.489550638646,129.38579623165757,129.41725472635957,930258,False
1052,129.5197023397765,129.85933138414228,129.40781393957155,129.5197023397765,679885,False
1053,129.6476756251249,129.80777050165773,129.59730542588326,129.6476756251249,197375,False
1054,129.71526712079594,129.83947658695666,129.46537650372778,129.71526712079594,871365,False
1055,129.57250116073791,129.6921752249726,129.44245044490734,129.57250116073791,903516,False
1056,129.39845332149446,129.4247139677154,129.3591830091826,129.39845332149446,451591,False
1057,129.39184000696974,129.5546181370596,129.36603361759316,129.39184000696974,628671,False
1058,129.69532313823282,129.79020837958555,129.63882942262236,129.69532313823282,192313,False
1059,129.83632793364905,129.95724055830937,129.79051730905064,129.83632793364905,920793,False
1060,129.74008952573377,129.83504758248534,129.6809122608926,129.74008952573377,180294,False
1061,129.94033004534657,130.07450081833437,129.72856197996865,129.94033004534657,685619,False
1062,129.20004890880077,129.40210488401027,129.12817375723725,129.20004890880077,195057,False
1063,129.49689007814644,129.64892902691102,129.24967321779204,129.49689007814644,251601,False
1064,129.04631503019073,129.14809023667357,128.9470054842101,129.04631503019073,813934,False
1065,128.95277169438242,129.06851242548956,128.80855332824314,128.95277169438242,843987,False
1066,128.66400262179283,128.80942122147974,128.48792334256126,128.66400262179283,483829,False
1067,128.33084482021974,128.41738382115017,128.28869673707158,128.33084482021974,196917,False
1068,128.62878458484818,128.7244697453006,128.4928009183174,128.62878458484818,594132,False
1069,128.50846491070092,128.59227986508594,128.45076414470765,128.50846491070092,393076,False
1070,128.59752227455456,128.803933509946,128.5108943070104,128.59752227455456,615303,False
1071,128.58545453417946,128.74893951893915,128.22729185397284,128.58545453417946,364052,False
1072,128.70813555737914,128.86867226821542,128.56678878252367,128.70813555737914,606705,False
1073,128.72791076211587,128.7657694442072,128.72404966643398,128.72791076211587,523574,False
1074,128.3975969450282,128.43237170282623,128.36449227264632,128.3975969450282,654700,False
1075,128.65343347609434,128.70920124420374,128.52683316449537,128.65343347609434,970142,False
1076,128.5263865166441,128.59175018537638,128.30412716338276,128.5263865166441,353928,False
1077,128.1262628231402,128.18827428360382,128.06402986759352,128.1262628231402,312104,False
1078,128.01655723187523,128.03238795074662,127.81061521899619,128.01655723187523,102928,False
1079,128.4008014351333,128.59289090322991,128.20135862065305,128.4008014351333,951590,False
1080,128.6191397413032,128.74254215717266,128.53348597466925,128.6191397413032,261704,False
1081,128.5294530661102,128.69466293300113,128.5124866831002,128.5294530661102,132309,False
1082,128.43967326267986,128.52002263538398,128.3384346584107,128.43967326267986,895712,False
1083,128.35705186090348,128.40819395167227,128.10949199794564,128.35705186090348,140449,False
1084,128.89018235815936,129.0504330975478,128.81132901384905,128.89018235815936,913389,False
1085,128.9886378183337,129.00451007543685,128.87573534664756,128.9886378183337,792255,False
1086,129.09957879088637,129.17552103018437,128.92632421900535,129.09957879088637,432643,False
1087,129.36559711078783,129.3775382531734,129.21339972282806,129.36559711078783,717345,False
1088,129.42737931506994,129.62880810176964,129.3274989526819,129.42737931506994,853511,False
1089,129.3603250229385,129.42372188293623,129.1933589379688,129.3603250229385,472209,False
1090,129.30952526234682,129.3803423702209,129.12896422951474,129.30952526234682,605074,False
1091,129.2910078126208,129.36422615574452,129.2573942289098,129.2910078126208,777055,False
1092,129.28138281167801,129.35314868312824,129.27770756643443,129.28138281167801,699181,False
1093,129.46952071883007,129.52949606786564,129.34857622136587,129.46952071883007,556339,False
1094,129.48297153670762,129.5825757479595,129.29122197928587,129.48297153670762,911608,False
1095,129.67270036523715,129.68909265819062,129.47666284364192,129.67270036523715,773769,False
1096,129.65176689142328,129.80444623929685,129.58240699851623,129.65176689142328,879824,False
1097,129.67215727415194,129.91504676569278,129.59476514580479,129.67215727415194,943399,False
1098,129.153935287292,129.28025711794723,129.01085173592716,129.153935287292,625275,False
1099,129.39062993769298,129.39549843143755,129.1480576645091,129.39062993769298,298573,False
1100,129.48029466201817,129.51570764973198,129.45240381309648,129.48029466201817,336692,False
1101,129.73873994821878,129.76451590363286,129.57467426889357,129.73873994821878,983286,False
1102,128.98722690154858,129.05398038400472,128.9799495127275,128.98722690154858,126015,False
1103,129.5259742253506,129.78930062623914,129.29679908480387,129.5259742253506,587943,False
1104,129.4898132601935,129.76334102961502,129.4639790937489,129.4898132601935,474494,False
1105,129.7768100321885,129.87931869812667,129.51760933986253,129.7768100321885,952836,False
1106,129.50689868427668,129.5071454768951,129.37968752155822,129.50689868427668,216751,False
1107,129.66561558035528,129.6701366161742,129.49952160300137,129.66561558035528,805641,False
1108,129.3924320254336,129.65080933162028,129.25954398074472,129.3924320254336,148231,False
1109,129.23101005974078,129.24239839272443,129.22259705136202,129.23101005974078,784392,False
1110,129.7257144700332,129.9317847137341,129.37247800605294,129.7257144700332,390449,False
1111,129.67624164868144,129.72898453829643,129.46070485943912,129.67624164868144,154306,False
1112,129.7326334042911,129.8574212604968,129.6522428761484,129.7326334042911,319248,False
1113,129.95838576017582,129.9758921252803,129.8674193950159,129.95838576017582,221139,False
1114,130.08722179619875,130.10263826656524,130.058107879058,130.08722179619875,642606,False
1115,130.12635695115026,130.2674230940291,129.96265540312515,130.12635695115026,244318,False
1116,130.22133904251058,130.26792218055724,130.10685647275056,130.22133904251058,263674,False
1117,130.8472910340813,130.85018311902357,130.8415435494258,130.8472910340813,383728,False
1118,130.83221250707234,130.90501038988444,130.68993855303634,130.83221250707234,871687,False
1119,130.88483297350191,130.9101399197646,130.86189603555155,130.88483297350191,639457,False
1120,131.15986242377056,131.24526099016663,130.9065108886696,131.15986242377056,125968,False
1121,131.44986368231594,131.550861080865,131.30572328126317,131.44986368231594,304830,False
1122,131.7619336260213,131.84420555078026,131.49669677031775,131.7619336260213,739679,False
1123,131.93025428426117,132.33919460452938,131.68355754781717,131.93025428426117,387588,False
1124,131.62866042669177,131.64559484189093,131.50793026656626,131.62866042669177,334856,False
1125,132.0586732356828,132.13184347697606,131.93931127201583,132.0586732356828,616328,False
1126,131.75590353233903,131.8062514822131,131.57196947599274,131.75590353233903,468225,False
1127,131.83565155066603,132.09917410833987,131.81308703690175,131.83565155066603,162497,False
1128,131.63677065439356,131.9036957593273,131.47256888279622,131.63677065439356,629650,False
1129,131.61988472475232,131.6416181847406,131.54513549168766,131.61988472475232,985686,False
1130,131.70642806584428,131.81528542679132,131.6645919971938,131.70642806584428,763610,False
1131,131.79107768780455,131.86813372763453,131.72860314070073,131.79107768780455,692642,False
1132,131.90228846960358,131.95112207242076,131.81047584816656,131.90228846960358,136368,False
1133,132.3279928882396,132.3798358891025,132.26647014073794,132.3279928882396,144109,False
1134,132.44802345589022,132.53555315762674,132.3979773227175,132.44802345589022,288717,False
1135,132.38334732837444,132.41653482955738,132.34387980435028,132.38334732837444,127426,False
1136,132.63860550128314,132.74630462054643,132.41943182612113,132.63860550128314,736925,False
1137,132.9541449151549,133.11159631544623,132.94298981466727,132.9541449151549,663311,False
1138,132.62771382044951,132.7059612127791,132.57682665486985,132.62771382044951,484412,False
1139,132.78617743145026,132.87396271006074,132.7091517692141,132.78617743145026,552483,False
1140,132.97238952779142,133.1405686556332,132.96024899290893,132.97238952779142,255964,False
1141,132.89325406763535,132.9970668034329,132.71565794109767,132.89325406763535,613168,False
1142,133.25889837776336,133.38767765424384,133.24955846476809,133.25889837776336,995643,False
1143,133.2189058933166,133.25369958178644,133.14400946557913,133.2189058933166,719185,False
1144,133.25236420879148,133.38870815755084,133.2446759175296,133.25236420879148,771367,False
1145,133.20623974926397,133.23287871919487,133.10977615415712,133.20623974926397,704065,False
1146,133.21039020195838,133.34748592772178,132.9741805512578,133.21039020195838,144858,False
1147,132.9183197377704,132.9843552214436,132.82325010645422,132.9183197377704,320510,False
1148,132.53550145046773,132.64696134189293,132.44349838868192,132.53550145046773,452186,False
1149,132.9581585067074,133.01190625716112,132.9035140061685,132.9581585067074,969530,False
1150,132.73293766430987,132.76817330294492,132.66294937290573,132.73293766430987,644527,False
1151,132.46975682646735,132.65000525009015,132.45634721397695,132.46975682646735,556185,False
1152,131.89923869706413,131.90274106421515,131.57230821614564,131.89923869706413,997383,False
1153,131.73068156091054,131.73369259626122,131.51307325275582,131.73068156091054,141291,False
1154,131.38209852040683,131.47899451205686,131.3507071563005,131.38209852040683,138805,False
1155,131.81356131548893,131.8202010145796,131.74746084490522,131.81356131548893,198831,False
1156,132.07977648913592,132.16371717588194,132.0790671706996,132.07977648913592,249515,False
1157,131.89799500157193,132.04025141383957,131.83608232508925,131.89799500157193,109290,False
1158,132.49217853476125,132.53560114378703,132.2892478876848,132.49217853476125,493427,False
1159,132.75233103112475,133.1870963269285,132.44780493848714,132.75233103112475,445778,False
1160,132.6660867844191,132.77459797120005,132.6259383607912,132.6660867844191,905504,False
1161,132.0029140334613,132.16246358103137,131.8936142469977,132.0029140334613,929722,False
1162,132.6077362243919,132.61221369561719,132.51470679755465,132.6077362243919,185186,False
1163,132.23920010611738,132.28404642187667,132.13509175591895,132.23920010611738,901547,False
1164,131.804027677811,131.9578146393492,131.68130285085022,131.804027677811,629437,False
1165,132.07358548085722,132.08696782584224,131.99381569167468,132.07358548085722,928424,False
1166,132.71803917683877,132.9957560808182,132.57185241242766,132.71803917683877,379860,False
1167,133.0854751251558,133.28580896515197,132.81468854801676,133.0854751251558,984156,False
1168,133.23557135149494,133.29135015974364,133.18725975577595,133.23557135149494,637909,False
1169,133.39405622054608,133.4029790745698,133.2903379232959,133.39405622054608,500036,False
1170,133.62173734660092,133.81611107254457,133.46652115880295,133.62173734660092,885088,False
1171,133.82455605997956,133.92268541606234,133.78607372354713,133.82455605997956,999497,False
1172,133.8998166949407,133.94125879023997,133.76184555560454,133.8998166949407,916831,False
1173,133.92772171237786,134.04618119380038,133.76854386685446,133.92772171237786,219374,False
1174,133.91095580234898,133.9806690662673,133.64463100802791,133.91095580234898,405242,False
1175,133.70902756487646,133.9619921957593,133.70607442517644,133.70902756487646,931943,False
1176,133.63396998169736,133.68551055451547,133.52953443771165,133.63396998169736,415387,False
1177,133.18149690152038,133.1884048744398,133.16497682788292,133.18149690152038,477275,False
1178,133.15530286411786,133.1734560387361,132.90272201402905,133.15530286411786,623990,False
1179,132.89203056755494,133.1776890655855,132.84024511572687,132.89203056755494,915182,False
1180,132.59871411700001,132.84183181428705,132.50761738034257,132.59871411700001,322682,False
1181,132.64642158324025,132.746025711032,132.48904177229045,132.64642158324025,941830,False
1182,133.01570982747887,133.2875855177605,132.7641207359198,133.01570982747887,837902,False
1183,133.26001089786638,133.27323033797913,133.17493605199715,133.26001089786638,873085,False
1184,132.8414410427585,132.89145719208028,132.7004847660027,132.8414410427585,406489,False
1185,132.57851378724158,132.69259548682825,132.48580117659907,132.57851378724158,717718,False
1186,132.82796587907623,132.93568612290807,132.77289203068975,132.82796587907623,214921,False
1187,132.56696227510517,132.7767567800203,132.46641267356762,132.56696227510517,716017,False
1188,132.50740440646237,132.54153189665564,132.44836548019964,132.50740440646237,676131,False
1189,132.65317635832253,132.74102594899895,132.577913747358,132.65317635832253,765582,False
1190,132.39626842282925,132.51943742571768,132.31197567026373,132.39626842282925,231458,False
1191,132.42417107042303,132.43171136347001,132.39747699089588,132.42417107042303,950766,False
1192,132.07085662972034,132.1152771242023,132.0578001781318,132.07085662972034,429314,False
1193,131.91201034994828,132.00110019161536,131.58124161217938,131.91201034994828,140878,False
1194,131.99637650556093,132.14887197365718,131.76674275160497,131.99637650556093,300741,False
1195,131.57583770431643,131.75858036032716,131.31515391524573,131.57583770431643,269421,False
1196,131.6917493695859,131.73126437784776,131.63335597403236,131.6917493695859,855631,False
1197,131.68657709739705,131.73334185266174,131.3670444016369,131.68657709739705,615188,False
1198,131.83208811935282,131.88677529702264,131.75633871579464,131.83208811935282,714640,False
1199,131.89112625505916,131.93617718178484,131.61577108564762,131.89112625505916,514745,False
1200,132.25096229041776,132.36564940734812,132.19458015890123,132.25096229041776,534737,False
1201,132.28408441237283,132.40839211020253,132.25313025799838,132.28408441237283,642671,False
1202,132.17047737467414,132.32347173260442,132.05633873589005,132.17047737467414,760261,False
1203,132.20280561338916,132.20661341043436,132.19087997176666,132.20280561338916,929321,False
1204,132.34645666083483,132.52227926321493,132.28099484241002,132.34645666083483,638921,False
1205,132.35938957519443,132.44942247771735,132.15093032674181,132.35938957519443,686532,False
1206,132.37013495813355,132.39645672551939,132.26969237609683,132.37013495813355,290091,False
1207,132.1842894892246,132.41003883205408,132.16558116489648,132.1842894892246,843472,False
1208,132.00903931564815,132.05292810798827,131.78811864500406,132.00903931564815,445741,False
1209,131.63872616670946,131.77123314443347,131.52332014413895,131.63872616670946,800461,False
1210,132.09935027431754,132.2687195725826,132.00244969907422,132.09935027431754,800066,False
1211,131.77072322386695,131.82057892507024,131.50980727831836,131.77072322386695,832444,False
1212,131.58811398578865,131.60723611461705,131.5035863090414,131.58811398578865,115115,False
1213,131.39904627148877,131.4056866987338,131.3709693478489,131.39904627148877,175379,False
1214,131.63423069072,131.8303397140079,131.36822192260675,131.63423069072,333553,False
1215,131.5565797427311,131.66320484854867,131.3753505058354,131.5565797427311,664267,False
1216,131.88487710169522,131.94615865644337,131.66065501798084,131.88487710169522,796001,False
1217,131.70723064528013,131.81716934560114,131.47810415269328,131.70723064528013,693665,False
1218,131.78072174222552,131.97169184407446,131.76948294609474,131.78072174222552,877146,False
1219,131.5605564670579,131.5931554864825,131.32766215818398,131.5605564670579,630704,False
1220,132.12499049296727,132.3365620198298,131.9813738979126,132.12499049296727,490929,False
1221,131.8111676333198,131.83733010155373,131.5971368308701,131.8111676333198,755954,False
1222,131.89284329246382,132.00915914536915,131.67388649821197,131.89284329246382,507609,False
1223,132.06002456214216,132.0847012590086,131.79236499151773,132.06002456214216,528596,False
1224,132.16931720008864,132.2471805475272,131.89705925664526,132.16931720008864,800416,False
1225,132.12033851336972,132.14099726401886,131.97225180801888,132.12033851336972,492508,False
1226,132.08603460378006,132.2714220202042,132.0848808354514,132.08603460378006,983939,False
1227,132.0976083709878,132.2049194343549,131.9278898710166,132.0976083709878,742531,False
1228,132.05877114530608,132.09666800285993,132.05675882761062,132.05877114530608,727358,False
1229,132.3133485286992,132.352511679513,132.09644674263455,132.3133485286992,660414,False
1230,132.89831192937973,132.9505361487521,132.75495198848193,132.89831192937973,704670,False
1231,132.75013249509564,132.7564020306057,132.64278240583204,132.75013249509564,322785,False
1232,132.38644944103305,132.5556949154486,132.36074267506342,132.38644944103305,642516,False
1233,132.36307474717185,132.67254112542656,132.19603689946877,132.36307474717185,593515,False
1234,133.04599126694367,133.07738611820014,132.95995458253313,133.04599126694367,648297,False
1235,132.83213990784054,132.84678697829648,132.77848693683225,132.83213990784054,886526,False
1236,133.2675946934926,133.3497889608803,133.25221436858556,133.2675946934926,600204,False
1237,133.71476099770717,133.79987116014763,133.67218983619185,133.71476099770717,180636,False
1238,133.56671515884491,133.57431863388638,133.52821434244956,133.56671515884491,283293,False
1239,133.7187095605804,133.80926256528642,133.6463100196858,133.7187095605804,198453,False
1240,134.1542037507755,134.20995162961603,134.05024544022,134.1542037507755,510646,False
1241,134.0524805903515,134.08948211108952,133.91884273940144,134.0524805903515,154486,False
1242,133.9978996858091,134.0339074040746,133.87289798813438,133.9978996858091,976942,False
1243,133.8420116442962,133.98208230801072,133.81683557703718,133.8420116442962,589881,False
1244,133.57037747996517,133.68109616095475,133.52326922487487,133.57037747996517,817654,False
1245,133.3969289863977,133.57903456032483,133.31412501088272,133.3969289863977,360243,False
1246,133.07038924069997,133.16493975492313,132.97793439941972,133.07038924069997,645148,False
1247,133.0794602414758,133.42194345874552,133.04061700514498,133.0794602414758,434956,False
1248,132.87452499749645,132.91533079145384,132.69147606232016,132.87452499749645,428231,False
1249,132.93665338145706,133.00767349531344,132.9352022873458,132.93665338145706,344856,False
1250,132.5229822610229,132.54298143197838,132.51286667576312,132.5229822610229,501702,False
1251,132.61068073131145,132.61659619201455,132.48670477058408,132.61068073131145,838423,False
1252,132.8317504173279,132.99873052338944,132.80211966376248,132.8317504173279,149607,False
1253,132.30208762678353,132.64532028018056,132.14460364394287,132.30208762678353,502961,False
1254,132.40106455694624,132.55167593326246,132.26370360240523,132.40106455694624,468808,False
1255,132.72615392000026,132.78629314764996,132.59767848782718,132.72615392000026,309605,False
1256,132.40505191993074,132.4703793477629,132.28113815900764,132.40505191993074,642618,False
1257,132.84796598736892,132.96336610567428,132.78994695568167,132.84796598736892,795438,False
1258,132.95929763357756,133.18311396184316,132.9059534109153,132.95929763357756,810692,False
1259,132.7718218712476,132.81367193801347,132.73932592447008,132.7718218712476,597337,False
1260,132.7570127471582,132.7886292193916,132.70166830272018,132.7570127471582,876422,False
1261,132.90525637324365,132.98289051798915,132.89413228321237,132.90525637324365,321437,False
1262,132.92545940530647,133.00705787138068,132.89680071830222,132.92545940530647,405480,False
1263,133.06868818091306,133.16776587529444,132.98443326547243,133.06868818091306,632358,False
1264,132.8236625263653,132.87870102094377,132.81034609256395,132.8236625263653,625608,False
1265,132.8686527762392,132.92779317892382,132.58894281967284,132.8686527762392,975475,False
1266,132.4929760950112,132.59882747037764,132.33268447650693,132.4929760950112,401065,False
1267,132.46350275123635,132.6232694238394,132.36356225730404,132.46350275123635,106589,False
1268,132.22403320653228,132.30458081282728,132.2185797972961,132.22403320653228,979427,False
1269,132.02952373542553,132.05216805938977,132.02924036281854,132.02952373542553,639877,False
1270,132.35592532185683,132.40766862648817,132.24837610229497,132.35592532185683,136375,False
1271,132.64480804350555,132.70673865976696,132.5095974514909,132.64480804350555,143085,False
1272,132.80640606174495,132.88958157467297,132.71970452384394,132.80640606174495,685128,False
1273,132.5162737966019,132.57255640208322,132.40580327508,132.5162737966019,798560,False
1274,132.43241525909926,132.49862705570433,132.41000168136756,132.43241525909926,722992,False
1275,132.75372217580627,132.78040766270843,132.71059117984717,132.75372217580627,983479,False
1276,132.79134907136822,132.84748189474277,132.7825102735407,132.79134907136822,130982,False
1277,133.4073228684787,133.50732256212447,133.34949537654933,133.4073228684787,946152,False
1278,133.51226582845874,133.5354898094376,133.24449680932065,133.51226582845874,390658,False
1279,133.5635476538446,133.65614869665202,133.44695564318758,133.5635476538446,295961,False
1280,133.48097427065042,133.51492402310907,133.15712368997808,133.48097427065042,497067,False
1281,133.51662461080105,133.65188089182405,133.45249189664955,133.51662461080105,700322,False
1282,133.47591009498404,133.70111382054057,133.438413158148,133.47591009498404,460532,False
1283,133.66494099511837,133.66562329791012,133.64338949431533,133.66494099511837,556201,False
1284,133.92069611256684,134.00873742545463,133.8259415484006,133.92069611256684,144845,False
1285,133.71017560119012,133.74415862431542,133.67563977866246,133.71017560119012,354259,False
1286,133.3541768172175,133.48309468971877,133.2383353414866,133.3541768172175,997285,False
1287,132.86444550522242,133.02506960361745,132.84130839540103,132.86444550522242,208417,False
1288,132.99943347716584,133.08741163735755,132.7714480472289,132.99943347716584,213436,False
1289,132.70593921008833,132.76326809330666,132.4821178857894,132.70593921008833,338198,False
1290,132.1345364737797,132.18446790418298,132.0909096577486,132.1345364737797,383303,False
1291,132.23722578136636,132.41926543714752,132.22651141397387,132.23722578136636,588288,False
1292,132.89656046148554,133.08933353712848,132.89358771668046,132.89656046148554,189788,False
1293,132.8949468549605,132.94557356181423,132.89375527557465,132.8949468549605,648291,False
1294,133.11780922877875,133.17703968256743,132.99168954990057,133.11780922877875,730010,False
1295,133.13959511865966,133.259619812193,132.99483767136692,133.13959511865966,921571,False
1296,133.11326286188506,133.1935798336594,132.94690355374996,133.11326286188506,336444,False
1297,133.35794540082532,133.4662216051104,133.21261364368655,133.35794540082532,938884,False
1298,133.280524567195,133.317111710479,133.13757844380027,133.280524567195,122205,False
1299,133.35180094296447,133.47130155474846,133.3425492127865,133.35180094296447,851419,False
1300,133.43759890659575,133.4780888361479,133.18513339890532,133.43759890659575,681243,False
1301,133.25930213462266,133.43681367845423,133.25630793447132,133.25930213462266,865523,False
1302,133.5236998769971,133.77219281398038,133.4084854577223,133.5236998769971,369608,False
1303,133.47697732891,133.49201453667732,133.29162825975752,133.47697732891,838006,False
1304,133.2752281698699,133.38939018991,133.24461014114584,133.2752281698699,303729,False
1305,133.41823511350438,133.4744679306895,133.3974457432762,133.41823511350438,371984,False
1306,133.17849108863126,133.3291216053973,133.16976955713244,133.17849108863126,595832,False
1307,133.18599733666235,133.24206378386518,133.00945943464112,133.18599733666235,402912,False
1308,133.18356829133683,133.3169720791081,133.089822917717,133.18356829133683,907359,False
1309,133.47281518383522,133.5916756858692,133.33552366985845,133.47281518383522,985054,False
1310,133.59953380284577,133.6484191198053,133.50015453524406,133.59953380284577,115329,False
1311,133.59284662280407,133.6059271977347,133.43957000359018,133.59284662280407,115791,False
1312,133.8113420783688,133.93164015495006,133.70844896756182,133.8113420783688,414771,False
1313,134.18339315417177,134.29949465751844,134.11690546144317,134.18339315417177,491029,False
1314,134.33309091345708,134.44189491570114,134.2529473407429,134.33309091345708,769732,False
1315,134.3358723123023,134.48875436928114,134.31786254004564,134.3358723123023,586106,False
1316,133.98341898309502,134.03225322318193,133.8395930423756,133.98341898309502,803829,False
1317,133.69800384272614,133.785285091744,133.43337720127755,133.69800384272614,471698,False
1318,133.61638797533473,133.73425283134276,133.60660743903486,133.61638797533473,230436,False
1319,133.4535063375759,133.46351396518736,133.30007279560056,133.4535063375759,187073,False
1320,133.40360238564008,133.5180049893203,133.3378117531647,133.40360238564008,349894,False
1321,133.41871699375238,133.48570869025164,133.4131294105513,133.41871699375238,396514,False
1322,133.5600588491267,133.69458719949785,133.54754930350254,133.5600588491267,151408,False
1323,133.541227207234,133.54804591111545,133.44437727663149,133.541227207234,453085,False
1324,133.67116326034377,133.7041647184951,133.61094932695923,133.67116326034377,516919,False
1325,133.68840000040018,133.97516648743533,133.5536685191721,133.68840000040018,246306,False
1326,133.16020607137992,133.27934146403433,133.0114839684032,133.16020607137992,238604,False
1327,132.91004188215783,133.03890455633484,132.6327416380292,132.91004188215783,397560,False
1328,132.8717405160265,132.93436994187934,132.83468094462663,132.8717405160265,172439,False
1329,132.55027202407774,132.5989600780629,132.35599080497948,132.55027202407774,642530,False
1330,132.70931345678986,132.7458602691575,132.60393399981666,132.70931345678986,805614,False
1331,133.11560324085733,133.1400791136199,132.94899527362796,133.11560324085733,965756,False
1332,133.4400756790486,133.46519354120315,133.30960088058092,133.4400756790486,921681,False
1333,133.38311201334844,133.43502069373767,133.32681475182184,133.38311201334844,986556,False
1334,133.7807873959338,133.78088219670286,133.7759044063142,133.7807873959338,981481,False
1335,133.8205650949031,133.85945314735687,133.80036667154351,133.8205650949031,339647,False
1336,133.73034702462192,133.80979831405983,133.6269479280899,133.73034702462192,971510,False
1337,133.56628592249962,133.75229684467132,133.5545701544854,133.56628592249962,394438,False
1338,133.4854864172429,133.6567989093469,133.46207491509784,133.4854864172429,815144,False
1339,133.38185447436516,133.67603209827845,133.2881835421047,133.38185447436516,496900,False
1340,133.42731533791107,133.58733962477632,133.23111950333396,133.42731533791107,517011,False
1341,133.47016524832028,133.63821294547176,133.4215962841017,133.47016524832028,617351,False
1342,133.47097835394675,133.5760222254775,133.3087469699441,133.47097835394675,815661,False
1343,133.5876154839392,133.72437931886168,133.57880703806242,133.5876154839392,562403,False
1344,133.9057266774063,133.95974929560924,133.70120991852792,133.9057266774063,241503,False
1345,134.16002815045792,134.22562264269143,133.92078448833533,134.16002815045792,568883,False
1346,133.76160024396233,133.82263606778875,133.4576221328811,133.76160024396233,451771,False
1347,133.0783670881596,133.28183446218316,132.99597873979047,133.0783670881596,190381,False
1348,133.32704262441095,133.37575644893087,133.3150718606328,133.32704262441095,452171,False
1349,132.9625588354389,133.08450617642154,132.92647212415852,132.9625588354389,352641,False
1350,132.90278806949223,132.9918074331892,132.84112809082856,132.90278806949223,810732,False
1351,132.5917655024528,132.73215110123076,132.43123648580195,132.5917655024528,956798,False
1352,132.11390996721357,132.1400859143334,132.11162793219725,132.11390996721357,194176,False
1353,132.25697948346286,132.32038899345127,132.0355892620421,132.25697948346286,743955,False
1354,132.4577866203847,132.46702600522954,132.45316882201396,132.4577866203847,435014,False
1355,132.30506003709692,132.45513108054934,132.25050448306743,132.30506003709692,671675,False
1356,131.61944402505515,131.6394151379783,131.54030119222412,131.61944402505515,808287,False
1357,131.47565124389362,131.54441822026388,131.37787068723898,131.47565124389362,895736,False
1358,131.57867661743416,131.59552222329486,131.51102599000725,131.57867661743416,606399,False
1359,131.18949016332712,131.29454217140153,131.0196662400835,131.18949016332712,903464,False
1360,131.23759995211154,131.28906891894857,131.13020330484764,131.23759995211154,191291,False
1361,131.23358149638935,131.2764411803596,131.0597648977705,131.23358149638935,999321,False
1362,131.38562649283548,131.49482371446265,131.2602124336145,131.38562649283548,159486,False
1363,131.41704877607617,131.44620397909796,131.30367464126365,131.41704877607617,689840,False
1364,131.16129307914355,131.21529501411652,130.89070578230957,131.16129307914355,522870,False
1365,131.4751808099835,131.61110055871657,131.28453035392323,131.4751808099835,139244,False
1366,131.4334954014286,131.52401834424666,131.26654439085502,131.4334954014286,499158,False
1367,131.42631793929235,131.5218581643058,131.31113673652243,131.42631793929235,150697,False
1368,131.18100599626894,131.55217593771926,131.09175797246658,131.18100599626894,889125,False
1369,131.06470557296575,131.13731129768172,131.02926461047124,131.06470557296575,812111,False
1370,130.83277275855755,131.00399579041633,130.7156790707092,130.83277275855755,181098,False
1371,130.78751873344265,131.0585487519566,130.62033793587236,130.78751873344265,630547,False
1372,131.23525894326826,131.36018442936455,131.19761996110805,131.23525894326826,744034,False
1373,130.87517533979394,130.93263851403225,130.79441512096517,130.87517533979394,607099,False
1374,130.45282507805666,130.74567429063484,130.30799781296767,130.45282507805666,207772,False
1375,130.83666172884176,130.9034798305829,130.75869649463624,130.83666172884176,217928,False
1376,130.78188730656305,130.93109155105924,130.65855325854864,130.78188730656305,147419,False
1377,130.60688211554842,130.87371534560953,130.56288507081797,130.60688211554842,464236,False
1378,130.87851953338472,130.91650657419888,130.67922933285607,130.87851953338472,418249,False
1379,130.71999540289036,130.84110316725577,130.6172886736291,130.71999540289036,296979,False
1380,131.19738736561135,131.32335374765663,131.00079236763182,131.19738736561135,782743,False
1381,131.3752715719059,131.3943088957297,131.30140726274183,131.3752715719059,123404,False
1382,131.24707258440955,131.28394819781607,131.08648297320562,131.24707258440955,959088,False
1383,131.81335335971636,132.05825317988308,131.55216200130855,131.81335335971636,236774,False
1384,131.6536707293542,131.78148075175258,131.59515363055286,131.6536707293542,567099,False
1385,131.84906988886678,131.8601592510665,131.69017623579205,131.84906988886678,200965,False
1386,131.92799278556924,131.97221600565894,131.9087775892621,131.92799278556924,680620,False
1387,132.2714650164422,132.67022535083382,132.2219371271214,132.2714650164422,270491,False
1388,132.68455176370347,132.7676912138784,132.56497554598744,132.68455176370347,845936,False
1389,132.69304467605022,132.78178337705714,132.5808061070402,132.69304467605022,727470,False
1390,132.49309805379107,132.5228590408316,132.44776599565438,132.49309805379107,473539,False
1391,132.61498432226398,132.731347968853,132.54447749759387,132.61498432226398,989051,False
1392,132.4352338959947,132.75368097486523,132.37476398823546,132.4352338959947,581294,False
1393,132.96852071809352,133.01009345789538,132.94012380128805,132.96852071809352,208269,False
1394,133.00483052009315,133.24190554107616,132.97778843896918,133.00483052009315,960276,False
1395,132.90765145805796,133.12436498637666,132.87953287294698,132.90765145805796,532458,False
1396,132.95674230950408,132.9640898442237,132.69514450152866,132.95674230950408,134142,False
1397,132.59852326363335,132.692257793435,132.55940307242062,132.59852326363335,209699,False
1398,132.3408540902559,132.40987017990003,132.18117328058446,132.3408540902559,720514,False
1399,132.65858169393428,132.68144276810844,132.57638160477163,132.65858169393428,369537,False
1400,132.48429636719186,132.66448225110332,132.36753601427594,132.48429636719186,825299,False
1401,132.20689783739246,132.3366065158705,131.7737352438986,132.20689783739246,824442,False
1402,132.3487962286475,132.45868550456362,132.27732467624162,132.3487962286475,202281,False
1403,132.66264926375342,132.84099007867852,132.5873614244859,132.66264926375342,522109,False
1404,132.85340576553298,133.02521966501104,132.77432772883859,132.85340576553298,633676,False
1405,133.11806242026137,133.15950844773243,132.93072541008289,133.11806242026137,611315,False
1406,132.9165762285823,133.07977165723835,132.8623715176876,132.9165762285823,600508,False
1407,132.5386118168451,132.5615653625078,132.43043090292184,132.5386118168451,162969,False
1408,132.9365811730533,132.98000660335822,132.79585872520363,132.9365811730533,660948,False
1409,132.85078926387501,132.85837741407326,132.7200742453768,132.85078926387501,189244,False
1410,132.78414253545603,132.8219628158505,132.75270448777079,132.78414253545603,703832,False
1411,133.1368687759481,133.21081895644807,133.0474350852453,133.1368687759481,856913,False
1412,133.28497821948974,133.28789259446026,133.05637849368446,133.28497821948974,294068,False
1413,133.40650420303461,133.5115381461933,133.3224341465971,133.40650420303461,493327,False
1414,133.98415499188388,134.00151125098085,133.68377640321,133.98415499188388,739658,False
1415,133.81171249924517,133.81743735264413,133.77479177764107,133.81171249924517,641833,False
1416,134.06002425217332,134.12627406368475,133.831377964534,134.06002425217332,757739,False
1417,134.0753106139861,134.16469943618392,133.990436018284,134.0753106139861,326845,False
1418,134.1473338004203,134.15573354554098,134.1380414305479,134.1473338004203,604700,False
1419,134.55741372882304,134.62121830550265,134.4536985693352,134.55741372882304,973778,False
1420,134.69407986075376,134.71956442562185,134.50087358898293,134.69407986075376,796480,False
1421,134.83909045087424,135.05401907041528,134.71818475634055,134.83909045087424,379953,False
1422,135.12832227860372,135.15674273699443,134.71872214151807,135.12832227860372,567221,False
1423,135.02969137849547,135.3634253501386,134.96033539839146,135.02969137849547,390111,False
1424,134.80305493373018,135.02895678557027,134.56491202951116,134.80305493373018,123424,False
1425,134.5213679913764,134.7670290100464,134.40500571087284,134.5213679913764,850963,False
1426,133.99233403465297,134.1326711391795,133.92301355984,133.99233403465297,994843,False
1427,134.5433660198518,134.54524718043535,134.35177709412213,134.5433660198518,833838,False
1428,134.2465072859609,134.41593295935132,134.18022608198183,134.2465072859609,512707,False
1429,134.1871022335794,134.25299696295465,133.99853152930734,134.1871022335794,280526,False
1430,134.11281268443577,134.24540391743668,134.09103501874492,134.11281268443577,432213,False
1431,134.1952670381982,134.2635033931905,134.03037524048062,134.1952670381982,282997,False
1432,134.41420318433762,134.43956850589177,134.41015108016646,134.41420318433762,975551,False
1433,134.64552290093587,134.67682618324042,134.48906376597935,134.64552290093587,661337,False
1434,134.48850536772017,134.6097462890567,134.38328522320316,134.48850536772017,389965,False
1435,134.4435534687169,134.5066405465827,134.43256799290901,134.4435534687169,982229,False
1436,134.51953557408223,134.5235532587279,134.38653108920363,134.51953557408223,785305,False
1437,134.452627944491,134.4872082252274,134.4312261629466,134.452627944491,521626,False
1438,134.88485161791272,135.10247697579572,134.79100964704122,134.88485161791272,177734,False
1439,135.0173017849124,135.1410543475649,134.99014663819287,135.0173017849124,556982,False
1440,135.21574421654066,135.49391976282158,134.9838106493191,135.21574421654066,325962,False
1441,135.3950081846808,135.51331561457548,135.28570906735104,135.3950081846808,609622,False
1442,135.71277318975825,135.84342119412963,135.7082652778759,135.71277318975825,500385,False
1443,135.76190706523587,135.8762177465134,135.46207462897243,135.76190706523587,459589,False
1444,135.40978630844066,135.4277670781046,135.23293280498683,135.40978630844066,628118,False
1445,135.5180296287144,135.72239248071432,135.4413010906891,135.5180296287144,973372,False
1446,135.34148842305092,135.41192540996727,135.32470702943533,135.34148842305092,296339,False
1447,135.1984008860244,135.20038646576492,135.09975954277246,135.1984008860244,258829,False
1448,135.35695184136998,135.6007977957104,135.2293901918072,135.35695184136998,163867,False
1449,135.692172285502,135.78229961577352,135.66103503104395,135.692172285502,789126,False
1450,135.6979450584125,135.95662229522972,135.53940037864248,135.6979450584125,918851,False
1451,135.78176106876427,135.8400356296931,135.72733659371514,135.78176106876427,903100,False
1452,136.24402055456454,136.3573261992403,136.18843338557332,136.24402055456454,509462,False
1453,136.30962291683417,136.33983388464787,136.22858328465296,136.30962291683417,124996,False
1454,137.01889180532024,137.05806372075534,136.8928855413412,137.01889180532024,413456,False
1455,137.17386281521954,137.2185445200028,137.03365243832397,137.17386281521954,758425,False
1456,136.69080155687035,136.79202729652096,136.54635909536086,136.69080155687035,372611,False
1457,136.8967512969402,136.91447421527548,136.7533523723001,136.8967512969402,341452,False
1458,137.00110998618027,137.27314806998425,136.87154507895235,137.00110998618027,776367,False
1459,137.3545051040144,137.4836157040908,137.24171511868389,137.3545051040144,823439,False
1460,137.53943408671228,137.5930115822318,137.4655042852565,137.53943408671228,390846,False
1461,137.5013477713462,137.6760266608184,137.46669067700432,137.5013477713462,718657,False
1462,137.16466245621845,137.2248686863756,137.11256810719908,137.16466245621845,699857,False
1463,137.1073212471562,137.3681089214939,137.04335314516578,137.1073212471562,416096,False
1464,136.8740960848711,137.0451735545531,136.55577735114022,136.8740960848711,658457,False
1465,136.7151788399749,136.73472222148692,136.58299145923564,136.7151788399749,116829,False
1466,136.87611404361832,136.9071454582529,136.7143862729447,136.87611404361832,104522,False
1467,137.33325412237744,137.37533836467514,137.25917682582633,137.33325412237744,972119,False
1468,137.44165717337754,137.44209834292226,137.1804507187415,137.44165717337754,528535,False
1469,137.11292887371417,137.20792964010786,136.97471983133508,137.11292887371417,482478,False
1470,137.2348504217636,137.2423241136216,137.18546591673677,137.2348504217636,218576,False
1471,137.56328950792317,137.62343320252268,137.51651322853428,137.56328950792317,596336,False
1472,137.39552202351544,137.6188971348792,137.3550891851312,137.39552202351544,261545,False
1473,137.35869530636515,137.46479322176546,137.26402713765768,137.35869530636515,894131,False
1474,137.36273040889395,137.48492022121863,137.1701209397221,137.36273040889395,168165,False
1475,137.14709885813733,137.364928793225,137.09660334855045,137.14709885813733,533671,False
1476,137.3249184196337,137.41435471193606,137.20985793288122,137.3249184196337,699980,False
1477,137.29170003035256,137.50363692029225,137.11474750373574,137.29170003035256,641729,False
1478,137.40689667523634,137.41862965916638,137.25429431279198,137.40689667523634,130716,False
1479,137.16300158328568,137.40199111695043,136.97570235256222,137.16300158328568,686463,False
1480,137.0429953962059,137.3245486460754,137.03523710619154,137.0429953962059,106834,False
1481,137.2409900063961,137.47889307645247,137.23734324383207,137.2409900063961,616853,False
1482,137.13865402459552,137.16902931861117,137.01610801489625,137.13865402459552,361609,False
1483,137.61232102081007,137.62421487973666,137.53787909858696,137.61232102081007,118179,False
1484,137.50233129467742,137.5606465580312,137.2048033375295,137.50233129467742,388363,False
1485,137.5641206418718,137.63179057030766,137.46715698281997,137.5641206418718,203153,False
1486,137.8207027172824,137.8263706031419,137.77266245235697,137.8207027172824,771142,False
1487,137.4297423932365,137.53081494890938,137.38022963897993,137.4297423932365,574579,False
1488,136.945767390368,136.94941084689378,136.86051435774795,136.945767390368,878263,False
1489,136.52790304082248,136.69236381275797,136.41500218423184,136.52790304082248,699255,False
1490,136.87265896092967,136.89764343561168,136.66570663663208,136.87265896092967,988886,False
1491,136.7215903773346,136.80730862761078,136.71851236767083,136.7215903773346,633784,False
1492,137.42111252701204,137.45918547228146,137.10812733972892,137.42111252701204,844227,False
1493,137.26603346151566,137.32808649505986,137.2490545880252,137.26603346151566,794598,False
1494,137.31669871223568,137.48274405959648,137.26551497781506,137.31669871223568,146025,False
1495,137.7402136077115,137.80904521604572,137.67245795457552,137.7402136077115,360281,False
1496,138.2928529335754,138.3070512683607,138.14445706451542,138.2928529335754,422030,False
1497,138.86303535546702,139.04027123553843,138.80450645573723,138.86303535546702,516779,False
1498,139.19863016066944,139.31419519067572,138.75095940401448,139.19863016066944,890144,False
1499,139.4837263622531,139.52740035850167,139.4059636518341,139.4837263622531,456211,False
1500,139.64902209594237,139.66715299608884,139.63667713400872,139.64902209594237,407633,False
1501,139.8664168221908,139.97920026478698,139.85421467488445,139.8664168221908,132664,False
1502,139.71223207989794,139.79613081463717,139.50358153830982,139.71223207989794,866159,False
1503,139.48360729532152,139.49164186159297,139.4280841472452,139.48360729532152,243492,False
1504,139.48266593233683,139.57637978995996,139.25213599757177,139.48266593233683,891747,False
1505,139.4351903226359,139.5336494912732,139.4094069824863,139.4351903226359,564133,False
1506,139.30879844400087,139.4746798546762,139.21823533933426,139.30879844400087,961465,False
1507,139.50282424111424,139.57024941954185,139.3813701495445,139.50282424111424,325648,False
1508,139.7693597903299,139.91768223493824,139.7586176498511,139.7693597903299,742150,False
1509,139.79407293812605,139.79861622632907,139.58000059664525,139.79407293812605,591127,False
1510,140.20717283396468,140.32012286802183,140.0966725038798,140.20717283396468,703318,False
1511,139.88702682806874,139.89757679185288,139.8646672049626,139.88702682806874,163910,False
1512,139.8328459361172,139.9761645445477,139.66234965077598,139.8328459361172,852648,False
1513,139.63237532587635,139.66682561942403,139.52040940544046,139.63237532587635,846253,False
1514,139.11111744292708,139.24957427818754,139.1026196771966,139.11111744292708,418063,False
1515,139.08811383773002,139.41345887162697,138.9596151952189,139.08811383773002,836648,False
1516,139.05424657511907,139.10070295232723,138.84851203454642,139.05424657511907,596142,False
1517,139.47514980267073,139.56511655418788,139.45644264533607,139.47514980267073,497348,False
1518,139.65111491107183,139.6528484310182,139.46054020230406,139.65111491107183,489297,False
1519,139.36505724728224,139.536979852744,139.33182353934953,139.36505724728224,141598,False
1520,139.88184868058008,140.14741759178816,139.632176030926,139.88184868058008,587028,False
1521,140.22344958184283,140.32847890240825,139.99590220264508,140.22344958184283,598515,False
1522,140.3866970777909,140.60420393314774,140.2526845475424,140.3866970777909,954638,False
1523,140.32310636863457,140.42621630740152,140.2373739539694,140.32310636863457,437044,False
1524,140.0538433804966,140.28586953516063,140.03233123126435,140.0538433804966,126296,False
1525,139.94958540145458,139.995091791045,139.87331011644832,139.94958540145458,249138,False
1526,140.2543252373226,140.38575995617097,140.22345331454733,140.2543252373226,259964,False
1527,140.7829679987033,140.87452137025036,140.64534628383336,140.7829679987033,699865,False
1528,141.2174928072132,141.30368825076388,141.20360599551694,141.2174928072132,829950,False
1529,141.07942462780338,141.08654392549593,141.0531827693163,141.07942462780338,701461,False
1530,140.76351466122003,140.8802790606463,140.68060154884088,140.76351466122003,569509,False
1531,140.80317794778534,140.8860407287157,140.76508859273105,140.80317794778534,164771,False
1532,140.3051741824269,140.3987398229602,140.14487221521037,140.3051741824269,600010,False
1533,140.39585838728456,140.44317986236365,140.1113125303962,140.39585838728456,964297,False
1534,140.3544128036774,140.3737699959868,140.2290844580728,140.3544128036774,199074,False
1535,140.22359224454783,140.29657888836294,140.04830917394344,140.22359224454783,623136,False
1536,139.77636225923675,139.83592140483287,139.72440469627088,139.77636225923675,520331,False
1537,139.9199405683413,139.92562328897577,139.74007285187892,139.9199405683413,781398,False
1538,139.7708696286889,139.97110343625124,139.58880724169683,139.7708696286889,660910,False
1539,139.44382904164797,139.5250802853239,139.15807994253979,139.44382904164797,398030,False
1540,138.6427905595847,138.7052739560786,138.58979404128368,138.6427905595847,240973,False
1541,138.6351610731483,138.696807840973,138.630587457202,138.6351610731483,942809,False
1542,139.1265538442812,139.20419847492326,139.05457491451529,139.1265538442812,182910,False
1543,139.5888043834054,139.67704139065464,139.39472943662156,139.5888043834054,280934,False
1544,139.4611933435154,139.548042461385,139.2776781349476,139.4611933435154,481136,False
1545,139.29322291834757,139.3524084818977,139.0245480260924,139.29322291834757,613271,False
1546,139.42381707224726,139.57133059214627,139.41732989592427,139.42381707224726,605042,False
1547,139.1454196545653,139.1720843643464,138.98069665487375,139.1454196545653,263878,False
1548,139.22940557566275,139.39627656089985,139.18640420496166,139.22940557566275,773019,False
1549,139.44272737922822,139.55401102458038,139.41366998123289,139.44272737922822,254525,False
1550,139.78490120932946,139.9493821647118,139.71956769296767,139.78490120932946,563609,False
1551,139.75690115395653,139.77117495368162,139.44061077162408,139.75690115395653,902744,False
1552,139.69997152961426,139.83826738231363,139.61094193149273,139.69997152961426,887868,False
1553,139.45466324486748,139.62510139645903,139.29371356466376,139.45466324486748,914001,False
1554,139.22403860223463,139.28247243769002,139.01163591289298,139.22403860223463,552029,False
1555,139.16097599025724,139.16643617623157,139.1596263149621,139.16097599025724,741075,False
1556,139.26322187520464,139.50759940914293,139.1251218955678,139.26322187520464,714773,False
1557,139.51767935221443,139.53437394069383,139.4675229171669,139.51767935221443,801346,False
1558,139.2935640256075,139.4102179303312,139.127372362697,139.2935640256075,464699,False
1559,139.70940784710882,139.87253978615993,139.68980898758747,139.70940784710882,808537,False
1560,139.63365081159876,139.63492715753478,139.56032100870252,139.63365081159876,502521,False
1561,139.62768362496308,139.89728414829142,139.4531089594425,139.62768362496308,132646,False
1562,139.41902075308923,139.51302964538473,139.28883772157204,139.41902075308923,176126,False
1563,138.74305034677428,139.09700804453266,138.64247495019023,138.74305034677428,614116,False
1564,138.9883606566466,139.07873400116844,138.86389020223692,138.9883606566466,742210,False
1565,139.19318610728004,139.31587444828378,139.034144631289,139.19318610728004,355217,False
1566,139.11486834924992,139.31020870914747,139.0935790559814,139.11486834924992,926862,False
1567,139.13350715886463,139.2715336587299,139.06214076877606,139.13350715886463,484382,False
1568,139.27707602454458,139.35419306648225,139.2090234211684,139.27707602454458,692947,False
1569,138.84182238834174,139.00133101174976,138.60098176296822,138.84182238834174,739629,False
1570,138.69491311261734,138.7304300891388,138.5392214027401,138.69491311261734,628446,False
1571,138.9152340540745,139.10535755836145,138.90806893278065,138.9152340540745,174236,False
1572,138.56675423649227,138.7051832876001,138.3631053663734,138.56675423649227,176067,False
1573,138.6481089761737,138.9337855069636,138.59563036898285,138.6481089761737,783098,False
1574,138.27193397240865,138.4227840443939,138.19043779499353,138.27193397240865,109879,False
1575,138.40092232387624,138.6159697463341,138.19476981073808,138.40092232387624,236615,False
1576,138.39105669583031,138.6671579897707,138.3014005966152,138.39105669583031,736572,False
1577,137.94401709841787,138.00747884236054,137.9381566678914,137.94401709841787,278996,False
1578,138.26535474927076,138.2966725921336,137.9393676431514,138.26535474927076,535564,False
1579,138.06221761934714,138.17093820626042,137.89469705665576,138.06221761934714,446261,False
1580,137.83848712277577,138.0306829983805,137.73682352444047,137.83848712277577,310190,False
1581,137.89377943219526,138.03053563558208,137.85828438649216,137.89377943219526,668176,False
1582,138.21055932281467,138.23530876112562,138.20304944755696,138.21055932281467,916708,False
1583,137.92976471926804,137.96485770067926,137.84550787034533,137.92976471926804,629087,False
1584,137.94677969362294,138.03255077355848,137.87699611720467,137.94677969362294,583843,False
1585,138.06508740422314,138.17580306862578,138.04786973475632,138.06508740422314,849130,False
1586,138.2564747767174,138.59589076420406,138.2053111315574,138.2564747767174,474673,False
1587,138.30526315159088,138.3368006282562,138.21622562811973,138.30526315159088,613264,False
1588,138.2037393878541,138.40259057382457,138.1260770933385,138.2037393878541,190141,False
1589,137.97498726150516,138.09782010377089,137.77439942498515,137.97498726150516,477157,False
1590,137.99875866383712,138.20885000181752,137.9943388990502,137.99875866383712,393812,False
1591,137.70285095829894,137.76284321116157,137.58025954502025,137.70285095829894,235183,False
1592,136.89829437784772,136.98318227201284,136.7535258991884,136.89829437784772,517902,False
1593,137.01782296301394,137.09810252220754,136.96700184800326,137.01782296301394,303623,False
1594,137.26553333106605,137.31340667131997,137.2335108522179,137.26553333106605,958824,False
1595,136.6168349690862,136.6528885776991,136.55927559228834,136.6168349690862,116490,False
1596,136.34094254298904,136.36215030415403,136.23080995200553,136.34094254298904,528410,False
1597,136.50977469403895,136.64630212432763,136.4939625007773,136.50977469403895,874426,False
1598,137.07151118004765,137.40558770304193,137.0401760643512,137.07151118004765,546732,False
1599,137.07721162991587,137.31149900428085,137.04296931006323,137.07721162991587,741507,False
1600,136.87762640343172,137.04595236675993,136.69465041809616,136.87762640343172,581946,False
1601,136.82755754195958,136.8419599697582,136.80369972526253,136.82755754195958,668392,False
1602,137.20379950666774,137.39426594995726,137.11089690059399,137.20379950666774,629604,False
1603,137.02654202722556,137.12579782110612,136.93419691124618,137.02654202722556,138130,False
1604,136.80752099305138,136.8158876567279,136.61136165107504,136.80752099305138,563445,False
1605,136.67543510396104,136.77931157030815,136.54538058533333,136.67543510396104,469438,False
1606,136.4148418992994,136.46861059650928,136.18382348856653,136.4148418992994,916386,False
1607,136.44831000282375,136.55396212330274,136.3002801272429,136.44831000282375,475581,False
1608,136.8916792627361,137.00267967628255,136.8419106439411,136.8916792627361,245250,False
1609,136.98013299119975,137.0957892144032,136.89237910311726,136.98013299119975,282235,False
1610,136.91099815863566,136.99894603134706,136.86754010597647,136.91099815863566,687453,False
1611,136.83109381443333,136.83530103985933,136.66093270798567,136.83109381443333,504696,False
1612,136.40330759804408,136.72105114411386,136.2725606680845,136.40330759804408,820799,False
1613,136.64422578719416,136.72271183244342,136.63821268357523,136.64422578719416,537090,False
1614,136.62295378014764,136.66870036339031,136.57643201880148,136.62295378014764,859893,False
1615,136.57363838236216,136.62908737021777,136.57168272397087,136.57363838236216,691063,False
1616,137.44582701893583,137.7958647202327,137.38844227648448,137.44582701893583,499782,False
1617,137.5279517000651,137.70959175985263,137.2486815866782,137.5279517000651,447455,False
1618,137.32116713361305,137.34442591333698,137.31952944401428,137.32116713361305,595733,False
1619,137.2040712881586,137.2649541255113,137.16006357778696,137.2040712881586,677437,False
1620,137.51921414206902,137.58429870658875,137.38795796375663,137.51921414206902,434705,False
1621,137.55036785775442,137.6234744598716,137.399415980745,137.55036785775442,512639,False
1622,137.1546965277559,137.40635072786972,137.0628799601848,137.1546965277559,714998,False
1623,137.4068496588783,137.50785372182787,137.0717340420578,137.4068496588783,192199,False
1624,137.22323451105405,137.45198738645416,137.10867664385842,137.22323451105405,265024,False
1625,137.73735447116394,137.79225163118718,137.64872942725722,137.73735447116394,651614,False
1626,138.0348803977104,138.15489244309953,137.9098498691696,138.0348803977104,131139,False
1627,137.9113883489773,138.21650221337777,137.84321797723524,137.9113883489773,817463,False
1628,138.26472183886662,138.31887186769578,138.17255061874997,138.26472183886662,605950,False
1629,138.2834858854432,138.37703171388827,138.26844294268312,138.2834858854432,291929,False
1630,138.5193349183777,138.5566453927833,138.3061817291195,138.5193349183777,435782,False
1631,138.65362465330716,138.7640382290901,138.5638760250128,138.65362465330716,434796,False
1632,138.4189238173793,138.44215234610962,138.40630051407484,138.4189238173793,637225,False
1633,138.24076486695483,138.4593876216985,138.16715659378175,138.24076486695483,358006,False
1634,138.52553000936564,138.56842579897125,138.36703651222706,138.52553000936564,916593,False
1635,138.4327801487374,138.43648339803465,138.3986303364283,138.4327801487374,972288,False
1636,138.3210237907987,138.5224646360186,138.1413203560478,138.3210237907987,609603,False
1637,138.05679672475608,138.09825888705825,137.93799785011078,138.05679672475608,432187,False
1638,138.17375818493895,138.24426498056593,138.0510798251109,138.17375818493895,770095,False
1639,138.7437318238228,138.86545870724538,138.6449521879906,138.7437318238228,159919,False
1640,138.447504823086,138.47474865445474,138.31334212295445,138.447504823086,444199,False
1641,138.45421106977503,138.4971093893013,138.42191191993177,138.45421106977503,560777,False
1642,138.84526683548816,138.937057827061,138.6403683378956,138.84526683548816,971887,False
1643,138.82315117505084,138.8788074855726,138.70186570639052,138.82315117505084,530838,False
1644,138.94875053156704,139.0621000819696,138.73415223166012,138.94875053156704,400279,False
1645,138.65351402494937,138.72935556754322,138.606956706482,138.65351402494937,791018,False
1646,138.7722865931687,138.8659700401517,138.61669492131196,138.7722865931687,971109,False
1647,138.72034571801373,138.93217738189634,138.6365996689037,138.72034571801373,391840,False
1648,138.9938273295844,139.06380548767953,138.9788510039651,138.9938273295844,234845,False
1649,139.3239059932339,139.43752501500649,139.32206966780515,139.3239059932339,124956,False
1650,140.04548223608208,140.10162282260168,139.9378267165841,140.04548223608208,902251,False
1651,140.2078322506075,140.29363841088158,140.19374796018144,140.2078322506075,363672,False
1652,140.29919064121393,140.54130134227285,140.00910374793028,140.29919064121393,489925,False
1653,140.35373456158325,140.6308869961686,140.32303011378514,140.35373456158325,186491,False
1654,140.25459814534875,140.3596599498592,140.0726529800823,140.25459814534875,144588,False
1655,140.3495459762356,140.41427946660087,140.10176886008443,140.3495459762356,301657,False
1656,140.2666270686481,140.3071451804449,140.20957008108343,140.2666270686481,199152,False
1657,140.31388597451615,140.42123484345962,140.191161863365,140.31388597451615,752160,False
1658,140.68364043525938,140.84815704251412,140.47105985287413,140.68364043525938,513727,False
1659,140.4004322905862,140.49287333010122,140.1122078345309,140.4004322905862,896551,False
1660,140.72051117606878,140.785587937392,140.5543433422146,140.72051117606878,438037,False
1661,141.0912013871763,141.14238734597495,141.0570041793233,141.0912013871763,116167,False
1662,141.05788452653795,141.1804322807358,140.8957896854499,141.05788452653795,811863,False
1663,140.45927579988512,140.5442630427543,140.24539642258998,140.45927579988512,210782,False
1664,140.28852732764005,140.39149916068345,140.24722740100492,140.28852732764005,581005,False
1665,140.6524342374181,140.70321330290335,140.62154111360064,140.6524342374181,230775,False
1666,140.64600134016084,140.78216110870775,140.41084643543766,140.64600134016084,134889,False
1667,140.3649056139557,140.41557539135897,140.284752836353,140.3649056139557,407822,False
1668,140.22320024560673,140.44912358387103,140.13505601302126,140.22320024560673,326406,False
1669,140.45894910622076,140.75593759182237,140.36072610696684,140.45894910622076,684550,False
1670,140.61253635108207,140.66528981770918,140.48257774323116,140.61253635108207,235753,False
1671,140.54534265412218,140.617677344088,140.46483511626556,140.54534265412218,704579,False
1672,140.4422317288174,140.49515565352542,140.28537627156123,140.4422317288174,690296,False
1673,140.3321929513181,140.4884077023628,140.0443997102222,140.3321929513181,871835,False
1674,140.07330526333547,140.22642045235708,139.97773169623363,140.07330526333547,329489,False
1675,140.5258472874675,140.6115440353067,140.33883418836635,140.5258472874675,506906,False
1676,140.4352585733995,140.7273124111297,140.40236245078643,140.4352585733995,912344,False
1677,140.77712251659338,140.8724579835728,140.717769673125,140.77712251659338,368617,False
1678,141.20545550904927,141.3578939166698,141.11706506299328,141.20545550904927,796658,False
1679,141.48738939927452,141.52658063084766,141.47196795852832,141.48738939927452,511885,False
1680,141.36525173675818,141.55713251353225,141.1466880066902,141.36525173675818,985932,False
1681,141.47939854846643,141.59579610778613,141.26719817696127,141.47939854846643,925217,False
1682,141.47255218878703,141.64576858851174,141.4716964894182,141.47255218878703,725244,False
1683,141.21685417147654,141.37513686269148,141.1079569172622,141.21685417147654,294499,False
1684,141.30846416624863,141.3825497554381,141.2331984945497,141.30846416624863,623764,False
1685,140.97524756208927,141.05959730646572,140.84295421568646,140.97524756208927,293073,False
1686,141.31011435371477,141.55386255753098,141.20285535934846,141.31011435371477,817084,False
1687,141.17880410689085,141.2757849688737,140.92500219317566,141.17880410689085,481150,False
1688,141.23560306619223,141.4322955192021,141.19092522475958,141.23560306619223,372976,False
1689,141.31562373295054,141.37003544884556,141.22501969639853,141.31562373295054,589114,False
1690,141.24244909725743,141.5062902586491,141.18338306373604,141.24244909725743,245780,False
1691,141.40818123603853,141.69293473749534,141.32888031009608,141.40818123603853,551816,False
1692,141.27387071134785,141.3533019851598,141.19926947393856,141.27387071134785,444891,False
1693,141.52005379485212,141.62824279371478,141.49145236640686,141.52005379485212,966539,False
1694,141.1390875613415,141.27747013688207,140.90582008174957,141.1390875613415,815422,False
1695,141.17476175842864,141.2148633770991,141.07537955360354,141.17476175842864,427572,False
1696,141.72221743744575,141.75872153347657,141.6075896165263,141.72221743744575,973275,False
1697,141.43867909045528,141.55486882346895,141.21126629688726,141.43867909045528,111002,False
1698,141.2469603836728,141.27094689806626,141.11948034641608,141.2469603836728,953933,False
1699,141.39213622703608,141.60429056228617,141.23216437087984,141.39213622703608,132556,False
1700,141.44291913058785,141.49195873900823,141.31740517861874,141.44291913058785,692251,False
1701,141.54210742014047,141.67994767169623,141.39854765020326,141.54210742014047,594361,False
1702,141.6805885747883,141.78640247569834,141.58823197878752,141.6805885747883,321746,False
1703,141.86044399728206,142.13101411519258,141.83271852629014,141.86044399728206,106563,False
1704,142.1752890218493,142.3794657477058,142.0976141536467,142.1752890218493,310995,False
1705,142.29182119384,142.32884201819215,142.28894124703612,142.29182119384,892272,False
1706,142.22316321173477,142.3165227575869,142.0840563889641,142.22316321173477,639442,False
1707,142.41447433029094,142.4401346886753,142.31056393823684,142.41447433029094,648482,False
1708,142.9556157043864,143.1516757262904,142.85501457552542,142.9556157043864,820380,False
1709,142.9176942266318,143.0583903362552,142.78823649520473,142.9176942266318,802221,False
1710,142.6391392642722,142.70350810437932,142.52337996536386,142.6391392642722,253520,False
1711,142.9549653317986,143.0485301789886,142.84726528243996,142.9549653317986,589676,False
1712,142.92054716155943,142.93386146535815,142.9014259554905,142.92054716155943,909960,False
1713,142.29950892092427,142.3244362301862,142.21737459533603,142.29950892092427,522618,False
1714,142.54068429793918,142.67827544792232,142.36549924024845,142.54068429793918,366496,False
1715,142.38807220603948,142.39826483856277,142.30983999766258,142.38807220603948,362328,False
1716,142.36229048696393,142.5233845871908,142.26832736789913,142.36229048696393,376463,False
1717,142.45681344747678,142.68610067790334,142.31195139524985,142.45681344747678,220497,False
1718,142.51108940216494,142.61046368888114,142.43907215105367,142.51108940216494,251521,False
1719,142.7132989048426,142.9724008400912,142.5189141215168,142.7132989048426,418477,False
1720,142.58899951169835,142.66556633908766,142.53703236122809,142.58899951169835,927637,False
1721,142.73532599650952,142.9102439342941,142.4211097755454,142.73532599650952,634714,False
1722,142.661233037237,142.68739853217542,142.36704016607123,142.661233037237,893936,False
1723,142.8720322656055,143.01569295356305,142.6511123968732,142.8720322656055,549794,False
1724,143.04786987166773,143.18751984701805,142.85844799417856,143.04786987166773,813569,False
1725,142.78024484422173,142.82265874509451,142.5552796394878,142.78024484422173,216775,False
1726,143.09035842910956,143.13341031792592,142.96680602355207,143.09035842910956,133368,False
1727,142.93697602617704,143.06731050324228,142.92712858093515,142.93697602617704,866913,False
1728,143.1679787024584,143.26374033231215,143.06601591137402,143.1679787024584,203841,False
1729,143.27314626698384,143.33548130936836,143.24028289057793,143.27314626698384,590846,False
1730,143.79987098456593,143.84379753536143,143.77832011615953,143.79987098456593,478888,False
1731,143.7356022256969,143.8426503151701,143.73403076245427,143.7356022256969,311293,False
1732,143.6351837055817,143.68263733213163,143.4223957965092,143.6351837055817,880371,False
1733,143.62960502826337,143.67794190312836,143.5801014638921,143.62960502826337,108724,False
1734,143.54251384334128,143.67384568212412,143.54073892650146,143.54251384334128,498300,False
1735,143.77216518640807,143.80839191709475,143.75733913704036,143.77216518640807,790170,False
1736,143.3074042348307,143.47993748321466,143.05940989639197,143.3074042348307,968729,False
1737,143.0054032500792,143.14836786865527,142.89762095004636,143.0054032500792,178872,False
1738,142.70000007529512,142.82816884633854,142.6815213310171,142.70000007529512,694621,False
1739,142.97121786218747,143.008508068117,142.82032800880728,142.97121786218747,824203,False
1740,143.46035481652623,143.46391731984605,143.2022604231755,143.46035481652623,605241,False
1741,143.43038617262283,143.4531299422035,143.38067541223975,143.43038617262283,329176,False
1742,143.38195784271988,143.45178145806383,143.3415746896309,143.38195784271988,626884,False
1743,143.40204627531645,143.49097687942316,143.31002385644223,143.40204627531645,903599,False
1744,143.73527772755025,144.25014649127496,143.46448030080265,143.73527772755025,187844,False
1745,143.46869100696145,143.63173894316486,143.37098314759305,143.46869100696145,872427,False
1746,143.5370879788207,143.66806668751525,143.418510578511,143.5370879788207,189751,False
1747,143.8170420347863,143.87571319082429,143.67299174085412,143.8170420347863,229817,False
1748,143.96117379738956,144.01228370207562,143.9486549766112,143.96117379738956,570547,False
1749,144.0157585815015,144.1993754163475,143.939104505243,144.0157585815015,704808,False
1750,144.3040914062937,144.3326274156239,144.2024825883389,144.3040914062937,158326,False
1751,143.5239164464909,143.6429134432572,143.40953279424542,143.5239164464909,701958,False
1752,143.71849908793388,143.94913206620032,143.48377379315352,143.71849908793388,623292,False
1753,143.5304935369959,143.58055742596207,143.22070565644322,143.5304935369959,766142,False
1754,143.00499025065415,143.28501910877065,142.91481442669982,143.00499025065415,273074,False
1755,143.15119929617651,143.2411677787754,142.96506710042325,143.15119929617651,842547,False
1756,143.54448103250354,143.58648654303306,143.34329915797406,143.54448103250354,124022,False
1757,143.5050210811017,143.60402748807292,143.38940611264226,143.5050210811017,184458,False
1758,143.77850564506969,143.78451179910095,143.61546074766179,143.77850564506969,248317,False
1759,144.24212756230497,144.27618370716593,144.23803976271452,144.24212756230497,708084,False
1760,144.62145967899974,144.66885018492388,144.415885381061,144.62145967899974,503243,False
1761,145.0958078071187,145.44754189914383,145.07817581124576,145.0958078071187,507202,False
1762,145.3111669827446,145.49930210344863,145.0992042953425,145.3111669827446,734992,False
1763,145.3330896829417,145.42648897138773,145.1094195327201,145.3330896829417,496742,False
1764,144.8674524009228,144.98396295826214,144.83733730033487,144.8674524009228,847157,False
1765,144.79615950934914,145.0624073163077,144.65465924509544,144.79615950934914,406505,False
1766,144.5519617723069,144.66973088369585,144.30067304756759,144.5519617723069,623518,False
1767,145.17958982972613,145.33521732210585,145.06040858285513,145.17958982972613,924718,False
1768,145.12851976951453,145.23272767964107,144.9962336770053,145.12851976951453,129533,False
1769,145.16428083198878,145.18046531192118,145.11455931187186,145.16428083198878,332033,False
1770,145.3243927879933,145.53392227195104,145.2812679951844,145.3243927879933,249388,False
1771,145.3370657860796,145.3896163715796,145.24451585451342,145.3370657860796,239771,False
1772,145.8297732752273,145.90337639238248,145.77900893736188,145.8297732752273,834851,False
1773,145.6481716447239,145.67104375158985,145.4870575542537,145.6481716447239,751729,False
1774,145.70486008481137,145.97491104579905,145.66169513675518,145.70486008481137,983511,False
1775,145.48849693919894,145.5534141736922,145.31270768516572,145.48849693919894,200960,False
1776,145.10440075703212,145.1071695851966,144.8496910841348,145.10440075703212,682753,False
1777,144.92685998235717,145.0028538242346,144.60537351244164,144.92685998235717,247745,False
1778,144.9161247289571,144.99420799012745,144.90781360516337,144.9161247289571,385539,False
1779,144.791699099528,144.88721815011183,144.6363345665209,144.791699099528,204162,False
1780,144.59118547919178,144.74635763210765,144.55957618519437,144.59118547919178,230704,False
1781,144.18450326072698,144.28350440550756,144.06576406129147,144.18450326072698,254779,False
1782,144.16053818931164,144.1823283842998,144.15529411566737,144.16053818931164,577965,False
1783,143.72669559142219,143.73025981723254,143.45225363169163,143.72669559142219,175937,False
1784,143.9451762556735,144.0724653920696,143.84608627759994,143.9451762556735,753935,False
1785,143.96890986520677,144.02649484171897,143.94101379004877,143.96890986520677,744938,False
1786,143.54922566430605,143.69710178880285,143.52172778253748,143.54922566430605,492888,False
1787,143.4604522171483,143.61513388342192,143.35246959629814,143.4604522171483,842092,False
1788,143.2446428209802,143.29865897491652,143.23926781477581,143.2446428209802,811776,False
1789,143.33608289846532,143.3869839159283,143.24910228158657,143.33608289846532,977944,False
1790,143.72035273097023,143.90713711530532,143.58204825281473,143.72035273097023,239830,False
1791,143.18135183343244,143.4930651745124,143.10271260595454,143.18135183343244,691297,False
1792,143.21429101244928,143.3753576865385,143.09464832115202,143.21429101244928,506497,False
1793,143.16842440287945,143.32477906309433,142.92180819103783,143.16842440287945,359188,False
1794,143.3606538048473,143.57232059782928,143.34308340859647,143.3606538048473,345340,False
1795,143.42178182087358,143.48725419918873,143.3569412222076,143.42178182087358,132548,False
1796,143.2060842580083,143.24196602726843,143.01653447972708,143.2060842580083,642659,False
1797,143.11470332842046,143.20473059590557,142.91142608785623,143.11470332842046,468121,False
1798,142.88685731974408,142.91496921208875,142.76935638857995,142.88685731974408,775004,False
1799,143.19435187672,143.20326713649501,142.89314254441274,143.19435187672,324731,False
1800,143.20045529215798,143.3168006763703,142.98639597231227,143.20045529215798,254946,False
1801,143.74495803575206,143.86825367517645,143.46134707737534,143.74495803575206,581875,False
1802,143.72751866347966,143.9537334477588,143.58893964083327,143.72751866347966,638569,False
1803,143.52388356985475,143.5677393569783,143.42038569570062,143.52388356985475,515505,False
1804,143.089375233368,143.26878138274233,143.0436504366712,143.089375233368,351060,False
1805,142.57335497390008,142.5739216967866,142.49882119563654,142.57335497390008,498270,False
1806,142.121643821642,142.20584776667337,142.05018544363494,142.121643821642,200020,False
1807,142.19757277914266,142.22715769967252,142.04848077500623,142.19757277914266,731796,False
1808,142.3422517061733,142.44518384341228,142.2019292203494,142.3422517061733,605626,False
1809,141.89211121636507,142.02106452811114,141.7535714945699,141.89211121636507,166846,False
1810,142.14610896837266,142.20410052655484,142.01378877856294,142.14610896837266,456826,False
1811,142.00877847059073,142.1982410102604,141.9671626431395,142.00877847059073,542985,False
1812,142.0504702632309,142.0907738886651,141.97405067880965,142.0504702632309,391456,False
1813,142.5085036600544,142.59212727634264,142.37519303075203,142.5085036600544,589733,False
1814,142.7641181179094,142.86040028275227,142.69154926699494,142.7641181179094,476330,False
1815,142.68744503563758,142.81275064070493,142.54248034703707,142.68744503563758,890689,False
1816,142.43312115227732,142.5428410980512,142.38079751786105,142.43312115227732,509062,False
1817,141.82014158476758,141.910085789691,141.70398309743504,141.82014158476758,515699,False
1818,141.61616073365533,141.7643024277045,141.59993426656703,141.61616073365533,650846,False
1819,141.55636182598022,141.65314526057065,141.4026340384373,141.55636182598022,667476,False
1820,141.276878741315,141.28440068543335,141.22861196252148,141.276878741315,768372,False
1821,141.2397915920673,141.3781729653765,141.09856658937628,141.2397915920673,657524,False
1822,141.26150067993242,141.31746994746797,140.9516290825559,141.26150067993242,597425,False
1823,141.19797369307827,141.6316139894751,140.9606347134038,141.19797369307827,669364,False
1824,141.01441559846316,141.12412091664916,140.94393100974258,141.01441559846316,410546,False
1825,141.06198107847382,141.08606693770395,141.02251927129234,141.06198107847382,456611,False
1826,141.18666312556854,141.5263918607951,141.04744123136894,141.18666312556854,263148,False
1827,140.87876351112985,141.0839789914132,140.78769252341706,140.87876351112985,704625,False
1828,141.2763043292428,141.3358655803281,140.9497781986768,141.2763043292428,215827,False
1829,141.24844799528313,141.43407257540747,141.23183739635851,141.24844799528313,568380,False
1830,141.25377295525564,141.36583654049778,141.1304607758631,141.25377295525564,698552,False
1831,141.45384887394826,141.513057619706,141.42277202574053,141.45384887394826,903767,False
1832,141.5198275127217,141.57070897743296,141.47454448947983,141.5198275127217,878060,False
1833,141.78960297677662,142.1588722947345,141.77991943495712,141.78960297677662,668061,False
1834,141.87102541955463,141.9455727435935,141.7316388220964,141.87102541955463,807518,False
1835,141.69725118286362,141.79610151629487,141.58615259747023,141.69725118286362,390714,False
1836,141.79969929449288,141.9349839291955,141.74711568231967,141.79969929449288,187995,False
1837,141.4753392299463,141.5340762936888,141.2965312609068,141.4753392299463,140658,False
1838,141.50605627234916,141.66542579945713,141.36907486148996,141.50605627234916,552400,False
1839,141.49665178249703,141.52710479560366,141.3818298620304,141.49665178249703,482784,False
1840,141.4377561055299,141.5461754090271,141.27046133499715,141.4377561055299,959045,False
1841,141.4013959911433,141.49760320156608,141.38904759049868,141.4013959911433,420338,False
1842,140.86920382698736,140.88863127521475,140.621577819818,140.86920382698736,298579,False
1843,140.71460694524035,140.99592917329923,140.63165525528385,140.71460694524035,474016,False
1844,140.74073621278225,140.9011771496613,140.3411957346373,140.74073621278225,546288,False
1845,140.78573282537835,140.8000307715068,140.6408132447252,140.78573282537835,800948,False
1846,140.496368829735,140.5641263240558,140.27506775571393,140.496368829735,994990,False
1847,140.85202354101662,141.04048737444728,140.75530620192148,140.85202354101662,351953,False
1848,140.60801858079392,140.74969250415748,140.53608559875462,140.60801858079392,168582,False
1849,140.88064549292383,141.07934738781938,140.70121073795616,140.88064549292383,817103,False
1850,141.00101232782666,141.15411423304505,140.88921775687356,141.00101232782666,537734,False
1851,140.81877491806293,140.84051361010253,140.71126848863398,140.81877491806293,243775,False
1852,141.31876912805487,141.44043208588647,141.15283430184397,141.31876912805487,673744,False
1853,140.98140255235538,141.26043377033096,140.9139386775027,140.98140255235538,679779,False
1854,141.24056984147015,141.27855171804887,141.03649172021227,141.24056984147015,370187,False
1855,141.52321547501754,141.52494596219535,141.43773745411988,141.52321547501754,465356,False
1856,141.33339881831543,141.55774123070915,140.94987371205664,141.33339881831543,618943,False
1857,141.72700252550473,141.862668403793,141.65748207856356,141.72700252550473,864291,False
1858,141.6561258394926,141.738695314246,141.23309398966776,141.6561258394926,430484,False
1859,141.73791628164926,141.79310086132608,141.4956912779143,141.73791628164926,241248,False
1860,141.81171123162935,141.92888307616272,141.73810109200275,141.81171123162935,497152,False
1861,141.77361812670674,141.78580461661065,141.7314781484635,141.77361812670674,655462,False
1862,142.0035205716926,142.08689852939335,141.93751401882062,142.0035205716926,444776,False
1863,142.22887695539728,142.30456724619538,142.2162310174459,142.22887695539728,450912,False
1864,141.73149347764874,141.78612715162,141.6338795743504,141.73149347764874,732465,False
1865,142.101225658901,142.15991070343543,142.09218426893398,142.101225658901,650197,False
1866,141.62874136060506,141.67023215411143,141.4358154126507,141.62874136060506,144158,False
1867,141.92121779924022,142.29293106978295,141.72028985294247,141.92121779924022,763726,False
1868,142.24102452947866,142.42458980438715,142.05596672869376,142.24102452947866,316197,False
1869,141.9306641639565,142.01861702417594,141.7018279722909,141.9306641639565,809697,False
1870,141.8140498744816,142.1162326405131,141.6883830341863,141.8140498744816,945763,False
1871,141.5004409604754,141.6680030964684,141.23238504440423,141.5004409604754,885772,False
1872,141.43961811936032,141.58617180668736,141.35056241723478,141.43961811936032,868278,False
1873,141.35248161631452,141.35829069188625,141.32313905398385,141.35248161631452,827402,False
1874,141.57289551842365,141.65754634625972,141.38583295769737,141.57289551842365,544140,False
1875,141.94390392484618,142.01896026698904,141.89677933527133,141.94390392484618,522058,False
1876,142.34012154234264,142.35675727763933,142.05408336664533,142.34012154234264,772818,False
1877,142.1800834118819,142.3754230812193,142.15334839707006,142.1800834118819,187367,False
1878,142.12058904496072,142.25805844994375,142.0978979913378,142.12058904496072,427526,False
1879,141.64208658996228,141.84140958508667,141.62339300136168,141.64208658996228,174319,False
1880,141.41379635448445,141.5847077287556,141.33246817420513,141.41379635448445,373314,False
1881,141.6866830191947,141.88663905977143,141.60671674155358,141.6866830191947,744240,False
1882,142.14449616201736,142.16394108912064,141.96491035602781,142.14449616201736,704433,False
1883,141.79358436505433,141.88237899508718,141.65184056664089,141.79358436505433,886427,False
1884,141.62556910322738,141.64609762186257,141.55252325953353,141.62556910322738,992058,False
1885,141.61808964251355,141.78916345073813,141.54383239317377,141.61808964251355,319643,False
1886,141.69744141872167,142.01564717409454,141.35650003685222,141.69744141872167,902640,False
1887,141.4680039240487,141.69170331070532,141.29044666605043,141.4680039240487,790538,False
1888,141.58798606305328,141.64556542873402,141.4907562897986,141.58798606305328,310244,False
1889,141.45380614531487,141.52619922975012,141.3907159780839,141.45380614531487,764399,False
1890,141.44971748786853,141.53723608287086,141.4073147898319,141.44971748786853,114990,False
1891,141.60426099296492,141.7083884336828,141.56107161615805,141.60426099296492,761801,False
1892,141.6060798345059,141.61484639842757,141.58295753663756,141.6060798345059,616641,False
1893,141.48249004400077,141.52430669390046,141.47681389631936,141.48249004400077,229327,False
1894,141.45147430801543,141.49235690318108,141.15557704778922,141.45147430801543,965746,False
1895,141.4264761663078,141.51561484181025,141.37427179682027,141.4264761663078,389006,False
1896,141.32181745411,141.57026900894854,141.28785770759077,141.32181745411,520489,False
1897,141.24867039425783,141.4208787713932,141.14287894010735,141.24867039425783,980381,False
1898,141.7002839687845,141.7150545200797,141.6214848750067,141.7002839687845,754511,False
1899,141.85924885889827,141.97086466024277,141.81658482922595,141.85924885889827,890388,False
1900,141.77541562696186,141.8866378836826,141.66659022477114,141.77541562696186,303161,False
1901,141.973037627707,142.22848276411787,141.93055411823946,141.973037627707,450933,False
1902,141.878250893747,142.00010938519887,141.77291420378162,141.878250893747,451595,False
1903,142.2111326370693,142.24698064569193,142.10303681308062,142.2111326370693,217782,False
1904,142.31626710671517,142.41190861154612,142.27361412541327,142.31626710671517,888797,False
1905,142.2857254255407,142.3455236489608,142.21098167216715,142.2857254255407,434348,False
1906,142.41313288068912,142.42890135183492,142.1644265046893,142.41313288068912,498216,False
1907,141.96570609232185,142.02840221522524,141.91114509012175,141.96570609232185,943504,False
1908,141.64578141367056,141.70493353729861,141.57469625312692,141.64578141367056,152499,False
1909,141.30755253270914,141.4043836104533,141.09116449014638,141.30755253270914,357023,False
1910,141.34795041045416,141.52095066443684,141.30030381251686,141.34795041045416,431355,False
1911,141.83772529891934,141.9248296852633,141.64844936753275,141.83772529891934,243979,False
1912,142.47069037330957,142.79190634166312,142.3859796081584,142.47069037330957,248408,False
1913,142.652497535141,142.747808794253,142.52271466874646,142.652497535141,971652,False
1914,142.79539096559603,142.90695307764054,142.78258737086426,142.79539096559603,980279,False
1915,142.28102547899613,142.36940164323642,142.1828151575576,142.28102547899613,807691,False
1916,142.12660110954266,142.24917141563304,141.77189470172166,142.12660110954266,471603,False
1917,141.90267105540659,141.90539643356652,141.5196300039826,141.90267105540659,439899,False
1918,141.72647119038626,141.92341849989808,141.55942255882516,141.72647119038626,430927,False
1919,141.67881033026526,141.7331037524665,141.65769456278875,141.67881033026526,825311,False
1920,141.54503986743273,141.62172014436226,141.32816968558006,141.54503986743273,807869,False
1921,140.98471972629423,141.01568631724854,140.82591063428515,140.98471972629423,892904,False
1922,141.19560756197254,141.28663297457766,141.0750720616474,141.19560756197254,515596,False
1923,140.89267435541814,140.9393407253977,140.88019036406396,140.89267435541814,465296,False
1924,140.96009061644966,141.18819117639586,140.89069331449724,140.96009061644966,258352,False
1925,141.54481637859757,141.6101286718512,141.46708127200063,141.54481637859757,252931,False
1926,141.28454813220276,141.46835106601785,141.22500025024718,141.28454813220276,330413,False
1927,140.56956707361124,140.65076205415207,140.38474782456504,140.56956707361124,541618,False
1928,140.4891600943094,140.49033488027783,140.33235532553212,140.4891600943094,239334,False
1929,140.79850588314676,140.8025259599094,140.79520143763386,140.79850588314676,246626,False
1930,141.34997067425542,141.36674595930805,141.11610993605575,141.34997067425542,631296,False
1931,141.00237707601863,141.06449138766692,140.93060286809595,141.00237707601863,974283,False
1932,141.14244861835493,141.27215417030524,140.97958517475982,141.14244861835493,180799,False
1933,141.01109850387962,141.10237959696133,140.8897518863708,141.01109850387962,902670,False
1934,140.98121871622942,141.21072005983433,140.8890625285452,140.98121871622942,335018,False
1935,141.72682421176265,141.91613676145943,141.63266341952638,141.72682421176265,379297,False
1936,141.30080178870674,141.6025674691234,141.2885478653701,141.30080178870674,159353,False
1937,141.3725090239363,141.44462607278157,141.36403893928494,141.3725090239363,676380,False
1938,141.50474693822798,141.60797738937583,141.45887431021185,141.50474693822798,343907,False
1939,141.81203477650706,142.05287279269854,141.53222476033693,141.81203477650706,798512,False
1940,141.8398251572421,142.16810720279017,141.73751919349968,141.8398251572421,673392,False
1941,141.92721282656782,142.0870578078739,141.8541498754716,141.92721282656782,255355,False
1942,141.81604164740443,141.90807226089652,141.81557728792788,141.81604164740443,539645,False
1943,141.89237468242055,142.12513454803474,141.67883486144723,141.89237468242055,843894,False
1944,141.79498194853457,141.96251600391457,141.6841153103666,141.79498194853457,128887,False
1945,141.97125349833826,142.1772899411314,141.75946331465047,141.97125349833826,539388,False
1946,141.86630541291012,141.9712034064906,141.79782892161182,141.86630541291012,890787,False
1947,141.97330109221542,142.1230513804271,141.87226415432337,141.97330109221542,395845,False
1948,141.9649920156992,141.9701057417525,141.86603607023613,141.9649920156992,272606,False
1949,142.2847114454195,142.39438006263424,142.22751491352324,142.2847114454195,351420,False
1950,142.27008636315773,142.27703898608706,142.1188129975292,142.27008636315773,695730,False
1951,141.7655873984048,142.02635124444856,141.72373918061575,141.7655873984048,636567,False
1952,142.1233814840036,142.56688375261407,142.07898395263746,142.1233814840036,798851,False
1953,141.86593000936784,141.8957098718198,141.67600302751802,141.86593000936784,745026,False
1954,141.68043567008536,141.71780176511842,141.43104091210947,141.68043567008536,569363,False
1955,141.5116485667816,141.56800147011091,141.37804351980927,141.5116485667816,763621,False
1956,141.90064656761677,141.93642730745424,141.7863341774186,141.90064656761677,759834,False
1957,141.29453946397405,141.57968277836784,141.26861571416168,141.29453946397405,715702,False
1958,142.18123293200856,142.2140109850798,142.17486286352093,142.18123293200856,914822,False
1959,142.48153585032708,142.54521764899786,142.30146001412635,142.48153585032708,520141,False
1960,142.54515069702043,142.59324016615244,142.40118662300287,142.54515069702043,444318,False
1961,142.52950094984,142.59059975470927,142.42563551317755,142.52950094984,320079,False
1962,142.61090070940733,142.62415357379746,142.49017889281004,142.61090070940733,629075,False
1963,142.75953618718944,142.9333430940363,142.47217436845577,142.75953618718944,342951,False
1964,142.9437575427714,142.9449847437845,142.92477210547733,142.9437575427714,304470,False
1965,143.10259792292757,143.1709798422239,143.02777635939194,143.10259792292757,813537,False
1966,143.12823637935023,143.28893169245777,143.0233375791898,143.12823637935023,405868,False
1967,143.0717469792133,143.3544189614279,142.94106165065637,143.0717469792133,634951,False
1968,143.0284611132861,143.1834661155027,143.02592283117966,143.0284611132861,509336,False
1969,142.97270625049194,142.97370194436436,142.8585368950475,142.97270625049194,778100,False
1970,143.2969026085219,143.41194251331927,143.265152668097,143.2969026085219,595262,False
1971,143.46701228817253,143.50962765359134,143.40113508146302,143.46701228817253,233107,False
1972,142.62331474340976,142.80507177554745,142.58130110387236,142.62331474340976,724559,False
1973,142.81040822919266,142.93041993027708,142.75864407758874,142.81040822919266,691676,False
1974,142.86602894012225,143.15692648876922,142.83952857750262,142.86602894012225,152335,False
1975,142.86068324864257,142.98062039766882,142.85656175791266,142.86068324864257,143315,False
1976,142.7496752253166,142.92339713522367,142.55979540934177,142.7496752253166,991354,False
1977,143.0706086767059,143.12524438694965,143.02507423252632,143.0706086767059,408771,False
1978,143.3417350520523,143.5575777639733,143.18469185387423,143.3417350520523,501519,False
1979,143.12016380027464,143.43338213364146,143.03278736561515,143.12016380027464,602870,False
1980,143.23667858029174,143.27015370993644,143.04783274492004,143.23667858029174,149334,False
1981,142.95832481354,143.17565950573555,142.87851620209258,142.95832481354,286964,False
1982,142.5638690100989,142.69903158851986,142.5570120553805,142.5638690100989,292268,False
1983,142.38517454547326,142.4171282287974,142.26152095072604,142.38517454547326,952132,False
1984,142.63075863565743,142.70232949059422,142.35579320532509,142.63075863565743,139726,False
1985,142.90264853225068,142.95121328882078,142.8334626249676,142.90264853225068,593657,False
1986,143.04929106316106,143.1758171338209,143.04138671747424,143.04929106316106,306823,False
1987,143.25673993968405,143.42296763728433,143.1421472572284,143.25673993968405,804966,False
1988,143.40463197696351,143.45049134344274,143.39633924441677,143.40463197696351,872333,False
1989,143.22064911279764,143.4273962882648,142.98518050506937,143.22064911279764,917126,False
1990,143.34436956722695,143.44282926306832,143.15117189295418,143.34436956722695,262325,False
1991,143.57383796480568,143.6436390563137,143.4764920433255,143.57383796480568,779590,False
1992,143.79043096713548,143.83720583965712,143.69434829530215,143.79043096713548,285046,False
1993,144.13233969926932,144.36580717059653,143.96629366625726,144.13233969926932,949977,False
1994,144.3365186806995,144.42574364289456,144.32756240503096,144.3365186806995,510141,False
1995,144.43797230224575,144.4623803693857,144.30920278519477,144.43797230224575,892465,False
1996,144.74711296320814,144.85837255482625,144.71105077658913,144.74711296320814,686749,False
1997,144.73943521179123,144.7505458378673,144.62344229194977,144.73943521179123,889097,False
1998,144.48415113389862,144.68417833816622,144.34729531087976,144.48415113389862,389169,False
1999,144.43702995017182,144.46357738571368,144.22883809926364,144.43702995017182,516749,False
2000,144.2218468989361,144.2816109600694,144.15819331887874,144.2218468989361,964093,False
2001,144.0270959833304,144.15052666375433,143.98223321695033,144.0270959833304,618982,False
2002,143.98546677441337,144.00724001825836,143.95549877740794,143.98546677441337,383142,False
2003,143.75727287000032,143.77085903246777,143.7288138033474,143.75727287000032,423392,False
2004,143.66872945070077,143.81933036353752,143.49131595124754,143.66872945070077,728781,False
2005,143.12462302415983,143.15754530964102,143.05055795701062,143.12462302415983,385201,False
2006,143.18567818708217,143.3245827701384,142.8505812458507,143.18567818708217,703532,False
2007,143.1860234006967,143.2972125518977,143.07788315897005,143.1860234006967,314680,False
2008,142.95203205699957,142.95668517753387,142.92388112479316,142.95203205699957,301703,False
2009,143.14051307285396,143.27455644115204,143.10907911641465,143.14051307285396,459175,False
2010,143.40892161393725,143.5786952104511,143.26434678398917,143.40892161393725,999145,False
2011,142.94784476077925,142.95997517836892,142.94416857607484,142.94784476077925,730175,False
2012,142.72978503429587,142.7545916371975,142.42126088286778,142.72978503429587,615728,False
2013,142.51022598980404,142.79437184786678,142.33126646837616,142.51022598980404,167173,False
2014,142.24233438310895,142.30712013132626,141.84169308786582,142.24233438310895,835566,False
2015,142.47830725876582,142.4854552910947,142.47235865075396,142.47830725876582,138734,False
2016,142.42307521845612,142.6011145331347,142.26014478687156,142.42307521845612,686360,False
2017,142.34772918417536,142.43488016001305,142.24791799532161,142.34772918417536,557391,False
2018,141.7772386698335,141.83367944837912,141.69612054868415,141.7772386698335,334046,False
2019,141.9574142972817,142.1687029571806,141.6840573913239,141.9574142972817,294855,False
2020,120.90769226387594,121.04209593288425,120.77430076708903,120.90769226387594,456338,True
2021,142.22852915057376,142.2785092042169,142.09849536025584,142.22852915057376,826099,False
2022,141.37434584595644,141.4408018967116,141.21029479642533,141.37434584595644,318126,False
2023,142.33437979929366,142.36351115446521,142.00154107170687,142.33437979929366,544258,False
2024,141.71479136828478,141.73052361790985,141.6275867793253,141.71479136828478,807717,False
2025,140.85897229789248,140.99326689461574,140.6498729156588,140.85897229789248,239741,False
2026,140.91076601375536,141.02719092591067,140.72550027967992,140.91076601375536,737560,False
2027,141.4181888333614,141.46010736854527,141.24873080653668,141.4181888333614,692190,False
2028,141.76860793195019,141.9758727549214,141.76607501157645,141.76860793195019,512126,False
2029,141.8280541788368,142.01716590509383,141.81938886346867,141.8280541788368,156959,False
2030,141.6885985716926,141.77104347718026,141.6787524024739,141.6885985716926,720911,False
2031,141.9173187108788,141.96265988504922,141.86870183508196,141.9173187108788,755726,False
2032,141.64099257827235,141.71788569814203,141.50563503724655,141.64099257827235,672703,False
2033,141.7759361528203,141.7865496845955,141.7390149297151,141.7759361528203,224716,False
2034,141.91926316284662,142.106400447329,141.86666810900522,141.91926316284662,483353,False
2035,142.220191580587,142.49464529486275,142.19503484261537,142.220191580587,109907,False
2036,143.00515033944944,143.06195069332918,142.9552092853754,143.00515033944944,982257,False
2037,143.11738534821345,143.346237849498,143.01452873757123,143.11738534821345,657068,False
2038,142.97170226151624,143.05222369597092,142.88130136715492,142.97170226151624,551095,False
2039,142.96438945561974,143.21780908570022,142.94630793789256,142.96438945561974,659373,False
2040,142.4585597423335,142.63261662110855,142.23337548958742,142.4585597423335,558715,False
2041,142.26062407815544,142.4131554520994,142.18503083453436,142.26062407815544,906858,False
2042,142.14417452801504,142.288056333124,142.01688377718966,142.14417452801504,369629,False
2043,141.9951823026068,142.2339796525643,141.8661969896957,141.9951823026068,411671,False
2044,142.03844961826502,142.08042230532894,141.9707711192618,142.03844961826502,329632,False
2045,141.80481911400358,141.819925454496,141.71782583698948,141.80481911400358,880504,False
2046,142.12275421600597,142.35292997942156,142.03367277517725,142.12275421600597,870497,False
2047,142.12281307327893,142.1618403284005,142.09082721352175,142.12281307327893,191005,False
2048,142.12016949767352,142.2442664336435,142.11147706316362,142.12016949767352,682816,False
2049,142.0269685922971,142.08249020939422,141.9163221409389,142.0269685922971,744919,False
2050,142.0710511170616,142.1054512289985,142.02206286900662,142.0710511170616,389943,False
2051,142.30549627253396,142.34098303437315,142.18242347461148,142.30549627253396,878074,False
2052,142.05870148117467,142.0604265583926,142.03742019173694,142.05870148117467,500662,False
2053,141.8717191334519,141.9717645195024,141.7938559812466,141.8717191334519,281532,False
2054,141.78553886575565,141.87894916019687,141.60511725757289,141.78553886575565,456961,False
2055,141.40388879749884,141.62830154303154,141.34238700665594,141.40388879749884,420404,False
2056,141.17219630291376,141.1734087092891,140.901048437161,141.17219630291376,245949,False
2057,141.0377380096266,141.23314386913648,140.99957351983505,141.0377380096266,359673,False
2058,141.28438175400223,141.3475886070193,141.19705226252316,141.28438175400223,517939,False
2059,141.35857338408331,141.46138647434682,141.10267158973966,141.35857338408331,375087,False
2060,141.41330457146825,141.5159022061724,141.35684256512323,141.41330457146825,503522,False
2061,141.65396115683484,141.67711191310084,141.56933165545107,141.65396115683484,267856,False
2062,141.6150426408789,141.7206091895139,141.5348160298345,141.6150426408789,611844,False
2063,141.72563403362378,141.73109025591828,141.71276663533627,141.72563403362378,483545,False
2064,141.69637569686293,142.03478808123856,141.4529473719069,141.69637569686293,775815,False
2065,141.77157746317562,141.93885564864163,141.6492199747708,141.77157746317562,321099,False
2066,141.60634023483578,141.8994690950481,141.5489132117856,141.60634023483578,826808,False
2067,140.9156362902649,141.096577745766,140.71544895961307,140.9156362902649,523190,False
2068,140.8777922231049,141.3763386864044,140.86026268895014,140.8777922231049,127371,False
2069,141.2786594557115,141.34238859367056,141.0753180017519,141.2786594557115,198746,False
2070,141.54036839650334,141.60643177047967,141.48022815583468,141.54036839650334,725536,False
2071,141.8136538277395,141.96741439607908,141.67550983346067,141.8136538277395,788526,False
2072,142.1642542562756,142.18170238250818,142.0943351051824,142.1642542562756,387871,False
2073,142.18946213688199,142.2106408726305,142.1392683779391,142.18946213688199,738288,False
2074,142.2455745654963,142.31792888712332,142.00002530680956,142.2455745654963,163969,False
2075,142.06985806800125,142.07789640746535,142.0518099532404,142.06985806800125,521584,False
2076,141.98004921641143,142.1391821745099,141.76927535502475,141.98004921641143,692819,False
2077,142.15490365271253,142.2368704227314,141.9924238473773,142.15490365271253,663385,False
2078,142.497179805062,142.60233681815131,142.37024270943508,142.497179805062,266056,False
2079,142.45743840302427,142.70196419944517,142.36335652822234,142.45743840302427,675147,False
2080,142.32917278408974,142.5243978316174,142.30819913800852,142.32917278408974,296300,False
2081,142.3293230719844,142.35936433289086,142.32485008701687,142.3293230719844,585315,False
2082,142.5004617711872,142.70334738436708,142.47558293986515,142.5004617711872,777510,False
2083,142.08896181512804,142.1650585645752,141.93540336142885,142.08896181512804,331944,False
2084,141.43643787958618,141.54356619030762,141.43586619946961,141.43643787958618,156790,False
2085,141.2807059377591,141.4475989717208,141.24555005960963,141.2807059377591,952128,False
2086,140.93577971119882,140.94008339593063,140.85541063283478,140.93577971119882,902080,False
2087,140.79254944128277,140.95858036945495,140.630721176476,140.79254944128277,161779,False
2088,140.75093670559565,141.0328161808918,140.57860276658585,140.75093670559565,206371,False
2089,140.62334642933504,140.66348024475852,140.61815898130823,140.62334642933504,398816,False
2090,141.0318481198895,141.05159169613876,140.9494439120064,141.0318481198895,431253,False
2091,141.12401095592026,141.20070806066255,140.89595789409626,141.12401095592026,134593,False
2092,141.20881924955563,141.26199377754517,141.08616577318116,141.20881924955563,507002,False
2093,141.38454152183363,141.4734971536188,141.07814848704828,141.38454152183363,587252,False
2094,141.062514725379,141.10693183154478,140.93405720147953,141.062514725379,896247,False
2095,141.35567416900756,141.3786137137327,141.3052144202321,141.35567416900756,786783,False
2096,141.33425474540525,141.33783718359192,141.32713150594813,141.33425474540525,592696,False
2097,141.5237785021233,141.6073947288242,141.19498098001404,141.5237785021233,907734,False
2098,141.22039193085394,141.23098053120754,141.16799115616124,141.22039193085394,292136,False
2099,140.78154708704835,141.0658422060566,140.71831762571088,140.78154708704835,317872,False
2100,141.01183462985486,141.08922698463002,140.86197153883646,141.01183462985486,447284,False
2101,141.1179910255492,141.4498683428154,140.84606564771775,141.1179910255492,783195,False
2102,140.86339961924438,140.94116235961437,140.65467285082747,140.86339961924438,435500,False
2103,140.61839222294097,140.67096060122432,140.52504391803015,140.61839222294097,673570,False
2104,140.93490588281333,141.05492271135924,140.9073637911606,140.93490588281333,752739,False
2105,140.599646576459,140.77964439134485,140.57539369498687,140.599646576459,808074,False
2106,141.061565049796,141.09885065267397,140.92936904078366,141.061565049796,822395,False
2107,140.80747910910455,141.0613996656304,140.77371767539682,140.80747910910455,123814,False
2108,140.9872598245616,141.02493612504932,140.87333884001447,140.9872598245616,255161,False
2109,140.89459778771445,140.91272087534816,140.8843486456759,140.89459778771445,549047,False
2110,141.06456948870036,141.11333076703073,140.9011485037878,141.06456948870036,181673,False
2111,140.91105907377835,140.92987240841316,140.8853573211144,140.91105907377835,676228,False
2112,140.86518043216967,140.88542000398166,140.57994690351524,140.86518043216967,186796,False
2113,140.87670860622018,140.92767244496662,140.81684505079298,140.87670860622018,136476,False
2114,140.59433886586632,140.6393023006404,140.57581441050732,140.59433886586632,757129,False
2115,140.80265028398648,140.83330100177304,140.77413450919937,140.80265028398648,404422,False
2116,140.65812662334469,140.7121785643748,140.63357736241002,140.65812662334469,278066,False
2117,140.59381775166872,140.6338913268047,140.5279984775569,140.59381775166872,902066,False
2118,140.31421900215832,140.40430430898573,140.27812488807427,140.31421900215832,860395,False
2119,139.5951553098447,139.6827432899111,139.55616417153198,139.5951553098447,226259,False
2120,139.54182220946737,139.55201688272726,139.51658838949206,139.54182220946737,504181,False
2121,140.21514371391243,140.44281645255782,140.20108157605807,140.21514371391243,938628,False
2122,140.4351705198848,140.48711895974012,140.4051236527032,140.4351705198848,460823,False
2123,140.42976085046024,140.50945315585386,140.17525175074144,140.42976085046024,279357,False
2124,140.35592545790925,140.50101627180416,139.98670305367804,140.35592545790925,286571,False
2125,140.362231900263,140.4071619175558,140.2600239479276,140.362231900263,643708,False
2126,140.5158216205056,140.8537719443657,140.3782117777463,140.5158216205056,256308,False
2127,140.1839758546593,140.37575792245715,140.1517250724861,140.1839758546593,892650,False
2128,140.49639594573887,140.65185163307854,140.30726802578056,140.49639594573887,224283,False
2129,140.6974129388317,140.71172904843908,140.62788005939413,140.6974129388317,543108,False
2130,140.89950668606508,140.94648385143591,140.69069523170606,140.89950668606508,829391,False
2131,141.02306871664928,141.0309738445768,141.0158504726453,141.02306871664928,330461,False
2132,141.02860151918122,141.0825581289203,140.80558520313505,141.02860151918122,688345,False
2133,141.21838687743096,141.2719230147952,141.16353442286984,141.21838687743096,965041,False
2134,141.38553695202742,141.48677546473772,141.28908075818256,141.38553695202742,832267,False
2135,141.28542447998888,141.31549282239354,141.16858417493998,141.28542447998888,314202,False
2136,141.12334134005644,141.17046885843286,141.10063541235763,141.12334134005644,242298,False
2137,141.15208994150422,141.3346418681778,141.02788113414223,141.15208994150422,747396,False
2138,141.58938480499432,141.86548057143406,141.51692913257767,141.58938480499432,896478,False
2139,141.23849598789562,141.4144427779549,141.14123661040654,141.23849598789562,346027,False
2140,140.8239538651774,140.8975357991988,140.71284797268677,140.8239538651774,995777,False
2141,140.87035841138757,141.30563226787396,140.61515882236185,140.87035841138757,137117,False
2142,140.88469554898595,140.92417222132795,140.74310982315305,140.88469554898595,229980,False
2143,140.9335379242075,140.94980766334945,140.7772685171405,140.9335379242075,309944,False
2144,141.00230029874584,141.01015891247556,140.97362695103635,141.00230029874584,288349,False
2145,140.9393562360751,141.00844210358906,140.8611222511825,140.9393562360751,840739,False
2146,141.3593170239076,141.466029054513,141.31964631740783,141.3593170239076,552829,False
2147,140.906711637871,141.08210764486594,140.83499342895462,140.906711637871,641661,False
2148,140.6732300551439,140.67695559267887,140.2800361292925,140.6732300551439,145452,False
2149,140.64417969388643,140.9633713593557,140.63873644138798,140.64417969388643,281161,False
2150,140.18196980903252,140.21131222466428,140.07149953608675,140.18196980903252,106654,False
2151,140.13266657540674,140.25916273514625,139.75703971944574,140.13266657540674,287213,False
2152,140.59831906492465,140.64600686241562,140.53864981027354,140.59831906492465,223319,False
2153,140.60419227521584,140.8370863213349,140.51064612519278,140.60419227521584,992078,False
2154,140.6690673042273,140.74113450245338,140.62401736284377,140.6690673042273,319015,False
2155,140.31453489989434,140.4501551068663,140.27859214707303,140.31453489989434,561110,False
2156,140.14156597129573,140.23634835825743,139.9628331448037,140.14156597129573,913015,False
2157,140.036404754725,140.30316511228324,139.9232289206604,140.036404754725,873393,False
2158,139.94742139495293,139.98346249565702,139.91259579836012,139.94742139495293,718530,False
2159,140.30614688346816,140.38844050652443,140.1832088031681,140.30614688346816,678256,False
2160,140.46264185123155,140.488751810664,140.41932818522665,140.46264185123155,759103,False
2161,140.15040520935565,140.25269672764838,139.98766148362657,140.15040520935565,500375,False
2162,140.21950069852224,140.49634962421402,140.15828562476884,140.21950069852224,263223,False
2163,140.35922150814497,140.57791138440243,140.1819078788492,140.35922150814497,231590,False
2164,140.67928237104516,141.07789650032797,140.44521450135258,140.67928237104516,378796,False
2165,141.1239810301345,141.17910921248992,140.89482316016162,141.1239810301345,571677,False
2166,140.83747276319187,140.86330891537347,140.6573360137945,140.83747276319187,737402,False
2167,140.60907451789203,140.68989611020757,140.60804110088782,140.60907451789203,345615,False
2168,140.25542080013966,140.34190699955667,140.1262713833912,140.25542080013966,875492,False
2169,140.18977569251038,140.29980082062937,140.17583088120514,140.18977569251038,464633,False
2170,140.32053304432227,140.40490188205337,140.31954506028413,140.32053304432227,334537,False
2171,140.59761965564394,140.7959747343788,140.41090308399802,140.59761965564394,273420,False
2172,140.57626258937486,140.62744760770136,140.57248958317132,140.57626258937486,830782,False
2173,140.48633665053958,140.79322803232674,140.29504943795257,140.48633665053958,177001,False
2174,140.5289764993165,140.56741521756817,140.5210126808927,140.5289764993165,611769,False
2175,140.29425294492304,140.413382772466,140.19856129400165,140.29425294492304,176757,False
2176,140.88055349284238,141.06010845011704,140.7883649272517,140.88055349284238,648683,False
2177,140.42757714218385,140.5228913212464,140.2853650090516,140.42757714218385,233407,False
2178,121.00743573825882,121.01365375503283,120.90371659471994,121.00743573825882,726266,True
2179,140.47626642837653,140.70080740898555,140.43219498868973,140.47626642837653,563328,False
2180,141.04993092301737,141.17055772416728,141.0133069687634,141.04993092301737,344348,False
2181,140.9963209374981,141.39336458973486,140.70055363340006,140.9963209374981,755860,False
2182,140.89552395839365,141.2323744626977,140.81136658756182,140.89552395839365,748829,False
2183,140.84469119735434,140.89110005840328,140.75476157691614,140.84469119735434,323283,False
2184,141.2314080363075,141.4712994281866,141.2222932347967,141.2314080363075,894515,False
2185,140.60663929206962,140.866909799024,140.60149028729327,140.60663929206962,468742,False
2186,141.03786121070257,141.07477095914706,140.8000582384126,141.03786121070257,312328,False
2187,140.63619746822806,140.6603426046713,140.6306478822417,140.63619746822806,498759,False
2188,140.5611955289689,140.62349760593975,140.25083659853036,140.5611955289689,807597,False
2189,140.44052531118626,140.44120015407827,140.2584114899724,140.44052531118626,458315,False
2190,140.60583877194668,140.689325113615,140.60128978588023,140.60583877194668,744711,False
2191,140.15642754202972,140.33255473135839,140.04950844852044,140.15642754202972,845076,False
2192,140.28598048160097,140.30962054947162,140.21656296551933,140.28598048160097,630901,False
2193,140.85394500220323,140.90730521386706,140.78730397181363,140.85394500220323,996465,False
2194,140.46992812966053,140.5676077200809,140.37001093144295,140.46992812966053,297935,False
2195,140.5232241531205,140.79200669704983,140.2800948327451,140.5232241531205,962634,False
2196,140.33717641320874,140.64223700342902,140.13753831338153,140.33717641320874,622349,False
2197,140.45671202918402,140.466223364072,140.40015790498717,140.45671202918402,185666,False
2198,140.46209089690097,140.6294848851214,140.3954624379239,140.46209089690097,646356,False
2199,140.28188171184627,140.29934995186187,140.1860364949577,140.28188171184627,935489,False
2200,140.41876099615982,140.7470842751028,140.31459713178538,140.41876099615982,905378,False
2201,140.92548964812383,141.10743003236468,140.88319072835253,140.92548964812383,775907,False
2202,140.8716832274741,140.91796941525595,140.8512813516155,140.8716832274741,709525,False
2203,141.07447025312763,141.1156918317127,140.99812173631804,141.07447025312763,367913,False
2204,140.70957465827888,140.80420461898177,140.58419250147685,140.70957465827888,780243,False
2205,140.44041514673935,140.5501003670046,140.41878170097314,140.44041514673935,685628,False
2206,140.57310501430624,140.60963760758,140.46242816610146,140.57310501430624,179199,False
2207,140.99035861097184,141.1237162179491,140.80409403933933,140.99035861097184,204222,False
2208,141.09063471811612,141.12731235643938,141.05527293610282,141.09063471811612,333931,False
2209,141.0022956056559,141.0097986476017,140.69670894830202,141.0022956056559,266234,False
2210,141.00209577873198,141.11783876191592,140.8454899299644,141.00209577873198,581604,False
2211,140.64947555659666,140.8686332670843,140.49483580695852,140.64947555659666,133434,False
2212,140.81952508383227,141.05971192830006,140.7243935863056,140.81952508383227,908534,False
2213,141.06802452943657,141.0880027217418,141.00115383710065,141.06802452943657,121536,False
2214,140.94047354911334,141.05927305850636,140.81152380056434,140.94047354911334,833251,False
2215,140.80797762332682,141.06624790254835,140.77203523851537,140.80797762332682,823130,False
2216,140.8828531749496,140.96715719359736,140.84787762649137,140.8828531749496,204639,False
2217,140.75980053004716,140.85119732896638,140.72755319786023,140.75980053004716,543604,False
2218,140.74118290276064,140.78055036345557,140.6463307116295,140.74118290276064,675063,False
2219,141.33221755950862,141.59527319162225,141.2057114369983,141.33221755950862,655435,False
2220,141.2623921793474,141.39606533874658,141.25369293226325,141.2623921793474,412670,False
2221,141.16115220517054,141.4102237421689,140.96514849858468,141.16115220517054,254731,False
2222,140.97833671040158,141.01936237384302,140.85251579784367,140.97833671040158,865167,False
2223,141.18816660307215,141.23244891151916,140.74813210160104,141.18816660307215,204663,False
2224,141.13699318555052,141.23099530259637,141.1296551864598,141.13699318555052,837456,False
2225,140.95369206938162,141.0485011537575,140.76987908666874,140.95369206938162,998612,False
2226,141.32617743277171,141.57642449374853,141.17818775041218,141.32617743277171,486377,False
2227,141.72743156497168,141.97093877855818,141.64444473153435,141.72743156497168,123088,False
2228,141.55723858532522,141.72750408412082,141.4962886554125,141.55723858532522,168464,False
2229,141.02879410287764,141.122183840515,140.922757722131,141.02879410287764,992353,False
2230,141.3129709843173,141.4692102087606,141.09583877766912,141.3129709843173,946430,False
2231,141.11947683491206,141.32502976766244,141.08099913623394,141.11947683491206,926814,False
2232,141.34262217676434,141.60634553835857,141.05848557267922,141.34262217676434,390328,False
2233,140.78570289765264,141.01376758931252,140.55542268428704,140.78570289765264,251171,False
2234,141.03703278500672,141.08657515082115,140.99907470539333,141.03703278500672,845866,False
2235,140.69539259481022,140.70374532166858,140.67425282730304,140.69539259481022,846640,False
2236,140.90102288406274,141.08548157601038,140.89530046781624,140.90102288406274,137739,False
2237,140.90504506377843,141.16836884292107,140.80411041415672,140.90504506377843,239461,False
2238,140.63621531002204,140.69464616288522,140.15831554492433,140.63621531002204,117352,False
2239,140.5217272169345,140.64684453903553,140.45778053504182,140.5217272169345,226788,False
2240,140.71461252691932,140.80292659551682,140.71120157057072,140.71461252691932,514364,False
2241,140.74441432079706,140.87204244309828,140.59013036087381,140.74441432079706,656116,False
2242,140.90892004611322,141.13047202265412,140.64258718427942,140.90892004611322,692328,False
2243,141.465916262712,141.5933728118939,141.30036424193617,141.465916262712,456423,False
2244,141.02334251699807,141.37053912433169,140.9462331876955,141.02334251699807,194430,False
2245,141.47947196276326,141.59107793807487,141.11103701403866,141.47947196276326,851891,False
2246,141.50900040863718,141.54597672609046,141.38614065037626,141.50900040863718,550330,False
2247,141.2546283441143,141.40751583820466,141.206381487635,141.2546283441143,740245,False
2248,140.87880243054457,141.0560864048354,140.82327802368803,140.87880243054457,642036,False
2249,140.82551632220884,140.99994930260019,140.76862608568774,140.82551632220884,712924,False
2250,141.08510002796922,141.22062325759865,140.98710698100646,141.08510002796922,789051,False
2251,141.04910946715532,141.24308374536074,140.80206157055215,141.04910946715532,215158,False
2252,141.4754035815119,141.5007253361172,141.39749518099174,141.4754035815119,319589,False
2253,141.06479224867647,141.08717234491255,141.0622028317241,141.06479224867647,296354,False
2254,141.06138159884367,141.09207366884786,140.9699995953088,141.06138159884367,853604,False
2255,140.70805289969516,140.81356258134844,140.52709058751398,140.70805289969516,815720,False
2256,140.81038476804798,140.94091520431346,140.7050289857107,140.81038476804798,372390,False
2257,141.06015067733907,141.10739093775365,140.91405009948645,141.06015067733907,341851,False
2258,140.94144523330723,141.06772818377604,140.83599343813725,140.94144523330723,159395,False
2259,140.20736190400797,140.3980395964253,140.18332898871984,140.20736190400797,787846,False
2260,140.263149893644,140.43536498737944,140.18080168920508,140.263149893644,523556,False
2261,140.38566654353627,140.45418813898803,140.2267593092051,140.38566654353627,412444,False
2262,140.49918092084698,140.74751355972765,140.3874243891213,140.49918092084698,496302,False
2263,140.84643369234215,140.95685274014622,140.80262832829143,140.84643369234215,322143,False
2264,140.5447255101989,140.72295641162495,140.40354709228288,140.5447255101989,886401,False
2265,140.7359270818552,140.74948969619723,140.72067155391647,140.7359270818552,901292,False
2266,141.07158438249655,141.2148606695333,140.89347803769166,141.07158438249655,641301,False
2267,140.56976804561887,140.8019344235315,140.33788233876334,140.56976804561887,500623,False
2268,140.65963481166844,140.72253771498566,140.55609824265053,140.65963481166844,657830,False
2269,140.51779930985055,140.65572214943785,140.37348108691222,140.51779930985055,124935,False
2270,140.49488853661435,140.53351236727374,140.40626141138878,140.49488853661435,600229,False
2271,140.59258207421738,140.78813147152292,140.37881631380057,140.59258207421738,673367,False
2272,140.4555806304393,140.523328196448,140.14540243238338,140.4555806304393,134111,False
2273,140.26576668924866,140.28580598037593,140.00739712603252,140.26576668924866,942982,False
2274,140.27534751929517,140.5122883557751,140.2597221286093,140.27534751929517,306769,False
2275,139.97031991546933,140.07014287958808,139.88521889915825,139.97031991546933,582333,False
2276,139.6663533341447,139.69829992114202,139.6155271330888,139.6663533341447,591029,False
2277,139.85612451211108,140.0506077201275,139.58853327870122,139.85612451211108,318008,False
2278,139.53479274887124,139.73672381634555,139.44829534380892,139.53479274887124,963387,False
2279,139.72074030231192,139.87452588352042,139.44128377491737,139.72074030231192,140565,False
2280,139.85000749810186,139.9032642035028,139.74053892454089,139.85000749810186,119283,False
2281,139.36729933017858,139.53319547770644,139.0351233599116,139.36729933017858,952902,False
2282,139.17843861874337,139.39724876370212,139.1622375665888,139.17843861874337,331362,False
2283,139.51082718325557,139.6534697875538,139.27829707558217,139.51082718325557,711204,False
2284,139.23706075354957,139.31133422206122,139.1942841983402,139.23706075354957,179552,False
2285,139.1077361845788,139.455206042717,139.06515096790082,139.1077361845788,138233,False
2286,139.2362886742582,139.27986911807037,138.97954729727945,139.2362886742582,621410,False
2287,139.45444144844848,139.74612106284272,139.34528990787126,139.45444144844848,384839,False
2288,139.38428501873668,139.3892178394797,139.33203708734763,139.38428501873668,750728,False
2289,139.21771795617968,139.4947355318607,138.94744947179905,139.21771795617968,273806,False
2290,139.61375612865032,139.70797845046738,139.40332907950184,139.61375612865032,443401,False
2291,140.09930475583758,140.12504565989292,140.03506152278518,140.09930475583758,887937,False
2292,140.37357942057594,140.52770800594752,140.16754142418722,140.37357942057594,405758,False
2293,140.3975322466987,140.75750505659718,140.37949803384285,140.3975322466987,101010,False
2294,140.1705752212627,140.18429102000962,140.08769170990004,140.1705752212627,344300,False
2295,139.93776748095007,140.04760131061417,139.68039808267233,139.93776748095007,605002,False
2296,140.08400639568646,140.33233214564956,139.97423866148233,140.08400639568646,754848,False
2297,140.2012281937883,140.21539321289217,140.18286447860467,140.2012281937883,250933,False
2298,140.59423988211984,140.66025997019395,140.47382701010537,140.59423988211984,517341,False
2299,140.77713895480258,140.79390356137313,140.6413669681804,140.77713895480258,879470,False
2300,140.35394026580045,140.36709610423503,140.3467657564559,140.35394026580045,764729,False
2301,140.6492302520017,140.88162487505576,140.44551226551096,140.6492302520017,955825,False
2302,140.3684773340485,140.5144838944866,140.2723643161695,140.3684773340485,782031,False
2303,140.26068240848056,140.4133722493675,140.22058583678321,140.26068240848056,164512,False
2304,140.33086891181577,140.36026289203198,140.3044184542256,140.33086891181577,198026,False
2305,140.89097641761666,140.9471224463863,140.81332059384292,140.89097641761666,175656,False
2306,141.76729534148637,141.8362185234618,141.75168228585596,141.76729534148637,841119,False
2307,141.93932231571648,142.01112401238458,141.88097366948676,141.93932231571648,459830,False
2308,141.88731670789306,142.16979940520966,141.78257634780394,141.88731670789306,275210,False
2309,142.0389958523493,142.06215763209212,142.0069809328011,142.0389958523493,284492,False
2310,142.29115922305732,142.44234465766,142.1220323208107,142.29115922305732,377633,False
2311,142.19990288672562,142.21635491536057,141.99466576544876,142.19990288672562,159789,False
2312,142.71046064766938,142.79716661818955,142.4436024620154,142.71046064766938,694213,False
2313,142.7761276557209,142.9182839938382,142.55934740229787,142.7761276557209,411847,False
2314,142.91825931737662,143.14907686128325,142.84587761512358,142.91825931737662,580702,False
2315,143.10860478725832,143.14491240190995,142.96991097806745,143.10860478725832,176625,False
2316,143.22927013054235,143.35778329892895,143.22579616849177,143.22927013054235,993967,False
2317,143.46959180167278,143.55088625259972,143.40806294463607,143.46959180167278,875806,False
2318,143.29247767624844,143.41368013172303,143.1767366553496,143.29247767624844,813588,False
2319,143.1324767930206,143.23928919477265,143.01969824130822,143.1324767930206,621564,False
2320,142.81754119258147,142.91439325964342,142.75165038890486,142.81754119258147,627339,False
2321,142.94307816279806,142.96564058714898,142.83638786771365,142.94307816279806,269162,False
2322,143.16576532580885,143.24251388628454,143.14932525378717,143.16576532580885,653093,False
2323,143.2968401312649,143.71121203232383,143.04439765678566,143.2968401312649,719266,False
2324,143.7767390803097,143.8167605097776,143.60081287268997,143.7767390803097,930989,False
2325,143.77512992563157,143.895826500487,143.70654836650465,143.77512992563157,495771,False
2326,143.96742676247055,144.15777576426188,143.85068908775307,143.96742676247055,674529,False
2327,143.65308803060634,143.848091547669,143.54914320079112,143.65308803060634,227838,False
2328,143.541871895334,143.7990516629426,143.50458522108738,143.541871895334,690282,False
2329,143.74154947872375,144.04168092594952,143.69292794455822,143.74154947872375,476149,False
2330,143.98565198485153,144.0875527736804,143.81078025693486,143.98565198485153,902498,False
2331,143.9009979396087,143.95134195466926,143.89888349388482,143.9009979396087,760081,False
2332,143.88039153202047,143.90954411187434,143.84295789857325,143.88039153202047,964414,False
2333,143.44360699408324,143.48550332885955,143.24262757315898,143.44360699408324,892736,False
2334,143.34117988135142,143.39905465206627,142.97804807995195,143.34117988135142,342941,False
2335,143.59643702776225,143.77448753542848,143.52081556172593,143.59643702776225,667255,False
2336,143.76163180950903,143.7617354482665,143.72987482896949,143.76163180950903,855584,False
2337,143.9055848517027,144.04537788329682,143.8949352610827,143.9055848517027,440907,False
2338,143.91991027483073,144.01727447669427,143.90598797611077,143.91991027483073,926894,False
2339,143.9219433331428,144.0800638904879,143.86777760619086,143.9219433331428,696122,False
2340,143.73187392990883,143.97868695053685,143.66141965437413,143.73187392990883,473167,False
2341,143.93276176669121,144.1107580828608,143.75051539631417,143.93276176669121,742059,False
2342,144.05394536372125,144.1154140995047,143.80129991772213,144.05394536372125,175842,False
2343,144.1956998762146,144.21506941064578,144.1074402116292,144.1956998762146,102589,False
2344,144.04399595161917,144.13737972134658,143.98370839214041,144.04399595161917,487167,False
2345,143.42364371395442,143.5244798790683,143.36095137364367,143.42364371395442,530294,False
2346,143.73835899321514,143.81420759712566,143.4748936924988,143.73835899321514,331617,False
2347,143.60070437291287,143.63760364202994,143.4875439133956,143.60070437291287,154918,False
2348,143.35291395804794,143.3697696345989,143.3226463932496,143.35291395804794,107711,False
2349,143.5517384036306,143.80071928910147,143.35222090392827,143.5517384036306,317972,False
2350,143.43919021175742,143.57907798031516,143.4222153850606,143.43919021175742,421574,False
2351,143.7432630449647,144.06070841129807,143.6546316121861,143.7432630449647,818687,False
2352,143.9206439419853,144.0061831555184,143.76021225317115,143.9206439419853,330314,False
2353,144.1174034163333,144.31052893580227,144.09042444110142,144.1174034163333,850506,False
2354,143.72368743577346,143.75486325805764,143.60871893460447,143.72368743577346,989037,False
2355,144.07205755286412,144.5388710667658,143.98717027750294,144.07205755286412,628258,False
2356,144.1473353560074,144.27637680523208,143.98046583387782,144.1473353560074,358989,False
2357,144.04087472474694,144.12772620163426,143.9870358648159,144.04087472474694,431679,False
2358,144.0821823252698,144.1967545836515,144.00168089590161,144.0821823252698,973002,False
2359,143.57033462791176,143.6808254191378,143.55483111114617,143.57033462791176,221315,False
2360,143.6876754696936,143.73452402823358,143.53115083654012,143.6876754696936,474255,False
2361,143.39185947128277,143.3922182807782,143.30733752420267,143.39185947128277,403874,False
2362,143.00393565620547,143.2626393211264,142.94494875462925,143.00393565620547,575384,False
2363,142.5685289459824,142.58402439385063,142.40240805512977,142.5685289459824,768745,False
2364,142.8857976355776,142.93984798137637,142.65709093525822,142.8857976355776,223252,False
2365,142.70597203171627,142.8721958619398,142.5945073964684,142.70597203171627,237022,False
2366,143.14371623906752,143.16375843304618,143.14077285063513,143.14371623906752,856590,False
2367,142.99032301389224,143.0322122911946,142.92405878570804,142.99032301389224,304583,False
2368,142.50205168217911,142.67328046426618,142.3502647648089,142.50205168217911,782121,False
2369,142.18383763528715,142.2482701755891,142.06623704453077,142.18383763528715,295507,False
2370,142.5352625127409,142.5684988173776,142.3203172882647,142.5352625127409,163944,False
2371,142.49082053730598,142.63522725520187,142.34934461217077,142.49082053730598,565718,False
2372,142.33456872377172,142.50713061696774,142.27037620755564,142.33456872377172,207437,False
2373,142.38012097410112,142.39354447133127,142.17256045992056,142.38012097410112,226794,False
2374,142.52300874745762,142.67071458890433,142.50505634762303,142.52300874745762,434267,False
2375,142.84151882988414,142.960166078022,142.46245673813016,142.84151882988414,385024,False
2376,143.25533048992776,143.5077646706676,143.0849399804962,143.25533048992776,534969,False
2377,143.1522529374229,143.17594311688566,143.0337189812288,143.1522529374229,974261,False
2378,142.7725995098927,143.02190242414324,142.67027357655596,142.7725995098927,756921,False
2379,142.654536518172,142.72566475745901,142.4525500869279,142.654536518172,153205,False
2380,142.72879690823459,142.83637668891595,142.53307088569574,142.72879690823459,206948,False
2381,142.45368460413937,142.5874092420974,142.4440966634577,142.45368460413937,421954,False
2382,142.18098525504132,142.35489233677774,142.10255079197657,142.18098525504132,475233,False
2383,142.27874545447634,142.32241802211865,142.16331039455102,142.27874545447634,688770,False
2384,142.26490106338662,142.44088258970442,142.1475063824539,142.26490106338662,431336,False
2385,142.27423278600142,142.31476847170694,142.20384259331968,142.27423278600142,711442,False
2386,142.058404102369,142.14934557923144,141.82912309861834,142.058404102369,710354,False
2387,141.99294338684075,142.13853356391172,141.9842915246208,141.99294338684075,318480,False
2388,141.73047421778008,141.8097493620331,141.593182473913,141.73047421778008,615985,False
2389,141.98281070369336,142.19555334372103,141.91987101197418,141.98281070369336,783690,False
2390,142.27678592433978,142.43945379417661,142.25087646340123,142.27678592433978,509355,False
2391,141.75144657383623,141.84563150555712,141.70477833095217,141.75144657383623,228514,False
2392,141.4879275557595,141.63325227146862,141.44370976564986,141.4879275557595,919409,False
2393,141.064445910101,141.26692359707405,140.7872687636076,141.064445910101,104983,False
2394,140.88105537783017,140.96267535723752,140.7183530948092,140.88105537783017,795269,False
2395,140.85754571934487,141.12624723665803,140.84197632527506,140.85754571934487,295552,False
2396,140.44915878372385,140.52618098148935,140.34977886100324,140.44915878372385,411173,False
2397,140.1902099131839,140.34434723006217,139.86698098582394,140.1902099131839,776689,False
2398,139.9087199237119,139.93512232206626,139.67633267259995,139.9087199237119,746956,False
2399,139.96671693718832,140.1315303519892,139.8048577959815,139.96671693718832,267806,False
