time,open,high,low,close,volume,is_fat_finger
0,103.59314117218585,103.76122087186644,103.56970184449045,103.59314117218585,598185,False
1,103.69605353093608,103.69835599132101,103.68175428317927,103.69605353093608,183984,False
2,103.66737860618476,103.81882886491518,103.46454198040875,103.66737860618476,201069,False
3,103.8016669519811,103.8730022114636,103.71958879216264,103.8016669519811,348577,False
4,104.11785302780669,104.30312340163557,104.08603480691615,104.11785302780669,976143,False
5,104.06909393449587,104.20337024113458,103.97490447885767,104.06909393449587,428396,False
6,104.0203610925633,104.0998436014001,104.00638272532721,104.0203610925633,441530,False
7,104.34890166718547,104.40121900001368,104.34103238458668,104.34890166718547,218728,False
8,104.50906360936219,104.65726372394911,104.33568931166671,104.50906360936219,623846,False
9,104.4109349524369,104.49794005811816,104.24016261705843,104.4109349524369,125801,False
10,104.5242333552742,104.59094876578203,104.42305959258347,104.5242333552742,842647,False
11,104.42735659714522,104.43878174350252,104.41578693620565,104.42735659714522,859925,False
12,104.33008674303726,104.33799072188474,104.29967562643321,104.33008674303726,714997,False
13,104.3805746325993,104.52059407301935,104.32286303732833,104.3805746325993,415414,False
14,103.98115604985814,104.05318950082074,103.96517684754505,103.98115604985814,564838,False
15,103.6224381492267,103.7787202518819,103.61792751977615,103.6224381492267,941967,False
16,103.50590693978499,103.62566104616441,103.46298279313673,103.50590693978499,355560,False
17,103.29623893241089,103.29861731327719,103.2236570300836,103.29623893241089,868026,False
18,103.36116006751415,103.43647707782942,103.16422290163686,103.36116006751415,832119,False
19,103.17345122388394,103.20357875331138,103.09877389357041,103.17345122388394,116220,False
20,102.8820267297979,102.92873862474454,102.82932076686673,102.8820267297979,375536,False
21,103.18360456143925,103.28578093446791,103.16799999429139,103.18360456143925,578803,False
22,103.13701173642175,103.19754962338027,102.93454492449375,103.13701173642175,495462,False
23,103.15094105090063,103.18986424123588,103.0874045898936,103.15094105090063,382154,False
24,102.85701281856366,102.93079046506546,102.75171492101703,102.85701281856366,226951,False
25,102.74502565681428,102.8030747377589,102.67161473758165,102.74502565681428,430502,False
26,102.76781914546561,102.81131175822392,102.75206023812177,102.76781914546561,583419,False
27,102.53124894586135,102.56523654378358,102.47089541699462,102.53124894586135,248306,False
28,102.60829051995628,102.62283687239838,102.53355626273483,102.60829051995628,982622,False
29,102.48502950157085,102.60128814831899,102.40020182295312,102.48502950157085,740083,False
30,102.42524101646488,102.55120093780738,102.3259673399282,102.42524101646488,542667,False
31,102.30198112690728,102.52916147875415,102.2734507782899,102.30198112690728,225223,False
32,102.68096458265411,102.68187106440686,102.47014616816415,102.68096458265411,622886,False
33,102.67819276654356,102.78563059393369,102.64176577594051,102.67819276654356,699493,False
34,102.46098507323433,102.4639669653976,102.44978193007395,102.46098507323433,515000,False
35,102.62954259715647,102.73113149061997,102.49655245749543,102.62954259715647,101082,False
36,102.37895334639813,102.4419356167495,102.32096334488354,102.37895334639813,504364,False
37,102.42171981889564,102.43492189501627,102.19220844152227,102.42171981889564,258566,False
38,102.0202942501647,102.055047885399,102.01971928109947,102.0202942501647,961525,False
39,101.74929038710953,101.87169965237321,101.66158608483903,101.74929038710953,414096,False
40,101.78935136921835,101.86828124804583,101.65260040088121,101.78935136921835,136719,False
41,101.93968743758951,102.0229587030814,101.86316204869242,101.93968743758951,148737,False
42,101.97462589563197,102.01809447223013,101.9348400935574,101.97462589563197,552669,False
43,101.95103951496795,101.99201557024868,101.83033759093622,101.95103951496795,207271,False
44,101.8896438454337,101.96320443170394,101.81914320943511,101.8896438454337,794896,False
45,101.58835168740134,101.67424729019736,101.48718051685529,101.58835168740134,281676,False
46,101.44209611419626,101.5588782476454,101.42590511902281,101.44209611419626,544049,False
47,101.348639789241,101.40472243424503,101.16965299312592,101.348639789241,692127,False
48,101.56291558867753,101.60023087909055,101.27995623401756,101.56291558867753,934363,False
49,101.63271333935386,101.65341868015754,101.47636864282042,101.63271333935386,402069,False
50,101.27434822992235,101.45730198172393,101.22568401398463,101.27434822992235,282075,False
51,101.3399910154668,101.37553200877396,101.10478049135902,101.3399910154668,542113,False
52,101.26194254579158,101.36826699484939,101.20083318700856,101.26194254579158,187745,False
53,101.12484967238566,101.15912003431075,101.033033798595,101.12484967238566,226298,False
54,101.24856101790004,101.28239185249025,101.24458465208478,101.24856101790004,717997,False
55,101.45733545402577,101.59375996147365,101.38005822351484,101.45733545402577,404431,False
56,101.64630585291945,101.66781424992335,101.56235066419681,101.64630585291945,846086,False
57,101.47569913083422,101.48494365496448,101.3615120894336,101.47569913083422,526228,False
58,101.41294404679539,101.59615004635069,101.30204571821528,101.41294404679539,731540,False
59,101.48013284646274,101.56742531546777,101.44549667792755,101.48013284646274,797143,False
60,101.67812974465893,101.9114575232443,101.62377834977576,101.67812974465893,471467,False
61,101.58068666400708,101.6191664977089,101.51338310523242,101.58068666400708,561531,False
62,101.54296793133737,101.58133383183146,101.52861938965187,101.54296793133737,839126,False
63,101.31828685776375,101.37837591040751,101.23374396797885,101.31828685776375,539707,False
64,101.07589164600424,101.10770086664692,100.90032858930033,101.07589164600424,320013,False
65,101.24014518997204,101.28803693462861,101.13160987613897,101.24014518997204,551800,False
66,101.51475706478196,101.60990961710135,101.38255026045256,101.51475706478196,899235,False
67,101.50013688478509,101.59943672277309,101.42514622038122,101.50013688478509,280697,False
68,101.70385433779394,101.8469293730362,101.573639607657,101.70385433779394,743107,False
69,101.77741389302344,101.81419783037373,101.73218062182178,101.77741389302344,979793,False
70,101.64609665247342,101.70792074555266,101.63159641006656,101.64609665247342,113698,False
71,101.719565557768,101.7420397086216,101.71396665275418,101.719565557768,115376,False
72,102.03246238047376,102.12716305929767,101.98385434388705,102.03246238047376,576870,False
73,102.0251515424983,102.03257128362999,102.00216951464424,102.0251515424983,375261,False
74,102.34441755468717,102.3635862086444,102.18280656403881,102.34441755468717,336591,False
75,101.80818498104755,101.94923291844572,101.6761566808454,101.80818498104755,531172,False
76,101.97553778545118,102.05643349126024,101.90851826806745,101.97553778545118,148786,False
77,101.99329112864365,102.09492995574553,101.91519024342244,101.99329112864365,737293,False
78,101.93229764115232,102.00667403276587,101.9226733707535,101.93229764115232,318850,False
79,101.95100441472351,102.05525801828354,101.93718737547654,101.95100441472351,428624,False
80,101.54573512034943,101.57649955607721,101.46730986812824,101.54573512034943,787055,False
81,101.50112163367797,101.50354701282362,101.49769870090648,101.50112163367797,939665,False
82,101.57361628679382,101.60044909158906,101.54285133706465,101.57361628679382,473166,False
83,101.87384637202005,101.88005230595707,101.83325493704433,101.87384637202005,515718,False
84,101.76825001082885,101.79078940853775,101.74327566897439,101.76825001082885,543226,False
85,101.60369205260606,101.74271322850149,101.53223284889316,101.60369205260606,192529,False
86,101.50173131632289,101.62894299234534,101.48931528125595,101.50173131632289,567121,False
87,101.68756111591766,101.96438290007228,101.52014592902246,101.68756111591766,865784,False
88,101.75442091302855,101.85032905693417,101.49579985734462,101.75442091302855,539705,False
89,101.64661002751438,101.64815780254098,101.57482404303289,101.64661002751438,725207,False
90,101.75095381674137,101.85757366882589,101.72775549837219,101.75095381674137,969965,False
91,101.77070928322209,101.88649768603428,101.70714509859712,101.77070928322209,574381,False
92,101.96786865868242,101.97035742307425,101.85559866159218,101.96786865868242,572803,False
93,101.82469494334661,101.84656958679768,101.80635575906432,101.82469494334661,586275,False
94,101.75796674710301,101.81513259153104,101.6835486420678,101.75796674710301,822670,False
95,101.67816649028762,101.83611618061077,101.62631297239027,101.67816649028762,309870,False
96,101.38055145717321,101.55754885600386,101.30691274997444,101.38055145717321,693695,False
97,101.44059313114613,101.58253726324311,101.40561870259069,101.44059313114613,698097,False
98,101.49355633444601,101.53231999898232,101.30356334988987,101.49355633444601,379373,False
99,101.49459430024562,101.54637964809288,101.37551620492987,101.49459430024562,666464,False
100,101.44697564838569,101.49615619632463,101.41097477434099,101.44697564838569,719113,False
101,101.15980548598124,101.26050032084328,101.07191318570129,101.15980548598124,197555,False
102,101.07470068792217,101.25939059761427,100.96718005091145,101.07470068792217,627433,False
103,101.00542115356347,101.17262238459438,100.9090731844545,101.00542115356347,197289,False
104,100.84335244664416,100.87214359658265,100.79764474322297,100.84335244664416,763162,False
105,100.81082326291187,100.81932401735685,100.73401795353128,100.81082326291187,888695,False
106,100.89228866194297,101.05888569948905,100.85339773412984,100.89228866194297,520129,False
107,101.272891886773,101.36369201262035,101.11745953552435,101.272891886773,157788,False
108,101.3082518867025,101.47766458808185,101.26234071165665,101.3082518867025,763515,False
109,101.36043584641621,101.36071461204612,101.27466329900041,101.36043584641621,756282,False
110,101.34534410547812,101.34747845852829,101.25583259620826,101.34534410547812,827591,False
111,100.95642704732978,100.97947926981955,100.90975868056039,100.95642704732978,251744,False
112,100.95107355506472,101.0136439498691,100.82664367911303,100.95107355506472,269598,False
113,100.96323416377271,101.10550215648153,100.94272037948369,100.96323416377271,931776,False
114,101.46062794418255,101.50208840046905,101.3822680908874,101.46062794418255,512230,False
115,101.42159381562526,101.47015637621782,101.32521721648834,101.42159381562526,697640,False
116,101.48276063976593,101.5517258563597,101.35372285904188,101.48276063976593,584495,False
117,101.47571534733316,101.49087779529434,101.32942337481397,101.47571534733316,402468,False
118,101.23853046757684,101.26772687013354,101.15483627331729,101.23853046757684,607745,False
119,101.46992587222948,101.48209630437339,101.38638608111101,101.46992587222948,980507,False
120,101.62252305040468,101.69776509026515,101.59682100983918,101.62252305040468,326710,False
121,101.78329637494865,101.78674690850663,101.78001343319279,101.78329637494865,794058,False
122,101.59817546928659,101.7040252790205,101.41361159752309,101.59817546928659,963601,False
123,101.8832181543862,102.00889085782417,101.78094271365289,101.8832181543862,909816,False
124,101.59756795908535,101.74891149824411,101.51275941741028,101.59756795908535,627800,False
125,101.71681446602463,101.86487151007921,101.59765276949271,101.71681446602463,786860,False
126,102.16242680299779,102.24491906367476,102.03568475169422,102.16242680299779,223775,False
127,101.96003561337403,101.9708931217355,101.95713347915954,101.96003561337403,178743,False
128,101.84455614001789,101.89077243424909,101.84234310965289,101.84455614001789,447786,False
129,101.86485403811007,101.92331733459976,101.57634034600973,101.86485403811007,491731,False
130,101.7622810900735,101.87353139191339,101.64427792652307,101.7622810900735,704146,False
131,101.446682994177,101.6398814565643,101.2296769617075,101.446682994177,679088,False
132,101.46059396691757,101.52201749256264,101.4457870679675,101.46059396691757,556356,False
133,101.24503003538175,101.36028894896329,101.11061556910853,101.24503003538175,724652,False
134,101.34092779511012,101.34376664994284,101.1170470422558,101.34092779511012,605533,False
135,101.154577185241,101.17606534382799,101.11785302978241,101.154577185241,364531,False
136,101.4681431040498,101.62077293415913,101.32274442137252,101.4681431040498,287232,False
137,101.30919258974282,101.31022247070337,101.17844819099214,101.30919258974282,828927,False
138,101.24393700540077,101.2739421080193,101.15634515014058,101.24393700540077,232871,False
139,101.40866437721714,101.43384150515337,101.35907632224023,101.40866437721714,219095,False
140,101.15902376449885,101.3234678094623,101.09673636433118,101.15902376449885,659836,False
141,101.20504301435903,101.23423167707067,101.13243930957772,101.20504301435903,190450,False
142,101.46962189170516,101.52671803866657,101.43465682621519,101.46962189170516,729957,False
143,101.14340045968879,101.28714072085708,101.11143225298932,101.14340045968879,966603,False
144,101.18074945227269,101.23307376964208,101.12347967259048,101.18074945227269,533595,False
145,101.2333397240563,101.2865265939835,101.18883954468431,101.2333397240563,407558,False
146,101.39163280482163,101.49605427706123,101.32661247796011,101.39163280482163,697359,False
147,101.1407999002716,101.24839243296977,100.99086734826143,101.1407999002716,737096,False
148,100.8736958241097,100.95337065442382,100.83577379864973,100.8736958241097,600884,False
149,100.9789961735657,101.00276544382687,100.80976133181098,100.9789961735657,178591,False
150,101.03897460192974,101.172931445121,101.0280207167881,101.03897460192974,848501,False
151,101.08959368341786,101.1562124088422,100.89353997872138,101.08959368341786,366441,False
152,101.15963830087867,101.32801616538522,101.06960519836478,101.15963830087867,733801,False
153,101.02205619113761,101.11499764054676,100.88924881826894,101.02205619113761,972911,False
154,101.06898168322799,101.09944014692776,100.88982897267339,101.06898168322799,198752,False
155,101.12822275609935,101.12983249947455,101.09145118971433,101.12822275609935,236080,False
156,100.98374057744273,101.07624272594278,100.81094656259985,100.98374057744273,317885,False
157,101.36056635586164,101.43377593897002,101.28847948599481,101.36056635586164,477625,False
158,101.45662230230496,101.4882754504046,101.26159080616154,101.45662230230496,247892,False
159,101.21489104437876,101.32180716773561,101.07894676675517,101.21489104437876,564764,False
160,101.34779704830409,101.45507406859444,101.30770382196415,101.34779704830409,253325,False
161,101.15023336810229,101.24335054266568,100.92382342342894,101.15023336810229,522418,False
162,101.30946095080027,101.35935488681908,101.21433601221203,101.30946095080027,691444,False
163,101.54421433793873,101.58328809813709,101.4496883272281,101.54421433793873,867248,False
164,101.3775432554626,101.40680407382521,101.22269621672449,101.3775432554626,160263,False
165,101.5728726658901,101.66339613147125,101.55307538114832,101.5728726658901,723540,False
166,101.65672735495137,101.68922016674084,101.5496828182715,101.65672735495137,218632,False
167,101.82386324605923,101.87324795124145,101.74982716191408,101.82386324605923,961287,False
168,102.21014082460292,102.25795699579108,102.1997526102937,102.21014082460292,116575,False
169,102.15997851681624,102.24218916184645,102.02557359403906,102.15997851681624,374348,False
170,102.00597517610002,102.01465374572417,101.99120054122322,102.00597517610002,111952,False
171,101.82450360244569,101.84516557238899,101.71014926808841,101.82450360244569,619826,False
172,101.65836464784495,101.68076525445606,101.6189956874012,101.65836464784495,183323,False
173,101.64268858046377,101.80225402575746,101.53701788580683,101.64268858046377,806502,False
174,101.71203978833357,101.7190210025342,101.7103801313822,101.71203978833357,264944,False
175,101.7683253595146,101.8333787832547,101.66845155408615,101.7683253595146,784736,False
176,101.9366874675543,102.02750180349493,101.86844939848756,101.9366874675543,821444,False
177,101.93933820713198,102.02621107744794,101.93523485330604,101.93933820713198,242712,False
178,102.23568281090584,102.38522972310614,102.04228209866612,102.23568281090584,388581,False
179,102.18156806679254,102.27687727129756,101.99805084098749,102.18156806679254,227129,False
180,102.73747036849066,102.96691178501881,102.57480555739208,102.73747036849066,974113,False
181,102.86602932969375,102.91623873418922,102.81352216668138,102.86602932969375,878810,False
182,102.68968454101677,102.77882574975469,102.65095842553242,102.68968454101677,632191,False
183,102.4697453154103,102.52225134725111,102.31856028490473,102.4697453154103,314776,False
184,102.56862296643367,102.66072832226776,102.4637452372187,102.56862296643367,651151,False
185,102.52278242608342,102.67101649400146,102.39321730394272,102.52278242608342,405525,False
186,102.66918506069926,102.67086017022811,102.52847088077267,102.66918506069926,914980,False
187,102.76635890320931,102.84758322638326,102.75729123605737,102.76635890320931,543172,False
188,102.75139017885606,102.88502112154173,102.65132007387444,102.75139017885606,635755,False
189,102.57737171540356,102.59413341945269,102.36659012924586,102.57737171540356,420098,False
190,102.26659362168625,102.38886599198473,102.20701872333106,102.26659362168625,386045,False
191,102.17526649538816,102.1978107271815,102.01384697286024,102.17526649538816,909733,False
192,102.35027204546081,102.42624133157452,102.22621771742209,102.35027204546081,857902,False
193,102.39409715137072,102.44565300543913,102.17295259969296,102.39409715137072,971612,False
194,102.13898455630539,102.14864933440145,101.94885442475831,102.13898455630539,694191,False
195,102.17436160412731,102.18806887121367,102.12288215001024,102.17436160412731,466099,False
196,102.25310071870484,102.29524015825375,102.19577226015215,102.25310071870484,644043,False
197,102.07234639181515,102.12923174873556,101.908498124555,102.07234639181515,421961,False
198,102.10372855634154,102.11742527900618,102.00907328539746,102.10372855634154,888525,False
199,102.11561521071718,102.15681568750817,102.00472556356759,102.11561521071718,356094,False
200,101.88218498045607,101.93815496281745,101.85057898641062,101.88218498045607,562753,False
201,101.95508929651743,102.08913779104138,101.81015168942297,101.95508929651743,982751,False
202,102.06943896944138,102.12716038936064,102.06772164436475,102.06943896944138,385084,False
203,102.29053183497349,102.41299267719117,102.2431647778442,102.29053183497349,799400,False
204,102.50611977967635,102.65742568978834,102.21045888061094,102.50611977967635,753002,False
205,102.22368069717915,102.26256732719561,102.17596726215598,102.22368069717915,191544,False
206,102.03194484231894,102.06571518907309,101.95133803368549,102.03194484231894,708725,False
207,102.1370449422703,102.16554033974906,101.96340994684272,102.1370449422703,455113,False
208,102.24199809978835,102.33011197174541,102.23515071191285,102.24199809978835,207001,False
209,102.34731710891755,102.47518935595943,102.32756323845702,102.34731710891755,187725,False
210,103.13595057213665,103.25022345639555,103.03646545297357,103.13595057213665,477928,False
211,103.25370924312256,103.39846145113212,103.1788742114663,103.25370924312256,210675,False
212,103.48821197199793,103.62483547403967,103.3976224933981,103.48821197199793,194266,False
213,103.68566784544203,103.71652521269006,103.63833561818069,103.68566784544203,371380,False
214,103.82074771928265,103.93332794894994,103.68739650406495,103.82074771928265,959029,False
215,103.75528474185974,103.80125817667471,103.64698026078062,103.75528474185974,315196,False
216,103.9127788770249,104.03557898761768,103.9105608273602,103.9127788770249,234974,False
217,103.75216604576724,103.781021518331,103.64636202218882,103.75216604576724,723944,False
218,103.7030251589488,103.73799258888546,103.45738471513084,103.7030251589488,396508,False
219,103.60235782252529,103.68330200351113,103.52034058019389,103.60235782252529,731359,False
220,103.61932253029552,103.72553153945219,103.50339673843493,103.61932253029552,456554,False
221,104.09900923543081,104.22219207170264,103.91506373626947,104.09900923543081,251168,False
222,103.7102483223736,103.88384907180927,103.59987523902323,103.7102483223736,243092,False
223,103.85259275188861,103.95490774498273,103.76403119002838,103.85259275188861,682761,False
224,103.51762330269827,103.66305959349629,103.45940253486606,103.51762330269827,341472,False
225,103.41991677248362,103.47032254535212,103.35176779070768,103.41991677248362,406297,False
226,103.64515513269903,103.70046516196528,103.59889497515451,103.64515513269903,272349,False
227,103.65847975780119,103.80466037694171,103.61998058021699,103.65847975780119,400646,False
228,103.43504498730707,103.45005099151028,103.38380535382277,103.43504498730707,115675,False
229,103.28707004461327,103.32094220470249,103.24646638359744,103.28707004461327,218384,False
230,103.42745736520602,103.5103111324343,103.38561527871836,103.42745736520602,178229,False
231,103.27637743788023,103.39100934601622,103.22420107347097,103.27637743788023,713337,False
232,103.32108755587491,103.43960318492672,103.17577983612222,103.32108755587491,807508,False
233,103.33050461999649,103.34526118658205,103.20387427703282,103.33050461999649,451301,False
234,103.19584423453914,103.25546568598503,103.1091535299637,103.19584423453914,320319,False
235,103.63833647511828,103.7009514004781,103.63551174672085,103.63833647511828,729999,False
236,103.76973310098423,103.91329463659187,103.66012901418925,103.76973310098423,734378,False
237,103.34943608956644,103.40484918063395,103.16305533059223,103.34943608956644,979753,False
238,103.38797598614221,103.41527431593873,103.27496021416182,103.38797598614221,826262,False
239,103.25113445988735,103.36071422103151,103.02100954294926,103.25113445988735,912897,False
240,103.42716387762563,103.43186619116241,103.38554657642726,103.42716387762563,918718,False
241,103.26322753304504,103.31206247754865,103.18485649306889,103.26322753304504,154795,False
242,103.23953142252198,103.26157018581432,103.21199746122329,103.23953142252198,470283,False
243,103.34380072263453,103.41228932838408,103.30378090132683,103.34380072263453,834543,False
244,103.52274158715633,103.60629893103898,103.40913163346718,103.52274158715633,203845,False
245,103.27422563760508,103.37784921559802,103.23871295548052,103.27422563760508,412130,False
246,103.2051349253925,103.2177068285379,103.10312754401102,103.2051349253925,437540,False
247,103.1071013355514,103.26642832314279,103.07968179742547,103.1071013355514,941610,False
248,102.9723755687745,103.22097326055498,102.9578649437762,102.9723755687745,897177,False
249,103.3359616029339,103.38455467673218,103.32035447204301,103.3359616029339,878520,False
250,103.41965995200141,103.46403359224826,103.35343840366619,103.41965995200141,353730,False
251,103.15885957240889,103.1842616288878,102.94893035347044,103.15885957240889,303426,False
252,103.34823075581505,103.40979552942794,103.31121073395954,103.34823075581505,966069,False
253,103.78687293251254,103.92449120935056,103.75794660480939,103.78687293251254,329333,False
254,104.00118561412064,104.06907847045325,103.9737011611993,104.00118561412064,672854,False
255,103.68515305842924,103.72468242855167,103.60485288434106,103.68515305842924,930154,False
256,103.58473729050675,103.59881728311707,103.54472204051778,103.58473729050675,973055,False
257,103.84720260762458,103.91139150882972,103.59880841381255,103.84720260762458,473218,False
258,103.70022361887389,103.85675471922349,103.62064605764499,103.70022361887389,699262,False
259,103.79227196676422,103.81721618054516,103.78419976150678,103.79227196676422,576908,False
260,103.95307402346073,104.12666190062384,103.90566052225223,103.95307402346073,446228,False
261,103.76035947960762,103.8375469850182,103.65248668797291,103.76035947960762,270951,False
262,103.74800673492136,103.83439824154945,103.70432000652006,103.74800673492136,517983,False
263,103.07545668326702,103.09020840321313,103.07169729700215,103.07545668326702,348595,False
264,102.86427823536457,102.94523559434833,102.77056606877159,102.86427823536457,728705,False
265,102.81231775416796,102.84289360834767,102.72898035945848,102.81231775416796,954531,False
266,102.55574279218301,102.56617476496045,102.463370043018,102.55574279218301,279729,False
267,102.89056909981714,102.94982189694616,102.79609463223514,102.89056909981714,239570,False
268,102.596272979274,102.893791273166,102.53051279014996,102.596272979274,304739,False
269,102.50597913071363,102.57756118968008,102.4377848235736,102.50597913071363,387251,False
270,102.53278251248729,102.55871835405017,102.4280900821606,102.53278251248729,784153,False
271,102.82833803386502,102.9839518882547,102.7955752552062,102.82833803386502,940271,False
272,102.53304339656201,102.57385442183113,102.38374379178347,102.53304339656201,713529,False
273,102.77156883551604,102.82718113898815,102.70275066705855,102.77156883551604,647685,False
274,102.77367217098598,102.88331832769776,102.705325369725,102.77367217098598,631992,False
275,102.5719256743144,102.68999923418387,102.42521060759593,102.5719256743144,902874,False
276,102.66672336074635,102.68921063943768,102.64323336763923,102.66672336074635,819148,False
277,102.70759697414177,102.83019336992531,102.66122761779889,102.70759697414177,229576,False
278,102.58430330790917,102.6412691978922,102.48297719071772,102.58430330790917,109765,False
279,102.59862450442543,102.61500414597188,102.52127627057018,102.59862450442543,477972,False
280,102.51955921434369,102.578139750384,102.42668006739224,102.51955921434369,110002,False
281,102.54283471074037,102.62330843899397,102.46870801305157,102.54283471074037,884141,False
282,102.678628223369,102.74244523419573,102.64276304384906,102.678628223369,897822,False
283,103.004328285411,103.03859341484423,102.91465741877172,103.004328285411,275508,False
284,102.74932757741514,102.86170427456919,102.67947573734813,102.74932757741514,358446,False
285,103.18766306730738,103.20050243200046,103.09676348965431,103.18766306730738,577698,False
286,102.78480031103753,102.8432876748405,102.77489734175875,102.78480031103753,345620,False
287,102.75359790967067,102.81055813027007,102.72208354830411,102.75359790967067,630929,False
288,102.87450132902758,103.07407666738482,102.81784661407636,102.87450132902758,526925,False
289,102.93231512556908,103.00868919760738,102.86887120497998,102.93231512556908,211119,False
290,102.80412331916365,102.93690874629891,102.77476699628083,102.80412331916365,532525,False
291,102.76133166818127,102.87801373790758,102.74837733548245,102.76133166818127,377768,False
292,102.66000880306288,102.71009718034925,102.58014068381911,102.66000880306288,109966,False
293,102.53900042079067,102.5694630609481,102.40553637582063,102.53900042079067,320422,False
294,102.71323512035856,102.87975657803932,102.64221793605563,102.71323512035856,265261,False
295,102.78657555146162,102.85383928130037,102.69805734190702,102.78657555146162,171301,False
296,102.64413194253444,102.73965916331696,102.53329617578538,102.64413194253444,739411,False
297,102.82880923915334,102.84078986262276,102.61556504657514,102.82880923915334,510439,False
298,102.89200772677636,103.06330252945412,102.81110332406526,102.89200772677636,595521,False
299,103.05928175760111,103.15040249550401,102.98810586712214,103.05928175760111,440327,False
300,103.18905995004616,103.45615622908237,103.07686864155133,103.18905995004616,858912,False
301,103.0179735182855,103.02413067977326,103.00230542340407,103.0179735182855,104959,False
302,102.9025560871566,103.00026442247812,102.74349619580036,102.9025560871566,412946,False
303,103.05635293138614,103.16083207338421,102.9720833237056,103.05635293138614,748413,False
304,103.1821579983728,103.26964946985564,102.95472531294014,103.1821579983728,485939,False
305,103.17784465523114,103.2847277179194,103.17730033049216,103.17784465523114,127215,False
306,103.20205582828882,103.21718097047139,103.10136028847157,103.20205582828882,155046,False
307,103.46577111609882,103.54364797225536,103.42408014508422,103.46577111609882,857553,False
308,103.34335633626658,103.46607299641543,103.29612428190771,103.34335633626658,456737,False
309,103.45643409549238,103.47521281751095,103.30889345570209,103.45643409549238,527310,False
310,103.41459783385015,103.54024383089923,103.36569795242971,103.41459783385015,794029,False
311,103.36957500567469,103.41856537209085,103.24594742703096,103.36957500567469,267198,False
312,103.59673519810667,103.67138970497176,103.56106464574381,103.59673519810667,441180,False
313,103.76775607597527,103.9253500715481,103.7533497822803,103.76775607597527,996296,False
314,103.93658821492322,104.0050192863187,103.77575443837226,103.93658821492322,744621,False
315,104.20796224132825,104.4018357362563,104.15194244375863,104.20796224132825,641060,False
316,104.21233977639982,104.30240462562807,104.09530522353279,104.21233977639982,676231,False
317,104.35447560591204,104.41410106639778,104.2206274841466,104.35447560591204,431012,False
318,104.28972015654753,104.31021971392414,104.21493618444907,104.28972015654753,411999,False
319,104.35733459291791,104.46252720406494,104.33878214022629,104.35733459291791,777578,False
320,104.33017182837872,104.38751216913448,104.30555455197808,104.33017182837872,725412,False
321,104.35041103976742,104.52212930544668,104.321200798716,104.35041103976742,419349,False
322,104.4746208002425,104.63191206326451,104.42332065873414,104.4746208002425,760319,False
323,104.30365420901904,104.42512452069683,104.26172716774755,104.30365420901904,314051,False
324,104.74014148676795,104.74928069393432,104.64276036407529,104.74014148676795,538350,False
325,104.5294006810151,104.6186083138679,104.48423940004416,104.5294006810151,650162,False
326,104.27556386499828,104.31408187476848,104.08707636491475,104.27556386499828,755295,False
327,104.51708919370309,104.52722423431672,104.4857829283661,104.51708919370309,625589,False
328,104.68257375449558,104.69767818769253,104.62224917260816,104.68257375449558,420161,False
329,104.81324269205598,104.84772038830666,104.71122105024992,104.81324269205598,667607,False
330,104.94496055276994,104.98266754786354,104.87948581763474,104.94496055276994,844976,False
331,104.94239007858332,105.06917925197901,104.76879684933414,104.94239007858332,317291,False
332,104.75407004207895,104.7804241580462,104.64570495708941,104.75407004207895,384599,False
333,104.76995171407603,104.80289971322318,104.75785913469224,104.76995171407603,759472,False
334,104.62805931444053,104.82037622433904,104.4623694895472,104.62805931444053,419177,False
335,104.83210908505397,104.95450415927418,104.61295442632492,104.83210908505397,604283,False
336,104.80127641413519,104.85583103902682,104.71510543194869,104.80127641413519,603294,False
337,104.62825009433489,104.69418145811161,104.6268551018807,104.62825009433489,289432,False
338,104.5609980179004,104.75722960137948,104.52516427862733,104.5609980179004,575634,False
339,104.6473510678445,104.69031215568097,104.58459785488417,104.6473510678445,469068,False
340,104.52936650547882,104.62138214712921,104.32406746820973,104.52936650547882,132735,False
341,104.35747415132593,104.41890445809868,104.1766358340168,104.35747415132593,959213,False
342,104.40833531507448,104.41709802004331,104.20984246428985,104.40833531507448,341207,False
343,104.45948841886909,104.49429850260489,104.29511100557873,104.45948841886909,228305,False
344,104.35357836935567,104.37130227128068,104.29349390028388,104.35357836935567,823001,False
345,104.25526930387505,104.43140413365852,104.16060560731957,104.25526930387505,732337,False
346,104.30365416129737,104.3238181775929,104.25083262392198,104.30365416129737,514927,False
347,104.00157318459351,104.03974908428512,103.93664625498184,104.00157318459351,367774,False
348,103.70881629112253,103.78191256417247,103.56101279216173,103.70881629112253,165488,False
349,103.55979829160795,103.8171412787621,103.37254375067538,103.55979829160795,234278,False
350,103.51558920365355,103.64525445791573,103.39317225178551,103.51558920365355,622059,False
351,103.57995676333506,103.69909153561282,103.37494113068477,103.57995676333506,942721,False
352,103.88559142965936,103.92160193595052,103.87019625596677,103.88559142965936,381097,False
353,104.06378838406273,104.21551601779767,104.02552388699888,104.06378838406273,463076,False
354,104.03050076538959,104.18615111263287,103.98263103041872,104.03050076538959,765428,False
355,104.02654423412804,104.0345525242929,103.99383300175356,104.02654423412804,358946,False
356,103.81796490353503,103.83084588141925,103.74761863644139,103.81796490353503,178930,False
357,103.81412091132961,103.94643126953399,103.77303798218036,103.81412091132961,286988,False
358,103.7541872256437,103.79356715901,103.73954176031992,103.7541872256437,363211,False
359,103.82115402950471,103.93704401794957,103.60326121450814,103.82115402950471,412802,False
360,103.64938588708767,103.80569409382676,103.50578905442353,103.64938588708767,676453,False
361,103.75704578161506,103.78291906412375,103.75400891831207,103.75704578161506,442925,False
362,104.0751107047504,104.33546968872608,104.03021841572867,104.0751107047504,240931,False
363,104.05247225576858,104.26660878427968,104.02579293597275,104.05247225576858,653452,False
364,104.1360704514056,104.17316545979482,103.99683270377177,104.1360704514056,204946,False
365,104.27980821809048,104.42708199892027,104.14871778121334,104.27980821809048,311985,False
366,104.19612983036762,104.20552651217268,104.16102257715963,104.19612983036762,857730,False
367,104.24282896902508,104.29723400511406,104.11076407165805,104.24282896902508,461395,False
368,104.24545430398709,104.29829397470498,104.19972516294159,104.24545430398709,645061,False
369,104.26581888252282,104.27904820407909,104.08840370284604,104.26581888252282,550511,False
370,104.10462188628703,104.19061065682453,104.10084122977032,104.10462188628703,658227,False
371,104.10972513113423,104.1888788127048,104.10949477072384,104.10972513113423,984907,False
372,104.2134180615689,104.41480627106365,104.05001089774613,104.2134180615689,351442,False
373,104.51587533250195,104.56223060425809,104.41445480124058,104.51587533250195,374962,False
374,104.7163933926404,104.89463417187918,104.53549037333907,104.7163933926404,371479,False
375,105.16734039517421,105.22526527639872,105.06502192546256,105.16734039517421,601571,False
376,105.0059405904789,105.0263827965208,104.90889210885463,105.0059405904789,417152,False
377,105.18913828838959,105.18962227277652,105.11884364815114,105.18913828838959,696033,False
378,105.22770946358095,105.31398441604078,105.17248461119547,105.22770946358095,798508,False
379,105.68856535725921,105.81361893974065,105.4947785859925,105.68856535725921,356445,False
380,105.51770958493937,105.60832953695196,105.49022520256582,105.51770958493937,365721,False
381,105.34049853398864,105.3436315346646,105.24790981848155,105.34049853398864,173916,False
382,105.21421789381128,105.27167653584762,105.18301647846151,105.21421789381128,759436,False
383,104.76728983876875,104.82982147188716,104.63204121309653,104.76728983876875,526141,False
384,104.6571259812875,104.68143830195449,104.56052606867145,104.6571259812875,159314,False
385,104.49822869609403,104.50128542390961,104.4211480929551,104.49822869609403,927637,False
386,104.52966046468136,104.55791240274124,104.45587517101251,104.52966046468136,504311,False
387,104.60110773690087,104.61220795578193,104.56348803658976,104.60110773690087,737871,False
388,104.99360683307218,105.17258429057621,104.98490070446965,104.99360683307218,709003,False
389,105.19318368665473,105.44467599097699,105.03725588452922,105.19318368665473,336576,False
390,105.07181102221553,105.1114327714272,104.96332658721647,105.07181102221553,156680,False
391,104.88301490908052,104.89350004098752,104.86704143793149,104.88301490908052,128400,False
392,104.98620284067887,105.15372268531767,104.91893989843877,104.98620284067887,606367,False
393,104.70899029814034,104.7886129200469,104.704297429975,104.70899029814034,731633,False
394,105.0925306944309,105.10584970516183,105.03648762196184,105.0925306944309,822706,False
395,105.34043138860919,105.41575645674126,105.27176971822063,105.34043138860919,187110,False
396,105.2415850574297,105.30577198044207,105.20326594156144,105.2415850574297,744408,False
397,104.88099907091343,105.04622749287824,104.77967974686992,104.88099907091343,390706,False
398,105.16499004534738,105.16801783098758,105.02224701078758,105.16499004534738,118510,False
399,105.1408988819758,105.15332779701042,105.0890101624219,105.1408988819758,685896,False
400,105.40118912135914,105.47224960811319,105.38664764669674,105.40118912135914,565705,False
401,105.06507997894931,105.18879880963601,105.0405896322977,105.06507997894931,414326,False
402,104.93913320950126,104.96144102646124,104.88161330767532,104.93913320950126,859987,False
403,104.94023374810774,104.99489330287956,104.9163318257402,104.94023374810774,651171,False
404,104.95009405709034,105.11599400404778,104.77703388780579,104.95009405709034,597125,False
405,104.85562522996315,104.86203210933229,104.79560741855711,104.85562522996315,826787,False
406,104.98624386812463,105.0442023641286,104.89589587834676,104.98624386812463,791204,False
407,104.76207295060912,104.93855301685248,104.61363175521802,104.76207295060912,854283,False
408,104.73224101061619,104.9253566528261,104.55751151170595,104.73224101061619,635382,False
409,104.75743867280214,104.88684349347632,104.73480013239097,104.75743867280214,636932,False
410,104.86522126202178,104.98289610960205,104.75862320986326,104.86522126202178,332380,False
411,105.01446856531005,105.04348612494702,104.77016694242327,105.01446856531005,185834,False
412,104.77826118210899,104.86376421384712,104.74070283739148,104.77826118210899,471126,False
413,104.45677755157998,104.47948818646252,104.405534103007,104.45677755157998,553962,False
414,104.7237015587157,104.75790677950876,104.7080033591209,104.7237015587157,152748,False
415,104.79330386554437,104.82270177635229,104.727399571146,104.79330386554437,945453,False
416,104.63643111141509,104.74275151119566,104.44501658409736,104.63643111141509,162651,False
417,104.96104512507527,105.07274692704468,104.9067448619431,104.96104512507527,398951,False
418,104.98532778609496,105.08981036250314,104.93287571754826,104.98532778609496,128669,False
419,105.23294558894727,105.30962382881668,105.22624994942419,105.23294558894727,785521,False
420,105.24715592630822,105.47327763573757,105.09826880890233,105.24715592630822,500498,False
421,105.68093164265797,105.85223789294156,105.57983485268315,105.68093164265797,388683,False
422,106.05194375381758,106.06393614323865,105.90387277701107,106.05194375381758,904177,False
423,105.99913749007514,106.10127650409504,105.8958635309628,105.99913749007514,794793,False
424,106.20510885569828,106.32776152278336,106.12207272333414,106.20510885569828,333670,False
425,106.34219330165536,106.4350968726968,106.2954346444782,106.34219330165536,920987,False
426,106.63327986495504,106.63652181166717,106.56978793592467,106.63327986495504,494289,False
427,106.42749395811445,106.5261380779978,106.42387443834821,106.42749395811445,919115,False
428,106.57352343334233,106.80843588105401,106.49511502096206,106.57352343334233,125741,False
429,106.7991234870457,106.88139970964997,106.7027201593331,106.7991234870457,253358,False
430,106.4234598158616,106.55437538381415,106.38868091197163,106.4234598158616,103599,False
431,106.17160688631269,106.19205131583543,105.99804884865989,106.17160688631269,228513,False
432,105.73858977205856,105.85963503900153,105.62857829202022,105.73858977205856,913725,False
433,105.68161637456032,105.78100573812097,105.62668573464147,105.68161637456032,377533,False
434,105.83327842537946,105.83694287499698,105.70151234680432,105.83327842537946,602865,False
435,106.15127716975708,106.29670905416872,106.03017353124811,106.15127716975708,374462,False
436,106.16700768090342,106.34036543492441,106.04177933627714,106.16700768090342,365199,False
437,106.51281815917523,106.53788253841158,106.4470930352986,106.51281815917523,745452,False
438,106.21882116785511,106.27619028176628,106.04017381919924,106.21882116785511,706867,False
439,105.85695861844245,105.87010145755511,105.78738930865856,105.85695861844245,761680,False
440,105.84519839751556,105.92032565657183,105.83045747362776,105.84519839751556,204817,False
441,105.92650136479679,105.94989083750896,105.76628427929505,105.92650136479679,104642,False
442,105.91957488423957,106.02657721160978,105.79972025399927,105.91957488423957,585910,False
443,105.48160970757155,105.53448195709211,105.42210597034318,105.48160970757155,633609,False
444,105.46280865712153,105.61326115963709,105.42374179455862,105.46280865712153,442112,False
445,105.18766262245994,105.22226230473144,105.17162149653106,105.18766262245994,843653,False
446,105.32854520272764,105.41705479394217,105.29210354514065,105.32854520272764,552834,False
447,105.40577172259815,105.43215429292654,105.37133791625328,105.40577172259815,727058,False
448,105.20763421418953,105.29275940153394,105.17154141561241,105.20763421418953,621315,False
449,105.09950876884166,105.14114352829476,104.88182878061055,105.09950876884166,519260,False
450,104.87686312717798,104.95735734110453,104.77268532061336,104.87686312717798,253043,False
451,104.86371595296667,104.94380013331529,104.56368654063569,104.86371595296667,880342,False
452,105.06403549895006,105.18248196200412,105.03269793302795,105.06403549895006,471906,False
453,104.85690678630118,104.95277549648385,104.73781546551484,104.85690678630118,738471,False
454,104.96261230328841,105.02306497523797,104.8540244260659,104.96261230328841,741447,False
455,104.85129785365223,104.86841235649626,104.78700576374378,104.85129785365223,912159,False
456,104.68503036266101,104.8546017506158,104.64467747887795,104.68503036266101,173820,False
457,104.66262140969786,104.72156064264452,104.6328668614865,104.66262140969786,733350,False
458,104.44591905918051,104.58421452504001,104.36722904724083,104.44591905918051,838561,False
459,104.33026623811358,104.33996715751567,104.11494056170082,104.33026623811358,651764,False
460,104.08031639920449,104.10590753789884,104.00183337441761,104.08031639920449,622117,False
461,104.4892948261473,104.61188893469513,104.46445132972174,104.4892948261473,555899,False
462,104.49666415350448,104.50761455925024,104.39259091079724,104.49666415350448,766351,False
463,104.3504261906878,104.38069172112199,104.20085822789196,104.3504261906878,840457,False
464,104.39508398045052,104.43283663812359,104.38241800857918,104.39508398045052,220355,False
465,104.37163098808885,104.41415004583664,104.22475524856576,104.37163098808885,170047,False
466,104.32550507308471,104.47900894817748,104.30170913145287,104.32550507308471,241868,False
467,104.45365157544691,104.49164169401298,104.36458551185773,104.45365157544691,103881,False
468,104.61190046826891,104.61709665186675,104.5918894398388,104.61190046826891,639956,False
469,104.50090700176465,104.50704796749726,104.31062424607279,104.50090700176465,331789,False
470,104.38055994493358,104.43327388655655,104.33554062894184,104.38055994493358,265384,False
471,104.32313984460859,104.33143402792169,104.26686773556015,104.32313984460859,128106,False
472,103.84285255744864,103.84963874976376,103.7158736589861,103.84285255744864,848118,False
473,103.52816903331214,103.53642608051048,103.4792460309908,103.52816903331214,902161,False
474,103.8111890137267,103.90038702784774,103.7301156198427,103.8111890137267,753642,False
475,104.15272112218223,104.17418955050256,103.97101993526766,104.15272112218223,694608,False
476,104.10084555982765,104.1799957099492,104.00490069074588,104.10084555982765,941345,False
477,104.22088569456268,104.23962634314772,104.10575014059532,104.22088569456268,421546,False
478,104.28576322812089,104.30263477835301,104.21700677767515,104.28576322812089,221649,False
479,104.92793009811722,104.94545694485322,104.84416108959128,104.92793009811722,466074,False
480,105.16287945421044,105.2067739280286,105.14441579064872,105.16287945421044,792642,False
481,105.1359750897045,105.19470939838922,105.0025899216306,105.1359750897045,592665,False
482,104.93505173778416,104.95332624102836,104.74757508664385,104.93505173778416,567854,False
483,104.59790668232375,104.69323044731289,104.55437196521632,104.59790668232375,793578,False
484,104.64047042311913,104.76799736842354,104.57732188630976,104.64047042311913,684027,False
485,104.48218062753628,104.58851072313398,104.47702706103883,104.48218062753628,348765,False
486,104.18498028956753,104.26522881730742,104.16324068867799,104.18498028956753,366651,False
487,104.05025392316638,104.11782048346043,103.99113423334373,104.05025392316638,277375,False
488,103.82518323435404,103.90940658927474,103.75291881354102,103.82518323435404,202552,False
489,104.17551881316147,104.19234899157307,104.03952783814533,104.17551881316147,703347,False
490,104.35920937133452,104.42442098024733,104.19437343480955,104.35920937133452,255739,False
491,104.3575453342457,104.45985824495973,104.2491641474564,104.3575453342457,759352,False
492,104.66643200937844,104.78045038673048,104.53115803814246,104.66643200937844,862186,False
493,104.6826277388026,104.80951969555646,104.62086449003178,104.6826277388026,230514,False
494,104.50230475195268,104.55383952595555,104.23682802727362,104.50230475195268,566779,False
495,104.8206447049484,104.93121571265597,104.81348016737881,104.8206447049484,974112,False
496,104.9336225013824,104.95323310855842,104.75519029549747,104.9336225013824,125530,False
497,104.7159385085842,104.78675174136349,104.52143087459783,104.7159385085842,341348,False
498,104.6760755219642,104.79062933416112,104.52811432187838,104.6760755219642,115305,False
499,104.49276295712477,104.55422083093168,104.3991870194214,104.49276295712477,209097,False
500,104.20377782811511,104.35156366715628,104.02242492587557,104.20377782811511,878093,False
501,104.39680022689986,104.50998829000262,104.37619568025963,104.39680022689986,842627,False
502,104.79547420203002,105.0172996889526,104.6731559726163,104.79547420203002,579425,False
503,104.5023470978261,104.59019254698454,104.44997352438905,104.5023470978261,592049,False
504,104.62001031098217,104.69847008464441,104.61884952891792,104.62001031098217,152044,False
505,104.48386984640159,104.49904626372555,104.43694536008138,104.48386984640159,230436,False
506,104.38207635600929,104.4155370308292,104.36096759932647,104.38207635600929,189363,False
507,104.25840574034382,104.39096204359204,104.19822274532375,104.25840574034382,420961,False
508,104.07824913990144,104.08848970927384,104.00946441444145,104.07824913990144,727326,False
509,104.08834923206527,104.20891330936561,104.04965584255942,104.08834923206527,670954,False
510,103.91536478024243,104.09010647797085,103.8032992560688,103.91536478024243,519389,False
511,103.97157401965887,103.9840088824838,103.94844261795473,103.97157401965887,905341,False
512,103.96112734902847,104.02718665155874,103.95404522072963,103.96112734902847,557183,False
513,103.91144473236831,104.0864678201117,103.86117457479614,103.91144473236831,506201,False
514,103.72283222974963,103.8265573143303,103.66564628335163,103.72283222974963,122525,False
515,103.60318351783869,103.77904289563081,103.51217293110344,103.60318351783869,212293,False
516,103.75970538943268,103.83035359900913,103.65445414284557,103.75970538943268,201046,False
517,103.86365542905749,103.87779519238937,103.80871960452106,103.86365542905749,137403,False
518,103.66059050684024,103.93225080604489,103.60960207116463,103.66059050684024,268265,False
519,103.68118419771464,103.71040180225398,103.58746551401985,103.68118419771464,600181,False
520,103.83699361119884,103.8472213835334,103.65025171633651,103.83699361119884,497046,False
521,103.49030156017824,103.50624404219437,103.15349455312209,103.49030156017824,231605,False
522,103.60276658050861,103.60715606505636,103.47891437225483,103.60276658050861,867914,False
523,103.46546727125109,103.47235730280416,103.3046930054564,103.46546727125109,252018,False
524,103.58354178699179,103.8645890687659,103.42127722340595,103.58354178699179,385648,False
525,103.42541961351974,103.45191946443066,103.34894587689335,103.42541961351974,734839,False
526,103.05207823629141,103.10189772185713,103.01027120563606,103.05207823629141,417859,False
527,102.71663497500816,102.85407244187729,102.65331817067738,102.71663497500816,783615,False
528,102.72651322283619,102.76439239795826,102.6828407667462,102.72651322283619,661143,False
529,102.77987399685091,102.7933111360944,102.666633766655,102.77987399685091,141721,False
530,102.59398289928792,102.70734329196199,102.5924462698363,102.59398289928792,211597,False
531,102.72501438687877,102.96717157901543,102.62436043487263,102.72501438687877,272922,False
532,102.38365504227744,102.43637735500168,102.31668302654965,102.38365504227744,462803,False
533,102.3701240596575,102.44852012232224,102.29690680209173,102.3701240596575,396867,False
534,102.12218030244163,102.12570574390836,102.11231228352361,102.12218030244163,791099,False
535,101.9890464533844,102.21328903674755,101.97478849493929,101.9890464533844,884717,False
536,101.99871474396585,102.13331588544501,101.98631384217099,101.99871474396585,629827,False
537,101.82319262915085,101.84862907068707,101.65390596287001,101.82319262915085,740648,False
538,101.74487928263741,101.77731521349507,101.72036277722286,101.74487928263741,463284,False
539,101.94964956343044,101.97239363564597,101.82548231811235,101.94964956343044,252383,False
540,101.83202171556269,101.96058361395347,101.78314265121216,101.83202171556269,858603,False
541,102.00222215016937,102.19214520145933,101.8575419385702,102.00222215016937,955612,False
542,101.77175693106265,101.78318805341307,101.7373137266337,101.77175693106265,479129,False
543,101.87959513509436,101.99636731224763,101.80867305660364,101.87959513509436,448125,False
544,102.17332798995854,102.1833395913179,102.16727237884608,102.17332798995854,922366,False
545,101.66825570158638,101.76496960148906,101.36432932751822,101.66825570158638,493399,False
546,101.50621780038526,101.5675164019925,101.39559190007581,101.50621780038526,895907,False
547,101.62337061844148,101.66330270912262,101.56418751022329,101.62337061844148,577982,False
548,101.58210230540506,101.65534808327138,101.52965902986281,101.58210230540506,294202,False
549,101.65750586156312,101.67304025859212,101.52586169008738,101.65750586156312,421721,False
550,101.5347066062454,101.6878460638174,101.51233165182859,101.5347066062454,882328,False
551,101.55229034357771,101.6129541036886,101.50118311493522,101.55229034357771,388152,False
552,101.52067158396088,101.57018057334369,101.51715231204027,101.52067158396088,832228,False
553,101.75777962228769,101.80456587363408,101.6836166559721,101.75777962228769,541157,False
554,101.8095582224956,101.82735660651905,101.74923042837297,101.8095582224956,667044,False
555,101.87830057825681,102.01371570079586,101.87472021011082,101.87830057825681,825618,False
556,101.79437792754504,101.80060656650511,101.74237883287881,101.79437792754504,705018,False
557,101.69510678303892,101.70516355781646,101.58908540450531,101.69510678303892,521128,False
558,101.60712868083854,101.7062645560346,101.56006810995929,101.60712868083854,706990,False
559,101.68728698001668,101.78614251992103,101.54681284143527,101.68728698001668,281731,False
560,101.60166944058606,101.70147473995803,101.57922586995268,101.60166944058606,933272,False
561,101.66055265903123,101.6704981934564,101.54353885094355,101.66055265903123,312584,False
562,102.0825254433898,102.19562692720076,101.98405991288573,102.0825254433898,400767,False
563,102.26037866279465,102.39421482857328,102.19371409572203,102.26037866279465,949735,False
564,102.19370008308972,102.39138240415498,102.18911432110296,102.19370008308972,932494,False
565,102.43921307368424,102.45559474522138,102.40085106580835,102.43921307368424,156690,False
566,102.35560723351009,102.4514636810547,102.31374973811359,102.35560723351009,832942,False
567,101.93838028467879,102.11250320909798,101.90115416026569,101.93838028467879,198980,False
568,101.73285491323463,102.00119514457724,101.68165849946382,101.73285491323463,516850,False
569,101.35221290708549,101.44274522683787,101.24604508191631,101.35221290708549,617926,False
570,101.28095956813695,101.30683079813889,100.9920107124987,101.28095956813695,615717,False
571,101.28469043037298,101.31570034450623,101.25342613449122,101.28469043037298,407410,False
572,101.62428529877243,101.69893830854303,101.46727732314423,101.62428529877243,261080,False
573,101.6907328201792,101.75959592215469,101.63813531732988,101.6907328201792,974075,False
574,101.64617183350748,101.6647252361074,101.517401661206,101.64617183350748,682992,False
575,101.81478363795678,101.8158912563694,101.60766703045992,101.81478363795678,866441,False
576,101.364531111795,101.42140341368955,101.23861110092315,101.364531111795,556082,False
577,101.41229703020659,101.58892718827013,101.36016622747547,101.41229703020659,479518,False
578,101.568647450232,101.60635732062472,101.41115199817988,101.568647450232,894814,False
579,101.26829143998725,101.43506652915084,101.15272039817795,101.26829143998725,540990,False
580,101.49994347555352,101.56130956436657,101.46058567652683,101.49994347555352,567786,False
581,101.56865820800824,101.63729972624431,101.52788203380018,101.56865820800824,829422,False
582,101.48429773563844,101.64378823328991,101.33689195584785,101.48429773563844,976041,False
583,101.61273258224172,101.69339140003426,101.55972210779142,101.61273258224172,670986,False
584,102.07419519451467,102.08944060857661,101.80107683736998,102.07419519451467,363254,False
585,102.11132289775094,102.13227903938987,102.06105967485195,102.11132289775094,575197,False
586,102.1620151626261,102.28186720079815,102.06035527704864,102.1620151626261,231458,False
587,102.06815669225821,102.24216948783938,102.02247127208156,102.06815669225821,315192,False
588,101.89467259572508,101.90220595285365,101.82824909427964,101.89467259572508,342282,False
589,102.06388618806764,102.12316163801668,102.01823789497212,102.06388618806764,934233,False
590,101.88913570371763,101.91543132418747,101.88832250570435,101.88913570371763,982517,False
591,101.90371934782932,101.91999186235914,101.8049705114188,101.90371934782932,302929,False
592,101.80636920703023,101.85015263316208,101.63328046017261,101.80636920703023,131566,False
593,101.90389560099554,101.99020274889153,101.88306498022271,101.90389560099554,341300,False
594,101.97189853768188,101.98683835905686,101.89132338927047,101.97189853768188,123798,False
595,102.18349837353121,102.21624435796336,102.0896907064445,102.18349837353121,506781,False
596,102.07926785380552,102.08179569764381,102.0091325503706,102.07926785380552,123027,False
597,102.02417058219184,102.05878095240733,101.95037158012013,102.02417058219184,600252,False
598,101.82445546959457,101.99170757040801,101.6569153604396,101.82445546959457,590847,False
599,101.73397563104244,101.84506365622282,101.61938781862561,101.73397563104244,892063,False
600,101.81074418937246,101.90272397229194,101.7947170062297,101.81074418937246,845225,False
601,101.96488333817955,102.16762358187233,101.9647540616466,101.96488333817955,339628,False
602,101.77682637878299,102.00892836075529,101.71566477754494,101.77682637878299,681166,False
603,101.9538378402801,102.07373760614071,101.93995430957291,101.9538378402801,669494,False
604,102.2302628051336,102.26455082713875,102.15817275111161,102.2302628051336,727761,False
605,102.31479392275234,102.57176157903496,102.08659914810998,102.31479392275234,158334,False
606,102.69884187634626,102.70300637760394,102.50568553316924,102.69884187634626,434467,False
607,102.53990736713753,102.56494873046272,102.53364950183293,102.53990736713753,677907,False
608,102.28465381117428,102.44024206168517,102.1187005064833,102.28465381117428,727824,False
609,101.92078224140208,101.93609977629437,101.8276477082017,101.92078224140208,520091,False
610,102.22573825439164,102.42323228546486,102.00806622460082,102.22573825439164,779874,False
611,102.35952427900986,102.49122268485716,102.24792833484976,102.35952427900986,623604,False
612,102.34814503806666,102.41057583258085,102.3335861752608,102.34814503806666,253652,False
613,102.40545357721204,102.44603853449054,102.25033854027951,102.40545357721204,359201,False
614,102.1749411444425,102.29049081526833,102.13298049284772,102.1749411444425,841187,False
615,102.67473027358501,102.76212321942897,102.65082137306021,102.67473027358501,631022,False
616,102.7012657735949,102.89744695657708,102.58468910248072,102.7012657735949,838360,False
617,102.72373574134484,102.73244873519025,102.63904153068427,102.72373574134484,925440,False
618,102.87284265911136,103.02819203748568,102.79600408403336,102.87284265911136,411493,False
619,102.97180823313941,103.00840770106713,102.89909689309745,102.97180823313941,238886,False
620,103.01791571876848,103.15866281188848,102.98170112247907,103.01791571876848,536370,False
621,102.85504965711067,102.96543877753737,102.8266605256519,102.85504965711067,238923,False
622,102.95203545968062,103.00833046550792,102.91712665093537,102.95203545968062,232672,False
623,103.33955196507478,103.418039043179,103.27017761989553,103.33955196507478,156614,False
624,103.61762217462375,103.69234960355377,103.60362828671514,103.61762217462375,303474,False
625,103.94778659448933,104.12627138347551,103.91510387368577,103.94778659448933,890124,False
626,103.84150711841447,103.84486433851345,103.67582101085797,103.84150711841447,226745,False
627,103.63598300643987,103.93699002928633,103.63241981249263,103.63598300643987,289099,False
628,103.60991090421211,103.67118741243664,103.59781299680515,103.60991090421211,873131,False
629,103.62145821060686,103.6289066179836,103.45777491054359,103.62145821060686,906805,False
630,103.84822165201813,103.89717984376948,103.78681604831843,103.84822165201813,853996,False
631,103.49670276800848,103.6061004680657,103.43490772663054,103.49670276800848,621435,False
632,103.81330959757231,103.83394712171786,103.69533096824799,103.81330959757231,556021,False
633,103.78050295178423,103.94982828731995,103.65158898317164,103.78050295178423,474557,False
634,103.69189908750475,103.7563898297719,103.658211287758,103.69189908750475,638795,False
635,103.48200503801375,103.56035404219038,103.41754275773073,103.48200503801375,425075,False
636,103.13950926510334,103.16402666533716,102.95279296578713,103.13950926510334,699787,False
637,103.30931208524594,103.54292450564402,103.24123792702734,103.30931208524594,827002,False
638,103.32446094275339,103.41767928368289,103.21237170128602,103.32446094275339,828229,False
639,103.05789191354745,103.09715659996958,103.02216198682264,103.05789191354745,983881,False
640,102.79095573732572,102.84710772374622,102.72053201098733,102.79095573732572,458963,False
641,102.7219244770017,102.79900300590606,102.6549794610107,102.7219244770017,925855,False
642,103.06481468314423,103.19326065278665,103.05599150544607,103.06481468314423,203612,False
643,103.01130521410096,103.20574233906308,102.97246646635641,103.01130521410096,186120,False
644,102.70162377905281,102.76287682666262,102.60446497974316,102.70162377905281,977350,False
645,102.65114735562469,102.85140453145854,102.60326615898927,102.65114735562469,690888,False
646,102.59515658093365,102.62297084962911,102.58279302361716,102.59515658093365,666136,False
647,102.04178156610641,102.13765792326598,102.01818361358278,102.04178156610641,631108,False
648,102.03070087628767,102.12253404047307,102.0220208006345,102.03070087628767,894944,False
649,101.98357605234021,102.14404208561415,101.95530588734482,101.98357605234021,267797,False
650,102.12557928184835,102.25028252521636,102.07607995520725,102.12557928184835,413678,False
651,102.50323070637435,102.51318695886509,102.46160505370177,102.50323070637435,840511,False
652,102.73418381663329,102.93904901579334,102.57097123821977,102.73418381663329,487335,False
653,102.67893569630994,102.782291328949,102.48651844341212,102.67893569630994,795136,False
654,102.45170189104996,102.51177554124973,102.43280809965526,102.45170189104996,685233,False
655,102.9789920738919,103.1150196305152,102.93293803409364,102.9789920738919,869708,False
656,102.99118858318592,103.20990922131412,102.81310660372398,102.99118858318592,445564,False
657,102.99405777184639,103.02389038157364,102.98308530329493,102.99405777184639,278527,False
658,102.98908829061526,102.99381254890248,102.97942023578487,102.98908829061526,445632,False
659,103.02988942844675,103.11015278957015,102.97841429518007,103.02988942844675,613796,False
660,103.00014255389002,103.11451656435852,102.97472115893376,103.00014255389002,283505,False
661,102.88196801691718,102.96015036426272,102.74666855703003,102.88196801691718,371855,False
662,102.76944416871227,102.92660991074456,102.63742749456871,102.76944416871227,814622,False
663,102.76271209796265,102.78965799499935,102.747938453333,102.76271209796265,186009,False
664,102.65102449135681,102.71363507685622,102.64232887863832,102.65102449135681,839145,False
665,102.5046757915645,102.51954723650609,102.48850719524735,102.5046757915645,633885,False
666,102.52649498353244,102.5939356190013,102.49481358578947,102.52649498353244,160067,False
667,102.47421114272682,102.55867895005787,102.44671749868175,102.47421114272682,842880,False
668,102.78245213286523,102.85267931114363,102.76451216916047,102.78245213286523,672310,False
669,102.23750577799157,102.25172193586424,102.07662181562976,102.23750577799157,613959,False
670,102.46069165415186,102.58416658831375,102.45235659129885,102.46069165415186,312996,False
671,102.71604115551845,102.76148509348974,102.6670647506684,102.71604115551845,999105,False
672,102.29010028263149,102.32499906470211,102.239994301261,102.29010028263149,599479,False
673,102.2199931859033,102.2779019359756,102.21023397285494,102.2199931859033,511998,False
674,102.1440558203212,102.25847590001146,102.03052215267027,102.1440558203212,676070,False
675,101.85651791409518,101.93947239837081,101.72916532623424,101.85651791409518,565360,False
676,101.69806651534822,101.92034916559953,101.67662702952748,101.69806651534822,810373,False
677,101.47217968294318,101.51096511397466,101.39814933352022,101.47217968294318,997148,False
678,101.82779308551956,101.89708648566763,101.64686284970355,101.82779308551956,601525,False
679,102.01834921714358,102.09438588858416,101.90492743037044,102.01834921714358,958468,False
680,102.27779312060348,102.34731473503318,102.17895399957254,102.27779312060348,397486,False
681,102.42541517273776,102.59439495174618,102.34607844367288,102.42541517273776,185745,False
682,102.19412797990087,102.26755247008829,102.17582357970008,102.19412797990087,334648,False
683,102.08692219746038,102.14667028382753,101.99794301166996,102.08692219746038,419540,False
684,102.18683968297536,102.31358756409001,102.12677774267296,102.18683968297536,214836,False
685,101.93706892601666,101.96700262131799,101.80331888645519,101.93706892601666,206998,False
686,102.08243086625791,102.08929382338835,101.98687125413318,102.08243086625791,150021,False
687,102.03336486457214,102.14939504151984,101.91928539698323,102.03336486457214,562273,False
688,101.95687640814106,102.04790652504835,101.83824694587346,101.95687640814106,620410,False
689,102.10185092335958,102.25836625783344,102.0936185727791,102.10185092335958,230672,False
690,102.19257113615971,102.19591362586891,102.11085676818266,102.19257113615971,480703,False
691,102.11879501500329,102.12917900505698,102.10211820342217,102.11879501500329,953268,False
692,102.35557374009235,102.36638799797073,102.23419751209734,102.35557374009235,844875,False
693,102.13426802580064,102.27670706899578,102.01583102345339,102.13426802580064,524018,False
694,102.2600842905332,102.3669679993258,102.23396190788807,102.2600842905332,833121,False
695,102.38138545979854,102.42196898234425,102.25684262238111,102.38138545979854,701305,False
696,102.31800187315632,102.33529005548812,102.07319498816734,102.31800187315632,579969,False
697,102.38474043151766,102.56096257162694,102.38002444661247,102.38474043151766,865709,False
698,102.12855055398055,102.22211475917132,102.08835823875604,102.12855055398055,811182,False
699,102.31728963426917,102.42438256572498,102.24723695284227,102.31728963426917,544819,False
700,102.2794522633723,102.35720648338017,102.17002210322924,102.2794522633723,464833,False
701,102.17252461492401,102.2682671032862,102.09790967341999,102.17252461492401,180291,False
702,102.38688445682021,102.44719956936918,102.36220919172156,102.38688445682021,976882,False
703,102.24265334469722,102.29026726169695,102.23850591766822,102.24265334469722,790952,False
704,101.95464370455016,102.13694528501716,101.91970276524341,101.95464370455016,680294,False
705,101.6372325590167,101.73195180682387,101.61589152285177,101.6372325590167,728556,False
706,101.76041890773269,101.87201470199844,101.61188382081336,101.76041890773269,412282,False
707,101.49982485314912,101.60984264140714,101.41552800033556,101.49982485314912,686686,False
708,101.85604745739859,102.01943385223876,101.81509302758661,101.85604745739859,321163,False
709,101.43193325625387,101.47474854693563,101.4242741337563,101.43193325625387,775234,False
710,101.77608295449497,101.9345362894417,101.67421194710529,101.77608295449497,943660,False
711,101.81903601698869,101.83944814843903,101.79629958803514,101.81903601698869,949102,False
712,101.799341545347,101.97922203700838,101.69922373595874,101.799341545347,225613,False
713,101.68839673688173,101.77592244934215,101.58323974989783,101.68839673688173,202071,False
714,101.76957175997822,101.9531527838346,101.70932042574839,101.76957175997822,605096,False
715,101.76191162488004,101.77923171079895,101.65363760050167,101.76191162488004,210572,False
716,101.98645984210671,102.08388993468827,101.81705075456709,101.98645984210671,872054,False
717,102.00975918911298,102.04283675081149,101.86568257697145,102.00975918911298,238997,False
718,102.04042368209784,102.27289657027086,102.0339400284238,102.04042368209784,889539,False
719,101.96621739371726,102.16667573691505,101.82532350878401,101.96621739371726,186388,False
720,101.95460433402134,101.96305236110459,101.7955043617713,101.95460433402134,720007,False
721,102.01736794914275,102.01914870976415,101.9914233382934,102.01736794914275,742306,False
722,101.66843419280546,101.80508702152088,101.59708832415991,101.66843419280546,914049,False
723,101.39429839107136,101.51128031791762,101.22018520368951,101.39429839107136,174258,False
724,101.54502387373677,101.63084247869953,101.38464714608959,101.54502387373677,936507,False
725,101.57972494372456,101.69142681338919,101.53198424319736,101.57972494372456,751286,False
726,101.54234699032268,101.55331302056273,101.5225533839001,101.54234699032268,909063,False
727,101.54609063997815,101.60731936838172,101.4033459750859,101.54609063997815,747408,False
728,101.61668176669305,101.64898656179065,101.56747685836142,101.61668176669305,817804,False
729,101.50698459136407,101.5729063196901,101.46826936756644,101.50698459136407,983590,False
730,101.34897785982648,101.40794056273434,101.31047036051804,101.34897785982648,609800,False
731,101.38867529267216,101.43025744937421,101.35921503008633,101.38867529267216,501099,False
732,101.19028345294257,101.21906962252352,101.11544866380014,101.19028345294257,670509,False
733,101.27290587708494,101.37773639038356,101.26886082317543,101.27290587708494,248269,False
734,100.92805469888523,100.9730246653163,100.82347327559222,100.92805469888523,468066,False
735,101.13579605180057,101.32380524077064,101.05241446267821,101.13579605180057,133550,False
736,101.2313890969924,101.33081644016468,101.22301726074575,101.2313890969924,376786,False
737,101.28322558830185,101.45727139949342,101.27115016093055,101.28322558830185,730381,False
738,101.48228581352294,101.7352144911769,101.38894763550147,101.48228581352294,517799,False
739,101.82031812069906,101.83016171410823,101.74767193865844,101.82031812069906,361188,False
740,102.02688508612358,102.05993491017391,101.87317007213528,102.02688508612358,718173,False
741,101.65124775880741,101.66395210433842,101.49752078096961,101.65124775880741,703826,False
742,101.39110656826318,101.47272229461008,101.31036127899114,101.39110656826318,424158,False
743,101.26440447426923,101.3045253706022,101.19760517707346,101.26440447426923,905955,False
744,101.26968866359263,101.45282035649635,101.22687195521897,101.26968866359263,472429,False
745,101.37453499926625,101.41543322364139,101.35380228458135,101.37453499926625,825903,False
746,101.22739111609219,101.30550942960609,101.17725358700685,101.22739111609219,730167,False
747,101.2652029407226,101.31587463968737,101.21585059815159,101.2652029407226,190629,False
748,101.11221492883716,101.15655281400818,101.00852802537827,101.11221492883716,607704,False
749,100.98855108977929,100.99650673837466,100.97927068371708,100.98855108977929,438974,False
750,100.70443775768916,100.81057227051342,100.686797992162,100.70443775768916,407682,False
751,100.51849038775156,100.61594341658481,100.4770099225855,100.51849038775156,409454,False
752,100.24675179567771,100.25484227516404,100.2179110450754,100.24675179567771,215266,False
753,100.0510955481272,100.14001827217787,100.03137073667786,100.0510955481272,288362,False
754,100.26193158025902,100.29814616425382,100.1109282035218,100.26193158025902,546850,False
755,100.07155444739013,100.11414432589802,99.96441989591011,100.07155444739013,899131,False
756,100.59840757764555,100.70987492472668,100.58985225256482,100.59840757764555,331241,False
757,100.69766156816188,100.73856923279277,100.68964173552857,100.69766156816188,351249,False
758,100.73488669902068,100.79702308754004,100.57366100990386,100.73488669902068,166912,False
759,100.56195355155312,100.61986762679003,100.47062096024389,100.56195355155312,769615,False
760,100.70280261068275,100.71785078012235,100.65784392513861,100.70280261068275,179183,False
761,100.58686592590102,100.69974486570659,100.5866339939759,100.58686592590102,160282,False
762,100.61141109563579,100.64861452292962,100.6102394205346,100.61141109563579,158249,False
763,101.12655853147449,101.18959584053049,101.10227657866636,101.12655853147449,662464,False
764,101.10713011733041,101.14134315515884,101.06598894605361,101.10713011733041,632451,False
765,101.3395295728127,101.43100873213054,101.16609692397145,101.3395295728127,940642,False
766,101.19701043655479,101.29283676664978,100.94672330296507,101.19701043655479,223844,False
767,101.18992897527883,101.33130671794609,101.16055750499575,101.18992897527883,466731,False
768,101.5483033563775,101.67240201156287,101.32964182460358,101.5483033563775,855640,False
769,101.42096847442014,101.45351208094517,101.32444162819871,101.42096847442014,434123,False
770,101.78860905054435,101.80535948274624,101.60421930263922,101.78860905054435,703148,False
771,101.93269122067004,102.01049992497538,101.85943702421912,101.93269122067004,252215,False
772,101.8180237162918,101.87008598467389,101.77464450494925,101.8180237162918,891352,False
773,101.94680472863884,102.08243289056118,101.92979613666351,101.94680472863884,707199,False
774,102.14510236576697,102.28004235226258,102.02364958581218,102.14510236576697,924428,False
775,102.27213205025242,102.30816154507824,102.10054091490252,102.27213205025242,504964,False
776,101.95095159045002,102.03982944166452,101.86702452195321,101.95095159045002,456215,False
777,101.80268693642574,101.85781400767142,101.72844103388766,101.80268693642574,147252,False
778,101.75229081209378,101.75958104685468,101.61994142735794,101.75229081209378,556395,False
779,101.73714326824592,101.84719454324495,101.71523430824492,101.73714326824592,152756,False
780,101.86343408046815,101.90992317268781,101.76228805726552,101.86343408046815,936667,False
781,101.89963654885736,101.93763905234354,101.87419280343462,101.89963654885736,452690,False
782,101.62749433921711,101.81533758232987,101.59004970159407,101.62749433921711,493236,False
783,101.7047714491189,101.71537910538105,101.70368968987742,101.7047714491189,311325,False
784,101.82897041646726,101.89360451134361,101.69292661745719,101.82897041646726,470565,False
785,101.94297618639085,102.0221497939687,101.78760011454129,101.94297618639085,428779,False
786,102.1633321939267,102.16906705932416,102.09036341488022,102.1633321939267,909657,False
787,102.33372472612481,102.47592758439528,102.29051841182,102.33372472612481,299245,False
788,102.42770394177977,102.5343223812824,102.35534032988356,102.42770394177977,993317,False
789,102.41333011633947,102.48983690090012,102.29881326987352,102.41333011633947,599264,False
790,102.07312103555044,102.07756995361026,101.95077184344407,102.07312103555044,185333,False
791,102.16082598051163,102.16778712865772,101.99522243523806,102.16082598051163,795585,False
792,102.20326107184475,102.22677816214981,102.13194064291376,102.20326107184475,372951,False
793,102.25877355744369,102.48283010487765,102.20380074326289,102.25877355744369,106402,False
794,101.99765607043449,102.03183543182243,101.94125119609728,101.99765607043449,104521,False
795,101.77712560403198,101.89160828678345,101.54818431248681,101.77712560403198,818525,False
796,101.99149934449979,102.12056403041232,101.89893047941999,101.99149934449979,875173,False
797,101.98343076560249,102.0845259596071,101.86429694431024,101.98343076560249,108382,False
798,102.1224343239769,102.21644805755702,102.08441673456277,102.1224343239769,616243,False
799,102.12821820699,102.20598167109927,101.96070384048846,102.12821820699,997428,False
800,102.13429609000484,102.17254867868036,102.07834536641438,102.13429609000484,595873,False
801,102.32595800211686,102.3589053608765,102.29909457175349,102.32595800211686,639353,False
802,102.22034845974329,102.23147041286309,102.04612750091806,102.22034845974329,447614,False
803,102.23999945836955,102.34237916431836,102.02796330954455,102.23999945836955,114425,False
804,102.14547340783592,102.17249952052502,101.96557045085504,102.14547340783592,899543,False
805,102.05670976214594,102.0695823546011,102.0302634339194,102.05670976214594,271871,False
806,101.99360358280317,102.09226314124686,101.94417062254635,101.99360358280317,677545,False
807,102.0389160304959,102.12081872869487,101.97565642315509,102.0389160304959,816537,False
808,101.94121404968463,101.94908568961758,101.88151504883383,101.94121404968463,443190,False
809,102.19724065766721,102.2990067515061,102.05169927683703,102.19724065766721,924283,False
810,102.01438786214914,102.06838471133659,101.96782817083336,102.01438786214914,633104,False
811,101.9762606693733,102.02381260532839,101.7906232835011,101.9762606693733,571069,False
812,101.88657641132733,102.04072639653458,101.7655717216328,101.88657641132733,102175,False
813,102.18143165688674,102.21319559186443,102.00850698319245,102.18143165688674,373485,False
814,102.22160015381264,102.38297485907431,101.98382619897029,102.22160015381264,950340,False
815,102.43255375368155,102.454320811143,102.38449960463538,102.43255375368155,781014,False
816,102.12821426815064,102.24861816287897,102.08695330219598,102.12821426815064,554111,False
817,102.18276100169676,102.24373944782752,102.1649316930586,102.18276100169676,683984,False
818,102.36457086363464,102.57172133467033,102.26204963153667,102.36457086363464,288961,False
819,102.3814167941369,102.40193930314977,102.33368547373118,102.3814167941369,318216,False
820,102.59958757486798,102.6323342764725,102.59053301118887,102.59958757486798,445259,False
821,102.4934404115929,102.62398809010536,102.18810681917766,102.4934404115929,392338,False
822,102.78233814735269,102.8167724194644,102.77089920208981,102.78233814735269,528053,False
823,103.25491039596899,103.30568474348419,103.07253745745598,103.25491039596899,562110,False
824,103.17998066987619,103.23007806259758,103.1281855930903,103.17998066987619,184358,False
825,103.08804678678315,103.10083435575521,103.03096600819869,103.08804678678315,272648,False
826,103.38769992073574,103.45240868280162,103.31318489154697,103.38769992073574,464692,False
827,103.71431658274766,103.72424575932959,103.71356231052748,103.71431658274766,775087,False
828,103.60586044197838,103.66733237769013,103.48915122462425,103.60586044197838,658867,False
829,103.51879280851519,103.57453368889274,103.42936644652555,103.51879280851519,196554,False
830,103.46045280343266,103.56318176696597,103.41668276208723,103.46045280343266,771915,False
831,103.18225788614583,103.29520857723146,103.15199003715347,103.18225788614583,939726,False
832,102.99268072204634,103.16865960338669,102.80461637421816,102.99268072204634,674065,False
833,102.78584242326616,102.86263093487247,102.7359959739708,102.78584242326616,499122,False
834,102.62800498418663,102.77153958878024,102.58064030782265,102.62800498418663,140751,False
835,102.62088570259542,102.78070509097006,102.45382938374583,102.62088570259542,300671,False
836,102.6689563491904,102.72238319255229,102.56009762100159,102.6689563491904,208750,False
837,102.98733288402263,103.09623146918896,102.81002138755801,102.98733288402263,174180,False
838,102.78169724416328,102.84644774416552,102.69963772750393,102.78169724416328,863274,False
839,102.98403789766502,103.0735570151572,102.97570391920938,102.98403789766502,304750,False
840,102.93996302717822,102.97526784870199,102.92754301771348,102.93996302717822,918076,False
841,102.92977944229261,102.9692100042255,102.89887326110292,102.92977944229261,133521,False
842,103.06869748527676,103.15164298292186,102.93457907218136,103.06869748527676,635852,False
843,102.83726249247584,102.95515516173924,102.70889377039086,102.83726249247584,729443,False
844,102.91591443537187,102.96384992236395,102.8298231985695,102.91591443537187,520515,False
845,102.95017559780796,103.14240665752239,102.94894670419221,102.95017559780796,541174,False
846,103.05157148601394,103.17968873749523,103.01987728113241,103.05157148601394,287150,False
847,103.1111700523723,103.18408884735769,103.06545077088339,103.1111700523723,506637,False
848,103.61750779288424,103.71896854738715,103.60701027382306,103.61750779288424,450891,False
849,103.48534573730825,103.55134035995754,103.40328894171671,103.48534573730825,897634,False
850,103.37544493036062,103.42195356675008,103.1210383505422,103.37544493036062,471551,False
851,103.24661007201402,103.33938931770282,103.17012948704435,103.24661007201402,759045,False
852,103.1319078129623,103.27302970922668,103.11880298856866,103.1319078129623,190197,False
853,103.0004379120532,103.02098498525284,102.94753572300858,103.0004379120532,142637,False
854,103.24537635883071,103.25373388684993,103.14700832614034,103.24537635883071,773726,False
855,103.53869735023677,103.54686684659073,103.45715359893043,103.53869735023677,596464,False
856,103.42050869469217,103.46822404383889,103.33034930751396,103.42050869469217,124276,False
857,103.24834342112158,103.30208292886535,103.07351035435886,103.24834342112158,967378,False
858,103.34568917164127,103.43021850549522,103.34251902442978,103.34568917164127,961646,False
859,103.23154942946591,103.28666010099762,103.15274771016558,103.23154942946591,255647,False
860,103.36222649392613,103.42981297766087,103.36163880751758,103.36222649392613,534617,False
861,103.40417564441027,103.49351133423794,103.31626280466561,103.40417564441027,403374,False
862,103.09070710301197,103.09191568724752,103.02666154206283,103.09070710301197,834784,False
863,103.40977391391338,103.45742848198398,103.30902567355476,103.40977391391338,486230,False
864,103.78119652221709,103.8199515027828,103.65151611550938,103.78119652221709,229526,False
865,103.65400463518958,103.65440687664896,103.55562152358584,103.65400463518958,607723,False
866,103.57363099660823,103.74164554306721,103.5550852290108,103.57363099660823,561833,False
867,103.63284722959553,103.76099135270843,103.62361346345166,103.63284722959553,778381,False
868,103.70216864843877,103.77222050014187,103.57674144647946,103.70216864843877,508873,False
869,103.83875358689315,103.88775118393889,103.76578342886714,103.83875358689315,397203,False
870,104.25622785441357,104.3482824961816,104.2196284469703,104.25622785441357,101532,False
871,104.21933215347791,104.3722087081316,104.01256134416562,104.21933215347791,619518,False
872,104.05293614210639,104.10904985642455,104.04820154045416,104.05293614210639,202666,False
873,103.76589171100204,103.81857710996304,103.68446916970711,103.76589171100204,806165,False
874,103.61420049625619,103.80686212141619,103.54052610552444,103.61420049625619,181551,False
875,103.60733564663784,103.63107693963214,103.50466510914185,103.60733564663784,268828,False
876,103.97919436444344,103.98384697429775,103.94778942202142,103.97919436444344,696168,False
877,103.87155275270801,103.97861450532092,103.80226611886738,103.87155275270801,206734,False
878,103.91804315675617,104.02649352406765,103.75631542352285,103.91804315675617,830002,False
879,103.91462988631048,104.0048807677048,103.85195403011741,103.91462988631048,938600,False
880,104.16161278064996,104.36532111630342,104.03718782739008,104.16161278064996,213123,False
881,104.6880314943834,104.72093313734463,104.60086079049168,104.6880314943834,830548,False
882,104.57688028074567,104.59648185487293,104.51884017617897,104.57688028074567,499605,False
883,104.47451218077586,104.52645218894641,104.3845216960084,104.47451218077586,187897,False
884,104.69268857731593,104.72350016005998,104.60418228050045,104.69268857731593,791207,False
885,104.83546668404986,104.86621230189967,104.60504740225197,104.83546668404986,728887,False
886,105.22266753269463,105.30082428321214,105.12980217194358,105.22266753269463,965671,False
887,105.34555249530968,105.35073601438944,105.34054885067611,105.34555249530968,380786,False
888,105.26985284768736,105.32133863557047,105.24772025904593,105.26985284768736,469006,False
889,105.39420914190887,105.41011016346371,105.21589954720925,105.39420914190887,348751,False
890,105.62791101600556,105.66808203331352,105.46469078438318,105.62791101600556,136509,False
891,105.80124265365701,105.89941788022381,105.6318826733962,105.80124265365701,965849,False
892,105.90858309937117,105.97114060529324,105.70650444549977,105.90858309937117,935669,False
893,106.13452310937588,106.19537425979068,106.1318727963527,106.13452310937588,770774,False
894,106.38272836910757,106.41214210367299,106.31111308695482,106.38272836910757,949608,False
895,106.67680405812051,106.82173333669945,106.54964249760465,106.67680405812051,228633,False
896,106.81520865325845,106.85304033093155,106.81348669623252,106.81520865325845,966297,False
897,106.7795071480209,106.90161586352912,106.75487340206877,106.7795071480209,741469,False
898,106.81083917827935,106.86869280873597,106.72122825519686,106.81083917827935,686347,False
899,107.06857564865709,107.21275884276739,107.00175578392187,107.06857564865709,411294,False
900,106.89363937127872,107.0284548961414,106.8121819790642,106.89363937127872,974799,False
901,106.97245703472768,107.18349344842441,106.92843880560596,106.97245703472768,665379,False
902,106.88830419632413,106.93268171928842,106.83043015472326,106.88830419632413,304196,False
903,106.89444916707998,107.00496635347636,106.7792270137982,106.89444916707998,100903,False
904,107.16776798236006,107.32499077495788,107.09910720162713,107.16776798236006,341024,False
905,107.20872730352647,107.31300040315413,107.16592077313125,107.20872730352647,940667,False
906,107.21868410998286,107.23053559124133,107.21796012598755,107.21868410998286,289637,False
907,106.92708013795337,107.05728504500115,106.89756992196288,106.92708013795337,941774,False
908,107.08666956766902,107.11393380909719,106.86797097713026,107.08666956766902,273795,False
909,107.22491507010304,107.3418422021165,107.16356893862306,107.22491507010304,135572,False
910,107.6888246780659,107.81803785867427,107.62464953171444,107.6888246780659,904042,False
911,107.62253612529875,107.73994118296206,107.5938425566456,107.62253612529875,920484,False
912,107.66970715341053,107.75522932368213,107.56420529013815,107.66970715341053,198993,False
913,107.72340928979848,107.74300330738302,107.6665082752842,107.72340928979848,449207,False
914,108.06326658038147,108.07819991200319,107.98650573113066,108.06326658038147,522227,False
915,108.04267068734096,108.05640212735094,108.00029303762854,108.04267068734096,596027,False
916,108.10296314898793,108.11236488721354,107.92445473410132,108.10296314898793,721828,False
917,108.23439397696448,108.39929181584215,108.17026144891405,108.23439397696448,153533,False
918,108.2747890276753,108.42274085619461,108.26209493586343,108.2747890276753,779424,False
919,108.17811401681465,108.36443387285021,108.09878178808479,108.17811401681465,883185,False
920,108.22010659557719,108.429327453213,108.14176517418151,108.22010659557719,280653,False
921,108.45248368040563,108.56843503124215,108.3547278961167,108.45248368040563,220388,False
922,108.22982741289151,108.31353641915102,108.18581372761575,108.22982741289151,915134,False
923,108.25860998265964,108.27292030610784,108.21198849316643,108.25860998265964,223482,False
924,108.10702177016914,108.11942349680427,108.01984984493872,108.10702177016914,895063,False
925,108.36540763402824,108.46146003746037,108.27906155348924,108.36540763402824,354936,False
926,108.03528609434883,108.12727568131098,107.82947638050274,108.03528609434883,187388,False
927,107.9145195310001,107.92827463597327,107.86104873429306,107.9145195310001,749086,False
928,107.99593280751806,108.02160722892388,107.63441095823002,107.99593280751806,694331,False
929,108.33407326325757,108.3593011605712,108.28971884823521,108.33407326325757,784341,False
930,108.31982727605725,108.39790118379233,108.29484244943883,108.31982727605725,922196,False
931,108.19954904238695,108.30330983947974,108.12223714383815,108.19954904238695,857131,False
932,108.60662973556968,108.70143445530789,108.57365629889223,108.60662973556968,884147,False
933,108.29210191650076,108.44910960162805,108.23835897930854,108.29210191650076,543729,False
934,107.81587527900294,107.96963391044589,107.6310611484361,107.81587527900294,753302,False
935,107.91075636513877,107.9407878184721,107.79920515301838,107.91075636513877,213076,False
936,107.80240226296635,107.8352736099618,107.77279488852223,107.80240226296635,723295,False
937,107.5822195610534,107.65744433891224,107.46604046344778,107.5822195610534,821558,False
938,107.73463267873511,107.8657090120919,107.73252358346228,107.73463267873511,911372,False
939,107.78716423942501,107.96274287148833,107.61588981472677,107.78716423942501,993850,False
940,107.66556336739467,107.83867826756436,107.65039049840503,107.66556336739467,171792,False
941,107.38987397866536,107.41610727800335,107.3753978395367,107.38987397866536,521648,False
942,107.5772601437369,107.62398052568365,107.3948131975678,107.5772601437369,108367,False
943,107.71715386627093,107.7910841180163,107.68623988483567,107.71715386627093,998196,False
944,107.69578798271384,107.78661877706077,107.57188537329658,107.69578798271384,858961,False
945,108.09353803552861,108.11756027176959,108.0664891230383,108.09353803552861,895005,False
946,107.86219953874838,107.87058689475458,107.82792198728391,107.86219953874838,639870,False
947,107.53310653797305,107.5337450877774,107.41420561468831,107.53310653797305,236450,False
948,107.384300489587,107.47651015472918,107.35062862665703,107.384300489587,951728,False
949,107.37451004463011,107.41686635681293,107.23577641891833,107.37451004463011,768860,False
950,107.42676695292121,107.4610997580306,107.288762274489,107.42676695292121,427985,False
951,107.37493653338527,107.42933297777152,107.3021520058578,107.37493653338527,646169,False
952,107.45054038509917,107.54180129731654,107.27364142208053,107.45054038509917,956665,False
953,107.18158321021414,107.21210409084847,107.0735595122956,107.18158321021414,806902,False
954,107.49107316230902,107.54468596753648,107.29035792435614,107.49107316230902,689573,False
955,107.47341212565509,107.52164660154101,107.40481149832765,107.47341212565509,159547,False
956,107.71357131640418,107.83909289432857,107.68750985359785,107.71357131640418,817511,False
957,107.78740365848218,107.81479281005332,107.6785431776815,107.78740365848218,762582,False
958,107.88586814569267,107.95738640753116,107.74220536918666,107.88586814569267,107933,False
959,108.00880782103039,108.0118405759404,107.89875368601615,108.00880782103039,445529,False
960,108.10552075666787,108.11678837230474,107.93199502541495,108.10552075666787,865127,False
961,108.24448451398315,108.37295786085988,108.15509619160088,108.24448451398315,722994,False
962,108.53223137491244,108.5646180734606,108.39639171162754,108.53223137491244,571653,False
963,108.57488913703266,108.61166174997412,108.40139668541042,108.57488913703266,971022,False
964,108.72884914578849,108.74756619455583,108.65846056018779,108.72884914578849,468543,False
965,108.70933542825419,108.7882071355215,108.63422539891617,108.70933542825419,421289,False
966,109.02244379911478,109.03734410050755,109.0204847195239,109.02244379911478,274682,False
967,108.87495991563996,109.00865154511546,108.87452863133808,108.87495991563996,419664,False
968,109.2671145505272,109.2683886439698,109.20248919094738,109.2671145505272,628832,False
969,109.25833866374086,109.45239100931698,109.17420728606324,109.25833866374086,941244,False
970,108.94569044242314,108.99588989443276,108.92887530343211,108.94569044242314,302682,False
971,108.97360329028548,109.0574652759177,108.96306075749611,108.97360329028548,282572,False
972,108.82516998400176,108.88473029061706,108.76059088522713,108.82516998400176,481234,False
973,109.00813633823107,109.15683236804676,108.96128726547809,109.00813633823107,985486,False
974,108.86585369080429,109.01595828962965,108.80174137924143,108.86585369080429,317054,False
975,108.76870541008505,108.7901318278692,108.74368255904491,108.76870541008505,587295,False
976,108.3576596118359,108.42384251393857,108.3442804408089,108.3576596118359,518005,False
977,108.25963790347295,108.27510290241362,108.17800553636118,108.25963790347295,494833,False
978,107.73482130702781,107.7359005862259,107.52537321098688,107.73482130702781,359711,False
979,107.39353833171594,107.53802358430382,107.34202092759327,107.39353833171594,725122,False
980,107.55686557276121,107.56852525249589,107.5536116912908,107.55686557276121,234405,False
981,107.72590197682334,107.8740018339083,107.7057536104528,107.72590197682334,140002,False
982,107.81756757601562,107.85154092778754,107.6068153694133,107.81756757601562,355549,False
983,107.60905354470316,107.70875138240955,107.57775925947271,107.60905354470316,843048,False
984,107.59878519694762,107.62338906099458,107.5576456685688,107.59878519694762,582843,False
985,107.59800993928809,107.78414216560945,107.5852798951971,107.59800993928809,493727,False
986,107.34873446860597,107.50729014492042,107.27428373181998,107.34873446860597,474994,False
987,107.67151027879989,107.79682459702072,107.65949416873441,107.67151027879989,754299,False
988,107.86044412457578,108.0580037176675,107.60464190913144,107.86044412457578,793210,False
989,107.812777536726,107.89183288312549,107.78046652646663,107.812777536726,745836,False
990,107.81857481068282,107.89079205415396,107.79019201057754,107.81857481068282,575388,False
991,107.86350988541872,107.95796850504018,107.78607414390562,107.86350988541872,131786,False
992,107.42305250709134,107.5464220773816,107.23944425720379,107.42305250709134,567572,False
993,107.36994740920919,107.50453108722084,107.16175357009978,107.36994740920919,398388,False
994,107.22349818352632,107.2259053952664,107.1320708107977,107.22349818352632,830074,False
995,107.00870378090322,107.03712762774786,106.93873793521443,107.00870378090322,167261,False
996,106.94854342495489,107.05939725684794,106.92343561257186,106.94854342495489,380621,False
997,107.33306333611733,107.39356512301485,107.29105987476673,107.33306333611733,801893,False
998,107.47063059095107,107.51526019689551,107.38087567651367,107.47063059095107,370640,False
999,107.34786065852656,107.47358820910726,107.22697473236904,107.34786065852656,220522,False
1000,107.47079173178355,107.71517397556158,107.3109439839429,107.47079173178355,505486,False
1001,107.77157140515169,107.79739264647623,107.72731242571668,107.77157140515169,831368,False
1002,107.97086985511497,107.97181605620099,107.82204556435242,107.97086985511497,382868,False
1003,107.9837465409351,108.16243311620873,107.92979403820253,107.9837465409351,392560,False
1004,107.84402922687157,107.90729838269034,107.83742600434275,107.84402922687157,659863,False
1005,107.99462765775202,108.17469599304077,107.8871416416443,107.99462765775202,574406,False
1006,108.07961627312679,108.12408791973506,108.01712245939702,108.07961627312679,700902,False
1007,108.27312055254859,108.3458474109804,108.15258308522354,108.27312055254859,193566,False
1008,108.41066461865877,108.47274941588334,108.30884977670227,108.41066461865877,352061,False
1009,108.63823003349896,108.78554743276041,108.52184499296064,108.63823003349896,828468,False
1010,108.52193602142786,108.56692860301209,108.40008482501722,108.52193602142786,227192,False
1011,108.80786833043942,108.87749485543785,108.77701247304044,108.80786833043942,643647,False
1012,108.85086911397845,108.99410442068536,108.79655785051548,108.85086911397845,501914,False
1013,109.30265701322543,109.33621930334016,109.2721229579774,109.30265701322543,301464,False
1014,109.15199689382875,109.28306213226865,109.15161423675248,109.15199689382875,848423,False
1015,109.53096472513053,109.59669633276113,109.48550448964065,109.53096472513053,567997,False
1016,109.57431944321488,109.61762485806912,109.48231080098864,109.57431944321488,667922,False
1017,109.43156207437666,109.4969502452861,109.34935100124153,109.43156207437666,217255,False
1018,109.3256573090042,109.5386504004481,109.31046729500494,109.3256573090042,667152,False
1019,109.25561294893318,109.41369839911496,109.23808140522344,109.25561294893318,980914,False
1020,109.3482979698656,109.35477123321941,109.29063755238934,109.3482979698656,137355,False
1021,109.46264031133543,109.62296989838573,109.45690853035322,109.46264031133543,137690,False
1022,109.33704287697995,109.48080082217857,109.32862239439893,109.33704287697995,531030,False
1023,109.33171715878338,109.3324959955385,109.2669039791962,109.33171715878338,787005,False
1024,109.80015335263415,109.81971689446532,109.64435593074333,109.80015335263415,840174,False
1025,110.17952236263486,110.4845975947832,110.01876797718364,110.17952236263486,303811,False
1026,110.27567022967526,110.34111582675509,110.127856013317,110.27567022967526,680918,False
1027,110.28405194772736,110.47689198466794,110.18805528627375,110.28405194772736,279243,False
1028,110.31052702986966,110.35362887327541,110.080484285073,110.31052702986966,645946,False
1029,110.44588201169805,110.47167250103674,110.3975261796696,110.44588201169805,617196,False
1030,110.21995555774136,110.51073511727962,110.18407391244455,110.21995555774136,619757,False
1031,110.16321949670854,110.18096573129763,109.91602190470195,110.16321949670854,339204,False
1032,109.79558630954996,109.94648622369165,109.49628696139172,109.79558630954996,377941,False
1033,109.88325218317952,109.91423033647037,109.85974854137672,109.88325218317952,945231,False
1034,110.02548417248809,110.0444896253115,109.88767772346439,110.02548417248809,480445,False
1035,109.91915852356793,109.95950938958882,109.81140884467294,109.91915852356793,853702,False
1036,110.26518112466408,110.2799123095432,109.98227908906205,110.26518112466408,414380,False
1037,109.99486257896939,110.2385611045664,109.98303970215233,109.99486257896939,630553,False
1038,109.67271515154384,109.73377388261115,109.62546621535485,109.67271515154384,620335,False
1039,109.7219476322682,109.83989484485807,109.68551064708413,109.7219476322682,749899,False
1040,109.9517269625183,109.96542109848848,109.9167548187199,109.9517269625183,303206,False
1041,110.32202847802989,110.41024526226353,110.14312502576803,110.32202847802989,546710,False
1042,110.2207783925972,110.24808160513649,110.04066209859458,110.2207783925972,483898,False
1043,110.45856447479315,110.55913044872177,110.45237717455288,110.45856447479315,782358,False
1044,110.4500572942708,110.68278865588472,110.4221124924213,110.4500572942708,191426,False
1045,110.41192390393276,110.48826100945216,110.34439579691029,110.41192390393276,507522,False
1046,110.60705709148222,110.6831065610173,110.55095547245053,110.60705709148222,819366,False
1047,110.75136011919173,110.78718590513515,110.63548570976904,110.75136011919173,611933,False
1048,110.40218496825727,110.53007631360532,110.22529733016027,110.40218496825727,278417,False
1049,110.72821152986434,110.75009688368452,110.65100255499695,110.72821152986434,242957,False
1050,111.03384162464948,111.07833197862875,111.00686524752523,111.03384162464948,733969,False
1051,110.89492436479809,110.95687321189608,110.86796824215443,110.89492436479809,930258,False
1052,110.9827095706058,111.27373055746469,110.88683475310746,110.9827095706058,679885,False
1053,111.09236718797246,111.22954912141587,111.04920602335842,111.09236718797246,197375,False
1054,111.15028491939083,111.25671739923602,110.93615890398553,111.15028491939083,871365,False
1055,111.02795177010577,111.13049795940483,110.91651404624034,111.02795177010577,903516,False
1056,110.87881383629956,110.90131603187308,110.8451639314023,110.87881383629956,451591,False
1057,110.87314702613912,111.01262818313573,110.85103407370403,110.87314702613912,628671,False
1058,111.13319534008745,111.21450050828466,111.08478706305395,111.13319534008745,192313,False
1059,111.25401938442234,111.35762687010735,111.21476522344756,111.25401938442234,920793,False
1060,111.17155471625023,111.25292227843164,111.12084696230697,111.17155471625023,180294,False
1061,111.34313660712083,111.45810472133334,111.16167700466967,111.34313660712083,685619,False
1062,110.70880526684078,110.88194278343924,110.64721696075904,110.70880526684078,195057,False
1063,110.96316222328024,111.09344120160813,110.75132729378284,110.96316222328024,251601,False
1064,110.57707393876699,110.66428297321134,110.49197767696242,110.57707393876699,813934,False
1065,110.49691862121504,110.5960944200619,110.37334093569818,110.49691862121504,843987,False
1066,110.24947847475678,110.37408461516372,110.09859984273912,110.24947847475678,483829,False
1067,109.96400255977846,110.03815601005121,109.92788675356144,109.96400255977846,196917,False
1068,110.21930087941597,110.30129148147009,110.10277933484555,110.21930087941597,594132,False
1069,110.11620148055785,110.18802075262337,110.06675890743152,110.11620148055785,393076,False
1070,110.19251286306677,110.36938231053864,110.11828317917339,110.19251286306677,615303,False
1071,110.1821722700834,110.32225911598381,109.87527020037264,110.1821722700834,364052,False
1072,110.28729505929331,110.42485559126105,110.16617797996763,110.28729505929331,606705,False
1073,110.30424001642606,110.33668032506918,110.30093152472215,110.30424001642606,523574,False
1074,110.02120105195385,110.05099881071463,109.99283435426989,110.02120105195385,654700,False
1075,110.2404219960414,110.28820822392548,110.13194085101162,110.2404219960414,970142,False
1076,110.13155812785935,110.18756688121762,109.94110876141745,110.13155812785935,353928,False
1077,109.7887005481533,109.84183686473183,109.73537443709539,109.7887005481533,312104,False
1078,109.69469613373847,109.70826114387253,109.5182287531713,109.69469613373847,102928,False
1079,110.0239469121452,110.18854433836081,109.85304855802966,110.0239469121452,951590,False
1080,110.2110364157809,110.3167773512011,110.13764150416331,110.2110364157809,261704,False
1081,110.13418578961756,110.27575065074775,110.11964765276237,110.13418578961756,132309,False
1082,110.05725536382585,110.12610505181854,109.97050613253545,110.05725536382585,895712,False
1083,109.98645882189426,110.03028140412762,109.77432998067817,109.98645882189426,140449,False
1084,110.44328713504899,110.58060262409609,110.37571936233049,110.44328713504899,913389,False
1085,110.52765154868472,110.54125215205615,110.43090779465666,110.52765154868472,792255,False
1086,110.62271453534903,110.68778784339325,110.47425633566596,110.62271453534903,432643,False
1087,110.85066004020076,110.86089215402885,110.72024529865794,110.85066004020076,717345,False
1088,110.90359991197784,111.07620000392991,110.81801452959611,110.90359991197784,853511,False
1089,110.84614249897696,110.90046593528596,110.70307277150245,110.84614249897696,472209,False
1090,110.80261325227431,110.86329494296567,110.64789429983259,110.80261325227431,605074,False
1091,110.78674603896384,110.84948529765072,110.75794326586265,110.78674603896384,777055,False
1092,110.77849857803741,110.83999324428785,110.77534933766624,110.77849857803741,699181,False
1093,110.93970999476768,110.9911016102761,110.83607519794721,110.93970999476768,556339,False
1094,110.95123571778144,111.03658447206115,110.78692955387594,110.95123571778144,911608,False
1095,111.11381036158834,111.12785657274529,110.94582993134406,111.11381036158834,773769,False
1096,111.09587290803789,111.22670063089684,111.03643987421144,111.09587290803789,879824,False
1097,111.11334499825682,111.32147189640791,111.04702931077269,111.11334499825682,943399,False
1098,110.66929147418449,110.77753399474909,110.54668618758649,110.66929147418449,625275,False
1099,110.87211014321952,110.87628185314115,110.6642550628085,110.87211014321952,298573,False
1100,110.94894196014576,110.97928660470153,110.92504287815565,110.94894196014576,336692,False
1101,111.17039829165468,111.19248516586724,111.02981386079112,111.17039829165468,983286,False
1102,110.5264425637584,110.5836422192735,110.52020672229665,110.5264425637584,126015,False
1103,110.9880838174775,111.21372267352905,110.79170845832651,110.9880838174775,587943,False
1104,110.95709824677803,111.19147844102498,110.9349614927574,110.95709824677803,474494,False
1105,111.20301974612231,111.29085726655175,110.9809161229882,111.20301974612231,952836,False
1106,110.9717383874258,110.9719498588313,110.86273381691586,110.9717383874258,216751,False
1107,111.10773955839228,111.11161353892332,110.96541712159625,111.10773955839228,805641,False
1108,110.87365431431256,111.09505239517694,110.75978534300793,110.87365431431256,148231,False
1109,110.73533522607218,110.74509364914746,110.72812629608971,110.73533522607218,784392,False
1110,111.15923703327948,111.33581429214162,110.85655613467128,111.15923703327948,390449,False
1111,111.11684481291043,111.16203908601568,110.93215587022347,111.11684481291043,154306,False
1112,111.16516572256312,111.27209381267626,111.09628076934044,111.16516572256312,319248,False
1113,111.35860816950685,111.37360900566482,111.28066100391847,111.35860816950685,221139,False
1114,111.46900505978577,111.48221510908623,111.44405795635578,111.46900505978577,642606,False
1115,111.50253915118284,111.62341576286852,111.3622667367739,111.50253915118284,244318,False
1116,111.58392730811512,111.62384341962037,111.48582960127172,111.58392730811512,263674,False
1117,112.12029240802396,112.12277057480016,112.11536750927297,112.12029240802396,383728,False
1118,112.10737193528075,112.16975091036745,111.98546037561074,112.10737193528075,871687,False
1119,112.15246130653256,112.17414629666497,112.13280712668967,112.15246130653256,639457,False
1120,112.38812825952212,112.46130449542187,112.17103665622601,112.38812825952212,125968,False
1121,112.63662424021715,112.72316678739774,112.51311336134356,112.63662424021715,304830,False
1122,112.90403041319544,112.97452749561914,112.67675452858337,112.90403041319544,739679,False
1123,113.04826084602307,113.3986732078194,112.83687159976806,113.04826084602307,387588,False
1124,112.78983141097778,112.80434215528807,112.68638027531604,112.78983141097778,334856,False
1125,113.15830034527701,113.22099838651678,113.05602158839203,113.15830034527701,616328,False
1126,112.89886335271176,112.94200545231054,112.74125412734408,112.89886335271176,468225,False
1127,112.96719775278316,113.19300469145952,112.94786269539449,112.96719775278316,162497,False
1128,112.79678089456459,113.02550340444382,112.65607984909462,112.79678089456459,629650,False
1129,112.78231169650942,112.80093464139169,112.71826065042164,112.78231169650942,985686,False
1130,112.8564688657753,112.94974644946612,112.82062041822071,112.8564688657753,763610,False
1131,112.9290033469358,112.9950310472364,112.87547022115245,112.9290033469358,692642,False
1132,113.02429752747017,113.06614201491755,112.94562522267188,113.02429752747017,136368,False
1133,113.38907469266519,113.43349787002042,113.33635714394778,113.38907469266519,144109,False
1134,113.4919263622453,113.56692872320765,113.4490428830317,113.4919263622453,288717,False
1135,113.43650674849877,113.46494442044074,113.40268785703195,113.43650674849877,127426,False
1136,113.65523210964213,113.74751722038806,113.4674267958821,113.65523210964213,736925,False
1137,113.92561119865472,114.06052799289021,113.91605262760118,113.92561119865472,663311,False
1138,113.64589925735127,113.71294780255862,113.60229511515224,113.64589925735127,484412,False
1139,113.78168339366026,113.85690475307202,113.71568172328108,113.78168339366026,552483,False
1140,113.94124462360001,114.08535378200538,113.93084165453388,113.94124462360001,255964,False
1141,113.87343511174522,113.96239006221695,113.72125672516518,113.87343511174522,613168,False
1142,114.1867480328221,114.29709628704255,114.17874485776345,114.1867480328221,995643,False
1143,114.15247931380729,114.18229329386268,114.08830213969941,114.15247931380729,719185,False
1144,114.18114904082172,114.29797930365828,114.17456110569837,114.18114904082172,771367,False
1145,114.14162596129508,114.16445233450081,114.05896833495345,114.14162596129508,704065,False
1146,114.14518239693882,114.2626568416828,113.94277931394913,114.14518239693882,144858,False
1147,113.89491335743708,113.9514977748922,113.81345018935731,113.89491335743708,320510,False
1148,113.56688441643031,113.66239205376537,113.48804892730145,113.56688441643031,452186,False
1149,113.92905036086368,113.97510567809279,113.88222663734223,113.92905036086368,969530,False
1150,113.73606335665114,113.76625603451038,113.67609186136563,113.73606335665114,644527,False
1151,113.51054923051302,113.66500031469641,113.49905881552912,113.51054923051302,556185,False
1152,113.02168424150759,113.02468534627627,112.74154438665855,113.02168424150759,997383,False
1153,112.87725117572805,112.87983126860809,112.69078719204217,112.87725117572805,141291,False
1154,112.57855769785104,112.66158583569867,112.55165909800328,112.57855769785104,138805,False
1155,112.94826909474337,112.9539585132836,112.89162899137109,112.94826909474337,198831,False
1156,113.17638327943045,113.24831028891239,113.17577547937695,113.17638327943045,249515,False
1157,113.02061854499104,113.1425150734886,112.9675668743287,113.02061854499104,109290,False
1158,113.52976192089683,113.56696984153938,113.355874916367,113.52976192089683,493427,False
1159,113.75268112489745,114.12522236521765,113.49173911927726,113.75268112489745,445778,False
1160,113.67878024332221,113.77176119764897,113.64437790330197,113.67878024332221,905504,False
1161,113.11052145732218,113.24723610984384,113.01686476850894,113.11052145732218,929722,False
1162,113.62878087535123,113.63261752629798,113.54906591559079,113.62878087535123,185186,False
1163,113.31299002467863,113.35141788968535,113.22378176844255,113.31299002467863,901547,False
1164,112.94009992107753,113.0718767347963,112.83493959734577,112.94009992107753,629437,False
1165,113.17107833461255,113.18254538464444,113.10272527955279,113.17107833461255,928424,False
1166,113.72329715600232,113.96126693156852,113.59803279139511,113.72329715600232,379860,False
1167,114.03814529417122,114.20980714931609,113.80611396995307,114.03814529417122,984156,False
1168,114.16675959450168,114.214555282449,114.12536240396068,114.16675959450168,637909,False
1169,114.30256194638707,114.31020775238234,114.21368791832084,114.30256194638707,500036,False
1170,114.49765711593406,114.66421187466851,114.3646556282851,114.49765711593406,885088,False
1171,114.67144820683183,114.75553318872836,114.63847350189718,114.67144820683183,999497,False
1172,114.73593746245166,114.7714483225255,114.61771289422417,114.73593746245166,916831,False
1173,114.75984868514475,114.86135412397066,114.62345253629124,114.75984868514475,219374,False
1174,114.74548232937178,114.80521815938759,114.51727421303404,114.74548232937178,405242,False
1175,114.57245426855424,114.78921434176112,114.56992378523991,114.57245426855424,931943,False
1176,114.50813900373696,114.55230303685966,114.41865038202434,114.50813900373696,415387,False
1177,114.12042433532254,114.12634363206574,114.10626863158427,114.12042433532254,477275,False
1178,114.09797921544495,114.11353428907503,113.88154799593083,114.09797921544495,623990,False
1179,113.8723867202524,114.11716148077595,113.82801285545506,113.8723867202524,915182,False
1180,113.62105002123172,113.82937246408831,113.54299114304838,113.62105002123172,322682,False
1181,113.6619295459252,113.74727822868965,113.52707409509118,113.6619295459252,941830,False
1182,113.97836487752174,114.2113294398914,113.7627834750384,113.97836487752174,837902,False
1183,114.18770132790577,114.19902878817796,114.1148024813187,114.18770132790577,873085,False
1184,113.82903762018213,113.87189540686433,113.70825515046717,113.82903762018213,406489,False
1185,113.60374078340682,113.70149499302765,113.52429729678207,113.60374078340682,717718,False
1186,113.81749103576024,113.9097942477048,113.77029941309594,113.81749103576024,214921,False
1187,113.59384253554666,113.77361103553459,113.50768369620955,113.59384253554666,716017,False
1188,113.5428086502086,113.57205177896871,113.4922194356844,113.5428086502086,676131,False
1189,113.66771757066299,113.74299403773176,113.60322662184743,113.66771757066299,765582,False
1190,113.44757856264987,113.5531194913945,113.37534987536996,113.44757856264987,231458,False
1191,113.47148775467402,113.47794887323894,113.44861415921403,113.47148775467402,950766,False
1192,113.16874003945195,113.20680302715971,113.15755224061905,113.16874003945195,429314,False
1193,113.03262800231904,113.1089672143834,112.74919922588056,113.03262800231904,140878,False
1194,113.10491958712663,113.23558974727077,112.90815125178838,113.10491958712663,300741,False
1195,112.74456873085884,112.90115707033013,112.52119427330875,112.74456873085884,269421,False
1196,112.8438909995952,112.87775057930689,112.79385492676236,112.8438909995952,855631,False
1197,112.8394589883121,112.87953072379268,112.56565814001466,112.8394589883121,615188,False
1198,112.96414432341791,113.0110046160755,112.89923625226447,112.96414432341791,714640,False
1199,113.01473286053097,113.05333605237253,112.77878680565665,113.01473286053097,514745,False
1200,113.32306879308645,113.42134177209917,113.2747561301168,113.32306879308645,534737,False
1201,113.35145044294276,113.45796709543963,113.32492647892118,113.35145044294276,642671,False
1202,113.25410296111319,113.38520060946614,113.15629996149136,113.25410296111319,760261,False
1203,113.2818043491138,113.28506717033663,113.27158551756368,113.2818043491138,929321,False
1204,113.40489591117093,113.5555546021916,113.3488030554049,113.40489591117093,638921,False
1205,113.41597785354992,113.49312515463224,113.23735350674876,113.41597785354992,686532,False
1206,113.42518534625114,113.44773991526569,113.33911820967404,113.42518534625114,290091,False
1207,113.26593827164912,113.45937813676922,113.2499075019056,113.26593827164912,843472,False
1208,113.11577008283403,113.15337746615639,112.92646780537885,113.11577008283403,445741,False
1209,112.79845653195031,112.9119989749853,112.69956753781071,112.79845653195031,800461,False
1210,113.19315564438169,113.33828463479749,113.11012357894934,113.19315564438169,800066,False
1211,112.91156203477375,112.95428233683688,112.68798864721921,112.91156203477375,832444,False
1212,112.75508801832345,112.77147336844234,112.68265802945189,112.75508801832345,115115,False
1213,112.59307986939893,112.59876991187933,112.56902134389533,112.59307986939893,175379,False
1214,112.79460445309971,112.96264615164098,112.56666713297447,112.79460445309971,333553,False
1215,112.72806698850667,112.81943179971388,112.57277546605296,112.72806698850667,664267,False
1216,113.00937809241216,113.06188896813057,112.81724690351467,113.00937809241216,796001,False
1217,112.85715657921843,112.95136073988186,112.66082290548137,112.85715657921843,693665,False
1218,112.92012955491998,113.08376781973448,112.91049926682966,112.92012955491998,877146,False
1219,112.73147455996515,112.7594079742622,112.53191232367624,112.73147455996515,630704,False
1220,113.21512620861499,113.39641740134485,113.09206416808729,113.21512620861499,490929,False
1221,112.94621799882384,112.96863606774465,112.76281950455366,112.94621799882384,755954,False
1222,113.01620415377954,113.11587276240239,112.82858468071115,113.01620415377954,507609,False
1223,113.15945826850628,113.18060321118308,112.93010641042005,113.15945826850628,528596,False
1224,113.25310883190551,113.3198282971209,113.01981672483906,113.25310883190551,800416,False
1225,113.21114002511334,113.22884207416044,113.08424764106428,113.21114002511334,492508,False
1226,113.18174572628197,113.34060030534106,113.18075708646101,113.18174572628197,983939,False
1227,113.19166304404483,113.28361563785283,113.04623483002955,113.19166304404483,742531,False
1228,113.15838424197457,113.19085726236882,113.15665992925362,113.15838424197457,727358,False
1229,113.37652624889677,113.41008432935955,113.19066766913406,113.37652624889677,660414,False
1230,113.87776908712418,113.92251892260441,113.75492696814695,113.87776908712418,704670,False
1231,113.75079724560199,113.75616947875328,113.65881121132384,113.75079724560199,322785,False
1232,113.43916488360895,113.58418777197173,113.41713729637654,113.43916488360895,642516,False
1233,113.41913559993058,113.68431083241846,113.27600438047874,113.41913559993058,593515,False
1234,114.00431240628222,114.03121399419561,113.93058938047335,114.00431240628222,648297,False
1235,113.82106767324262,113.83361843993761,113.77509357052742,113.82106767324262,886526,False
1236,114.19419972291621,114.26463026237131,114.18102064589993,114.19419972291621,600204,False
1237,114.57736712659211,114.65029623520645,114.54088879341816,114.57736712659211,180636,False
1238,114.45050976017782,114.4570250180653,114.41751922015149,114.45050976017782,283293,False
1239,114.58075056709316,114.65834353280017,114.51871292281977,114.58075056709316,198453,False
1240,114.95391638169113,115.0016855668789,114.86483669127026,114.95391638169113,510646,False
1241,114.86675194442023,114.8984577695229,114.75224047989629,114.86675194442023,154486,False
1242,114.81998271497096,114.85083697163128,114.71287138859938,114.81998271497096,976942,False
1243,114.68640553000053,114.80642913652187,114.66483268733441,114.68640553000053,589881,False
1244,114.45364792613945,114.5485204358374,114.41328185288096,114.45364792613945,817654,False
1245,114.30502355904079,114.46106599627032,114.2340705735115,114.30502355904079,360243,False
1246,114.02521851698656,114.10623686454461,113.94599590750833,114.02521851698656,645148,False
1247,114.0329912668187,114.32645793442528,113.9997073143496,114.0329912668187,434956,False
1248,113.85738656535271,113.89235219218601,113.70053578170447,113.85738656535271,428231,False
1249,113.9106230712173,113.97147871346634,113.90937965918498,113.9106230712173,344856,False
1250,113.5561569862316,113.57329385530795,113.54748915391929,113.5561569862316,501702,False
1251,113.63130396141759,113.6363727953118,113.52507156746839,113.63130396141759,838423,False
1252,113.82073392701204,113.96381566886535,113.79534395731707,113.82073392701204,149607,False
1253,113.3668770188242,113.66098586249016,113.2319323052873,113.3668770188242,502961,False
1254,113.45168826912818,113.58074399064213,113.33398655542153,113.45168826912818,468808,False
1255,113.73025050879168,113.78178254843874,113.62016261236943,113.73025050879168,309605,False
1256,113.45510495662876,113.51108265592174,113.34892586038399,113.45510495662876,642618,False
1257,113.83462870802123,113.93351264292018,113.7849134197138,113.83462870802123,795438,False
1258,113.9300264547268,114.1218099603119,113.88431691197735,113.9300264547268,810692,False
1259,113.7693824159719,113.80524285821723,113.74153732245887,113.7693824159719,597337,False
1260,113.75669278892586,113.78378427919444,113.70926929819471,113.75669278892586,876422,False
1261,113.8837196350529,113.9502427013,113.87418763620735,113.8837196350529,321437,False
1262,113.90103118842562,113.97095119826292,113.87647416212762,113.90103118842562,405480,False
1263,114.02376091462278,114.10865850766703,113.95156464917963,114.02376091462278,632358,False
1264,113.81380358330742,113.86096491203702,113.80239301118291,113.81380358330742,625608,False
1265,113.85235478243051,113.9030309499669,113.61267720200976,113.85235478243051,975475,False
1266,113.53044533350513,113.62114715135772,113.39309481600323,113.53044533350513,401065,False
1267,113.5051902449499,113.64209094734689,113.41955333711223,113.5051902449499,106589,False
1268,113.29999382733325,113.3690133775218,113.29532091562564,113.29999382733325,979427,False
1269,113.13332275142278,113.15272619649366,113.13307993539424,113.13332275142278,639877,False
1270,113.41300940770661,113.4573471574573,113.32085274286293,113.41300940770661,136375,False
1271,113.66054693765398,113.71361398053551,113.54468782438127,113.66054693765398,143085,False
1272,113.79901688161974,113.87028822974607,113.72472415683451,113.79901688161974,685128,False
1273,113.55040864412577,113.59863602532855,113.45574877705769,113.55040864412577,798560,False
1274,113.47855202660317,113.53528752290234,113.45934630312715,113.47855202660317,722992,False
1275,113.75387316752406,113.77673940014435,113.7169151239867,113.75387316752406,983479,False
1276,113.78611486316385,113.83421389922876,113.7785410831557,113.78611486316385,130982,False
1277,114.31392985804762,114.39961749287495,114.26437869613129,114.31392985804762,946152,False
1278,114.4038532738565,114.42375341483496,114.17440763164025,114.4038532738565,390658,False
1279,114.4477955917451,114.52714347823785,114.3478903493515,114.4477955917451,295961,False
1280,114.37704019592692,114.40613102495946,114.09953944283885,114.37704019592692,497067,False
1281,114.40758822279508,114.52348648601837,114.35263424853426,114.40758822279508,700322,False
1282,114.37270081028103,114.56567314743242,114.34057047354088,114.37270081028103,460532,False
1283,114.53467741392116,114.53526206483687,114.51621038603872,114.53467741392116,556201,False
1284,114.75382859639159,114.82926934619199,114.67263540272779,114.75382859639159,144845,False
1285,114.57343799673218,114.60255733469941,114.54384497658059,114.57343799673218,354259,False
1286,114.26839012420486,114.37885713844129,114.16912799940822,114.26839012420486,997285,False
1287,113.848749660361,113.98638507289036,113.82892395745075,113.848749660361,208417,False
1288,113.96441801517561,114.03980465075864,113.76906209403053,113.96441801517561,213436,False
1289,113.71292894891563,113.76205286351154,113.52114116233463,113.71292894891563,338198,False
1290,113.22330595885325,113.26609115167554,113.18592305752163,113.22330595885325,383303,False
1291,113.311298267313,113.4672842206693,113.30211735118154,113.311298267313,588288,False
1292,113.87626829111319,114.04145148626127,113.87372100859656,113.87626829111319,189788,False
1293,113.87488562561062,113.91826658620397,113.87386458628978,113.87488562561062,648291,False
1294,114.06585170768824,114.11660503812223,113.9577824067308,114.06585170768824,730010,False
1295,114.0845195786431,114.18736621481561,113.96047996582091,114.0845195786431,921571,False
1296,114.06195602149187,114.13077794580913,113.91940622832843,114.06195602149187,336444,False
1297,114.27161934425773,114.36439894702468,114.14708761740428,114.27161934425773,938884,False
1298,114.20527905982001,114.23662981359534,114.08279153235996,114.20527905982001,122205,False
1299,114.26635428751408,114.36875184905524,114.25842667445738,114.26635428751408,851419,False
1300,114.3398727585067,114.3745677277727,114.12354037346849,114.3398727585067,681243,False
1301,114.18709400358527,114.33919991302295,114.18452833643357,114.18709400358527,865523,False
1302,114.41365086962941,114.62657924235846,114.31492605632512,114.41365086962941,369608,False
1303,114.37361530059184,114.38650036774565,114.21479358050348,114.37361530059184,838006,False
1304,114.2007406883176,114.29856372284605,114.17450474329827,114.2007406883176,303729,False
1305,114.32328033136223,114.37146505002089,114.30546635714434,114.32328033136223,371984,False
1306,114.11784871746012,114.24692084002305,114.11037542050329,114.11784871746012,595832,False
1307,114.1242806635668,114.17232282328581,113.97300904732398,114.1242806635668,402912,False
1308,114.12219926570201,114.23651016640959,114.04187082619752,114.12219926570201,907359,False
1309,114.37004884599317,114.47189791094891,114.2524066344459,114.37004884599317,985054,False
1310,114.47863136615634,114.52052016636493,114.39347536136069,114.47863136615634,115329,False
1311,114.47290126218753,114.48410973180502,114.34156175007567,114.47290126218753,115791,False
1312,114.66012542383532,114.76320631619329,114.57195848068137,114.66012542383532,414771,False
1313,114.9789281677063,115.07841310469937,114.92195626182003,114.9789281677063,491029,False
1314,115.10720102999676,115.20043289173695,115.03852768768814,115.10720102999676,769732,False
1315,115.10958435218376,115.24058577221273,115.09415215702205,115.10958435218376,586106,False
1316,114.80757450529583,114.84941953880625,114.68433308086986,114.80757450529583,803829,False
1317,114.56300827283556,114.63779773988743,114.33625526798778,114.56300827283556,471698,False
1318,114.49307335217544,114.59406926898666,114.48469261627193,114.49307335217544,230436,False
1319,114.35350350163371,114.36207882730716,114.22202952570711,114.35350350163371,187073,False
1320,114.31074185453241,114.40877104012345,114.25436724492029,114.31074185453241,349894,False
1321,114.32369324441439,114.38109702053421,114.3189053618575,114.32369324441439,396514,False
1322,114.44480610834013,114.56008062309377,114.43408694172852,114.44480610834013,151408,False
1323,114.42866967036844,114.43451247435003,114.34568100126393,114.42866967036844,453085,False
1324,114.5400091421594,114.56828739773945,114.48841308873898,114.5400091421594,516919,False
1325,114.554778942283,114.8005031152873,114.43933036896921,114.554778942283,246306,False
1326,114.10218067064991,114.20426528359829,113.97474382773552,114.10218067064991,238604,False
1327,113.88782023701823,113.99823995297126,113.65020748851721,113.88782023701823,397560,False
1328,113.8550006017294,113.90866643985622,113.82324503423517,113.8550006017294,172439,False
1329,113.57954101038123,113.62126078009486,113.41306551881749,113.57954101038123,642530,False
1330,113.71582026996506,113.74713646502619,113.62552282906078,113.71582026996506,805614,False
1331,114.06396144302285,114.08493430374769,113.92119857911,114.06396144302285,965756,False
1332,114.34199505274331,114.36351802067928,114.23019394138318,114.34199505274331,921681,False
1333,114.29318408535941,114.33766354211974,114.2449441456996,114.29318408535941,986556,False
1334,114.63394375891912,114.63402499170479,114.62975962778695,114.63394375891912,981481,False
1335,114.66802843277449,114.70135078723699,114.65072082850268,114.66802843277449,339647,False
1336,114.59072246533358,114.65880260465916,114.50212195365103,114.59072246533358,971510,False
1337,114.45014195657896,114.60953080460291,114.44010296131081,114.45014195657896,394438,False
1338,114.38090655946671,114.52770063182427,114.36084573554388,114.38090655946671,815144,False
1339,114.29210652664648,114.54418114701035,114.2118418743776,114.29210652664648,496900,False
1340,114.33106098472969,114.46818243137122,114.16294489942004,114.33106098472969,517011,False
1341,114.36777817196963,114.51177471018003,114.32616044777292,114.36777817196963,617351,False
1342,114.36847490508407,114.45848478987892,114.22946224331335,114.36847490508407,815661,False
1343,114.46841880928748,114.58560886374843,114.46087103722769,114.46841880928748,562403,False
1344,114.74100160215941,114.78729244778329,114.56575549177711,114.74100160215941,241503,False
1345,114.95890718731142,115.01511372847445,114.75390432372929,114.95890718731142,568883,False
1346,114.61750269183611,114.66980300589456,114.35703024008937,114.61750269183611,451771,False
1347,114.03205456672738,114.20640148129263,113.96145772336014,114.03205456672738,190381,False
1348,114.24513940492982,114.28688125687282,114.23488190915329,114.24513940492982,452171,False
1349,113.93282091002962,114.03731502237464,113.90189896591582,113.93282091002962,352641,False
1350,113.8816045974684,113.9578834184421,113.82876945825377,113.8816045974684,810732,False
1351,113.61509589953232,113.7353893672875,113.47754196055028,113.61509589953232,956798,False
1352,113.20563153908286,113.22806115777757,113.20367611126089,113.20563153908286,194176,False
1353,113.32822479928545,113.38255907510549,113.13852017364283,113.32822479928545,743955,False
1354,113.50029221261408,113.5082092472144,113.496335318287,113.50029221261408,435014,False
1355,113.3694240147219,113.49801673636625,113.32267650759411,113.3694240147219,671675,False
1356,112.7819340702054,112.79904689694379,112.71411824086046,112.7819340702054,808287,False
1357,112.65872105950734,112.71764603562046,112.57493495650668,112.65872105950734,895736,False
1358,112.74700133581662,112.76143598127216,112.68903293564001,112.74700133581662,606399,False
1359,112.41351564657636,112.5035325034044,112.26799709757564,112.41351564657636,903464,False
1360,112.45473991299845,112.4988425884616,112.36271398414881,112.45473991299845,191291,False
1361,112.45129658278474,112.48802214478363,112.30235679420754,112.45129658278474,999321,False
1362,112.5815807432438,112.6751495464053,112.47411607293381,112.5815807432438,159486,False
1363,112.60850583704766,112.63348831748102,112.51135792480409,112.60850583704766,689840,False
1364,112.38935415802943,112.43562728062844,112.15749359291448,112.38935415802943,522870,False
1365,112.65831795458139,112.77478472933493,112.49495358752213,112.65831795458139,139244,False
1366,112.62259860449484,112.70016581080216,112.47954179395339,112.62259860449484,499158,False
1367,112.61644838810822,112.6983147980322,112.51775203732853,112.61644838810822,150697,False
1368,112.40624574221775,112.72429346058924,112.32977098720772,112.40624574221775,889125,False
1369,112.30659035489656,112.36880467375113,112.27622173933942,112.30659035489656,812111,False
1370,112.10785200299831,112.2545694187528,112.00751688396805,112.10785200299831,181098,False
1371,112.06907478041752,112.30131470443109,111.92582107023024,112.06907478041752,630547,False
1372,112.45273395174422,112.55977997401673,112.42048189935251,112.45273395174422,744034,False
1373,112.14418588327592,112.19342486902318,112.07498414987771,112.14418588327592,607099,False
1374,111.7822828246008,112.03321915722363,111.65818338637702,111.7822828246008,207772,False
1375,112.11118437986289,112.16843940628462,112.04437761001923,112.11118437986289,217928,False
1376,112.0642493291344,112.19209930897904,111.95856697669166,112.0642493291344,147419,False
1377,111.91429106072538,112.14293484495806,111.87659091820593,111.91429106072538,464236,False
1378,112.1470514524467,112.17960174898047,111.97628387001731,112.1470514524467,418249,False
1379,112.01121545825616,112.11499015505134,111.92320822152976,112.01121545825616,296979,False
1380,112.42028259316211,112.52822053728677,112.251824473126,112.42028259316211,782743,False
1381,112.57270782922848,112.5890205117221,112.50941505582414,112.57270782922848,123404,False
1382,112.46285681243701,112.49445475019475,112.32525095125654,112.46285681243701,959088,False
1383,112.94809090181457,113.15794040829472,112.72428151877196,112.94809090181457,236774,False
1384,112.81126221344664,112.9207799342243,112.76112014190184,112.81126221344664,567099,False
1385,112.9786956446449,112.98819788594179,112.84254301432505,112.9786956446449,200965,False
1386,113.04632301534579,113.08421696277485,113.02985791766123,113.04632301534579,680620,False
1387,113.34063714791336,113.68232649386294,113.29819774095954,113.34063714791336,270491,False
1388,113.6946024958146,113.76584294252609,113.59214014914,113.6946024958146,845936,False
1389,113.70187989382711,113.77791822084309,113.60570502404256,113.70187989382711,727470,False
1390,113.53054983741919,113.5560514014406,113.4917057499828,113.53054983741919,473539,False
1391,113.63499161801474,113.73470118004016,113.57457580247666,113.63499161801474,989051,False
1392,113.48096725729238,113.75383786330396,113.42915186481254,113.48096725729238,581294,False
1393,113.93792952191802,113.97355232851915,113.9135968009992,113.93792952191802,208269,False
1394,113.96904262777834,114.1721872283672,113.94587083706736,113.96904262777834,960276,False
1395,113.88577193286967,114.0714691985283,113.8616777085275,113.88577193286967,532458,False
1396,113.92783685125812,113.9341327992654,113.70367919012732,113.92783685125812,134142,False
1397,113.62088648299496,113.70120563065966,113.58736521371102,113.62088648299496,209699,False
1398,113.40009518624515,113.45923362228464,113.26326805798884,113.40009518624515,720514,False
1399,113.67234928909274,113.69193846286096,113.60191376108105,113.67234928909274,369537,False
1400,113.52300785724225,113.67740535246199,113.42295836590668,113.52300785724225,825299,False
1401,113.28531088981657,113.39645552906653,112.91414297140625,113.28531088981657,824442,False
1402,113.40690063763641,113.50106244756653,113.34565816718653,113.40690063763641,202281,False
1403,113.67583470414341,113.82865119854435,113.61132213772548,113.67583470414341,522109,False
1404,113.83928993954973,113.9865136573432,113.77152963265182,113.83928993954973,633676,False
1405,114.06606866214587,114.10158289161507,113.90554351719207,114.06606866214587,611315,False
1406,113.89341938107398,114.0332581124376,113.84697250405132,113.89341938107398,600508,False
1407,113.56954962397856,113.58921803462093,113.47685167351901,113.56954962397856,162969,False
1408,113.91056119735437,113.9477715354917,113.78997909071245,113.91056119735437,660948,False
1409,113.83704791429521,113.84355004064679,113.72504096344191,113.83704791429521,189244,False
1410,113.77993973406984,113.81234713710637,113.75300113204493,113.77993973406984,703832,False
1411,114.0821834328993,114.14554978764578,114.00554958382622,114.0821834328993,856913,False
1412,114.20909530082595,114.21159256745867,114.01321300246788,114.20909530082595,294068,False
1413,114.31322836084225,114.40322973822384,114.24119049719187,114.31322836084225,493327,False
1414,114.80820517575113,114.82307738922749,114.55081707906938,114.80820517575113,739658,False
1415,114.66044282969548,114.6653483361986,114.62880623967172,114.66044282969548,641833,False
1416,114.87321594961739,114.9299840200905,114.67729375340276,114.87321594961739,757739,False
1417,114.88631451163391,114.96290991382851,114.81358725520448,114.88631451163391,326845,False
1418,114.94802966568366,114.95522723065913,114.94006722932733,114.94802966568366,604700,False
1419,115.29941853372831,115.35409133388913,115.21054719434466,115.29941853372831,973778,False
1420,115.41652486854998,115.43836205633063,115.25097047674858,115.41652486854998,796480,False
1421,115.54078139413853,115.72494920899622,115.43717984673332,115.54078139413853,379953,False
1422,115.78861806574598,115.8129709589542,115.43764032079254,115.78861806574598,567221,False
1423,115.70410332131979,115.99007294431622,115.64467364029201,115.70410332131979,390111,False
1424,115.50990331720371,115.70347386408822,115.3058436699239,115.50990331720371,123424,False
1425,115.26853169923112,115.47903346070329,115.16882330777558,115.26853169923112,850963,False
1426,114.81521362552216,114.93546553957296,114.75581436823171,114.81521362552216,994843,False
1427,115.28738134728701,115.28899327423659,115.12321282530091,115.28738134728701,833838,False
1428,115.03300934015806,115.17818663723344,114.97621437013953,115.03300934015806,512707,False
1429,114.9821063998611,115.0385702079179,114.82052412837896,114.9821063998611,280526,False
1430,114.91844924725964,115.03206388686979,114.89978842344033,114.91844924725964,432213,False
1431,114.98910264926054,115.04757294707206,114.84781033491706,114.98910264926054,282997,False
1432,115.17670442939554,115.19843944008775,115.17323226653342,115.17670442939554,975551,False
1433,115.37491743067181,115.40174055507568,115.24085088773772,115.37491743067181,661337,False
1434,115.24037240801066,115.34426120421455,115.1502114786003,115.24037240801066,389965,False
1435,115.20185407094223,115.25591206145604,115.1924408477101,115.20185407094223,982229,False
1436,115.26696153938128,115.27040420887576,115.15299279292643,115.26696153938128,785305,False
1437,115.20962979842731,115.23926091388316,115.19129106182949,115.20962979842731,521626,False
1438,115.57999317597013,115.7664717692097,115.49958196431183,115.57999317597013,177734,False
1439,115.69348693908998,115.79952790792613,115.67021826484755,115.69348693908998,556982,False
1440,115.86352808617436,116.101890862685,115.6647890892062,115.86352808617436,325962,False
1441,116.01713561115444,116.11851076022327,115.92347949570795,116.01713561115444,609622,False
1442,116.28942176247449,116.40137129033158,116.28555902756875,116.28942176247449,500385,False
1443,116.33152354725088,116.42947396646787,116.0746034370859,116.33152354725088,459589,False
1444,116.02979867466998,116.04520601811981,115.87825662619562,116.02979867466998,628118,False
1445,116.12255009981907,116.29766433063337,116.05680302892864,116.12255009981907,973372,False
1446,115.97127565275466,116.03163162579,115.95689602942181,115.97127565275466,296339,False
1447,115.84866695092697,115.85036835245657,115.76414325799055,115.84866695092697,258829,False
1448,115.98452593076851,116.19347240178138,115.87522103545123,115.98452593076851,163867,False
1449,116.27176928078515,116.34899749501976,116.24508842215192,116.27176928078515,789126,False
1450,116.27671584851014,116.4983709336253,116.14086224607735,116.27671584851014,918851,False
1451,116.34853602541136,116.39847027135296,116.30190083710569,116.34853602541136,903100,False
1452,116.74463645902912,116.84172568351461,116.69700498273201,116.74463645902912,509462,False
1453,116.80084974386062,116.82673688694499,116.73140858703584,116.80084974386062,124996,False
1454,117.40860734086168,117.4421729315442,117.30063522274658,117.40860734086168,413456,False
1455,117.54139874072452,117.5796855540471,117.42125541691603,117.54139874072452,758425,False
1456,117.127473705601,117.21421191347027,117.00370399747338,117.127473705601,372611,False
1457,117.30394770743551,117.31913410350356,117.1810721841092,117.30394770743551,341452,False
1458,117.39337047393258,117.62647418789693,117.28234902924382,117.39337047393258,776367,False
1459,117.69618731969219,117.80681947813535,117.59953995285704,117.69618731969219,823439,False
1460,117.85464907653056,117.90055850588647,117.79130018415852,117.85464907653056,390846,False
1461,117.82201371372066,117.971692381199,117.79231677830141,117.82201371372066,718657,False
1462,117.53351514654912,117.58510459923596,117.48887659424364,117.53351514654912,699857,False
1463,117.48438067019671,117.70784414484775,117.42956774863548,117.48438067019671,416096,False
1464,117.28453493257649,117.43112761916237,117.01177430281639,117.28453493257649,658457,False
1465,117.14836208692088,117.16510839960685,117.0350934998221,117.14836208692088,116829,False
1466,117.2862640789961,117.31285424571003,117.14768295289774,117.2862640789961,104522,False
1467,117.67797780036423,117.71403890269887,117.61450252254635,117.67797780036423,972119,False
1468,117.77086609541412,117.77124412432069,117.54704377673099,117.77086609541412,528535,False
1469,117.48918572748468,117.57058988666039,117.37075730514204,117.48918572748468,482478,False
1470,117.59365773840757,117.60006178781404,117.55134119444035,117.59365773840757,218576,False
1471,117.87509028536678,117.92662615264919,117.83500867510651,117.87509028536678,596336,False
1472,117.73133385556454,117.92273929166376,117.69668780651986,117.73133385556454,261545,False
1473,117.69977781598064,117.79069088880432,117.61865865276886,117.69977781598064,894131,False
1474,117.70323541049292,117.80793729143257,117.53819240628982,117.70323541049292,168165,False
1475,117.51846526865688,117.70511915980155,117.47519672824286,117.51846526865688,533671,False
1476,117.67083511195496,117.74747119028399,117.57224220019238,117.67083511195496,699980,False
1477,117.64237097265111,117.82397523731943,117.4907440733105,117.64237097265111,641729,False
1478,117.74108055545345,117.75113430267785,117.61031879979005,117.74108055545345,130716,False
1479,117.53209197945559,117.73687708570566,117.37159920692243,117.53209197945559,686463,False
1480,117.42926120107401,117.67051826076795,117.4226132854915,117.42926120107401,106834,False
1481,117.59891861938429,117.80277275781303,117.59579378522236,117.59891861938429,616853,False
1482,117.5112290683614,117.53725701911299,117.4062219693811,117.5112290683614,361609,False
1483,117.91710435779153,117.92729595541782,117.85331663990216,117.91710435779153,118179,False
1484,117.822856474183,117.87282559717671,117.56791102371665,117.822856474183,388363,False
1485,117.87580246657141,117.93378740537678,117.79271634595001,117.87580246657141,203153,False
1486,118.09566225193144,118.10051894414786,118.05449755904228,118.09566225193144,771142,False
1487,117.7606565708391,117.8472635185788,117.7182301328036,117.7606565708391,574579,False
1488,117.34594856724996,117.34907056853727,117.27289703618281,117.34594856724996,878263,False
1489,116.98788939240828,117.12881236982211,116.8911470223216,116.98788939240828,699255,False
1490,117.28330349128898,117.3047121623044,117.1059703961107,117.28330349128898,988886,False
1491,117.15385599847129,117.22730616476603,117.1512185167106,117.15385599847129,633784,False
1492,117.75326181992843,117.78588572618362,117.48507139397285,117.75326181992843,844227,False
1493,117.62037782949649,117.67354976917363,117.60582898981119,117.62037782949649,794598,False
1494,117.66379181751842,117.8060725842959,117.61993355171542,117.66379181751842,146025,False
1495,118.02669282635576,118.0856731842398,117.96863443185735,118.02669282635576,360281,False
1496,118.50023784453954,118.51240409907376,118.37308054460877,118.50023784453954,422030,False
1497,118.98881517283709,119.14068487179497,118.93866298932483,118.98881517283709,516779,False
1498,119.2763793049834,119.37540454925133,118.89277964661828,119.2763793049834,890144,False
1499,119.5206722455048,119.55809557457273,119.4540390140354,119.5206722455048,456211,False
1500,119.66231068408901,119.67784667119258,119.65173254578114,119.66231068408901,407633,False
1501,119.84859165393033,119.94523341443399,119.83813589047367,119.84859165393033,132664,False
1502,119.71647399024685,119.78836505193628,119.53768572838013,119.71647399024685,866159,False
1503,119.5205702195547,119.52745487045276,119.47299360143343,119.5205702195547,243492,False
1504,119.51976358540682,119.6000650195164,119.32222733157694,119.51976358540682,891747,False
1505,119.47908273370672,119.56345032504638,119.45698953166959,119.47908273370672,564133,False
1506,119.3707801905011,119.51292048337983,119.29317857035021,119.3707801905011,961465,False
1507,119.53703681633665,119.59481203400622,119.43296535904219,119.53703681633665,325648,False
1508,119.7654255241121,119.89251990817412,119.75622080980696,119.7654255241121,742150,False
1509,119.78660170082412,119.7904947489552,119.60316761263161,119.78660170082412,591127,False
1510,120.14057831546482,120.2373628246885,120.04589290606592,120.14057831546482,703318,False
1511,119.86625193460789,119.87529197674422,119.84709244371601,119.86625193460789,163910,False
1512,119.8198254675368,119.94263216959189,119.67373078559218,119.8198254675368,852648,False
1513,119.64804641684508,119.67756614901211,119.55210517389084,119.64804641684508,846253,False
1514,119.20139149724848,119.32003224810092,119.19410994047351,119.20139149724848,418063,False
1515,119.18168019164368,119.46046151027657,119.07157240677078,119.18168019164368,836648,False
1516,119.15266004642714,119.19246753923522,118.97637044451686,119.15266004642714,596142,False
1517,119.5133231719349,119.5904137896113,119.49729340216352,119.5133231719349,497348,False
1518,119.66410397336857,119.66558939016052,119.50080451257153,119.66410397336857,489297,False
1519,119.41898717609921,119.56630404176441,119.39050991056493,119.41898717609921,141598,False
1520,119.86181488890394,120.08937530489585,119.64787564519266,119.86181488890394,587028,False
1521,120.15452551847629,120.24452293485494,119.9595449537989,120.15452551847629,598515,False
1522,120.29440886520763,120.48078591612423,120.17957634587113,120.29440886520763,954638,False
1523,120.2399193236306,120.32827206210428,120.16645702016876,120.2399193236306,437044,False
1524,120.00919353079149,120.20801186399233,119.99076022244262,120.00919353079149,126296,False
1525,119.91985706074553,119.95885052913901,119.85449837283673,119.91985706074553,249138,False
1526,120.18098221844555,120.293605865396,120.15452871695227,120.18098221844555,259964,False
1527,120.63396508509085,120.71241524410962,120.51603993134125,120.63396508509085,699865,False
1528,121.0063002569056,121.0801593200835,120.9944009399561,121.0063002569056,829950,False
1529,120.88799253707943,120.89409291357725,120.86550644032,120.88799253707943,701461,False
1530,120.61729592923977,120.71734888794498,120.54624942662637,120.61729592923977,569509,False
1531,120.65128256551188,120.7222859401651,120.61864459805707,120.65128256551188,164771,False
1532,120.22455361032287,120.30472804032468,120.08719422522701,120.22455361032287,600010,False
1533,120.30225899868115,120.34280777566474,120.05843763695722,120.30225899868115,964297,False
1534,120.2667451495496,120.28333192062277,120.15935392543523,120.2667451495496,199074,False
1535,120.15464776314846,120.21718848356963,120.00445138556185,120.15464776314846,623136,False
1536,119.77142579247996,119.82246077201248,119.72690444926755,119.77142579247996,520331,False
1537,119.89445502658202,119.89932443040516,119.74033016235938,119.89445502658202,781398,False
1538,119.7667192728551,119.9382954123108,119.61071384160212,119.7667192728551,660910,False
1539,119.4864850703849,119.55610755265003,119.24163267570296,119.4864850703849,398030,False
1540,118.8000920382539,118.85363274689354,118.75468043606053,118.8000920382539,240973,False
1541,118.793554491749,118.84637831087349,118.7896354564124,118.793554491749,942809,False
1542,119.21461862499315,119.28115067638451,119.15294139355188,119.21461862499315,182910,False
1543,119.6107113923923,119.68631982857625,119.44441265123757,119.6107113923923,280934,False
1544,119.50136417554214,119.57578335849934,119.3441138520289,119.50136417554214,481136,False
1545,119.35743385006975,119.40814871500224,119.12721198422693,119.35743385006975,613271,False
1546,119.46933723458994,119.5957384680775,119.4637785096023,119.46933723458994,605042,False
1547,119.23078434114096,119.25363277028309,119.08963666627673,119.23078434114096,263878,False
1548,119.30275011098752,119.44573834950081,119.26590314060816,119.30275011098752,773019,False
1549,119.48554107902167,119.58089769480263,119.46064240565897,119.48554107902167,254525,False
1550,119.77874263926897,119.91968291145402,119.72275972284297,119.77874263926897,563609,False
1551,119.75474998056704,119.76698089942141,119.48372740247083,119.75474998056704,902744,False
1552,119.70596818250694,119.82447099078772,119.62968059187004,119.70596818250694,887868,False
1553,119.49576867131678,119.64181353967368,119.35785427458144,119.49576867131678,914001,False
1554,119.29815126430637,119.3482219892408,119.11614786592472,119.29815126430637,552029,False
1555,119.2441142380979,119.24879295664992,119.24295772971664,119.2441142380979,741075,False
1556,119.33172658702173,119.54112855741465,119.21339161824969,119.33172658702173,714773,False
1557,119.54976584868528,119.56407109052213,119.50678785411444,119.54976584868528,801346,False
1558,119.35772613770843,119.45768441582634,119.21531999621294,119.35772613770843,464699,False
1559,119.71405396455395,119.85383829301004,119.69726011392831,119.71405396455395,808537,False
1560,119.6491393537414,119.6502330277367,119.58630458751908,119.6491393537414,502521,False
1561,119.64402619698319,119.8750412166297,119.4944368368175,119.64402619698319,132646,False
1562,119.46522736955389,119.54578161267062,119.35367626715873,119.46522736955389,176126,False
1563,118.88600254177003,119.18930145043755,118.79982159919996,118.88600254177003,614116,False
1564,119.09620378824765,119.17364280692051,118.98954767305963,119.09620378824765,742210,False
1565,119.27171441010414,119.37684346978648,119.13543511343552,119.27171441010414,355217,False
1566,119.20460557000754,119.37198861705204,119.18636322224809,119.20460557000754,926862,False
1567,119.22057677405482,119.33884877955565,119.15942441498342,119.22057677405482,484382,False
1568,119.34359791628489,119.4096778880089,119.28528507136953,119.34359791628489,692947,False
1569,118.97063822734485,119.10731781281254,118.76426695953177,118.97063822734485,739629,False
1570,118.8447547579853,118.8751885083638,118.71134580546526,118.8447547579853,628446,False
1571,119.03354314011048,119.19645597327522,119.02740349833222,119.03354314011048,174236,False
1572,118.73493811178449,118.85355505498076,118.5604356770314,118.73493811178449,176067,False
1573,118.80464927760056,119.04943949001643,118.75968146254759,118.80464927760056,783098,False
1574,118.48231282657125,118.61157308138502,118.41248046573514,118.48231282657125,109879,False
1575,118.59284023275201,118.77710984733109,118.41619247893891,118.59284023275201,236615,False
1576,118.58438658352047,118.82097197681503,118.50756215726967,118.58438658352047,736572,False
1577,118.20132775223911,118.25570678623625,118.19630607254616,118.20132775223911,278996,False
1578,118.47667522860336,118.50351082964346,118.1973437317837,118.47667522860336,535564,False
1579,118.30261129326341,118.39577167816059,118.159066445488,118.30261129326341,446261,False
1580,118.11090133505235,118.27558993962427,118.02378793528285,118.11090133505235,310190,False
1581,118.15828015238235,118.27546366754085,118.12786519406096,118.15828015238235,668176,False
1582,118.42972217983693,118.45092945312801,118.42328712563605,118.42972217983693,916708,False
1583,118.18911518822527,118.21918562610901,118.11691726602197,118.18911518822527,629087,False
1584,118.20369496198222,118.27719039690123,118.14389888266365,118.20369496198222,583843,False
1585,118.30507035158169,118.39994027642973,118.29031689264535,118.30507035158169,849130,False
1586,118.46906616683836,118.75990458973739,118.4252251151004,118.46906616683836,474673,False
1587,118.51087189941178,118.53789570003909,118.43457751770944,118.51087189941178,613264,False
1588,118.42387832096954,118.59426972105503,118.35733113377633,118.42387832096954,190141,False
1589,118.22786543379009,118.33311831356544,118.05598593436463,118.22786543379009,477157,False
1590,118.2482346486156,118.42825749861575,118.2444474451025,118.2482346486156,393812,False
1591,117.99467755768518,118.04608365772758,117.88963155333236,117.99467755768518,235183,False
1592,117.3052699410193,117.37800859262208,117.18122087565104,117.3052699410193,517902,False
1593,117.40769147236354,117.47648133862701,117.36414392750824,117.40769147236354,303623,False
1594,117.61994927823028,117.66097093687829,117.59250988943047,117.61994927823028,958824,False
1595,117.06409329179765,117.09498687093173,117.01477187209994,117.06409329179765,116490,False
1596,116.82768687296613,116.84585935758042,116.73331657147087,116.82768687296613,528410,False
1597,116.97235559322769,117.08934307752872,116.95880645729909,116.97235559322769,874426,False
1598,117.45369577665683,117.73995892470336,117.42684537488877,117.45369577665683,546732,False
1599,117.45858037228757,117.65933629710429,117.42923884840683,117.45858037228757,741507,False
1600,117.28755998832033,117.43179496696659,117.13077171385672,117.28755998832033,581946,False
1601,117.24465703370485,117.25699817125081,117.2242137722269,117.24465703370485,668392,False
1602,117.56705086215835,117.73025755254352,117.48744457244354,117.56705086215835,629604,False
1603,117.41516265515382,117.50021285791406,117.33603406697873,117.41516265515382,138130,False
1604,117.22748813624675,117.23465735442832,117.0594033206794,117.22748813624675,563445,False
1605,117.11430651520786,117.20331607504748,117.00286553280553,117.11430651520786,469438,False
1606,116.8910096775332,116.93708294359723,116.6930548589175,116.8910096775332,916386,False
1607,116.91968779172139,117.01021887225058,116.79284410390729,116.91968779172139,475581,False
1608,117.29960158797378,117.39471550837585,117.25695590499525,117.29960158797378,245250,False
1609,117.37539572800947,117.47449911381055,117.30020126648114,117.37539572800947,282235,False
1610,117.31615554365862,117.39151622653662,117.27891725211185,117.31615554365862,687453,False
1611,117.24768719123165,117.25129227423537,117.10187971703323,117.24768719123165,504696,False
1612,116.8811261773151,117.15339394086264,116.76909188220156,116.8811261773151,820799,False
1613,117.0875639078974,117.15481694977356,117.08241140584174,117.0875639078974,537090,False
1614,117.0693363723381,117.10853565762173,117.02947285323697,117.0693363723381,859893,False
1615,117.02707904491292,117.07459211670042,117.02540328235834,117.02707904491292,691063,False
1616,117.7744391483951,118.07437909451912,117.72526736919694,117.7744391483951,499782,False
1617,117.84481006084854,118.00045360880004,117.60550937279986,117.84481006084854,447455,False
1618,117.66762071384072,117.68755067313214,117.66621741205866,117.66762071384072,595733,False
1619,117.56728374600317,117.61945296916913,117.52957446432006,117.56728374600317,677437,False
1620,117.83732303112322,117.89309262595037,117.72485237180393,117.83732303112322,434705,False
1621,117.86401799503604,117.92666150520394,117.73467050563767,117.86401799503604,512639,False
1622,117.52497555199952,117.7406127446344,117.4462998658419,117.52497555199952,714998,False
1623,117.74104026812479,117.82758852589006,117.45388674242726,117.74104026812479,192199,False
1624,117.58370430876408,117.77971783778975,117.48554208113134,117.58370430876408,265024,False
1625,118.02424289236615,118.07128311448717,117.9483019557295,118.02424289236615,651614,False
1626,118.2791866028528,118.38202240109649,118.17205057191829,118.2791866028528,131139,False
1627,118.17336886291648,118.43481451780139,118.11495510476466,118.17336886291648,817463,False
1628,118.476132900986,118.52253292209646,118.39715332051925,118.476132900986,605950,False
1629,118.4922114179526,118.57236887139258,118.47932143660405,118.4922114179526,291929,False
1630,118.6943054951611,118.7262760561653,118.51165900918144,118.6943054951611,435782,False
1631,118.80937554536006,118.90398661682178,118.73247183288684,118.80937554536006,434796,False
1632,118.6082653340238,118.62816937187488,118.5974486908479,118.6082653340238,637225,False
1633,118.45560467548945,118.64293791712701,118.39253129394223,118.45560467548945,358006,False
1634,118.69961393836672,118.73637043852538,118.56380419325461,118.69961393836672,916593,False
1635,118.62013853301247,118.62331176946839,118.59087627690066,118.62013853301247,972288,False
1636,118.52437685975566,118.69698728440015,118.3703927650773,118.52437685975566,609603,False
1637,118.29796624267152,118.33349429773823,118.1961699849293,118.29796624267152,432187,False
1638,118.39818805859551,118.45860384924715,118.29306755157273,118.39818805859551,770095,False
1639,118.8865864851237,118.99089169202097,118.8019442921831,118.8865864851237,159919,False
1640,118.63275579685128,118.65610046310488,118.51779460009955,118.63275579685128,444199,False
1641,118.63850223862927,118.67526090662375,118.61082577627123,118.63850223862927,560777,False
1642,118.97358970167946,119.05224347230195,118.79801648741966,118.97358970167946,971887,False
1643,118.95463925726878,119.00232997948959,118.85071228939982,118.95463925726878,530838,False
1644,119.06226270493487,119.15938955131445,118.87837793402613,119.06226270493487,400279,False
1645,118.80928075024637,118.87426777340211,118.76938676299574,118.80928075024637,791018,False
1646,118.9110544665653,118.99132984243678,118.77773123452158,118.9110544665653,971109,False
1647,118.86654742278718,119.04806152145973,118.79478719420295,118.86654742278718,391840,False
1648,119.10088806534228,119.16085087760835,119.08805516682092,119.10088806534228,234845,False
1649,119.3837255317778,119.4810832825083,119.38215202312966,119.3837255317778,124956,False
1650,120.00202904194943,120.0501347300901,119.90978129092562,120.00202904194943,902251,False
1651,120.14114335572071,120.21466885024421,120.12907482339995,120.14114335572071,363672,False
1652,120.21942643967124,120.4268860086337,119.9708570803696,120.21942643967124,489925,False
1653,120.26616397816025,120.50365007177157,120.23985398245345,120.26616397816025,186491,False
1654,120.18121606759479,120.27124131878291,120.02531108117371,120.18121606759479,144588,False
1655,120.26257486744771,120.31804363421384,120.05025986653838,120.26257486744771,301657,False
1656,120.19152339904213,120.226242517081,120.14263246611479,120.19152339904213,199152,False
1657,120.2320185617844,120.32400355039587,120.12685885141488,120.2320185617844,752160,False
1658,120.54885338450077,120.68982420602563,120.36669755331056,120.54885338450077,513727,False
1659,120.30617828024646,120.38538906328229,120.05920480424497,120.30617828024646,896551,False
1660,120.5804471470325,120.63621005546463,120.43806142415431,120.5804471470325,438037,False
1661,120.89808379456038,120.94194396638612,120.86878092620356,120.89808379456038,116167,False
1662,120.86953527722105,120.97454387102547,120.73063961620282,120.86953527722105,811863,False
1663,120.35660004608333,120.42942382750162,120.17333130484411,120.35660004608333,210782,False
1664,120.21028927048346,120.29852366906654,120.17490023174855,120.21028927048346,581005,False
1665,120.52211344973215,120.56562496323323,120.49564178151161,120.52211344973215,230775,False
1666,120.51660123533462,120.63327367801983,120.31510194199521,120.51660123533462,134889,False
1667,120.2757362180485,120.31915408489012,120.20705498826445,120.2757362180485,407822,False
1668,120.15431186749824,120.34790082564786,120.07878292797291,120.15431186749824,326406,False
1669,120.35632010915161,120.61080329779323,120.27215488639071,120.35632010915161,684550,False
1670,120.48792578984933,120.53312912617386,120.37656699137494,120.48792578984933,235753,False
1671,120.43034892378219,120.4923309986583,120.361363707396,120.43034892378219,704579,False
1672,120.34199533996498,120.38734473823489,120.20758919678563,120.34199533996498,690296,False
1673,120.24770542527173,120.38156256077036,120.00110144830197,120.24770542527173,871835,False
1674,120.02587000897803,120.15707119495247,119.94397502891961,120.02587000897803,329489,False
1675,120.41364375401788,120.4870754953265,120.25339616165549,120.41364375401788,506906,False
1676,120.3360201897094,120.58627498234907,120.30783219393724,120.3360201897094,912344,False
1677,120.62895621438167,120.71064717145164,120.57809801080457,120.62895621438167,368617,False
1678,120.99598574921284,121.12660701543511,120.92024583454167,120.99598574921284,796658,False
1679,121.23756897162401,121.27115111389905,121.2243546633097,121.23756897162401,511885,False
1680,121.1329117767586,121.297330379768,120.94562911212454,121.1329117767586,985932,False
1681,121.23072177958733,121.33046040071861,121.0488917431057,121.23072177958733,925217,False
1682,121.22485527793398,121.37328076869895,121.22412204713731,121.22485527793398,725244,False
1683,121.00575302337117,121.14138213331985,120.91244125597842,121.00575302337117,294499,False
1684,121.08425170164085,121.14773408524619,121.01975813014634,121.08425170164085,623764,False
1685,120.79872539996276,120.87100292232711,120.68536601311497,120.79872539996276,293073,False
1686,121.08566571258268,121.2945284232267,120.99375773560662,121.08566571258268,817084,False
1687,120.97314872309276,121.05624958454405,120.75567119983207,120.97314872309276,481150,False
1688,121.02181855702675,121.19036018422922,120.98353505412807,121.02181855702675,372976,False
1689,121.09038658380608,121.13701083906088,121.01274988998327,121.09038658380608,589114,False
1690,121.02768477709749,121.25376472060051,120.97707233493333,121.02768477709749,245780,False
1691,121.16969716202874,121.41369645001728,121.10174586602079,121.16969716202874,551816,False
1692,121.05460929752056,121.12267228587709,120.99068506579802,121.05460929752056,444891,False
1693,121.2655584053719,121.35826328364602,121.24105044272915,121.2655584053719,966539,False
1694,120.9391164503171,121.057693569577,120.73923445188642,120.9391164503171,815422,False
1695,120.96968491969251,121.00404715352886,120.88452639805186,120.96968491969251,427572,False
1696,121.43878817988796,121.47006777221823,121.34056601038017,121.43878817988796,973275,False
1697,121.195830132211,121.29539067135055,121.00096489112985,121.195830132211,111002,False
1698,121.03155040356961,121.05210394339751,120.92231544012137,121.03155040356961,953933,False
1699,121.15594853118716,121.33773912016981,121.01887201131775,121.15594853118716,132556,False
1700,121.19946333344677,121.24148434276393,121.0919130671413,121.19946333344677,692251,False
1701,121.2844556931678,121.40256810640837,121.16144234488843,121.2844556931678,594361,False
1702,121.40311728279192,121.4937869895708,121.32397885762789,121.40311728279192,321746,False
1703,121.55723161257136,121.78907745742801,121.53347423945192,121.55723161257136,106563,False
1704,121.82701569398957,122.00197043722518,121.76045773266837,121.82701569398957,310995,False
1705,121.92686966188819,121.95859202785195,121.92440189602755,121.92686966188819,892272,False
1706,121.86803808066898,121.948035912472,121.74884036918607,121.86803808066898,639442,False
1707,122.03196855552946,122.05395637707785,121.94292992546487,122.03196855552946,648482,False
1708,122.49566122060617,122.66366093089191,122.40945822858907,122.49566122060617,820380,False
1709,122.46316710367957,122.58372664164919,122.35223749568102,122.46316710367957,802221,False
1710,122.22447921350894,122.27963551913622,122.12528750430367,122.22447921350894,253520,False
1711,122.49510393001084,122.57527768021346,122.40281802228576,122.49510393001084,589676,False
1712,122.46561172363143,122.47702047060146,122.44922716420572,122.46561172363143,909960,False
1713,121.9334571135796,121.95481680074856,121.86307793699206,121.9334571135796,522618,False
1714,122.1401152230355,122.25801418637624,121.99000283065371,122.1401152230355,366496,False
1715,122.00934513040639,122.01807898289877,121.94230959600883,122.00934513040639,362328,False
1716,121.98725331743351,122.12529146465002,121.9067382964357,121.98725331743351,376463,False
1717,122.06824805479657,122.26471946140869,121.94411880820576,122.06824805479657,220497,False
1718,122.11475597912782,122.19990771590744,122.05304591093147,122.11475597912782,251521,False
1719,122.28802505018558,122.51004405045663,122.12146081661285,122.28802505018558,418477,False
1720,122.18151551379907,122.24712401824574,122.13698595525574,122.18151551379907,927637,False
1721,122.30689960187921,122.45678310483005,122.03765432904689,122.30689960187921,634714,False
1722,122.24341090300469,122.26583156544493,121.99132321759078,122.24341090300469,893936,False
1723,122.42404032939385,122.54714015220289,122.23473873908002,122.42404032939385,549794,False
1724,122.57471187675426,122.694375004262,122.4124002528397,122.57471187675426,813569,False
1725,122.3453896179913,122.38173319782732,122.15262166431751,122.3453896179913,216775,False
1726,122.61111942823452,122.64800968652462,122.50524996980444,122.61111942823452,133368,False
1727,122.47968927227843,122.59137014517933,122.47125120350937,122.47968927227843,866913,False
1728,122.67763060837348,122.75968673544968,122.59026083662832,122.67763060837348,203841,False
1729,122.76774648309465,122.82116007021735,122.73958654685886,122.76774648309465,590846,False
1730,123.21908581833894,123.25672555608777,123.20061933234389,123.21908581833894,478888,False
1731,123.16401527022023,123.25574252722801,123.1626687164102,123.16401527022023,311293,False
1732,123.07796875179774,123.11863076659797,122.89563526672859,123.07796875179774,880371,False
1733,123.07318850050449,123.11460735221415,123.03076993708846,123.07318850050449,108724,False
1734,122.99856189537988,123.11109738656539,122.99704100646038,122.99856189537988,498300,False
1735,123.19534530245734,123.22638722625628,123.18264117249618,123.19534530245734,790170,False
1736,122.7971014154126,122.94494152815805,122.58460028129251,122.7971014154126,968729,False
1737,122.5383231216455,122.66082649723754,122.44596673504714,122.5383231216455,178872,False
1738,122.27662956277608,122.38645468772438,122.26079551535018,122.27662956277608,694621,False
1739,122.50903038156497,122.5409835749382,122.37973603891034,122.50903038156497,824203,False
1740,122.92816155283047,122.93121418701774,122.7070058940265,122.92816155283047,605241,False
1741,122.90248205200959,122.92197070993817,122.85988594668767,122.90248205200959,329176,False
1742,122.8609848344009,122.920815222233,122.82638135964103,122.8609848344009,626884,False
1743,122.87819818990063,122.95440095464774,122.79934611408972,122.87819818990063,903599,False
1744,123.16373721458149,123.60491743225627,122.93169659356187,123.16373721458149,187844,False
1745,122.93530465913236,123.07501700731457,122.8515808489077,122.93530465913236,872427,False
1746,122.99391258615992,123.10614548759794,122.89230610511903,122.99391258615992,189751,False
1747,123.23379933022329,123.28407341017487,123.11036566224669,123.23379933022329,229817,False
1748,123.35730280699111,123.40109780964696,123.34657569269491,123.35730280699111,570547,False
1749,123.40407536076194,123.5614127656961,123.3383920945938,123.40407536076194,704808,False
1750,123.65114169565544,123.67559360203406,123.56407523604216,123.65114169565544,158326,False
1751,122.9826261770596,123.08459220148148,122.8846132305545,122.9826261770596,701958,False
1752,123.14935995109265,123.34698450073222,122.94822878148,123.14935995109265,623292,False
1753,122.98826194761922,123.03116064139891,122.72281122657233,122.98826194761922,766142,False
1754,122.53796923112219,122.7779200715758,122.46069946367045,122.53796923112219,273074,False
1755,122.66325268794512,122.74034478894909,122.50375992313909,122.66325268794512,842547,False
1756,123.00024753840967,123.03624117714759,122.8278590203045,123.00024753840967,124022,False
1757,122.96643513576367,123.0512716441251,122.86736710028529,122.96643513576367,184458,False
1758,123.20077830816598,123.20592485526613,123.06106856386374,123.20077830816598,248317,False
1759,123.59804618063303,123.62722817507805,123.59454343111668,123.59804618063303,708084,False
1760,123.92308789534835,123.96369582341157,123.74693560198172,123.92308789534835,503243,False
1761,124.32954683238545,124.63094038005514,124.31443834586359,124.32954683238545,507202,False
1762,124.51408358169911,124.67529261078064,124.33245721172771,124.51408358169911,734992,False
1763,124.53286868253724,124.61290056893328,124.34121043384441,124.53286868253724,496742,False
1764,124.13387388636345,124.23370933312181,124.10806888988908,124.13387388636345,847157,False
1765,124.07278450662406,124.30092665410967,123.9515359054604,124.07278450662406,406505,False
1766,123.86353660041084,123.96445047567116,123.64821257593964,123.86353660041084,623518,False
1767,124.40133788590322,124.53469181179992,124.29921398144081,124.40133788590322,924718,False
1768,124.35757702513976,124.44687059218484,124.24422385400085,124.35757702513976,129533,False
1769,124.3882199276389,124.40208806818772,124.34561460252729,124.3882199276389,332033,False
1770,124.52541649612249,124.70495790522453,124.48846376793409,124.52541649612249,249388,False
1771,124.53627572171206,124.58130521346469,124.45697163136725,124.53627572171206,239771,False
1772,124.95846640917898,125.0215353726429,124.91496751546565,124.95846640917898,834851,False
1773,124.802855790473,124.82245441792284,124.66480051403731,124.802855790473,751729,False
1774,124.85143092281645,125.08283191302203,124.81444378644099,124.85143092281645,983511,False
1775,124.66603389273145,124.7216601059773,124.515403777208,124.66603389273145,200960,False
1776,124.33690995048543,124.33928250112041,124.1186545874687,124.33690995048543,682753,False
1777,124.18477899375267,124.24989651896217,123.90930399746281,124.18477899375267,247745,False
1778,124.17558018084048,124.24248808550863,124.16845855361666,124.17558018084048,385539,False
1779,124.06896247523578,124.15081074123626,123.93583387369634,124.06896247523578,204162,False
1780,123.8971465700977,124.03011032518206,123.87006123070861,123.8971465700977,230704,False
1781,123.54866912825644,123.63350112755732,123.44692400494672,123.54866912825644,254779,False
1782,123.5281339624656,123.54680552237635,123.52364042602508,123.5281339624656,577965,False
1783,123.1563833625869,123.1594374727401,122.9212198178865,123.1563833625869,175937,False
1784,123.34359484986923,123.45266623438403,123.25868673118745,123.34359484986923,753935,False
1785,123.3639316808402,123.41327503639484,123.34002812059809,123.3639316808402,744938,False
1786,123.00431311363761,123.13102505538066,122.98075075693822,123.00431311363761,492888,False
1787,122.92824501337557,123.0607884807695,122.83571697608093,122.92824501337557,842092,False
1788,122.74332247954594,122.78960778607566,122.73871674974771,122.74332247954594,811776,False
1789,122.8216755592652,122.86529157085178,122.74714369757204,122.8216755592652,977944,False
1790,123.15094829883466,123.3109999103231,123.03243809958188,123.15094829883466,239830,False
1791,122.68908976311317,122.9561903707999,122.62170546260619,122.68908976311317,691297,False
1792,122.7173146530124,122.85532929934824,122.61479534652375,122.7173146530124,506497,False
1793,122.67801251969276,122.81198954041749,122.46669227327635,122.67801251969276,359188,False
1794,122.84272985230027,123.02410267656475,122.82767414919937,122.84272985230027,345340,False
1795,122.89510916391632,122.95121106823034,122.83954861829946,122.89510916391632,132548,False
1796,122.7102824576924,122.7410287912983,122.54786123827846,122.7102824576924,642659,False
1797,122.63198006056263,122.70912253309955,122.45779606736079,122.63198006056263,468121,False
1798,122.43674360656419,122.46083209601565,122.3360595292996,122.43674360656419,775004,False
1799,122.70022922685904,122.70786852550228,122.44212928342559,122.70022922685904,324731,False
1800,122.70545911521353,122.80515302859236,122.5220361849863,122.70545911521353,254946,False
1801,123.1720320671353,123.27768150806484,122.92901180028824,123.1720320671353,581875,False
1802,123.15708863572652,123.35092732783815,123.03834318507226,123.15708863572652,638569,False
1803,122.98259800576145,123.02017710760771,122.89391285361147,122.98259800576145,515505,False
1804,122.61027694847697,122.76400630556704,122.57109633162638,122.61027694847697,351060,False
1805,122.16811003831191,122.16859565123711,122.10424361091292,122.16811003831191,498270,False
1806,121.78104824991043,121.85320083988164,121.71981706832588,121.78104824991043,200020,False
1807,121.84611017706176,121.87146087339228,121.71835637362138,121.84611017706176,731796,False
1808,121.97008250752238,122.0582828916053,121.84984311993048,121.97008250752238,605626,False
1809,121.58436658674842,121.69486396812857,121.46565481216722,121.58436658674842,166846,False
1810,121.80201191972405,121.85170366656266,121.6886295313253,121.80201191972405,456826,False
1811,121.68433630377385,121.8466827702559,121.64867657627195,121.68433630377385,542985,False
1812,121.72006112424883,121.75459645343352,121.65457878920547,121.72006112424883,391456,False
1813,122.11254031108287,122.18419562955647,121.99830923590847,122.11254031108287,589733,False
1814,122.33157096530525,122.41407312786853,122.26938824283587,122.33157096530525,476330,False
1815,122.26587141328395,122.37324315151012,122.14165421974272,122.26587141328395,890689,False
1816,122.04794662520966,122.14196333970135,122.00311160306866,122.04794662520966,509062,False
1817,121.52269732271218,121.5997686206865,121.4231635573398,121.52269732271218,515699,False
1818,121.34791042042633,121.47484992313478,121.33400630196647,121.34791042042633,650846,False
1819,121.29666999380972,121.37960168387968,121.16494388504326,121.29666999380972,667476,False
1820,121.05718681515071,121.06363221090453,121.01582802729082,121.05718681515071,768372,False
1821,121.02540761677855,121.14398370587169,120.90439488146014,121.02540761677855,657524,False
1822,121.04400967770097,121.09196856620646,120.77848722146803,121.04400967770097,597425,False
1823,120.98957473842484,121.36115199040825,120.78620395718343,120.98957473842484,669364,False
1824,120.83228766675941,120.9262918471786,120.77189090473894,120.83228766675941,410546,False
1825,120.87304552643826,120.89368419276782,120.83923153361373,120.87304552643826,456611,False
1826,120.97988295094903,121.27098936081032,120.86058663717824,120.97988295094903,263148,False
1827,120.71605024543132,120.89189507549379,120.63801343097724,120.71605024543132,704625,False
1828,121.05669461352404,121.10773139720595,120.77690123798992,121.05669461352404,215827,False
1829,121.03282510667914,121.1918829063262,121.01859183372575,121.03282510667914,568380,False
1830,121.03738795291356,121.13341288278673,120.93172433923307,121.03738795291356,698552,False
1831,121.20882880071666,121.25956352999538,121.18219970292921,121.20882880071666,903767,False
1832,121.26536450897243,121.30896376621719,121.22656243850636,121.26536450897243,878060,False
1833,121.49652943164912,121.81294854571365,121.48823180827635,121.49652943164912,668061,False
1834,121.56629861082509,121.63017664531414,121.44686116629512,121.56629861082509,807518,False
1835,121.41739512129314,121.50209789351985,121.32219707949966,121.41739512129314,390714,False
1836,121.50518075400853,121.62110331290368,121.46012296239408,121.50518075400853,187995,False
1837,121.22724343490134,121.27757398977911,121.07402664596246,121.22724343490134,140658,False
1838,121.25356422266012,121.39012461943304,121.1361877319539,121.25356422266012,552400,False
1839,121.24550571305066,121.27160025965715,121.14711722372218,121.24550571305066,482784,False
1840,121.19503924583582,121.28794146730873,121.05168787461346,121.19503924583582,959045,False
1841,121.163883028349,121.24632096404576,121.15330194348202,121.163883028349,420338,False
1842,120.70785875309763,120.72450572498968,120.49567323429747,120.70785875309763,298579,False
1843,120.57538793578182,120.81644703774386,120.50430837685354,120.57538793578182,474016,False
1844,120.59777755572773,120.73525602100533,120.25541972099971,120.59777755572773,546288,False
1845,120.63633420693367,120.64858581633337,120.51215566544406,120.63633420693367,800948,False
1846,120.38838428341987,120.44644425559083,120.19875604630958,120.38838428341987,994990,False
1847,120.69313732729297,120.85462802339825,120.61026227306317,120.69313732729297,351953,False
1848,120.48405460748297,120.6054520134864,120.42241674768252,120.48405460748297,168582,False
1849,120.71766287605874,120.88792635176121,120.5639090074372,120.71766287605874,817103,False
1850,120.82080268597669,120.95199248933946,120.72500826879134,120.82080268597669,537734,False
1851,120.66464728139083,120.68327470950788,120.57252728251233,120.66464728139083,243775,False
1852,121.0930818067339,121.19733223713641,120.95089574320588,121.0930818067339,673744,False
1853,120.80399948170307,121.04309546529697,120.74619110588053,120.80399948170307,679779,False
1854,121.02607448232784,121.05862035373684,120.85120423129945,121.02607448232784,370187,False
1855,121.2682675826262,121.26975040070253,121.19502326383468,121.2682675826262,465356,False
1856,121.10561768070494,121.29785197671762,120.77698308139671,121.10561768070494,618943,False
1857,121.44288842123142,121.55913765973885,121.38331781202905,121.44288842123142,864291,False
1858,121.3821556792863,121.45290772604375,121.01966858211046,121.3821556792863,430484,False
1859,121.45224018939203,121.49952669537073,121.24468267686986,121.45224018939203,241248,False
1860,121.51547353037,121.61587562022028,121.452398549498,121.51547353037,497152,False
1861,121.48283234973188,121.4932746966896,121.44672348843747,121.48283234973188,655462,False
1862,121.67983092076398,121.75127573955932,121.62327129350409,121.67983092076398,444776,False
1863,121.87293406747263,121.93779148614492,121.86209802914368,121.87293406747263,450912,False
1864,121.44673662369398,121.49355107015728,121.3630933224502,121.44673662369398,732465,False
1865,121.763552355583,121.81383833629515,121.75580497863031,121.763552355583,650197,False
1866,121.35869049513116,121.39424308367472,121.19337630691379,121.35869049513116,144158,False
1867,121.6093074056004,121.9278206912468,121.43713647325777,121.6093074056004,763726,False
1868,121.88334306828027,122.04063629258812,121.72477092993172,121.88334306828027,316197,False
1869,121.61740179690047,121.69276675346926,121.4213168759188,121.61740179690047,809697,False
1870,121.5174774642563,121.77641152257998,121.40979619115886,121.5174774642563,945763,False
1871,121.24875257998659,121.39233305105002,121.01906110182084,121.24875257998659,885772,False
1872,121.19663476633515,121.32221353947385,121.1203248077261,121.19663476633515,868278,False
1873,121.12196932906322,121.12694700377527,121.09682630437761,121.12196932906322,827402,False
1874,121.31083736721642,121.38337288166653,121.15054739222747,121.31083736721642,544140,False
1875,121.62874666961913,121.69306087101856,121.58836659968429,121.62874666961913,522058,False
1876,121.96825721492604,121.98251202670814,121.72315711659319,121.96825721492604,772818,False
1877,121.83112390599861,121.99850636131664,121.80821523395392,121.83112390599861,187367,False
1878,121.78014443395058,121.89793907656065,121.76070094721774,121.78014443395058,427526,False
1879,121.37012574156199,121.54092142499093,121.35410759855353,121.37012574156199,174319,False
1880,121.17450863895799,121.32095900187875,121.10482023133513,121.17450863895799,373314,False
1881,121.40833948405815,121.57967761082436,121.33981806216971,121.40833948405815,744240,False
1882,121.80062993987006,121.81729188904335,121.64674663880399,121.80062993987006,704433,False
1883,121.49994099954898,121.5760272509713,121.37848371908454,121.49994099954898,886427,False
1884,121.35597225448615,121.37356271045883,121.29338080693365,121.35597225448615,992058,False
1885,121.34956326186841,121.49615281102841,121.2859337862897,121.34956326186841,319643,False
1886,121.4175581303998,121.69022195138047,121.12541262912808,121.4175581303998,902640,False
1887,121.22095796551447,121.41264126629373,121.06881288456856,121.22095796551447,790538,False
1888,121.32376813760607,121.37310668535721,121.24045398931972,121.32376813760607,310244,False
1889,121.20879218744906,121.2708242993182,121.15473154972317,121.20879218744906,764399,False
1890,121.20528870285402,121.2802815466894,121.16895472249276,121.20528870285402,114990,False
1891,121.33771378284025,121.42693839734103,121.30070571398198,121.33771378284025,761801,False
1892,121.33927230991257,121.34678419420567,121.31945929905348,121.33927230991257,616641,False
1893,121.23337081710696,121.2692026251423,121.22850704550908,121.23337081710696,229327,False
1894,121.2067940850979,121.24182552127166,120.95324594453567,121.2067940850979,965746,False
1895,121.18537370309559,121.26175475984667,121.1406408765643,121.18537370309559,389006,False
1896,121.09569385323454,121.3085867664739,121.06659446050162,121.09569385323454,520489,False
1897,121.03301567568423,121.1805774130877,120.94236520306167,121.03301567568423,980381,False
1898,121.4199938517794,121.43265042660916,121.3524725652015,121.4199938517794,754511,False
1899,121.55620752362013,121.65184875688679,121.51964961367517,121.55620752362013,890388,False
1900,121.48437258990513,121.57967660305862,121.39112239100064,121.48437258990513,303161,False
1901,121.65371072701666,121.87259629325384,121.61730750103946,121.65371072701666,450933,False
1902,121.57248996773302,121.67690794678329,121.4822291729785,121.57248996773302,451595,False
1903,121.85772933420083,121.88844673902634,121.76510429551705,121.85772933420083,217782,False
1904,121.94781685061557,122.02977004508557,121.91126840778692,121.94781685061557,888797,False
1905,121.92164632620616,121.97288616649902,121.85759997555046,121.92164632620616,434348,False
1906,122.03081909557194,122.04433076693878,121.81770783143749,122.03081909557194,498216,False
1907,121.6474284885027,121.70115147792973,121.60067631295207,121.6474284885027,943504,False
1908,121.37329175830794,121.42397796927433,121.31238037892028,121.37329175830794,152499,False
1909,121.08347054202953,121.16644305651613,120.89805217827129,121.08347054202953,357023,False
1910,121.11808663403754,121.26632691406097,121.07725926611299,121.11808663403754,431355,False
1911,121.53776443764235,121.61240235478779,121.37557787187433,121.53776443764235,243979,False
1912,122.08013890075763,122.35538210994677,122.0075520272825,122.08013890075763,248408,False
1913,122.23592563493698,122.31759584879434,122.12471742562128,122.23592563493698,971652,False
1914,122.35836801092493,122.45396323895935,122.34739687981589,122.35836801092493,980279,False
1915,121.91761904083617,121.99334671771975,121.83346468142871,121.91761904083617,807691,False
1916,121.78529604567734,121.89032396372431,121.48135558310001,121.78529604567734,471603,False
1917,121.5934150907851,121.5957504100248,121.26519526788675,121.5934150907851,439899,False
1918,121.44243313134058,121.61119313972078,121.29929267142755,121.44243313134058,430927,False
1919,121.40159354245073,121.44811643432662,121.38349988529376,121.40159354245073,825311,False
1920,121.2869684455931,121.35267416256532,121.10113694681512,121.2869684455931,807869,False
1921,120.80684189830227,120.83337651896761,120.67076172658155,120.80684189830227,892904,False
1922,120.98754725043209,121.06554501253471,120.88426291466023,120.98754725043209,515596,False
1923,120.72797015540355,120.767957586602,120.71727288570857,120.72797015540355,465296,False
1924,120.78573773194393,120.98119230557313,120.72627264309308,120.78573773194393,258352,False
1925,121.28677694270951,121.34274167350036,121.2201673643748,121.28677694270951,252931,False
1926,121.0637585549409,121.22125542416866,121.01273322698515,121.0637585549409,330413,False
1927,120.45110631948423,120.52068059105191,120.29273859110464,120.45110631948423,541618,False
1928,120.38220726960921,120.38321391900375,120.24784456032162,120.38220726960921,239334,False
1929,120.64727917156095,120.65072389081014,120.64444766168235,120.64727917156095,246626,False
1930,121.1198177556095,121.13419214464318,120.9194274063521,121.1198177556095,631296,False
1931,120.82197211000639,120.87519655760244,120.76047030040799,120.82197211000639,974283,False
1932,120.94199646940027,121.05313842959436,120.80244220905485,120.94199646940027,180799,False
1933,120.82944531815814,120.90766216748504,120.72546595312664,120.82944531815814,902670,False
1934,120.80384195639226,121.00049683208483,120.72487525690076,120.80384195639226,335018,False
1935,121.44273562793522,121.60495357116328,121.36205122495319,121.44273562793522,379297,False
1936,121.07768597143938,121.33626263786962,121.06718584219108,121.07768597143938,159353,False
1937,121.13913039354526,121.20092597632144,121.13187255610495,121.13913039354526,676380,False
1938,121.25244228178258,121.34089828478147,121.21313499138286,121.25244228178258,343907,False
1939,121.5157507691727,121.72211980123254,121.27598744978141,121.5157507691727,798512,False
1940,121.53956376208619,121.82086174424742,121.45189993290613,121.53956376208619,673392,False
1941,121.6144444184622,121.75141222194026,121.55183831193631,121.6144444184622,255355,False
1942,121.51918417259363,121.59804327020028,121.5187862727221,121.51918417259363,539645,False
1943,121.58459234527157,121.78403937995812,121.4016145627048,121.58459234527157,843894,False
1944,121.50113855944679,121.64469496882339,121.4061392683537,121.50113855944679,128887,False
1945,121.6521819440749,121.82873023964991,121.47070338890912,121.6521819440749,539388,False
1946,121.5622541363773,121.65213902142389,121.50357807081444,121.5622541363773,890787,False
1947,121.65393648421423,121.7822543574372,121.56736005660201,121.65393648421423,395845,False
1948,121.64681661125947,121.65119845559003,121.56202334230335,121.64681661125947,272606,False
1949,121.92077746796096,122.01475020008958,121.87176696243003,121.92077746796096,351420,False
1950,121.9082455424872,121.91420309888503,121.77862257625092,121.9082455424872,695730,False
1951,121.47595098750926,121.69939404419628,121.44009212961332,121.47595098750926,636567,False
1952,121.7825372162509,122.16256498486001,121.74449390515424,121.7825372162509,798851,False
1953,121.56193246097538,121.58745019893999,121.39918802375482,121.56193246097538,745026,False
1954,121.40298626196721,121.43500448311757,121.18928513779184,121.40298626196721,569363,False
1955,121.25835614217212,121.30664376012272,121.14387278668696,121.25835614217212,763621,False
1956,121.59168034976628,121.62234011338421,121.49372846621112,121.59168034976628,759834,False
1957,121.0723199170516,121.31665322754938,121.05010640092678,121.0723199170516,715702,False
1958,121.8321089056247,121.86019573008907,121.8266505278788,121.8321089056247,914822,False
1959,122.08943216197002,122.14399975623667,121.93512896431967,122.08943216197002,520141,False
1960,122.14394238649498,122.18514924143417,122.0205825985503,122.14394238649498,444318,False
1961,122.1305324471977,122.18288672838752,122.04153233846294,122.1305324471977,320079,False
1962,122.20028218960735,122.21163829044002,122.09683820333949,122.20028218960735,629075,False
1963,122.32764480521392,122.47657628911548,122.08141050499498,122.32764480521392,342951,False
1964,122.48550021125571,122.4865517739999,122.4692319892384,122.48550021125571,304470,False
1965,122.6216071931318,122.6802022219347,122.55749416858431,122.6216071931318,813537,False
1966,122.64357624734973,122.78127268226883,122.55369067116173,122.64357624734973,405868,False
1967,122.59517166815473,122.83738734607202,122.48319015798786,122.59517166815473,634951,False
1968,122.55808091979812,122.6909014469629,122.55590591923264,122.55808091979812,509336,False
1969,122.51030575020731,122.5111589393505,122.4124764301251,122.51030575020731,778100,False
1970,122.78810279264258,122.88667806816062,122.7608969362871,122.78810279264258,595262,False
1971,122.93386620029996,122.97038241086932,122.87741740704699,122.93386620029996,233107,False
1972,122.21091951431856,122.36666329341739,122.17491891000469,122.21091951431856,724559,False
1973,122.37123598833828,122.4740714915545,122.32688037525514,122.37123598833828,691676,False
1974,122.41889620601708,122.6681601988542,122.39618860250194,122.41889620601708,152335,False
1975,122.4143155953901,122.51708721651524,122.41078397664474,122.4143155953901,143315,False
1976,122.31919515432797,122.46805380613903,122.15649113255398,122.31919515432797,991354,False
1977,122.59419628067084,122.64101247197323,122.55517877288982,122.59419628067084,408771,False
1978,122.82651877082807,123.01146985222587,122.69195175640033,122.82651877082807,501519,False
1979,122.63665902407908,122.90504922801149,122.56178799445233,122.63665902407908,602870,False
1980,122.73649808916122,122.76518222388421,122.57468006362488,122.73649808916122,149334,False
1981,122.49798259927651,122.68421212720021,122.42959627823429,122.49798259927651,286964,False
1982,122.1599817153886,122.27579968682244,122.15410613506914,122.1599817153886,292268,False
1983,122.00686218599535,122.03424262535715,121.90090602067625,122.00686218599535,952132,False
1984,122.21729802906555,122.27862558976618,121.98168593341329,122.21729802906555,139726,False
1985,122.45027476452492,122.49188888327612,122.39099081532133,122.45027476452492,593657,False
1986,122.57592966586209,122.6843471953922,122.56915659824489,122.57592966586209,306823,False
1987,122.75368824620148,122.89612526506495,122.65549618610447,122.75368824620148,804966,False
1988,122.8804138232734,122.91970975014098,122.87330795512241,122.8804138232734,872333,False
1989,122.72276277551138,122.89992008297044,122.52099467666301,122.72276277551138,917126,False
1990,122.82877623148622,122.91314427457597,122.66322920670012,122.82877623148622,262325,False
1991,123.0254028764217,123.08521396405239,122.94198920316313,123.0254028764217,779590,False
1992,123.2109968658947,123.25107727064002,123.12866564469662,123.2109968658947,285046,False
1993,123.50397126926786,123.70402463641132,123.36168991497024,123.50397126926786,949977,False
1994,123.67892794525714,123.7553829392608,123.67125350095716,123.67892794525714,510141,False
1995,123.7658614203312,123.78677617984376,123.6555215287607,123.7658614203312,892465,False
1996,124.03075755252003,124.12609355716204,123.99985662307287,124.03075755252003,686749,False
1997,124.02417864876821,124.03369911063363,123.9247867546976,124.02417864876821,889097,False
1998,123.80543109018883,123.97683019562542,123.68816221306231,123.80543109018883,389169,False
1999,123.76505393865358,123.787801877966,123.58665871918576,123.76505393865358,516749,False
2000,123.58066810662656,123.6318786739742,123.52612469229642,123.58066810662656,964093,False
2001,123.41379014200173,123.51955529672432,123.37534818080394,123.41379014200173,618982,False
2002,123.37811894820315,123.39677598303574,123.35244000169553,123.37811894820315,383142,False
2003,123.18258438966303,123.19422608661002,123.15819841384675,123.18258438966303,423392,False
2004,123.10671339543597,123.23576015101438,122.95469149816455,123.10671339543597,728781,False
2005,122.64048003926382,122.66869045344757,122.5770152405633,122.64048003926382,385201,False
2006,122.69279692458696,122.81182134111097,122.40565940160896,122.69279692458696,703532,False
2007,122.69309273087458,122.78836837660428,122.60042963156509,122.69309273087458,314680,False
2008,122.4925904685126,122.49657762965896,122.46846852662448,122.4925904685126,301703,False
2009,122.65409588787547,122.76895483168825,122.62716079155315,122.65409588787547,459175,False
2010,122.88408952299957,123.02956494808372,122.76020639114019,122.88408952299957,999145,False
2011,122.48900246242617,122.49939676219682,122.4858524170508,122.48900246242617,730175,False
2012,122.30215166786627,122.32340792429315,122.03778380973426,122.30215166786627,615728,False
2013,122.11401613923053,122.3574947503714,121.96066948823669,122.11401613923053,167173,False
2014,121.88446545431428,121.939978999735,121.54116435256132,121.88446545431428,835566,False
2015,122.08666564974759,122.09279064835108,122.08156841262146,122.08666564974759,138734,False
2016,122.03933847575053,122.19189662092977,121.89972681480549,122.03933847575053,686360,False
2017,121.97477604324939,122.04945388195237,121.8892499342147,121.97477604324939,557391,False
2018,121.48593471700937,121.53429763338508,121.41642630463812,121.48593471700937,334046,False
2019,121.6403234236814,121.82137223365785,121.40608963874384,121.6403234236814,294855,False
2020,103.60325921821496,103.71842689613041,103.48895884939344,103.60325921821496,456338,True
2021,121.87263604083255,121.9154628978867,121.761212820083,121.87263604083255,826099,False
2022,121.14070432771207,121.19764912025663,121.00013243281145,121.14070432771207,318126,False
2023,121.96333723603698,121.98829928174894,121.67813472884846,121.96333723603698,544258,False
2024,121.43242493736928,121.44590557127664,121.35770115870952,121.43242493736928,807717,False
2025,120.69909157095091,120.81416578711874,120.51991870697262,120.69909157095091,239741,False
2026,120.74347251702592,120.84323457622692,120.58472220501285,120.74347251702592,737560,False
2027,121.17827246174862,121.21419157314168,121.0330674416957,121.17827246174862,692190,False
2028,121.47853921919258,121.65614008791349,121.47636881298314,121.47853921919258,512126,False
2029,121.5294774581948,121.69152332003998,121.52205233165834,121.5294774581948,156959,False
2030,121.409980880716,121.48062618668891,121.40154390534434,121.409980880716,720911,False
2031,121.60596635876826,121.64481825754228,121.56430758014758,121.60596635876826,755726,False
2032,121.36918830594831,121.43507640356059,121.2532032751578,121.36918830594831,672703,False
2033,121.4848186175683,121.49391312977956,121.45318159781878,121.4848186175683,224716,False
2034,121.60763251877418,121.76798652297855,121.56256492303483,121.60763251877418,483353,False
2035,121.86549175242196,122.10066536934498,121.84393547261578,121.86549175242196,109907,False
2036,122.53810640784477,122.58677743676363,122.49531296870136,122.53810640784477,982257,False
2037,122.63427822692934,122.83037712328058,122.5461425599991,122.63427822692934,657068,False
2038,122.50944545316453,122.57844257725341,122.43198282761351,122.50944545316453,551095,False
2039,122.50317926355557,122.72032921600783,122.48768559120873,122.50317926355557,659373,False
2040,122.06974441814063,122.21889009773138,121.87678876683105,122.06974441814063,558715,False
2041,121.9001375094287,122.03083843653874,121.83536324844182,121.9001375094287,906858,False
2042,121.80035433845634,121.92364363190306,121.69128157057106,121.80035433845634,369629,False
2043,121.67268603331013,121.87730646138245,121.56216123080456,121.67268603331013,411671,False
2044,121.70976088633132,121.74572639933174,121.65176860358699,121.70976088633132,329632,False
2045,121.50956781969455,121.5225121252269,121.43502510979762,121.50956781969455,880504,False
2046,121.781999723493,121.97923249534055,121.70566770993038,121.781999723493,870497,False
2047,121.78205015705262,121.81549179135419,121.7546421463819,121.78205015705262,191005,False
2048,121.77978493270187,121.88612098779276,121.77233656834305,121.77978493270187,682816,False
2049,121.69992303658685,121.74749834284424,121.60511241894126,121.69992303658685,744919,False
2050,121.7376964251501,121.76717315775002,121.69571942545014,121.7376964251501,389943,False
2051,121.93858754928014,121.96899540933273,121.83312905654799,121.93858754928014,878074,False
2052,121.72711428182997,121.72859246422544,121.70887879238482,121.72711428182997,500662,False
2053,121.56689303967713,121.65261982736531,121.50017374175299,121.56689303967713,281532,False
2054,121.49304698036981,121.57308829757172,121.33844749797846,121.49304698036981,456961,False
2055,121.16601906169973,121.35831362470036,121.11331947030254,121.16601906169973,420404,False
2056,120.96748663480481,120.968525520335,120.73514572997024,120.96748663480481,245949,False
2057,120.85227215049336,121.01971132277843,120.81956980166204,120.85227215049336,359673,False
2058,121.06361598895924,121.11777661228174,120.98878518395672,121.06361598895924,517939,False
2059,121.12718923677492,121.21528761200774,120.90791236995713,121.12718923677492,375087,False
2060,121.17408724043202,121.26200099632632,121.12570613440134,121.17408724043202,503522,False
2061,121.38030080823292,121.40013820449461,121.30778356797134,121.38030080823292,267856,False
2062,121.34695235023595,121.43741010605133,121.27820785412821,121.34695235023595,611844,False
2063,121.44171578931348,121.44639111147161,121.43068998627909,121.44171578931348,483545,False
2064,121.41664493574767,121.70662339224326,121.20805632257299,121.41664493574767,775815,False
2065,121.48108374806041,121.62442090788781,121.37623818901338,121.48108374806041,321099,False
2066,121.33949544147997,121.59067139828042,121.29028743292568,121.33949544147997,826808,False
2067,120.74764575456139,120.90269068318918,120.57610944019306,120.74764575456139,523190,False
2068,120.71521796914561,121.1424119507892,120.70019727991561,120.71521796914561,127371,False
2069,121.05871267187463,121.113320830182,120.88447365556449,121.05871267187463,198746,False
2070,121.28296556037908,121.33957387644853,121.23143265269739,121.28296556037908,725536,False
2071,121.51713810013057,121.6488922980724,121.39876541613727,121.51713810013057,788526,False
2072,121.81756023539364,121.83251116788685,121.7576479849868,121.81756023539364,387871,False
2073,121.83916033824818,121.85730795159341,121.79615036161618,121.83916033824818,738288,False
2074,121.88724189847186,121.94924079530567,121.67683590177943,121.88724189847186,163969,False
2075,121.73667412649615,121.74356201056366,121.72120907644882,121.73667412649615,521584,False
2076,121.65971880994736,121.79607649571028,121.47911111999153,121.65971880994736,692819,False
2077,121.80954789981224,121.87978350155554,121.67032237102511,121.80954789981224,663385,False
2078,122.10283713784254,122.19294397125996,121.99406740966063,122.10283713784254,266056,False
2079,122.06878356606462,122.27831257946143,121.9881667857727,122.06878356606462,675147,False
2080,121.9588754541948,122.12615969249417,121.94090357787314,121.9588754541948,296300,False
2081,121.95900423273167,121.98474595753561,121.95517142596486,121.95900423273167,585315,False
2082,122.10564938560647,122.27949780153726,122.08433123816489,122.10564938560647,777510,False
2083,121.75304372572143,121.8182494302636,121.62146271556516,121.75304372572143,331944,False
2084,121.19390968574245,121.28570568265106,121.19341982507109,121.19390968574245,156790,False
2085,121.06046625931054,121.20347339091232,121.0303419265343,121.06046625931054,952128,False
2086,120.76490622841115,120.7685939653658,120.69603965505281,120.76490622841115,902080,False
2087,120.64217522177162,120.78444363304956,120.50350798436361,120.64217522177162,161779,False
2088,120.60651814353741,120.84805473894002,120.45884881480387,120.60651814353741,206371,False
2089,120.49718871860469,120.53157854116171,120.49274370346512,120.49718871860469,398816,False
2090,120.84722522782222,120.8641430831691,120.77661479477092,120.84722522782222,431253,False
2091,120.92619762414205,120.9919177605132,120.73078375065505,120.92619762414205,134593,False
2092,120.99886806772462,121.04443220267711,120.89376888281002,120.99886806772462,507002,False
2093,121.14944078799041,121.22566499842895,120.88689903889936,121.14944078799041,587252,False
2094,120.87350279725044,120.91156288158133,120.76343024605129,120.87350279725044,896247,False
2095,121.12470496033723,121.14436137387062,121.08146706261057,121.12470496033723,786783,False
2096,121.10635110663095,121.10942082258647,121.10024735251795,121.10635110663095,592696,False
2097,121.26875002871455,121.34039901520613,120.98701034552674,121.26875002871455,907734,False
2098,121.00878445499451,121.01785760399481,120.96388333297264,121.00878445499451,292136,False
2099,120.63274753577072,120.87635404547733,120.57856753985386,120.63274753577072,317872,False
2100,120.83007608902801,120.89639197053353,120.70166155745184,120.83007608902801,447284,False
2101,120.92103927238601,121.20541796728604,120.68803213379968,120.92103927238601,783195,False
2102,120.70288524952565,120.76951850665942,120.52403167049212,120.70288524952565,435500,False
2103,120.49294356331596,120.53798830133053,120.41295536363921,120.49294356331596,673570,False
2104,120.76415746324132,120.8669973600715,120.7405572240218,120.76415746324132,752739,False
2105,120.47688081300356,120.63111715582971,120.45609902882674,120.47688081300356,808074,False
2106,120.87268904021188,120.90463828932701,120.7594130597273,120.87268904021188,822395,False
2107,120.65496814020736,120.87254732599784,120.62603867755277,120.65496814020736,123814,False
2108,120.80901845509784,120.84130248477972,120.71140195881512,120.80901845509784,255161,False
2109,120.72961830409494,120.7451475968206,120.72083602978715,120.72961830409494,549047,False
2110,120.87526348073574,120.91704599485112,120.73523147495862,120.87526348073574,181673,False
2111,120.74372363399752,120.75984438486485,120.72170034256133,120.74372363399752,676228,False
2112,120.70441119067678,120.72175405419225,120.46000057747594,120.70441119067678,186796,False
2113,120.71428944062188,120.75795928244533,120.66299361870583,120.71428944062188,136476,False
2114,120.47233274739996,120.51086096922783,120.45645953110993,120.47233274739996,757129,False
2115,120.65083042149762,120.67709437708727,120.62639585367353,120.65083042149762,404422,False
2116,120.52699113554087,120.5733071072788,120.50595539003446,120.52699113554087,278066,False
2117,120.47188621560133,120.50622441952264,120.4154870635732,120.47188621560133,902066,False
2118,120.23230392616854,120.3094961313975,120.20137563874792,120.23230392616854,860395,False
2119,119.61615336771948,119.6912056661573,119.58274268115198,119.61615336771948,226259,False
2120,119.57045335542213,119.57918895657878,119.54883102566777,119.57045335542213,504181,False
2121,120.1474083948912,120.34249637744337,120.13535884464333,120.1474083948912,938628,False
2122,120.33594473850414,120.38045826431494,120.31019820980092,120.33594473850414,460823,False
2123,120.33130930652142,120.39959596735167,120.11322581044396,120.33130930652142,279357,False
2124,120.2680413111548,120.39236657880882,119.9516623964762,120.2680413111548,286571,False
2125,120.27344516900443,120.31194475609529,120.18586532373821,120.27344516900443,643708,False
2126,120.40505297080432,120.69463549735974,120.2871379900167,120.40505297080432,256308,False
2127,120.12070131165258,120.28503533301576,120.093066294534,120.12070131165258,892650,False
2128,120.38840751855341,120.52161422832377,120.2263477806661,120.38840751855341,224283,False
2129,120.56065475322241,120.57292192652527,120.5010734908753,120.56065475322241,543108,False
2130,120.73382463587394,120.7740783811082,120.55489849123728,120.73382463587394,829391,False
2131,120.83970234178702,120.84647607968982,120.83351718027542,120.83970234178702,330461,False
2132,120.8444432839404,120.89067756829954,120.65334529200456,120.8444432839404,688345,False
2133,121.00706636687589,121.05294035729813,120.96006445192536,121.00706636687589,965041,False
2134,121.1502937511929,121.23704290402846,121.06764246683706,121.1502937511929,832267,False
2135,121.06450947893214,121.09027440930242,120.96439147829496,121.06450947893214,314202,False
2136,120.92562384438813,120.96600642395144,120.90616761237241,120.92562384438813,242298,False
2137,120.95025791648219,121.10668282399487,120.84382600114776,120.95025791648219,747396,False
2138,121.32496669016453,121.56154734706004,121.26288094797016,121.32496669016453,896478,False
2139,121.02429744080602,121.17506254563774,120.9409579252737,121.02429744080602,346027,False
2140,120.66908501227738,120.73213582435937,120.57388070918594,120.66908501227738,995777,False
2141,120.70884809219311,121.08182510746896,120.49017293034723,120.70884809219311,137117,False
2142,120.72113328393931,120.75496001440733,120.5998114525454,120.72113328393931,229980,False
2143,120.76298528827556,120.7769264856483,120.62908131918063,120.76298528827556,309944,False
2144,120.82190632117566,120.8286402020404,120.7973367324276,120.82190632117566,288349,False
2145,120.76797087737535,120.8271691046043,120.70093382071884,120.76797087737535,840739,False
2146,121.12782644610408,121.21926574133424,121.09383345184614,121.12782644610408,552829,False
2147,120.73999840758052,120.89029155798549,120.67854458235313,120.73999840758052,641661,False
2148,120.5399329486752,120.54312528345338,120.20301334116085,120.5399329486752,145452,False
2149,120.5150403049452,120.7885489315571,120.5103760963326,120.5150403049452,281161,False
2150,120.11898237333544,120.14412527231785,120.02432271926703,120.11898237333544,106654,False
2151,120.07673546912294,120.18512736861432,119.75486871442119,120.07673546912294,287213,False
2152,120.47574329628287,120.51660596723865,120.42461396661636,120.47574329628287,223319,False
2153,120.4807759266875,120.6803379378273,120.4006181976941,120.4807759266875,992078,False
2154,120.53636597494344,120.59811884177223,120.49776362742087,120.53636597494344,319015,False
2155,120.23257461229629,120.3487847160131,120.2017760231591,120.23257461229629,561110,False
2156,120.0843611743358,120.16557820876801,119.93120877346585,120.0843611743358,913015,False
2157,119.99425073904355,120.2228320803608,119.89727274654128,119.99425073904355,873393,False
2158,119.91800276907607,119.94888563044611,119.88816144762103,119.91800276907607,718530,False
2159,120.22538709739253,120.29590277263094,120.12004404135834,120.22538709739253,678256,False
2160,120.3594843447054,120.3818574199383,120.32236977504671,120.3594843447054,759103,False
2161,120.09193533156987,120.17958678274782,119.95248365494659,120.09193533156987,500375,False
2162,120.15114180339063,120.38836782661281,120.09868789383876,120.15114180339063,263223,False
2163,120.27086562729697,120.45825638394837,120.11892930666355,120.27086562729697,231590,False
2164,120.54511905091113,120.88668311677715,120.34455121503275,120.54511905091113,378796,False
2165,120.9261719813655,120.97341016166534,120.72981142100613,120.9261719813655,571677,False
2166,120.68066907172897,120.70280752728588,120.52631367884122,120.68066907172897,737402,False
2167,120.48495941777956,120.55421374082812,120.48407390447795,120.48495941777956,345615,False
2168,120.18192098318751,120.25602918895363,120.07125556355426,120.18192098318751,875492,False
2169,120.12567107075613,120.21994928958236,120.11372205516122,120.12567107075613,464633,False
2170,120.23771429613579,120.31000817919427,120.2368677133875,120.23771429613579,334537,False
2171,120.4751439871765,120.64511028340327,120.31515048295553,120.4751439871765,273420,False
2172,120.45684356615789,120.50070293211283,120.45361055647572,120.45684356615789,830782,False
2173,120.37978792001041,120.64275669216876,120.21587792967226,120.37978792001041,177001,False
2174,120.41632510985455,120.44926243928725,120.40950108129955,120.41632510985455,611769,False
2175,120.21519543154282,120.31727527586422,120.13319926794233,120.21519543154282,176757,False
2176,120.71758404312347,120.8714409105744,120.63858959968474,120.71758404312347,648683,False
2177,120.32943813281551,120.41111084871713,120.20757954617801,120.32943813281551,233407,False
2178,103.68872730414341,103.69405539197305,103.5998525509102,103.68872730414341,726266,True
2179,120.37115895838184,120.56356340332302,120.33339506838858,120.37115895838184,563328,False
2180,120.86272000160193,120.96608257113077,120.83133770528046,120.86272000160193,344348,False
2181,120.81678273224841,121.15700108935555,120.56334594835987,120.81678273224841,755860,False
2182,120.73041192027577,121.01905203457909,120.65829923875684,120.73041192027577,748829,False
2183,120.68685439618343,120.7266211733938,120.60979559534783,120.68685439618343,323283,False
2184,121.01822392412606,121.22378181371695,121.01041364236512,121.01822392412606,894515,False
2185,120.48287272397702,120.7058930487716,120.47846065005045,120.48287272397702,468742,False
2186,120.8523777189049,120.88400490625894,120.64860935214747,120.8523777189049,312328,False
2187,120.50820050361803,120.52888996334511,120.50344518007547,120.50820050361803,498759,False
2188,120.44393291890576,120.49731825865864,120.17799287721893,120.44393291890576,807597,False
2189,120.34053314657722,120.34111140526171,120.18448364242109,120.34053314657722,458315,False
2190,120.48218677511595,120.55372446585417,120.47828884460552,120.48218677511595,744711,False
2191,120.09709574180891,120.24801542698138,120.00547901873027,120.09709574180891,845076,False
2192,120.20810693166429,120.22836360875141,120.14862452175116,120.20810693166429,630901,False
2193,120.694783786982,120.74050703037071,120.63768048927821,120.694783786982,996465,False
2194,120.36572780348527,120.44942739064275,120.28011085725572,120.36572780348527,297935,False
2195,120.41139604535174,120.64171015565057,120.20306364291511,120.41139604535174,962634,False
2196,120.25197564898048,120.51337565434056,120.0809099589573,120.25197564898048,622349,False
2197,120.35440320487716,120.36255326775124,120.30594316499618,120.35440320487716,185666,False
2198,120.3590122435243,120.50244863229702,120.30191971799957,120.3590122435243,646356,False
2199,120.20459478204485,120.21956294961579,120.12246703099605,120.20459478204485,935489,False
2200,120.3218837626615,120.60321707685183,120.23262793749528,120.3218837626615,905378,False
2201,120.75608888972776,120.9119897793885,120.71984383477995,120.75608888972776,775907,False
2202,120.70998329924134,120.74964496030853,120.69250136080105,120.70998329924134,709525,False
2203,120.88374723759375,120.91906914153193,120.8183257988925,120.88374723759375,367913,False
2204,120.57107587489672,120.65216229847276,120.46363854109872,120.57107587489672,780243,False
2205,120.34043874897904,120.43442570791251,120.32190150418069,120.34043874897904,685628,False
2206,120.45413790647483,120.48544191749336,120.35930124241057,120.45413790647483,179199,False
2207,120.81167374001578,120.92594506937199,120.65206754510224,120.81167374001578,204222,False
2208,120.89759822775795,120.9290265248296,120.86729746029027,120.89759822775795,333931,False
2209,120.82190229976563,120.82833149864523,120.56005151854019,120.82190229976563,266234,False
2210,120.82173107227621,120.92090880088031,120.68753881336231,120.82173107227621,581604,False
2211,120.51957821834743,120.70736985231369,120.38707066843709,120.51957821834743,133434,False
2212,120.6652900826652,120.87110113936696,120.58377390273048,120.6652900826652,908534,False
2213,120.87822403249476,120.89534292540681,120.8209239422982,120.87822403249476,121536,False
2214,120.76892827942451,120.87072508106871,120.65843395127301,120.76892827942451,833251,False
2215,120.65539530656237,120.87670167827072,120.62459703276507,120.65539530656237,823130,False
2216,120.71955459236653,120.79179293331545,120.68958478031101,120.71955459236653,204639,False
2217,120.6141133683335,120.69242936355967,120.58648130743562,120.6141133683335,543604,False
2218,120.59816031497785,120.63189346428186,120.5168834668206,120.59816031497785,675063,False
2219,121.10460548487136,121.33001232485307,120.99620504849116,121.10460548487136,655435,False
2220,121.04477358480443,121.159315304396,121.03731938289397,121.04477358480443,412670,False
2221,120.95802317966893,121.17144734258491,120.79007172479518,120.95802317966893,254731,False
2222,120.80137242619729,120.83652645456836,120.69355913181762,120.80137242619729,865167,False
2223,120.98117124920877,121.0191158282088,120.6041149373459,120.98117124920877,204663,False
2224,120.93732182373958,121.01787026128736,120.9310340466122,120.93732182373958,837456,False
2225,120.7802549515013,120.86149486238638,120.62274947158434,120.7802549515013,998612,False
2226,121.09942982727408,121.31386127196988,120.9726205801862,121.09942982727408,486377,False
2227,121.44325605612944,121.65191226731282,121.37214638349138,121.44325605612944,123088,False
2228,121.29742127045716,121.44331819626352,121.24519455708729,121.29742127045716,168464,False
2229,120.84460830486051,120.92463200736942,120.75374795978767,120.84460830486051,992353,False
2230,121.08811349928075,121.22199160552003,120.90205747696497,121.08811349928075,946430,False
2231,120.9223124311875,121.09844641717348,120.889341700247,120.9223124311875,926814,False
2232,121.11352098262361,121.33949998595712,120.87005030102158,121.11352098262361,390328,False
2233,120.63630856249483,120.83173240134367,120.43898628968134,120.63630856249483,251171,False
2234,120.8516678583451,120.89411966990191,120.81914237805532,120.8516678583451,845866,False
2235,120.55892356291152,120.56608083892665,120.54080934063292,120.55892356291152,846640,False
2236,120.73512383405762,120.89318260864076,120.7302204158992,120.73512383405762,137739,False
2237,120.73857035528306,120.96420696481567,120.6520815763389,120.73857035528306,239461,False
2238,120.50821579187605,120.55828396108993,120.09871353179086,120.50821579187605,117352,False
2239,120.41011335220944,120.51732375472073,120.35531878507956,120.41011335220944,226788,False
2240,120.57539271860516,120.6510671870381,120.572469941831,120.57539271860516,514364,False
2241,120.60092924914734,120.71029110355649,120.46872656796262,120.60092924914734,656116,False
2242,120.74189074616784,120.93173397637175,120.51367571694806,120.74189074616784,692328,False
2243,121.21916909241158,121.32838392942237,121.07731104681174,121.21916909241158,456423,False
2244,120.83993695554881,121.1374424279944,120.77386359261966,120.83993695554881,194430,False
2245,121.23078468675466,121.32641750030035,120.91508052614213,121.23078468675466,851891,False
2246,121.25608699113998,121.28777122007791,121.1508110476143,121.25608699113998,550330,False
2247,121.03812091764055,121.16912699661606,120.9967792007928,121.03812091764055,740245,False
2248,120.7160835946594,120.86799450454264,120.66850589791582,120.7160835946594,642036,False
2249,120.67042384885441,120.81989180201201,120.62167580139008,120.67042384885441,712924,False
2250,120.89285566814695,121.00898267401804,120.80888748666922,120.89285566814695,789051,False
2251,120.86201611334614,121.02822859371277,120.65032596533445,120.86201611334614,215158,False
2252,121.22729857640478,121.2489962554946,121.16054050615107,121.22729857640478,319589,False
2253,120.87545435907538,120.8946313929618,120.87323554213563,120.87545435907538,296354,False
2254,120.87253184494816,120.8988312343836,120.79422852757575,120.87253184494816,853604,False
2255,120.5697719119637,120.66018093965813,120.4147091116853,120.5697719119637,815720,False
2256,120.65745793825972,120.76930672447891,120.56718078365316,120.65745793825972,372390,False
2257,120.87147709419301,120.91195628003824,120.74628658103558,120.87147709419301,341851,False
2258,120.76976089517895,120.87797010012933,120.67940146919489,120.76976089517895,159395,False
2259,120.14074032560941,120.30412803093034,120.1201470258305,120.14074032560941,787846,False
2260,120.18854388089449,120.33611137361135,120.11798143601696,120.18854388089449,523556,False
2261,120.29352582207349,120.35224053643708,120.15736155426056,120.29352582207349,412444,False
2262,120.39079390516493,120.60358492182039,120.29503208299371,120.39079390516493,496302,False
2263,120.6883475034996,120.78296326382117,120.65081160812423,120.6883475034996,322143,False
2264,120.42982010613083,120.58254241796556,120.30884728832658,120.42982010613083,886401,False
2265,120.59365671255621,120.60527823160965,120.58058457143802,120.59365671255621,901292,False
2266,120.88127439573005,121.00404483347269,120.728658813845,120.88127439573005,641301,False
2267,120.45127852817178,120.6502170157259,120.25258054174489,120.45127852817178,500623,False
2268,120.5282834704034,120.58218364561912,120.43956516143828,120.5282834704034,657830,False
2269,120.4067476112199,120.52493079240816,120.28308436051158,120.4067476112199,124935,False
2270,120.38711585137042,120.42021179973301,120.31117313129542,120.38711585137042,600229,False
2271,120.47082738957546,120.63838955637952,120.28765600425031,120.47082738957546,673367,False
2272,120.35343373308227,120.41148519789134,120.08764855717392,120.35343373308227,134111,False
2273,120.1907861580257,120.20795740523367,119.96939471194996,120.1907861580257,942982,False
2274,120.19899576983987,120.4020253905495,120.18560670111063,120.19899576983987,306769,False
2275,119.93762402982759,120.02316022883925,119.86470275833918,119.93762402982759,582333,False
2276,119.67716145768685,119.70453581635543,119.63360955470635,119.67716145768685,591029,False
2277,119.8397723898357,120.00642096145627,119.61047908847172,119.8397723898357,318008,False
2278,119.56442995844327,119.73746044422984,119.4903121507953,119.56442995844327,963387,False
2279,119.72376450713406,119.85554013807734,119.48430408484188,119.72376450713406,140565,False
2280,119.83453084915146,119.88016540019989,119.74072953022352,119.83453084915146,119283,False
2281,119.4209083697896,119.5630612903674,119.13627376541287,119.4209083697896,952902,False
2282,119.25907759726724,119.44657140963992,119.24519525632971,119.25907759726724,331362,False
2283,119.54389436918255,119.66612181751081,119.34464420924442,119.54389436918255,711204,False
2284,119.30930967195606,119.3729530454021,119.27265534124444,119.30930967195606,179552,False
2285,119.19849416806636,119.49623378338083,119.16200379131908,119.19849416806636,138233,False
2286,119.3086480934455,119.34599125939778,119.0886518059213,119.3086480934455,621410,False
2287,119.49557861862897,119.74551274716072,119.40204895859867,119.49557861862897,384839,False
2288,119.43546304916302,119.43968987953706,119.39069289535425,119.43546304916302,750728,False
2289,119.29273523560384,119.53010577145565,119.06114785417661,119.29273523560384,273806,False
2290,119.63209201824125,119.7128291446273,119.45178150440005,119.63209201824125,443401,False
2291,120.0481484274211,120.07020526686135,119.99309975183795,120.0481484274211,887937,False
2292,120.28316862056036,120.41523816455877,120.10661899374195,120.28316862056036,405758,False
2293,120.30369329361746,120.61214642540025,120.28824015582023,120.30369329361746,101010,False
2294,120.10921859066538,120.12097137021442,120.0381974525406,120.10921859066538,344300,False
2295,119.90973053315639,120.00384483235901,119.68919610738627,119.90973053315639,605002,False
2296,120.03503958428077,120.24782469796762,119.94098192088805,120.03503958428077,754848,False
2297,120.1354844782935,120.14762218532084,120.1197489968799,120.1354844782935,250933,False
2298,120.47224793030892,120.52881915559892,120.36906867215801,120.47224793030892,517341,False
2299,120.62897029993755,120.64333553880448,120.51263013942989,120.62897029993755,879470,False
2300,120.26634024177874,120.27761320311023,120.26019255557723,120.26634024177874,764729,False
2301,120.5193680219979,120.7185020880145,120.34480636287907,120.5193680219979,955825,False
2302,120.27879674989477,120.40390670150657,120.19643952580823,120.27879674989477,782031,False
2303,120.18642954474086,120.31726625884235,120.15207163554965,120.18642954474086,164512,False
2304,120.24657088366234,120.27175796725294,120.22390604271763,120.24657088366234,198026,False
2305,120.7265152282034,120.77462557969368,120.65997358565285,120.7265152282034,175656,False
2306,121.47741448802351,121.53647331343522,121.46403598894395,121.47741448802351,841119,False
2307,121.62482078509179,121.68634614921815,121.5748230570136,121.62482078509179,459830,False
2308,121.58025827325118,121.82231175691935,121.49050846102881,121.58025827325118,275210,False
2309,121.71022894283273,121.73007578487992,121.68279603143812,121.71022894283273,284492,False
2310,121.92630243304365,122.05585005303273,121.78138114667924,121.92630243304365,377633,False
2311,121.8481067972553,121.86220419466167,121.67224342348052,121.8481067972553,159789,False
2312,122.285593007293,122.35988953029639,122.05692783913753,122.285593007293,694213,False
2313,122.34186168573571,122.46367246279806,122.1561072447382,122.34186168573571,411847,False
2314,122.46365131805699,122.66143401811281,122.40162895934047,122.46365131805699,580702,False
2315,122.62675434887267,122.65786558044046,122.50791054004202,122.62675434887267,176625,False
2316,122.73014994434584,122.84027017613599,122.72717317931045,122.73014994434584,993967,False
2317,122.93607653117988,123.0057360368299,122.88335374733033,122.93607653117988,875806,False
2318,122.78431116121898,122.88816699683457,122.68513511405571,122.78431116121898,813588,False
2319,122.64720976866225,122.73873506981751,122.55057219905407,122.64720976866225,621564,False
2320,122.37734807468392,122.46033857447561,122.32088763047575,122.37734807468392,627339,False
2321,122.48491806484164,122.50425133185594,122.39349739432238,122.48491806484164,269162,False
2322,122.67573401246243,122.74149824016959,122.66164686042654,122.67573401246243,653093,False
2323,122.78804925719477,123.14311582636275,122.57173660883092,122.78804925719477,719266,False
2324,123.19926457596812,123.2335580973629,123.04851710779604,123.19926457596812,930989,False
2325,123.19788572515954,123.30130808230955,123.13911962918354,123.19788572515954,495771,False
2326,123.36266084129021,123.52576689852498,123.26263078242602,123.36266084129021,674529,False
2327,123.09331059144358,123.26040500494551,123.00424245238558,123.09331059144358,227838,False
2328,122.9980118236305,123.21838375886752,122.96606165648211,122.9980118236305,690282,False
2329,123.16911134628823,123.42628767265965,123.12744857600934,123.16911134628823,476149,False
2330,123.37827765113322,123.4655942944493,123.22843374444658,123.37827765113322,902498,False
2331,123.30573937975488,123.34887810769474,123.30392755567381,123.30573937975488,760081,False
2332,123.28808218237609,123.31306241507203,123.25600608897874,123.28808218237609,964414,False
2333,122.91381069592957,122.94971078426018,122.74159565606182,122.91381069592957,892736,False
2334,122.82604305672784,122.87563473084136,122.51488305155084,122.82604305672784,342941,False
2335,123.04476753828676,123.19733527450175,122.97996909410568,123.04476753828676,667255,False
2336,123.18631947327412,123.18640827914625,123.15910758439243,123.18631947327412,855584,False
2337,123.30966980828089,123.42945551767592,123.30054439800372,123.30966980828089,440907,False
2338,123.32194496214373,123.40537429947842,123.31001523710978,123.32194496214373,926894,False
2339,123.32368704706295,123.4591772279077,123.27727357456115,123.32368704706295,696122,False
2340,123.16082057195298,123.37230945968024,123.1004497846641,123.16082057195298,473167,False
2341,123.33295713529527,123.48547843595625,123.17679405254827,123.33295713529527,742059,False
2342,123.43679681150626,123.48946807871802,123.22031024111484,123.43679681150626,175842,False
2343,123.55826327264049,123.5748606194183,123.4826354218616,123.55826327264049,102589,False
2344,123.4282713694787,123.50828995821107,123.37661222740624,123.4282713694787,487167,False
2345,122.89670458094787,122.98310897058806,122.84298483274495,122.89670458094787,530294,False
2346,123.16637748634103,123.23137056019054,122.94061960994762,123.16637748634103,331617,False
2347,123.04842413661838,123.08004234445708,122.95145931824244,123.04842413661838,154918,False
2348,122.83609774032082,122.85054101513907,122.81016210047038,122.83609774032082,107711,False
2349,123.00646622713025,123.21981271265841,122.83550387681827,123.00646622713025,317972,False
2350,122.9100260480246,123.02989293553178,122.8954806759517,122.9100260480246,421574,False
2351,123.17057966516946,123.4425919247706,123.09463325404285,123.17057966516946,818687,False
2352,123.3225736261019,123.39587037957605,123.18510308529666,123.3225736261019,330314,False
2353,123.49117268247977,123.65665787933166,123.46805496588081,123.49117268247977,850506,False
2354,123.1538057372628,123.18051964385529,123.05529164601256,123.1538057372628,989037,False
2355,123.45231676554424,123.85231945008618,123.37957864418156,123.45231676554424,628258,False
2356,123.51682073221833,123.62739363675067,123.37383374741111,123.51682073221833,358989,False
2357,123.42559685580078,123.50001806015064,123.37946346877627,123.42559685580078,431679,False
2358,123.4609924701287,123.55916702926618,123.3920124879778,123.4609924701287,973002,False
2359,123.02240094070062,123.11707817645195,123.00911630317108,123.02240094070062,221315,False
2360,123.12294784073967,123.16309138548475,122.98882517377781,123.12294784073967,474255,False
2361,122.86946933171839,122.86977678803048,122.79704425247812,122.86946933171839,403874,False
2362,122.53706557131363,122.75874330211515,122.4865209356494,122.53706557131363,575384,False
2363,122.16397471646428,122.17725243992535,122.02162921805709,122.16397471646428,768745,False
2364,122.43583558548342,122.48215019030114,122.23986162291354,122.43583558548342,223252,False
2365,122.28174680666315,122.42418051165279,122.18623510444618,122.28174680666315,237022,False
2366,122.65684061365191,122.6740143482522,122.65431848599378,122.65684061365191,856590,False
2367,122.52540118434356,122.56129522527316,122.46862076052669,122.52540118434356,304583,False
2368,122.10701174690485,122.25373408990905,121.97694872897941,122.10701174690485,782121,False
2369,121.83434082109582,121.88955171008065,121.73357134762213,121.83434082109582,295507,False
2370,122.13546940930102,122.16394889989635,121.95128736602354,122.13546940930102,163944,False
2371,122.09738801501632,122.22112709519303,121.97616026953152,122.09738801501632,565718,False
2372,121.96349912144969,122.1113637793323,121.90849390405715,121.96349912144969,207437,False
2373,122.0025318869461,122.01403419947155,121.82467764664531,122.0025318869461,226794,False
2374,122.1249694154853,122.2515354452632,122.10958638154571,122.1249694154853,434267,False
2375,122.39789400791926,122.49956034009546,122.073083671898,122.39789400791926,385024,False
2376,122.75248051834123,122.96878605997416,122.60647647354946,122.75248051834123,534969,False
2377,122.66415553097457,122.6844551476313,122.56258627628283,122.66415553097457,974261,False
2378,122.33883849176046,122.55246091697873,122.25115755105493,122.33883849176046,756921,False
2379,122.23767279662319,122.29862108928025,122.06459487078641,122.23767279662319,153205,False
2380,122.30130496342123,122.3934878154456,122.13359145016861,122.30130496342123,206948,False
2381,122.06556701472982,122.18015284521604,122.0573513099619,122.06556701472982,421954,False
2382,121.83189667643916,121.98091399809724,121.7646878342523,121.83189667643916,475233,False
2383,121.91566533576635,121.95308744069163,121.81675146012796,121.91566533576635,688770,False
2384,121.90380236814262,122.05459723774388,121.80320933446727,121.90380236814262,431336,False
2385,121.91179852503647,121.9465327017882,121.85148264899685,121.91179852503647,711442,False
2386,121.7268594641842,121.8047853035138,121.53039339307973,121.7268594641842,710354,False
2387,121.67076755346706,121.79552071492671,121.6633539546504,121.67076755346706,318480,False
2388,121.4458632413441,121.51379244556446,121.32822083280868,121.4458632413441,615985,False
2389,121.66208507033436,121.84437976531083,121.60815337191053,121.66208507033436,783690,False
2390,121.9139862555947,122.05337293289891,121.89178498330539,121.9139862555947,509355,False
2391,121.46383401227041,121.54453909986924,121.42384497621947,121.46383401227041,228514,False
2392,121.23803010660039,121.36255579980083,121.20014081200705,121.23803010660039,919409,False
2393,120.87515758883235,121.04865646137382,120.63765032010666,120.87515758883235,104983,False
2394,120.71801409781646,120.78795254197658,120.57859793257836,120.71801409781646,795269,False
2395,120.69786916578957,120.92811384608476,120.68452807938321,120.69786916578957,295552,False
2396,120.3479309876616,120.41392968940872,120.26277442150833,120.3479309876616,411173,False
2397,120.12604314532099,120.25812017116388,119.84907507388502,120.12604314532099,776689,False
2398,119.88484029213154,119.90746395212763,119.68571254297713,119.88484029213154,746956,False
2399,119.93453671349707,120.07576186316734,119.79584301875107,119.93453671349707,267806,False
